df_id,df_description,status,source,n_dims,n_codes,error_count,last_error,checked_at
AACT_ALI01,Agricultural labour input statistics - absolute figures (thousand annual work units),ok,sdmx,5,95,0,"",2026-07-16
AACT_ALI01_R,Agricultural labour input statistics by NUTS 2 region - absolute figures (thousand annual work units),ok,sdmx,5,351,0,"",2026-07-16
AACT_ALI02,Agricultural labour input statistics - indices,ok,sdmx,5,97,0,"",2026-07-16
AACT_ALI02_R,Agricultural labour input statistics by NUTS 2 region - indices,ok,sdmx,5,349,0,"",2026-07-16
AACT_EAA01,Economic accounts for agriculture - values at current prices,ok,sdmx,6,255,0,"",2026-07-16
AACT_EAA01_R,Economic accounts for agriculture by NUTS 2 region - values at current prices,ok,sdmx,6,534,0,"",2026-07-16
AACT_EAA02,Economic accounts for agriculture - values at n-1 prices,ok,sdmx,6,244,0,"",2026-07-16
AACT_EAA02_R,Economic accounts for agriculture by NUTS 2 region - values at n-1 prices,ok,sdmx,6,421,0,"",2026-07-16
AACT_EAA03,Economic accounts for agriculture - values at reference year prices,ok,sdmx,6,261,0,"",2026-07-16
AACT_EAA04,Economic accounts for agriculture - values at real prices,ok,sdmx,6,260,0,"",2026-07-16
AACT_EAA05,"Economic accounts for agriculture - indices (volume, price, values)",ok,sdmx,7,261,0,"",2026-07-16
AACT_EAA05_R,"Economic accounts for agriculture by NUTS 2 region - indices (volume, price, values)",ok,sdmx,7,457,0,"",2026-07-16
AACT_EAA06,Economic accounts for agriculture - agricultural income indicators,ok,sdmx,5,103,0,"",2026-07-16
AACT_UV01,Unit values at basic prices,ok,sdmx,5,166,0,"",2026-07-16
AACT_UV02,Unit values at producer prices,ok,sdmx,5,166,0,"",2026-07-16
AACT_UV03,Unit values - quantities (thousand tonnes),ok,sdmx,4,163,0,"",2026-07-16
ACF_D_EQ,"Success rate in obtaining equity finance, by sources, type of enterprise and NACE Rev. 2 (2007-2010)",ok,sdmx,8,48,0,"",2026-07-16
ACF_D_EQ1,"Reasons for partial success or lack of success in obtaining equity finance, by type of enterprise and NACE Rev. 2 (2007-2010)",ok,sdmx,7,40,0,"",2026-07-16
ACF_D_LO,"Success rate in obtaining loan finance by sources, type of enterprise and NACE Rev. 2 (2007-2010)",ok,sdmx,8,43,0,"",2026-07-16
ACF_D_LO1,"Reasons for partial success or lack of success in obtaining loan finance, by type of enterprise and NACE Rev. 2 (2007-2010)",ok,sdmx,8,48,0,"",2026-07-16
ACF_D_OTH,"Success rate in obtaining other types of finance, by sources, type of enterprise and NACE Rev. 2 (2007-2010)",ok,sdmx,8,48,0,"",2026-07-16
ACF_D_REA,"Reasons for choosing a bank for loan finance, by type of enterprise and NACE Rev. 2 (2007-2010)",ok,sdmx,7,41,0,"",2026-07-16
ACF_P_CH,"Perception of the changes between 2007 and 2010, by type of enterprise and NACE Rev. 2 (2010)",ok,sdmx,8,45,0,"",2026-07-16
ACF_P_FA,"Factors, likely limiting business growth between 2011 and 2013, by type of enterprise and NACE Rev. 2 (2010)",ok,sdmx,7,51,0,"",2026-07-16
ACF_P_FI,"Finance types, likely needed between 2011 and 2013, by type of enterprise and NACE Rev. 2 (2010)",ok,sdmx,7,36,0,"",2026-07-16
ACF_P_NE,"Enterprises perceiving finance need between 2011 and 2013, by type of enterprise and NACE Rev. 2 activity (2010)",ok,sdmx,6,33,0,"",2026-07-16
ACF_P_PU,"Potential purpose of the finance between 2011 and 2013, by type of enterprise and NACE Rev. 2 (2010)",ok,sdmx,7,40,0,"",2026-07-16
ACF_P_SO,"Envisaged finance sources between 2011 and 2013, by type of enterprise and NACE Rev. 2 (2010)",ok,sdmx,7,47,0,"",2026-07-16
ACF_S_INF,"Enterprises seeking finance, by type of enterprise and NACE Rev. 2 activity (2007-2010)",ok,sdmx,7,37,0,"",2026-07-16
ACF_S_NE,"Enterprises needing guarantee in obtaining loan finance, by type of enterprise and NACE Rev. 2 activity (2007-2010)",ok,sdmx,6,34,0,"",2026-07-16
ACF_S_OWN,"Ownership situation, by type of enterprise and NACE Rev. 2 (2004-2010)",ok,sdmx,7,40,0,"",2026-07-16
ACF_S_TY,"Typical guarantors in obtaining loan finance, by type of enterprise and NACE Rev. 2 (2007-2010)",ok,sdmx,7,40,0,"",2026-07-16
AEI_EF_IR,Share of irrigable and irrigated areas in utilised agricultural area (UAA) by NUTS 2 region,ok,sdmx,5,377,0,"",2026-07-16
AEI_EF_LS,Share of main livestock types in total livestock units (LSU) by NUTS 2 region,ok,sdmx,5,385,0,"",2026-07-16
AEI_EF_LU,Share of main land types in utilised agricultural area (UAA) by NUTS 2 region,ok,sdmx,5,378,0,"",2026-07-16
AEI_FM_MS,Manure storage facilities by NUTS 3 region,ok,sdmx,5,1483,0,"",2026-07-16
AEI_FM_SALPEST09,Pesticide sales,ok,sdmx,5,212,0,"",2026-07-16
AEI_FM_USEFERT,Consumption of inorganic fertilizers,ok,sdmx,5,245,0,"",2026-07-16
AEI_HRI,Harmonised risk indicator 1 for pesticides by categorisation of active substances,ok,sdmx,5,56,0,"",2026-07-16
AEI_PESTSAL_RSK,Pesticide sales by categorisation of active substances,ok,sdmx,5,50,0,"",2026-07-16
AEI_PESTUSE,Pesticide use in agriculture,ok,sdmx,6,376,0,"",2026-07-16
AEI_PR_GNB,Gross nutrient balance,ok,sdmx,5,114,0,"",2026-07-16
AEI_PR_SOILER,"Estimated soil erosion by water, by erosion level, land cover and NUTS 3 region",ok,sdmx,6,1653,0,"",2026-07-16
AEI_PS_INP,"Utilised agricultural area (UAA) managed by low-, medium- and high-input farms",ok,sdmx,5,511,0,"",2026-07-16
AGR_R_ACCTS_H,Economic accounts for agriculture by NUTS 2 region (until 2012),ok,sdmx,6,529,0,"",2026-07-16
AGR_R_MILKPR,Production of cow's milk on farms by NUTS 2 region,ok,sdmx,5,616,0,"",2026-07-16
APRI_AIP_EN,Purchase prices for energy products used in agriculture,ok,sdmx,5,36,0,"",2026-07-16
APRI_AIP_FS,Purchase prices for feeding stuffs,ok,sdmx,5,43,0,"",2026-07-16
APRI_AIP_FT,Purchase prices for fertilisers,ok,sdmx,5,42,0,"",2026-07-16
APRI_AP_ANOUTA,Selling prices of animal products (absolute prices) - annual price (from 2000 onwards),ok,sdmx,5,90,0,"",2026-07-16
APRI_AP_CRPOUTA,Selling prices of crop products (absolute prices) - annual price (2000-2024),ok,sdmx,5,155,0,"",2026-07-16
APRI_AP_HAOUTA,Selling prices of animal products (absolute prices) - annual - old codes - data from 1969 to 2005,ok,sdmx,5,150,0,"",2026-07-16
APRI_AP_HAOUTM,Selling prices of animal products (absolute prices) - monthly - old code - data from 1969 to 2006,ok,sdmx,5,574,0,"",2026-07-16
APRI_AP_HCOUTA,Selling prices of crop products (absolute prices) - annual - old codes - data from 1969 to 2005,ok,sdmx,5,327,0,"",2026-07-16
APRI_AP_HCOUTM,Selling prices of crop products (absolute prices) - monthly - old codes - data from 1969 to 2006,ok,sdmx,5,753,0,"",2026-07-16
APRI_AP_HIA,Purchase prices of the means of agricultural production (absolute prices) - annual - old codes - data from 1969 to 2005,ok,sdmx,5,148,0,"",2026-07-16
APRI_AP_HIM,Purchase prices of the means of agricultural production (absolute prices) - monthly - old codes - data from 1969 to 2006,ok,sdmx,5,556,0,"",2026-07-16
APRI_AP_INA,Purchase prices of the means of agricultural production (absolute prices) - annual price (from 2000 onwards),ok,sdmx,5,124,0,"",2026-07-16
APRI_LPRC,Agricultural land prices by region,ok,sdmx,5,338,0,"",2026-07-16
APRI_LPRC_H,Agricultural land prices by region - historical data (until 2009),ok,sdmx,5,59,0,"",2026-07-16
APRI_LRNT,Agricultural land renting prices for one year by region,ok,sdmx,5,302,0,"",2026-07-16
APRI_LRNT_H,Agricultural land renting prices for one year by region - historical data (until 2009),ok,sdmx,5,56,0,"",2026-07-16
APRI_PI00_INM,"Price indices of the means of agricultural production, input (2000 = 100) - monthly data (1995-2005)",ok,sdmx,6,220,0,"",2026-07-16
APRI_PI00_OUTM,"Price indices of agricultural products, output (2000 = 100) - monthly data (1988-2005)",ok,sdmx,6,357,0,"",2026-07-16
APRI_PI95_PRODA,EC index of producer prices of agricultural products (1995 = 100) - annual data (1988-2004),ok,sdmx,6,128,0,"",2026-07-16
APRI_PI95_PRODM,"EC index of producer prices of agricultural products (monthly index, monthly weighting) change in quarterly averages of the monthly index (1995-2005)",ok,sdmx,6,224,0,"",2026-07-16
APRI_PI95_PURCHA,EC indices of purchase prices of the means of agricultural production (1995 = 100) - annual data (1988-2004),ok,sdmx,6,105,0,"",2026-07-16
APRI_PI95_PURCHM,EC indices of purchase prices of the means of agricultural production (1995 = 100) - monthly data (1995-2005),ok,sdmx,6,201,0,"",2026-07-16
APRI_PI95_VWIA,Weights of purchase prices of the means of agricultural production - survey 1995,ok,sdmx,5,72,0,"",2026-07-16
APRI_PI95_VWPA,Weights of producer prices of agricultural products - survey 1995,ok,sdmx,5,96,0,"",2026-07-16
APRI_PI_INA,"Price indices of the means of agricultural production, input - annual data",ok,sdmx,6,134,0,"",2026-07-16
APRI_PI_INQ,"Price indices of the means of agricultural production, input - quarterly data",ok,sdmx,6,208,0,"",2026-07-16
APRI_PI_OUTA,"Price indices of agricultural products, output - annual data",ok,sdmx,6,197,0,"",2026-07-16
APRI_PI_OUTQ,"Price indices of agricultural products, output - quarterly data",ok,sdmx,6,267,0,"",2026-07-16
APRO_CBS_CER,Cereal balance items for the main cereals,ok,sdmx,6,60,0,"",2026-07-16
APRO_CBS_OIL,Oilseed balance items for the main oilseeds,ok,sdmx,6,56,0,"",2026-07-16
APRO_CPNH1,Crop production in national humidity,ok,sdmx,5,288,0,"",2026-07-16
APRO_CPNH1_H,Crop production - historical data (1955-1999),ok,sdmx,5,278,0,"",2026-07-16
APRO_CPNHR,Crop production in national humidity by NUTS 2 region,ok,sdmx,5,759,0,"",2026-07-16
APRO_CPNHR_H,Crop production by NUTS 2 region - historical data (1975-1999),ok,sdmx,5,734,0,"",2026-07-16
APRO_CPSH1,Crop production in EU standard humidity,ok,sdmx,5,288,0,"",2026-07-16
APRO_CPSHR,Crop production in EU standard humidity by NUTS 2 region,ok,sdmx,5,759,0,"",2026-07-16
APRO_EC_EGGHEN,Production of eggs for consumption and number of laying hens (2013-2024),ok,sdmx,6,49,0,"",2026-07-16
APRO_EC_LSHEN,Laying hens population - annual data (1960-2012),ok,sdmx,5,85,0,"",2026-07-16
APRO_EC_POULA,Poultry - annual data,ok,sdmx,6,117,0,"",2026-07-16
APRO_EC_POULM,Poultry - monthly data,ok,sdmx,6,772,0,"",2026-07-16
APRO_EC_STRHEN,Structure of hatcheries - hens,ok,sdmx,7,108,0,"",2026-07-16
APRO_EC_STRPOUL,Structure of hatcheries - poultry other than hens,ok,sdmx,7,108,0,"",2026-07-16
APRO_MK_COLA,Production of main cows' milk products - annual data,ok,sdmx,6,119,0,"",2026-07-16
APRO_MK_COLM,Production of main cows' milk products - monthly data,ok,sdmx,6,764,0,"",2026-07-16
APRO_MK_FARM,Production and utilization of milk on the farm - annual data,ok,sdmx,5,142,0,"",2026-07-16
APRO_MK_FATPROT,Fat contents and protein contents (cow's milk) - annual data,ok,sdmx,5,116,0,"",2026-07-16
APRO_MK_POBTA,Milk collection (all milks) and dairy products obtained - annual data,ok,sdmx,5,195,0,"",2026-07-16
APRO_MK_STRBT,Butter - distribution of enterprises by volume of annual production,ok,sdmx,5,73,0,"",2026-07-16
APRO_MK_STRCC,Milk collection - distribution of collection centres by volume of annual collection,ok,sdmx,5,74,0,"",2026-07-16
APRO_MK_STRCH,Cheese - distribution of enterprises by volume of annual production,ok,sdmx,5,73,0,"",2026-07-16
APRO_MK_STRDM,Drinking milk - distribution of enterprises by volume of annual production,ok,sdmx,5,69,0,"",2026-07-16
APRO_MK_STRFP,Fresh products - distribution of enterprises by volume of annual production,ok,sdmx,5,68,0,"",2026-07-16
APRO_MK_STRMK,Milk collection - distribution of enterprises by volume of annual collection,ok,sdmx,5,69,0,"",2026-07-16
APRO_MK_STRMT,Milk treated - distribution of enterprises by volume of annual production,ok,sdmx,5,69,0,"",2026-07-16
APRO_MK_STRPD,Powdered dairy products - distribution of enterprises by volume of annual production,ok,sdmx,5,71,0,"",2026-07-16
APRO_MT_LSAVCH_R,Average livestock population of chicken by NUTS 2 region,ok,sdmx,6,202,0,"",2026-07-16
APRO_MT_LSCATL,Bovine population,ok,sdmx,6,138,0,"",2026-07-16
APRO_MT_LSEQUI,Livestock - Equidae - annual data (1960-1997),ok,sdmx,5,71,0,"",2026-07-16
APRO_MT_LSGOAT,Goats population,ok,sdmx,6,120,0,"",2026-07-16
APRO_MT_LSPIG,Pig population,ok,sdmx,6,122,0,"",2026-07-16
APRO_MT_LSSHEEP,Sheep population,ok,sdmx,6,120,0,"",2026-07-16
APRO_MT_LS_R,Animal populations by NUTS 2 region,ok,sdmx,5,656,0,"",2026-07-16
APRO_MT_PANN,Slaughtering in slaughterhouses - annual data,ok,sdmx,6,160,0,"",2026-07-16
APRO_MT_PCATLHS,"Production forecasts for bovines, sheep and goats - bi-annual data",ok,sdmx,6,119,0,"",2026-07-16
APRO_MT_PHEADM,Meat production and foreign trade - monthly data,ok,sdmx,6,1001,0,"",2026-07-16
APRO_MT_PPIGHQ,Production forecasts for pigs - quarterly data,ok,sdmx,6,170,0,"",2026-07-16
APRO_MT_PSLOTHM,"Estimates of slaughtering, other than in slaughterhouses - monthly data",ok,sdmx,6,245,0,"",2026-07-16
APRO_MT_PWGTM,Slaughtering in slaughterhouses - monthly data,ok,sdmx,6,994,0,"",2026-07-16
APRO_MT_SLOTH,"Estimates of slaughtering, other than in slaughterhouses - annual data",ok,sdmx,6,79,0,"",2026-07-16
APRO_MT_STRCATL,"Cattles - total, dairy cow and other cows (1973-2007)",ok,sdmx,6,87,0,"",2026-07-16
APRO_MT_STRGOAT,Goats (1993-2007),ok,sdmx,6,52,0,"",2026-07-16
APRO_MT_STRPIG,"Pigs - total, fattening pigs and sows (1973-2007)",ok,sdmx,6,83,0,"",2026-07-16
APRO_MT_STRSHE,Sheep (1993-2007),ok,sdmx,6,58,0,"",2026-07-16
AVIA_EC_EMP_ARP,Persons employed in main airports by sex,ok,sdmx,5,231,0,"",2026-07-16
AVIA_EC_EMP_ENT,Persons employed in aviation and airport enterprises by sex (2001-2013),ok,sdmx,5,34,0,"",2026-07-16
AVIA_EC_ENTERP,Aviation and airport enterprises (2001-2013),ok,sdmx,4,32,0,"",2026-07-16
AVIA_EQ_ARC_AGE,Commercial aircraft fleet by age of aircraft and country of operator,ok,sdmx,5,70,0,"",2026-07-16
AVIA_EQ_ARC_AGEREG,Commercial aircraft fleet by age of aircraft and country of registration,ok,sdmx,5,70,0,"",2026-07-16
AVIA_EQ_ARC_TYP,Commercial aircraft fleet by aircraft category and country of operator,ok,sdmx,5,74,0,"",2026-07-16
AVIA_EQ_ARC_TYPREG,Commercial aircraft fleet by aircraft category and country of registration,ok,sdmx,5,74,0,"",2026-07-16
AVIA_GOEXAC,International extra-EU freight and mail air transport between main airports and partner world region and countries,ok,sdmx,6,1161,0,"",2026-07-16
AVIA_GOEXCC,International extra-EU freight and mail air transport between reporting and partner world regions and countries by type of schedule (from 2008 and onwards),ok,sdmx,7,556,0,"",2026-07-16
AVIA_GOEXCCO,International extra-EU freight and mail air transport by reporting country and partner world region and countries (1993-2007),ok,sdmx,6,413,0,"",2026-07-16
AVIA_GOOA,"Freight and mail air transport by type of schedule, transport coverage and main airports",ok,sdmx,7,1376,0,"",2026-07-16
AVIA_GOOAC,Freight and mail air transport between main airports and partner reporting countries,ok,sdmx,6,1400,0,"",2026-07-16
AVIA_GOOC,"Freight and mail air transport by type of schedule, transport coverage and country",ok,sdmx,7,633,0,"",2026-07-16
AVIA_GOOCC,Freight and mail air transport between reporting and partner countries by type of schedule,ok,sdmx,7,662,0,"",2026-07-16
AVIA_GOODIS,"Freight and mail air transport by aircraft model, distance bands and transport coverage",ok,sdmx,8,83,0,"",2026-07-16
AVIA_GOR_AT,Freight and mail air transport routes between partner airports and main airports in Austria,ok,sdmx,5,675,0,"",2026-07-16
AVIA_GOR_BA,Freight and mail air transport routes between partner airports and main airports in Bosnia and Herzegovina,ok,sdmx,5,97,0,"",2026-07-16
AVIA_GOR_BE,Freight and mail air transport routes between partner airports and main airports in Belgium,ok,sdmx,5,1054,0,"",2026-07-16
AVIA_GOR_BG,Freight and mail air transport routes between partner airports and main airports in Bulgaria,ok,sdmx,5,447,0,"",2026-07-16
AVIA_GOR_CH,Freight and mail air transport routes between partner airports and main airports in Switzerland,ok,sdmx,5,837,0,"",2026-07-16
AVIA_GOR_CY,Freight and mail air transport routes between partner airports and main airports in Cyprus,ok,sdmx,5,455,0,"",2026-07-16
AVIA_GOR_DE,Freight and mail air transport routes between partner airports and main airports in Germany,ok,sdmx,5,2127,0,"",2026-07-16
AVIA_GOR_DK,Freight and mail air transport routes between partner airports and main airports in Denmark,ok,sdmx,5,592,0,"",2026-07-16
AVIA_GOR_EE,Freight and mail air transport routes between partner airports and main airports in Estonia,ok,sdmx,5,418,0,"",2026-07-16
AVIA_GOR_EL,Freight and mail air transport routes between partner airports and main airports in Greece,ok,sdmx,5,753,0,"",2026-07-16
AVIA_GOR_ES,Freight and mail air transport routes between partner airports and main airports in Spain,ok,sdmx,5,1636,0,"",2026-07-16
AVIA_GOR_FI,Freight and mail air transport routes between partner airports and main airports in Finland,ok,sdmx,5,635,0,"",2026-07-16
AVIA_GOR_FR,Freight and mail air transport routes between partner airports and main airports in France,ok,sdmx,5,1935,0,"",2026-07-16
AVIA_GOR_HR,Freight and mail air transport routes between partner airports and main airports in Croatia,ok,sdmx,5,360,0,"",2026-07-16
AVIA_GOR_HU,Freight and mail air transport routes between partner airports and main airports in Hungary,ok,sdmx,5,519,0,"",2026-07-16
AVIA_GOR_IE,Freight and mail air transport routes between partner airports and main airports in Ireland,ok,sdmx,5,616,0,"",2026-07-16
AVIA_GOR_IS,Freight and mail air transport routes between partner airports and main airports in Iceland,ok,sdmx,5,465,0,"",2026-07-16
AVIA_GOR_IT,Freight and mail air transport routes between partner airports and main airports in Italy,ok,sdmx,5,1819,0,"",2026-07-16
AVIA_GOR_LT,Freight and mail air transport routes between partner airports and main airports in Lithuania,ok,sdmx,5,466,0,"",2026-07-16
AVIA_GOR_LU,Freight and mail air transport routes between partner airports and main airports in Luxembourg,ok,sdmx,5,564,0,"",2026-07-16
AVIA_GOR_LV,Freight and mail air transport routes between partner airports and main airports in Latvia,ok,sdmx,5,464,0,"",2026-07-16
AVIA_GOR_ME,Freight and mail air transport routes between partner airports and main airports in Montenegro,ok,sdmx,5,168,0,"",2026-07-16
AVIA_GOR_MK,Freight and mail air transport routes between partner airports and main airports in North Macedonia,ok,sdmx,5,214,0,"",2026-07-16
AVIA_GOR_MT,Freight and mail air transport routes between partner airports and main airports in Malta,ok,sdmx,5,491,0,"",2026-07-16
AVIA_GOR_NL,Freight and mail air transport routes between partner airports and main airports in the Netherlands,ok,sdmx,5,844,0,"",2026-07-16
AVIA_GOR_NO,Freight and mail air transport routes between partner airports and main airports in Norway,ok,sdmx,5,493,0,"",2026-07-16
AVIA_GOR_PL,Freight and mail air transport routes between partner airports and main airports in Poland,ok,sdmx,5,624,0,"",2026-07-16
AVIA_GOR_PT,Freight and mail air transport routes between partner airports and main airports in Portugal,ok,sdmx,5,735,0,"",2026-07-16
AVIA_GOR_RO,Freight and mail air transport routes between partner airports and main airports in Romania,ok,sdmx,5,519,0,"",2026-07-16
AVIA_GOR_RS,Freight and mail air transport routes between partner airports and main airports in Serbia,ok,sdmx,5,255,0,"",2026-07-16
AVIA_GOR_SE,Freight and mail air transport routes between partner airports and main airports in Sweden,ok,sdmx,5,618,0,"",2026-07-16
AVIA_GOR_SI,Freight and mail air transport routes between partner airports and main airports in Slovenia,ok,sdmx,5,430,0,"",2026-07-16
AVIA_GOR_SK,Freight and mail air transport routes between partner airports and main airports in Slovakia,ok,sdmx,5,465,0,"",2026-07-16
AVIA_GOR_TR,Freight and mail air transport routes between partner airports and main airports in Türkiye,ok,sdmx,5,336,0,"",2026-07-16
AVIA_GOR_UK,Freight and mail air transport routes between partner airports and main airports in the United Kingdom,ok,sdmx,5,1876,0,"",2026-07-16
AVIA_IF_ARP,Commercial airports by type,ok,sdmx,5,68,0,"",2026-07-16
AVIA_IF_ARP_CO,Airport connections to transport infrastructure,ok,sdmx,4,185,0,"",2026-07-16
AVIA_IF_TYP,Airport infrastructures by type,ok,sdmx,5,242,0,"",2026-07-16
AVIA_PAEXAC,International extra-EU air passenger transport between main airports and partner world region and countries,ok,sdmx,6,1204,0,"",2026-07-16
AVIA_PAEXCC,International extra-EU air passenger transport between reporting and partner world regions and countries by type of schedule (from 2008 and onwards),ok,sdmx,7,556,0,"",2026-07-16
AVIA_PAEXCCO,International extra-EU air passenger transport by reporting country and partner world region and countries (1993-2007),ok,sdmx,6,414,0,"",2026-07-16
AVIA_PAOA,"Air passenger transport by type of schedule, transport coverage and main airports",ok,sdmx,7,1463,0,"",2026-07-16
AVIA_PAOAC,Air passenger transport between main airports and partner reporting countries,ok,sdmx,6,1487,0,"",2026-07-16
AVIA_PAOC,"Air passenger transport by type of schedule, transport coverage and country",ok,sdmx,7,633,0,"",2026-07-16
AVIA_PAOCC,Air passenger transport between reporting and partner countries by type of schedule,ok,sdmx,7,662,0,"",2026-07-16
AVIA_PAODIS,"Air passenger transport by aircraft model, distance bands and transport coverage",ok,sdmx,8,82,0,"",2026-07-16
AVIA_PAR_AT,Air passenger transport routes between partner airports and main airports in Austria,ok,sdmx,5,756,0,"",2026-07-16
AVIA_PAR_BA,Air passenger transport routes between partner airports and main airports in Bosnia and Herzegovina,ok,sdmx,5,105,0,"",2026-07-16
AVIA_PAR_BE,Air passenger transport routes between partner airports and main airports in Belgium,ok,sdmx,5,750,0,"",2026-07-16
AVIA_PAR_BG,Air passenger transport routes between partner airports and main airports in Bulgaria,ok,sdmx,5,519,0,"",2026-07-16
AVIA_PAR_CH,Air passenger transport routes between partner airports and main airports in Switzerland,ok,sdmx,5,848,0,"",2026-07-16
AVIA_PAR_CY,Air passenger transport routes between partner airports and main airports in Cyprus,ok,sdmx,5,542,0,"",2026-07-16
AVIA_PAR_DE,Air passenger transport routes between partner airports and main airports in Germany,ok,sdmx,5,2770,0,"",2026-07-16
AVIA_PAR_DK,Air passenger transport routes between partner airports and main airports in Denmark,ok,sdmx,5,642,0,"",2026-07-16
AVIA_PAR_EE,Air passenger transport routes between partner airports and main airports in Estonia,ok,sdmx,5,427,0,"",2026-07-16
AVIA_PAR_EL,Air passenger transport routes between partner airports and main airports in Greece,ok,sdmx,5,1535,0,"",2026-07-16
AVIA_PAR_ES,Air passenger transport routes between partner airports and main airports in Spain,ok,sdmx,5,2533,0,"",2026-07-16
AVIA_PAR_FI,Air passenger transport routes between partner airports and main airports in Finland,ok,sdmx,5,647,0,"",2026-07-16
AVIA_PAR_FR,Air passenger transport routes between partner airports and main airports in France,ok,sdmx,5,2363,0,"",2026-07-16
AVIA_PAR_HR,Air passenger transport routes between partner airports and main airports in Croatia,ok,sdmx,5,583,0,"",2026-07-16
AVIA_PAR_HU,Air passenger transport routes between partner airports and main airports in Hungary,ok,sdmx,5,544,0,"",2026-07-16
AVIA_PAR_IE,Air passenger transport routes between partner airports and main airports in Ireland,ok,sdmx,5,763,0,"",2026-07-16
AVIA_PAR_IS,Air passenger transport routes between partner airports and main airports in Iceland,ok,sdmx,5,475,0,"",2026-07-16
AVIA_PAR_IT,Air passenger transport routes between partner airports and main airports in Italy,ok,sdmx,5,2677,0,"",2026-07-16
AVIA_PAR_LT,Air passenger transport routes between partner airports and main airports in Lithuania,ok,sdmx,5,523,0,"",2026-07-16
AVIA_PAR_LU,Air passenger transport routes between partner airports and main airports in Luxembourg,ok,sdmx,5,436,0,"",2026-07-16
AVIA_PAR_LV,Air passenger transport routes between partner airports and main airports in Latvia,ok,sdmx,5,472,0,"",2026-07-16
AVIA_PAR_ME,Air passenger transport routes between partner airports and main airports in Montenegro,ok,sdmx,5,229,0,"",2026-07-16
AVIA_PAR_MK,Air passenger transport routes between partner airports and main airports in North Macedonia,ok,sdmx,5,244,0,"",2026-07-16
AVIA_PAR_MT,Air passenger transport routes between partner airports and main airports in Malta,ok,sdmx,5,516,0,"",2026-07-16
AVIA_PAR_NL,Air passenger transport routes between partner airports and main airports in the Netherlands,ok,sdmx,5,945,0,"",2026-07-16
AVIA_PAR_NO,Air passenger transport routes between partner airports and main airports in Norway,ok,sdmx,5,828,0,"",2026-07-16
AVIA_PAR_PL,Air passenger transport routes between partner airports and main airports in Poland,ok,sdmx,5,1182,0,"",2026-07-16
AVIA_PAR_PT,Air passenger transport routes between partner airports and main airports in Portugal,ok,sdmx,5,915,0,"",2026-07-16
AVIA_PAR_RO,Air passenger transport routes between partner airports and main airports in Romania,ok,sdmx,5,776,0,"",2026-07-16
AVIA_PAR_RS,Air passenger transport routes between partner airports and main airports in Serbia,ok,sdmx,5,268,0,"",2026-07-16
AVIA_PAR_SE,Air passenger transport routes between partner airports and main airports in Sweden,ok,sdmx,5,800,0,"",2026-07-16
AVIA_PAR_SI,Air passenger transport routes between partner airports and main airports in Slovenia,ok,sdmx,5,408,0,"",2026-07-16
AVIA_PAR_SK,Air passenger transport routes between partner airports and main airports in Slovakia,ok,sdmx,5,499,0,"",2026-07-16
AVIA_PAR_TR,Air passenger transport routes between partner airports and main airports in Türkiye,ok,sdmx,5,1506,0,"",2026-07-16
AVIA_PAR_UK,Air passenger transport routes between partner airports and main airports in the United Kingdom,ok,sdmx,5,2732,0,"",2026-07-16
AVIA_TF_ACA,"Air transport by aircraft model, transport coverage and main airports",ok,sdmx,7,1149,0,"",2026-07-16
AVIA_TF_ACC,Aircraft traffic data by reporting country,ok,sdmx,7,425,0,"",2026-07-16
AVIA_TF_AIRPM,Commercial flights by reporting airport and type of schedule - monthly data,ok,sdmx,5,959,0,"",2026-07-16
AVIA_TF_ALA,"Air transport by airline licence (EU or non-EU), main airports and transport coverage",ok,sdmx,7,1132,0,"",2026-07-16
AVIA_TF_APAL,Air transport by airline licence (EU or non-EU) and reporting airports,ok,sdmx,6,1418,0,"",2026-07-16
AVIA_TF_CM,Commercial flights by reporting country and type of schedule - monthly data,ok,sdmx,5,137,0,"",2026-07-16
AVIA_TPGO,Freight and mail air transport over national territory (including territorial sea) - million tonne-km,ok,sdmx,5,54,0,"",2026-07-16
AVIA_TPPA,Passenger air transport over national territory (including territorial sea) - million passenger-km,ok,sdmx,5,53,0,"",2026-07-16
BD_9AC_L_FORM_R2,Business demography by legal form and NACE Rev. 2 activity (2004-2020),ok,sdmx,6,275,0,"",2026-07-16
BD_9AC_L_FORM_R2$DV_343,Business demography by legal form and NACE Rev. 2 activity (2004-2020),error,"",0,0,1,"HTTPStatusError: Client error '404 Not Found' for url 'https://ec.europa.eu/eurostat/api/dissemination/sdmx/2.1/datastructure/ESTAT/BD_9AC_L_FORM_R2$DV_343'
For more information check: https://develop",2026-07-16
BD_9A_L_FORM,"Business demography by legal form (until 2007, NACE Rev. 1.1)",ok,sdmx,6,188,0,"",2026-07-16
BD_9BD_SZ_CL_R2,Business demography by size class and NACE Rev. 2 activity (2004-2020),ok,sdmx,6,344,0,"",2026-07-16
BD_9BD_SZ_CL_R2$DV_585,Business demography by size class and NACE Rev. 2 activity (2004-2020),error,"",0,0,1,"HTTPStatusError: Client error '404 Not Found' for url 'https://ec.europa.eu/eurostat/api/dissemination/sdmx/2.1/datastructure/ESTAT/BD_9BD_SZ_CL_R2$DV_585'
For more information check: https://develope",2026-07-16
BD_9BD_SZ_CL_R2$DV_61,Business demography by size class and NACE Rev. 2 activity (2004-2020),error,"",0,0,1,"HTTPStatusError: Client error '404 Not Found' for url 'https://ec.europa.eu/eurostat/api/dissemination/sdmx/2.1/datastructure/ESTAT/BD_9BD_SZ_CL_R2$DV_61'
For more information check: https://developer",2026-07-16
BD_9B_SIZE_CL,"Business demography by size class (until 2007, NACE Rev. 1.1)",ok,sdmx,6,256,0,"",2026-07-16
BD_9C_L_FORM,"Preliminary results on enterprise deaths presented by legal form (until 2007, NACE Rev. 1.1)",ok,sdmx,6,160,0,"",2026-07-16
BD_9D_SIZE_CL,"Preliminary results on enterprise deaths presented by size class (until 2007, NACE Rev. 1.1)",ok,sdmx,6,163,0,"",2026-07-16
BD_9EG_L_FORM_R2,Employer business demography by legal form and NACE Rev. 2 activity (2004-2020),ok,sdmx,6,269,0,"",2026-07-16
BD_9EG_L_FORM_R2$DV_344,Employer business demography by legal form and NACE Rev. 2 activity (2004-2020),error,"",0,0,1,"HTTPStatusError: Client error '404 Not Found' for url 'https://ec.europa.eu/eurostat/api/dissemination/sdmx/2.1/datastructure/ESTAT/BD_9EG_L_FORM_R2$DV_344'
For more information check: https://develop",2026-07-16
BD_9E_L_FORM,"Employer business demography by legal form (until 2007, NACE Rev. 1.1)",ok,sdmx,6,174,0,"",2026-07-16
BD_9FH_SZ_CL_R2,Employer business demography by size class and NACE Rev. 2 activity (2004-2020),ok,sdmx,6,334,0,"",2026-07-16
BD_9FH_SZ_CL_R2$DV_345,Employer business demography by size class and NACE Rev. 2 activity (2004-2020),error,"",0,0,1,"HTTPStatusError: Client error '404 Not Found' for url 'https://ec.europa.eu/eurostat/api/dissemination/sdmx/2.1/datastructure/ESTAT/BD_9FH_SZ_CL_R2$DV_345'
For more information check: https://develope",2026-07-16
BD_9F_SIZE_CL,"Employer business demography by size class (until 2007, NACE Rev. 1.1)",ok,sdmx,6,235,0,"",2026-07-16
BD_9G_L_FORM,"Preliminary results on employer enterprise deaths presented by legal form (until 2007, NACE Rev. 1.1)",ok,sdmx,6,151,0,"",2026-07-16
BD_9H_SIZE_CL,"Preliminary results on employer enterprise deaths presented by size class (until 2007, NACE Rev. 1.1)",ok,sdmx,6,153,0,"",2026-07-16
BD_9N,"Indicators with growth by 20% or more (until 2007, NACE Rev. 1.1)",ok,sdmx,7,170,0,"",2026-07-16
BD_9N_R2,"Indicators with growth by 20% or more (NACE Rev. 2, 2007-2013)",ok,sdmx,7,243,0,"",2026-07-16
BD_9N_R2$DV_346,"Indicators with growth by 20% or more (NACE Rev. 2, 2007-2013)",error,"",0,0,1,"HTTPStatusError: Client error '404 Not Found' for url 'https://ec.europa.eu/eurostat/api/dissemination/sdmx/2.1/datastructure/ESTAT/BD_9N_R2$DV_346'
For more information check: https://developer.mozil",2026-07-16
BD_9PM_R2,High growth enterprises (growth by 10% or more) and related employment by NACE Rev. 2 (2008-2020),ok,sdmx,5,391,0,"",2026-07-16
BD_9PM_R2$DV_2421,High growth enterprises (growth by 10% or more) and related employment by NACE Rev. 2 (2008-2020),error,"",0,0,1,"HTTPStatusError: Client error '404 Not Found' for url 'https://ec.europa.eu/eurostat/api/dissemination/sdmx/2.1/datastructure/ESTAT/BD_9PM_R2$DV_2421'
For more information check: https://developer.moz",2026-07-16
BD_ENACE2_R3,Employer business demography by NACE Rev. 2 and NUTS 3 region (2008-2020),ok,sdmx,5,1259,0,"",2026-07-16
BD_ESIZE_R3,Employer business demography by size class and NUTS 3 region (2008-2019),ok,sdmx,6,1255,0,"",2026-07-16
BD_HG,High growth enterprises and related employment by NACE Rev. 2 activity,ok,sdmx,5,387,0,"",2026-07-16
BD_HG$DV_2307,High growth enterprises and related employment by NACE Rev. 2 activity,error,"",0,0,1,"HTTPStatusError: Client error '404 Not Found' for url 'https://ec.europa.eu/eurostat/api/dissemination/sdmx/2.1/datastructure/ESTAT/BD_HG$DV_2307'
For more information check: https://developer.mozilla",2026-07-16
BD_HGNACE2_R3,Business demography and high growth enterprise by NACE Rev. 2 and NUTS 3 region (2008-2020),ok,sdmx,5,1302,0,"",2026-07-16
BD_HGNACE_R,Business demography and high growth enterprises by NACE Rev. 2 activity and NUTS 3 region,ok,sdmx,5,1652,0,"",2026-07-16
BD_HG_MICRO,High growth micro enterprises and related employment by NACE Rev. 2 activity,ok,sdmx,6,359,0,"",2026-07-16
BD_HG_MICRO$DV_2422,High growth micro enterprises and related employment by NACE Rev. 2 activity,error,"",0,0,1,"HTTPStatusError: Client error '404 Not Found' for url 'https://ec.europa.eu/eurostat/api/dissemination/sdmx/2.1/datastructure/ESTAT/BD_HG_MICRO$DV_2422'
For more information check: https://developer.m",2026-07-16
BD_L_FORM,Business demography by legal form and NACE Rev. 2 activity,ok,sdmx,6,204,0,"",2026-07-16
BD_L_FORM$DV_2303,Business demography by legal form and NACE Rev. 2 activity,error,"",0,0,1,"HTTPStatusError: Client error '404 Not Found' for url 'https://ec.europa.eu/eurostat/api/dissemination/sdmx/2.1/datastructure/ESTAT/BD_L_FORM$DV_2303'
For more information check: https://developer.moz",2026-07-16
BD_SALGE1_L_FORM,Employer business demography by legal form and NACE Rev. 2 activity,ok,sdmx,6,201,0,"",2026-07-16
BD_SALGE1_L_FORM$DV_2305,Employer business demography by legal form and NACE Rev. 2 activity,error,"",0,0,1,"HTTPStatusError: Client error '404 Not Found' for url 'https://ec.europa.eu/eurostat/api/dissemination/sdmx/2.1/datastructure/ESTAT/BD_SALGE1_L_FORM$DV_2305'
For more information check: https://develo",2026-07-16
BD_SALGE1_NACE_R,Employer business demography by NACE Rev. 2 activity and NUTS 3 region,ok,sdmx,5,1650,0,"",2026-07-16
BD_SALGE1_SIZE,Employer business demography by size class and NACE Rev. 2 activity,ok,sdmx,7,222,0,"",2026-07-16
BD_SALGE1_SIZE$DV_2306,Employer business demography by size class and NACE Rev. 2 activity,error,"",0,0,1,"HTTPStatusError: Client error '404 Not Found' for url 'https://ec.europa.eu/eurostat/api/dissemination/sdmx/2.1/datastructure/ESTAT/BD_SALGE1_SIZE$DV_2306'
For more information check: https://develope",2026-07-16
BD_SALGE1_SIZE_R,Employer business demography by size class and NUTS 3 region,ok,sdmx,6,1645,0,"",2026-07-16
BD_SIZE,Business demography by size class and NACE Rev. 2 activity,ok,sdmx,7,227,0,"",2026-07-16
BD_SIZE$DV_1483,Business demography by size class and NACE Rev. 2 activity,error,"",0,0,1,"HTTPStatusError: Client error '404 Not Found' for url 'https://ec.europa.eu/eurostat/api/dissemination/sdmx/2.1/datastructure/ESTAT/BD_SIZE$DV_1483'
For more information check: https://developer.mozil",2026-07-16
BD_SIZE$DV_1502,Business demography by size class and NACE Rev. 2 activity,error,"",0,0,1,"HTTPStatusError: Client error '404 Not Found' for url 'https://ec.europa.eu/eurostat/api/dissemination/sdmx/2.1/datastructure/ESTAT/BD_SIZE$DV_1502'
For more information check: https://developer.mozil",2026-07-16
BD_SIZE$DV_2304,Business demography by size class and NACE Rev. 2 activity,error,"",0,0,1,"HTTPStatusError: Client error '404 Not Found' for url 'https://ec.europa.eu/eurostat/api/dissemination/sdmx/2.1/datastructure/ESTAT/BD_SIZE$DV_2304'
For more information check: https://developer.mozil",2026-07-16
BD_SIZE$DV_3244,Business demography by size class and NACE Rev. 2 activity,error,"",0,0,1,"HTTPStatusError: Client error '404 Not Found' for url 'https://ec.europa.eu/eurostat/api/dissemination/sdmx/2.1/datastructure/ESTAT/BD_SIZE$DV_3244'
For more information check: https://developer.mozil",2026-07-16
BD_SIZE_R,Business demography by size class and NUTS 3 region,ok,sdmx,6,1646,0,"",2026-07-16
BD_SIZE_R3,Business demography by size class and NUTS 3 region (2008-2020),ok,sdmx,6,1297,0,"",2026-07-16
BOP_C6_A,Balance of payments by country - annual data (BPM6),ok,sdmx,9,371,0,"",2026-07-16
BOP_C6_M,Balance of payments by country - monthly data (BPM6),ok,sdmx,9,559,0,"",2026-07-16
BOP_C6_Q,Balance of payments by country - quarterly data (BPM6),ok,sdmx,9,468,0,"",2026-07-16
BOP_EU6_M,European Union and euro area balance of payments - monthly data (BPM6),ok,sdmx,10,410,0,"",2026-07-16
BOP_EU6_Q,European Union and euro area balance of payments - quarterly data (BPM6),ok,sdmx,10,360,0,"",2026-07-16
BOP_EUINS6_A,Balance of payments of the EU institutions - annual data (BPM6),ok,sdmx,9,500,0,"",2026-07-16
BOP_EUINS6_IIP,International investment position of the EU institutions (BPM6),ok,sdmx,9,277,0,"",2026-07-16
BOP_EUINS6_M,Balance of payments of the EU institutions - monthly data (BPM6),ok,sdmx,9,741,0,"",2026-07-16
BOP_EUINS6_Q,Balance of payments of the EU institutions - quarterly data (BPM6),ok,sdmx,9,554,0,"",2026-07-16
BOP_EXMS6_Q,Export market shares (BPM6),ok,sdmx,7,97,0,"",2026-07-16
BOP_FDI6_FLOW,"EU direct investment flows, by country and economic activity (BPM6)",ok,sdmx,9,470,0,"",2026-07-16
BOP_FDI6_FLOW$DV_3229,"EU direct investment flows, by country and economic activity (BPM6)",error,"",0,0,1,"HTTPStatusError: Client error '404 Not Found' for url 'https://ec.europa.eu/eurostat/api/dissemination/sdmx/2.1/datastructure/ESTAT/BOP_FDI6_FLOW$DV_3229'
For more information check: https://developer",2026-07-16
BOP_FDI6_GEO,"EU direct investment positions, flows and income, by countries (BPM6)",ok,sdmx,7,372,0,"",2026-07-16
BOP_FDI6_INC,"EU direct investment income, by country and economic activity (BPM6)",ok,sdmx,9,478,0,"",2026-07-16
BOP_FDI6_INC$DV_3230,"EU direct investment income, by country and economic activity (BPM6)",error,"",0,0,1,"HTTPStatusError: Client error '404 Not Found' for url 'https://ec.europa.eu/eurostat/api/dissemination/sdmx/2.1/datastructure/ESTAT/BOP_FDI6_INC$DV_3230'
For more information check: https://developer.",2026-07-16
BOP_FDI6_IND,"EU direct investments indicators in % of GDP, impact indicators and rate of return on direct investment (BPM6)",ok,sdmx,7,82,0,"",2026-07-16
BOP_FDI6_POS,"EU direct investment positions by country, ultimate and immediate counterpart and economic activity (BPM6)",ok,sdmx,10,479,0,"",2026-07-16
BOP_FDI6_POS$DV_3228,"EU direct investment positions by country, ultimate and immediate counterpart and economic activity (BPM6)",error,"",0,0,1,"HTTPStatusError: Client error '404 Not Found' for url 'https://ec.europa.eu/eurostat/api/dissemination/sdmx/2.1/datastructure/ESTAT/BOP_FDI6_POS$DV_3228'
For more information check: https://developer.",2026-07-16
BOP_FDI_FLOW_R2,"EU direct investment flows, by country and economic activity (NACE Rev. 2)",ok,sdmx,8,454,0,"",2026-07-16
BOP_FDI_INC_R2,"EU direct investment income, by country and economic activity (NACE Rev. 2)",ok,sdmx,8,452,0,"",2026-07-16
BOP_FDI_POS_R2,"EU direct investment positions, by country and economic activity (NACE Rev. 2)",ok,sdmx,7,451,0,"",2026-07-16
BOP_GDP6_Q,Main Balance of Payments and International Investment Position items as share of GDP (BPM6),ok,sdmx,8,261,0,"",2026-07-16
BOP_IIP6_Q,International investment position - quarterly and annual data (BPM6),ok,sdmx,9,440,0,"",2026-07-16
BOP_ITS6_DET,International trade in services (since 2010) (BPM6),ok,sdmx,7,510,0,"",2026-07-16
BOP_ITS6_DET$DV_3102,International trade in services (since 2010) (BPM6),error,"",0,0,1,"HTTPStatusError: Client error '404 Not Found' for url 'https://ec.europa.eu/eurostat/api/dissemination/sdmx/2.1/datastructure/ESTAT/BOP_ITS6_DET$DV_3102'
For more information check: https://developer.",2026-07-16
BOP_ITS6_DET$DV_347,International trade in services (since 2010) (BPM6),error,"",0,0,1,"HTTPStatusError: Client error '404 Not Found' for url 'https://ec.europa.eu/eurostat/api/dissemination/sdmx/2.1/datastructure/ESTAT/BOP_ITS6_DET$DV_347'
For more information check: https://developer.m",2026-07-16
BOP_ITS6_TOT,"Total services, detailed geographical breakdown by EU Member States (since 2010) (BPM6)",ok,sdmx,7,367,0,"",2026-07-16
BOP_ITS_DET,International trade in services - historical data (2004-2013),ok,sdmx,7,283,0,"",2026-07-16
BOP_ITS_DETH,International trade in services - historical data (1985-2003),ok,sdmx,7,278,0,"",2026-07-16
BOP_ITS_STR,International trade in services - market integration indicators - historical data (1992-2013),ok,sdmx,5,64,0,"",2026-07-16
BOP_ITS_TOT,"Total services, detailed geographical breakdown by EU Member States - historical data (2002-2012)",ok,sdmx,7,358,0,"",2026-07-16
BOP_REM6,Personal transfers and compensation of employees,ok,sdmx,7,378,0,"",2026-07-16
BS_BS10_00,Turnover by client specialisation and employment size class (2000),ok,sdmx,6,17,0,"",2026-07-16
BS_BS10_04,Number of enterprises carrying out cross border trade by type of cross border trade and economic activity (2004),ok,sdmx,6,42,0,"",2026-07-16
BS_BS11_00,Turnover by client specialisation and product specialisation (2000),ok,sdmx,6,14,0,"",2026-07-17
BS_BS11_04,Number of enterprises carrying out cross border trade by reasons for cross border trade and economic activity (2004),ok,sdmx,6,42,0,"",2026-07-17
BS_BS12_04,Number of enterprises by importance of barriers met in cross border trade and economic activity (2004),ok,sdmx,8,52,0,"",2026-07-17
BS_BS13_04,Turnover by type of media for advertising services (2004),ok,sdmx,6,24,0,"",2026-07-17
BS_BS14_04,Income from intellectual property rights for computer services (2004),ok,sdmx,5,17,0,"",2026-07-17
BS_BS16_04,Purchases of advertising space or time for resale (2004),ok,sdmx,5,18,0,"",2026-07-17
BS_BS1_00,Turnover by product specialisation for div. 72 (2000),ok,sdmx,5,15,0,"",2026-07-17
BS_BS1_01,SBS variables by product specialisation and by employment size class for div 72 and 74 (2001),ok,sdmx,7,38,0,"",2026-07-17
BS_BS1_03,SBS variables by employment size class for div 72 and 74 (2003),ok,sdmx,6,43,0,"",2026-07-17
BS_BS1_04,Main economic variables by employment size class (2004),ok,sdmx,6,47,0,"",2026-07-17
BS_BS1_05,Main economic variables (2005),ok,sdmx,5,34,0,"",2026-07-17
BS_BS1_06,Main economic variables (2006),ok,sdmx,5,25,0,"",2026-07-17
BS_BS1_07,Main economic variables (2007),ok,sdmx,5,26,0,"",2026-07-17
BS_BS2_00,Turnover by product specialisation and employment size class for group 72.2 (2000),ok,sdmx,6,20,0,"",2026-07-17
BS_BS3_01,Turnover by type of client and by employment size class for div 72 and 74 (2001),ok,sdmx,7,36,0,"",2026-07-17
BS_BS3_03,Turnover by type of client and by employment size class for div 72 and 74 (2003),ok,sdmx,7,44,0,"",2026-07-17
BS_BS3_04,Turnover by type of client and economic activity (2004),ok,sdmx,7,44,0,"",2026-07-17
BS_BS4_01,Turnover by residence of client and by employment size class for div 72 and 74 (2001),ok,sdmx,7,35,0,"",2026-07-17
BS_BS4_03,Turnover by residence of client and by employment size class for div 72 and 74 (2003),ok,sdmx,7,44,0,"",2026-07-17
BS_BS4_04,"Turnover by residence of client, employment size class and economic activity (2004)",ok,sdmx,7,45,0,"",2026-07-17
BS_BS4_05,Turnover by residence of client and economic activity (2005),ok,sdmx,6,32,0,"",2026-07-17
BS_BS4_06,Turnover by residence of client and economic activity (2006),ok,sdmx,6,23,0,"",2026-07-17
BS_BS4_07,Turnover by residence of client and economic activity (2007),ok,sdmx,6,23,0,"",2026-07-17
BS_BS5_00,Turnover by type of client and NACE Rev.1 at 3-digit level (2000),ok,sdmx,6,23,0,"",2026-07-17
BS_BS5_01,SBS variables by client specialisation and by employment size class for div 72 and 74 (2001),ok,sdmx,7,38,0,"",2026-07-17
BS_BS5_04,Number of enterprises carrying out cross border trade by employment size class (2004),ok,sdmx,6,24,0,"",2026-07-17
BS_BS6_00,Turnover by type of client and employment size class (2000),ok,sdmx,6,21,0,"",2026-07-17
BS_BS6_01,SBS variables by client specialisation and by product specialisation for div 72 and 74 (2001),ok,sdmx,7,34,0,"",2026-07-17
BS_BS6_04,Number of enterprises carrying out cross border trade by type of cross border trade and employment size class (2004),ok,sdmx,6,27,0,"",2026-07-17
BS_BS7_00,Turnover by nationality of client and NACE Rev.1 at 3-digit level (2000),ok,sdmx,6,22,0,"",2026-07-17
BS_BS7_04,Number of enterprises carrying out cross border trade by reasons for cross border trade and employment size class (2004),ok,sdmx,6,27,0,"",2026-07-17
BS_BS8ACE_R2,Turnover by product and economic activity (NACE Rev. 2) (2008-2015),ok,sdmx,6,150,0,"",2026-07-17
BS_BS8BDF_R2,Turnover by residence of client and economic activity (NACE Rev. 2) (2008-2020),ok,sdmx,6,65,0,"",2026-07-17
BS_BS8CPA2_1,Turnover by product and NACE Rev. 2 activity (CPA 2.1) (2015-2020),ok,sdmx,6,148,0,"",2026-07-17
BS_BS8_00,Turnover by nationality of client and employment size class (2000),ok,sdmx,6,20,0,"",2026-07-17
BS_BS8_04,Number of enterprises by importance of barriers met in cross border trade and employment size class (2004),ok,sdmx,8,37,0,"",2026-07-17
BS_BS9_00,Turnover by client specialisation and NACE Rev.1 at 3-digit level (2000),ok,sdmx,6,18,0,"",2026-07-17
BS_BS9_04,Number of enterprises carrying out cross border trade by economic activity (2004),ok,sdmx,6,39,0,"",2026-07-17
CEI_CIE011,Persons employed in circular economy sectors,ok,sdmx,5,52,0,"",2026-07-17
CEI_CIE012,Private investment and gross added value related to circular economy sectors,ok,sdmx,5,53,0,"",2026-07-17
CEI_CIE020,Patents related to recycling and secondary raw materials,ok,sdmx,5,62,0,"",2026-07-17
CEI_GSR010,Consumption footprint,ok,sdmx,5,64,0,"",2026-07-17
CEI_GSR011,Greenhouse gases emissions from production activities,ok,sdmx,6,70,0,"",2026-07-17
CEI_GSR020,EU self-sufficiency for raw materials,ok,sdmx,6,37,0,"",2026-07-17
CEI_GSR030,Material import dependency,ok,sdmx,5,71,0,"",2026-07-17
CEI_PC020,Material footprint,ok,sdmx,6,70,0,"",2026-07-17
CEI_PC030,Resource productivity,ok,sdmx,4,72,0,"",2026-07-17
CEI_PC031,Generation of municipal waste per capita,ok,sdmx,5,71,0,"",2026-07-17
CEI_PC032,Generation of waste excluding major mineral wastes per GDP unit,ok,sdmx,4,55,0,"",2026-07-17
CEI_PC034,Waste generation per capita,ok,sdmx,7,58,0,"",2026-07-17
CEI_PC035,Food waste,ok,sdmx,7,50,0,"",2026-07-17
CEI_PC040,Generation of packaging waste per capita,ok,sdmx,6,69,0,"",2026-07-17
CEI_PC050,Generation of plastic packaging waste per capita,ok,sdmx,6,69,0,"",2026-07-17
CEI_SRM010,Contribution of recycled materials to raw materials demand - end-of-life recycling input rates (EOL-RIR),ok,sdmx,5,37,0,"",2026-07-17
CEI_SRM020,Trade in recyclable raw materials,ok,sdmx,6,70,0,"",2026-07-17
CEI_SRM030,Circular material use rate,ok,sdmx,4,64,0,"",2026-07-17
CEI_SRM040,Recyclable secondary raw materials - prices,ok,sdmx,6,107,0,"",2026-07-17
CEI_WM010,Recycling rate of all waste excluding major mineral waste,ok,sdmx,5,51,0,"",2026-07-17
CEI_WM011,Recycling rate of municipal waste,ok,sdmx,5,71,0,"",2026-07-17
CEI_WM020,Recycling rate of packaging waste by type of packaging,ok,sdmx,5,73,0,"",2026-07-17
CEI_WM060,Recycling rate of waste of electrical and electronic equipment (WEEE) separately collected,ok,sdmx,4,52,0,"",2026-07-17
CENS_01NAAGCHI,"Female population aged 15 and over by household composition, age group, age of the youngest child and current activity status",ok,sdmx,8,66,0,"",2026-07-17
CENS_01NACTZ,"Population by sex, citizenship and current activity status",ok,sdmx,7,62,0,"",2026-07-17
CENS_01NADISCO,"Employed persons aged 15 and over by sex, age group and occupation",ok,sdmx,7,194,0,"",2026-07-17
CENS_01NADNAC,"Employed persons aged 15 and over by sex, age group and economic activity (NACE Rev. 1)",ok,sdmx,7,345,0,"",2026-07-17
CENS_01NAIND,Employed persons aged 15 and over by sex and industry indicator,ok,sdmx,7,56,0,"",2026-07-17
CENS_01NAISCO,"Employed persons aged 15 and over by sex, age group, citizenship and occupation (ISCO-88)",ok,sdmx,8,65,0,"",2026-07-17
CENS_01NANAC,"Employed persons aged 15 and over by sex, age group, citizenship and economic activity (NACE Rev.1)",ok,sdmx,8,75,0,"",2026-07-17
CENS_01NAPOP,"Population by sex, age and current activity status",ok,sdmx,7,117,0,"",2026-07-17
CENS_01NAWTIME,"Employed persons aged 15 and over by sex, economic activity (NACE Rev. 1) and time usually worked",ok,sdmx,7,58,0,"",2026-07-17
CENS_01NDBUILD,"Dwellings by type of ownership, type of building and occupancy status",ok,sdmx,6,39,0,"",2026-07-17
CENS_01NDCOMF,Occupied conventional dwellings by presence of comfort characteristics,ok,sdmx,5,35,0,"",2026-07-17
CENS_01NDHH,Private housholds by composition and type of housing,ok,sdmx,6,50,0,"",2026-07-17
CENS_01NDNBOWN,Occupied conventional dwellings by number of rooms and occupants,ok,sdmx,6,53,0,"",2026-07-17
CENS_01NDPERCONS,Owner-occupied dwellings by type and year of construction of the building,ok,sdmx,6,45,0,"",2026-07-17
CENS_01NDQUART_HD,Private households by type of housing,ok,sdmx,5,36,0,"",2026-07-17
CENS_01NDQUART_LQ,Living quarters by type of housing,ok,sdmx,5,36,0,"",2026-07-17
CENS_01NDQUART_OC,Occupants by type of housing,ok,sdmx,5,36,0,"",2026-07-17
CENS_01NEISCO,"Population aged 15-74 by sex, age group, educational attainment level and occupation (ISCO 1988)",ok,sdmx,8,66,0,"",2026-07-17
CENS_01NELEV,"Population by sex, age group, citizenship and educational attainment level",ok,sdmx,8,157,0,"",2026-07-17
CENS_01NEWS,"Population aged 15-74 by sex, age group, current activity status and educational attainment level",ok,sdmx,8,61,0,"",2026-07-17
CENS_01NHCTZCOMP,Private households by composition and citizenship,ok,sdmx,6,47,0,"",2026-07-17
CENS_01NHECO,"Private households by size, composition and presence of elderly members",ok,sdmx,7,54,0,"",2026-07-17
CENS_01NHFST,"Population aged 15 and over, living in private households, by sex, age group, family status and current activity status",ok,sdmx,8,72,0,"",2026-07-17
CENS_01NHFSTCTZ,"Population by sex, citizenship, family status and type of housing",ok,sdmx,8,53,0,"",2026-07-17
CENS_01NHHST,"Population by sex, age group and family situation (household status)",ok,sdmx,7,56,0,"",2026-07-17
CENS_01NHSIZE,"Population in private households by sex, age group, citizenship and size of household",ok,sdmx,8,72,0,"",2026-07-17
CENS_01NHTYPE,"Population by sex, age and household status",ok,sdmx,7,167,0,"",2026-07-17
CENS_01NSCBIRTH,"Population by sex, age group and country of birth",ok,sdmx,7,274,0,"",2026-07-17
CENS_01NSCTZ,"Population by sex, age group and country of citizenship",ok,sdmx,7,281,0,"",2026-07-17
CENS_01NSRES,"Population by sex, age group, citizenship and place of residence one year prior to the census",ok,sdmx,8,283,0,"",2026-07-17
CENS_01RACTZ,"Employed persons aged 15 and over by sex, citizenship, economic activity (NACE Rev. 1), status in employment and NUTS 3 region",ok,sdmx,8,1324,0,"",2026-07-17
CENS_01RAMIGR,"Total and active population by sex, age, employment status, residence one year prior to the census and NUTS 3 region",ok,sdmx,8,1366,0,"",2026-07-17
CENS_01RAPOP,"Population by sex, age group, current activity status and NUTS 3 region",ok,sdmx,7,1413,0,"",2026-07-17
CENS_01RDBUILD,Persons by type of building and NUTS 3 region,ok,sdmx,5,853,0,"",2026-07-17
CENS_01RDHH,"Dwellings by type of housing, building and NUTS 3 region",ok,sdmx,6,840,0,"",2026-07-17
CENS_01REISCO,"Employed persons by sex, age group, educational attainment level, occupation (ISCO-88) and NUTS 3 region",ok,sdmx,8,849,0,"",2026-07-17
CENS_01REWS,"Population by sex, age group, educational attainment level, current activity status and NUTS 3 region",ok,sdmx,8,845,0,"",2026-07-17
CENS_01RHAGCHI,"Private households by composition, age group of children and NUTS 3 region",ok,sdmx,6,834,0,"",2026-07-17
CENS_01RHECO,"Private households by composition, size and NUTS 3 region",ok,sdmx,6,837,0,"",2026-07-17
CENS_01RHSIZE,"Population by sex, age group, size of household and NUTS 3 region",ok,sdmx,7,910,0,"",2026-07-17
CENS_01RHTYPE,"Population by sex, age group, household status and NUTS 3 region",ok,sdmx,7,877,0,"",2026-07-17
CENS_01RSCTZ,"Population by sex, citizenship and NUTS 3 region",ok,sdmx,6,853,0,"",2026-07-17
CENS_11AED_R2,"Population by current activity status, educational attainment level and NUTS 2 region",ok,sdmx,8,538,0,"",2026-07-17
CENS_11AG_R3,Population by single year of age and NUTS 3 region,ok,sdmx,6,2018,0,"",2026-07-17
CENS_11AN_R2,"Population by current activity status, NACE Rev. 2 activity and NUTS 2 region",ok,sdmx,8,530,0,"",2026-07-17
CENS_11AO_R2,"Population by current activity status, occupation and NUTS 2 region",ok,sdmx,8,540,0,"",2026-07-17
CENS_11ARCO_R2,"Population by period of arrival in the country, country of birth and NUTS 2 region",ok,sdmx,7,511,0,"",2026-07-17
CENS_11COBA_R2,"Population by group of country of birth, current activity status and NUTS 2 region",ok,sdmx,8,511,0,"",2026-07-17
CENS_11COBE_R2,"Population by group of country of birth, educational attainment level and NUTS 2 region",ok,sdmx,8,517,0,"",2026-07-17
CENS_11COBO_R2,"Population by group of country of birth, occupation and NUTS 2 region",ok,sdmx,8,520,0,"",2026-07-17
CENS_11COB_N,Population by country of birth at national level,ok,sdmx,7,309,0,"",2026-07-17
CENS_11CTZO_R2,"Population by group of citizenship, occupation and NUTS 2 region",ok,sdmx,8,520,0,"",2026-07-17
CENS_11CTZ_N,Population by country of citizenship at national level,ok,sdmx,7,301,0,"",2026-07-17
CENS_11DWOB_R3,"Conventional dwellings by occupancy status, type of building and NUTS 3 region",ok,sdmx,6,1871,0,"",2026-07-17
CENS_11EMPN_R2,"Population by status in employment, NACE Rev. 2 activity and NUTS 2 region",ok,sdmx,8,541,0,"",2026-07-17
CENS_11EMPO_R2,"Population by status in employment, occupation and NUTS 2 region",ok,sdmx,8,541,0,"",2026-07-17
CENS_11FS_R3,Population by family status and NUTS 3 region,ok,sdmx,7,1927,0,"",2026-07-17
CENS_11FTS_R3,"Families by type, size and NUTS 3 region",ok,sdmx,6,1920,0,"",2026-07-17
CENS_11HOU_R2,Population by housing arrangement and NUTS 2 region,ok,sdmx,7,481,0,"",2026-07-17
CENS_11HTTS_R2,"Private households by type, tenure status and NUTS 2 region",ok,sdmx,6,513,0,"",2026-07-17
CENS_11MS_R3,Population by marital status and NUTS 3 region,ok,sdmx,7,1928,0,"",2026-07-17
CENS_21AE_R2,"Population by groups of current activity status, age groups, educational attainment level and NUTS 2 region",ok,sdmx,8,500,0,"",2026-07-17
CENS_21AGR2,Population by age and NUTS 2 region,ok,sdmx,6,582,0,"",2026-07-17
CENS_21AH,"Population by groups of current activity status, age groups and household status",ok,sdmx,8,75,0,"",2026-07-17
CENS_21AM_R2,"Population by groups of current activity status, age groups, legal marital status and NUTS 2 region",ok,sdmx,8,494,0,"",2026-07-17
CENS_21ARA_R2,"Population by year of arrival in the country, groups of current activity status and NUTS 2 region",ok,sdmx,7,490,0,"",2026-07-17
CENS_21ARCO_R2,"Population by year of arrival in the country, country of birth, occupation and NUTS 2 region",ok,sdmx,8,487,0,"",2026-07-17
CENS_21ARE_R2,"Population by year of arrival in the country, education and NUTS 2 region",ok,sdmx,7,496,0,"",2026-07-17
CENS_21ARF_R3,"Population by year of arrival in the country, age groups, family status and NUTS 3 region",ok,sdmx,8,1723,0,"",2026-07-17
CENS_21ARGC_R3,"Population by year of arrival in the country since 2010, age groups, groups of country of birth and NUTS 3 region",ok,sdmx,8,1732,0,"",2026-07-17
CENS_21A_R2,"Population by current activity status, age and NUTS 2 region",ok,sdmx,7,592,0,"",2026-07-17
CENS_21COBA_R2,"Population by groups of country of birth, age groups, groups of current activity status and NUTS 2 region",ok,sdmx,8,495,0,"",2026-07-17
CENS_21COBE_R2,"Population by country of birth, age groups, education and NUTS 2 region",ok,sdmx,8,501,0,"",2026-07-17
CENS_21COBHA_R3,"Population by country of birth, age groups, type of housing arrangements and NUTS 3 region",ok,sdmx,7,1737,0,"",2026-07-17
CENS_21COBHA_R3$DV_3143,"Population by country of birth, age groups, type of housing arrangements and NUTS 3 region",error,"",0,0,1,"HTTPStatusError: Client error '404 Not Found' for url 'https://ec.europa.eu/eurostat/api/dissemination/sdmx/2.1/datastructure/ESTAT/CENS_21COBHA_R3$DV_3143'
For more information check: https://develop",2026-07-17
CENS_21COBHS_R3,"Population by country of birth, age groups, household status and NUTS 3 region",ok,sdmx,8,1736,0,"",2026-07-17
CENS_21COBO_R2,"Population by groups of country of birth, age groups, occupation and NUTS 2 region",ok,sdmx,8,502,0,"",2026-07-17
CENS_21COB_R3,"Population by country of birth, age groups and NUTS 3 region",ok,sdmx,7,1965,0,"",2026-07-17
CENS_21CTZA_R2,"Population by groups of country of citizenship, age groups, groups of current activity status and NUTS 2 region",ok,sdmx,8,495,0,"",2026-07-17
CENS_21CTZF_R3,"Population by country of citizenship, age groups, family status and NUTS 3 region",ok,sdmx,8,1734,0,"",2026-07-17
CENS_21CTZHA_R3,"Population by country of citizenship, age groups, type of housing arrangements and NUTS 3 region",ok,sdmx,7,1737,0,"",2026-07-17
CENS_21CTZHA_R3$DV_3145,"Population by country of citizenship, age groups, type of housing arrangements and NUTS 3 region",error,"",0,0,1,"HTTPStatusError: Client error '404 Not Found' for url 'https://ec.europa.eu/eurostat/api/dissemination/sdmx/2.1/datastructure/ESTAT/CENS_21CTZHA_R3$DV_3145'
For more information check: https://develop",2026-07-17
CENS_21CTZHS_R2,"Population by country of citizenship, age groups, household status and NUTS 2 region",ok,sdmx,8,497,0,"",2026-07-17
CENS_21CTZO_R2,"Population by groups of country of citizenship, age groups, occupation and NUTS 2 region",ok,sdmx,8,502,0,"",2026-07-17
CENS_21CTZ_R3,"Population by country of citizenship, age groups and NUTS 3 region",ok,sdmx,7,1942,0,"",2026-07-17
CENS_21DWBNO_R3,"Dwellings by type of building, number of occupants and NUTS 3 region",ok,sdmx,6,1712,0,"",2026-07-17
CENS_21DWBNO_R3$DV_3139,"Dwellings by type of building, number of occupants and NUTS 3 region",error,"",0,0,1,"HTTPStatusError: Client error '404 Not Found' for url 'https://ec.europa.eu/eurostat/api/dissemination/sdmx/2.1/datastructure/ESTAT/CENS_21DWBNO_R3$DV_3139'
For more information check: https://develop",2026-07-17
CENS_21DWBNR_R3,"Dwellings by type of building, number of rooms or useful floor space and NUTS 3 region",ok,sdmx,7,1719,0,"",2026-07-17
CENS_21DWBNR_R3$DV_3140,"Dwellings by type of building, number of rooms or useful floor space and NUTS 3 region",error,"",0,0,1,"HTTPStatusError: Client error '404 Not Found' for url 'https://ec.europa.eu/eurostat/api/dissemination/sdmx/2.1/datastructure/ESTAT/CENS_21DWBNR_R3$DV_3140'
For more information check: https://develop",2026-07-17
CENS_21DWBO_R2,"Dwellings by type of building, ownership status and NUTS 2 region",ok,sdmx,6,464,0,"",2026-07-17
CENS_21DWBO_R2$DV_3138,"Dwellings by type of building, ownership status and NUTS 2 region",error,"",0,0,1,"HTTPStatusError: Client error '404 Not Found' for url 'https://ec.europa.eu/eurostat/api/dissemination/sdmx/2.1/datastructure/ESTAT/CENS_21DWBO_R2$DV_3138'
For more information check: https://develope",2026-07-17
CENS_21DWOB_R3,"Conventional dwellings by occupancy status, type of building and NUTS 3 region",ok,sdmx,6,1701,0,"",2026-07-17
CENS_21DWOB_R3$DV_3141,"Conventional dwellings by occupancy status, type of building and NUTS 3 region",error,"",0,0,1,"HTTPStatusError: Client error '404 Not Found' for url 'https://ec.europa.eu/eurostat/api/dissemination/sdmx/2.1/datastructure/ESTAT/CENS_21DWOB_R3$DV_3141'
For more information check: https://develope",2026-07-17
CENS_21DWOP_R3,"Conventional dwellings by occupancy status, period of construction and NUTS 3 region",ok,sdmx,6,1704,0,"",2026-07-17
CENS_21DWOP_R3$DV_3142,"Conventional dwellings by occupancy status, period of construction and NUTS 3 region",error,"",0,0,1,"HTTPStatusError: Client error '404 Not Found' for url 'https://ec.europa.eu/eurostat/api/dissemination/sdmx/2.1/datastructure/ESTAT/CENS_21DWOP_R3$DV_3142'
For more information check: https://develope",2026-07-17
CENS_21EMPL,"Population by status in employment, age groups and location of place of work",ok,sdmx,8,79,0,"",2026-07-17
CENS_21EMPN_R2,"Population by status in employment, age groups, economic activity (NACE Rev.2) and NUTS 2 region",ok,sdmx,8,502,0,"",2026-07-17
CENS_21EMPO_R2,"Population by status in employment, age groups, occupation and NUTS 2 region",ok,sdmx,8,502,0,"",2026-07-17
CENS_21FE_R2,"Population by family status, age groups, educational attainment level and NUTS 2 region",ok,sdmx,8,500,0,"",2026-07-17
CENS_21FHCS_R3,"Families by household composition, size of family nucleus and NUTS 3 region",ok,sdmx,6,1720,0,"",2026-07-17
CENS_21F_R3,"Population by family status, broad age groups and NUTS 3 region",ok,sdmx,7,1712,0,"",2026-07-17
CENS_21HE_R2,"Population by household status, age groups, educational attainment level and NUTS 2 region",ok,sdmx,8,504,0,"",2026-07-17
CENS_21HHCS_R3,"Private households by household composition, size and NUTS 3 region",ok,sdmx,6,1715,0,"",2026-07-17
CENS_21HHCT_R3,"Private households by household composition, tenure status and NUTS 3 region",ok,sdmx,6,1711,0,"",2026-07-17
CENS_21LE_R2,"Population by location of place of work, age groups, educational attainment level and NUTS 2 region",ok,sdmx,8,500,0,"",2026-07-17
CENS_21LHA_R3,"Population by size of the locality, housing arrangements and NUTS 3 region",ok,sdmx,7,1713,0,"",2026-07-17
CENS_21LHA_R3$DV_3144,"Population by size of the locality, housing arrangements and NUTS 3 region",error,"",0,0,1,"HTTPStatusError: Client error '404 Not Found' for url 'https://ec.europa.eu/eurostat/api/dissemination/sdmx/2.1/datastructure/ESTAT/CENS_21LHA_R3$DV_3144'
For more information check: https://developer",2026-07-17
CENS_21LOC_R2,"Population by location of place of work, age groups, occupation and NUTS 2 region",ok,sdmx,8,501,0,"",2026-07-17
CENS_21L_R3,"Population by size of the locality, age groups and NUTS 3 region",ok,sdmx,7,1735,0,"",2026-07-17
CENS_21M,Population by age and marital status,ok,sdmx,7,174,0,"",2026-07-17
CENS_21ME_R2,"Population by marital status, age groups, educational attainment level and NUTS 2 region",ok,sdmx,8,500,0,"",2026-07-17
CENS_21MH,Population by marital status and household status,ok,sdmx,7,56,0,"",2026-07-17
CENS_21M_R3,"Population by marital status, broad age groups and NUTS 3 region",ok,sdmx,7,1706,0,"",2026-07-17
CENS_21RESH_R2,"Population by residence one year prior to census, age groups, household status and NUTS 2 region",ok,sdmx,8,499,0,"",2026-07-17
CENS_21RESO_R2,"Population by residence one year prior to census, age groups, occupation and NUTS 2 region",ok,sdmx,8,504,0,"",2026-07-17
CENS_21UA_A,Population with Ukrainian citizenship by age,ok,sdmx,6,121,0,"",2026-07-17
CENS_21UA_A5,Population with Ukrainian citizenship by 5-year age group,ok,sdmx,6,43,0,"",2026-07-17
CENS_21UA_A5R3,Population with Ukrainian citizenship by 5-year age group and NUTS 3 region,ok,sdmx,6,315,0,"",2026-07-17
CENS_21UA_AR3,Population with Ukrainian citizenship by age and NUTS 3 region,ok,sdmx,6,283,0,"",2026-07-17
CENS_21UA_MS,Population with Ukrainian citizenship by 5-year age group and marital status,ok,sdmx,7,38,0,"",2026-07-17
CENS_21UA_MSR3,"Population with Ukrainian citizenship by 5-year age group, marital status and NUTS 3 region",ok,sdmx,7,137,0,"",2026-07-17
CENS_21UA_YAE,Population with Ukrainian citizenship by 5-year age group and year of arrival in the country,ok,sdmx,7,48,0,"",2026-07-17
CENS_21URB01,"Population by age, sex and degree of urbanisation",ok,sdmx,7,70,0,"",2026-07-17
CENS_21URB02,Type of living quarters by degree of urbanisation,ok,sdmx,6,44,0,"",2026-07-17
CENS_91AAGE,Active population by sex and age,ok,sdmx,6,109,0,"",2026-07-17
CENS_91ACTZ,Active population by citizenship and age group,ok,sdmx,7,215,0,"",2026-07-17
CENS_91AENACE,Persons in employment by sex and NACE Rev.1,ok,sdmx,6,36,0,"",2026-07-17
CENS_91AEPISCO,Persons in employment by sex and occupation,ok,sdmx,6,50,0,"",2026-07-17
CENS_91AMSTA,Female active population by age and marital status,ok,sdmx,6,48,0,"",2026-07-17
CENS_91ANNWCTZ,"Non national workers by citizenship, sex and economic activity",ok,sdmx,7,88,0,"",2026-07-17
CENS_91AWSTA,"Active population by sex, age groups and working status",ok,sdmx,7,48,0,"",2026-07-17
CENS_91DAME,Occupied conventional dwellings by tenure status and amenities,ok,sdmx,6,40,0,"",2026-07-17
CENS_91DOWN,"Occupied conventional dwellings by households, by number of rooms",ok,sdmx,5,38,0,"",2026-07-17
CENS_91DPER,Occupied conventional dwellings by tenure status and period of construction,ok,sdmx,6,53,0,"",2026-07-17
CENS_91EACT,"Active population by sex, by age group and educational attainment level",ok,sdmx,7,54,0,"",2026-07-17
CENS_91EINACT,"Inactive population by sex, age group and educational attainment level",ok,sdmx,7,54,0,"",2026-07-17
CENS_91HNNCH,Family nuclei by number of children,ok,sdmx,5,29,0,"",2026-07-17
CENS_91HPNPER,Household composition by size,ok,sdmx,5,32,0,"",2026-07-17
CENS_91HPWSTAN,Households by number of persons and their status of economic activity,ok,sdmx,7,40,0,"",2026-07-17
CENS_91SBIRTH,Population by sex and year of birth,ok,sdmx,6,153,0,"",2026-07-17
CENS_91SCTZ,"Population by sex, age group and citizenship",ok,sdmx,7,227,0,"",2026-07-17
CENS_91SMSTA,"Population by sex, age and marital status",ok,sdmx,7,160,0,"",2026-07-17
CENS_91TYPB,Housing units by type of building,ok,sdmx,5,21,0,"",2026-07-17
CENS_91TYPL,Housing units by type,ok,sdmx,5,27,0,"",2026-07-17
CENS_HNAISCO,Employed population by sex and occupation,ok,sdmx,6,48,0,"",2026-07-17
CENS_HNCAS,"Population by sex, age and current activity status",ok,sdmx,7,65,0,"",2026-07-17
CENS_HNCTZ,"Population by sex, age and citizenship",ok,sdmx,7,64,0,"",2026-07-17
CENS_HNDWNR,Occupied conventional dwellings by number of rooms,ok,sdmx,5,45,0,"",2026-07-17
CENS_HNDWSIZE,Households by size (number of persons),ok,sdmx,5,42,0,"",2026-07-17
CENS_HNELEV,"Population by sex, age and educational attainment level",ok,sdmx,7,62,0,"",2026-07-17
CENS_HNMGA,Population by sex and age,ok,sdmx,6,60,0,"",2026-07-17
CLI_GGE_FOOT,EU GHG emissions from the production and consumption (footprint) perspectives (FIGARO application),ok,sdmx,6,54,0,"",2026-07-17
CLI_IAD_LOSS,Climate related economic losses by type of event,ok,sdmx,6,93,0,"",2026-07-17
CRIM_CRT_CASE,Legal cases processed in first instance courts by legal status of the court process (until 2022),ok,sdmx,6,64,0,"",2026-07-17
CRIM_CRT_CASE22,Legal cases processed in first instance courts by legal status of the court process (since 2022),ok,sdmx,6,40,0,"",2026-07-17
CRIM_CRT_PER,Persons brought before criminal courts by legal status of the court process,ok,sdmx,5,60,0,"",2026-07-17
CRIM_GEN,Crimes recorded by the police by offence category (1993-2007),ok,sdmx,5,63,0,"",2026-07-17
CRIM_GEN_REG,Police-recorded offences by NUTS 3 region,ok,sdmx,5,1971,0,"",2026-07-17
CRIM_HIST,Crimes recorded by the police (1950-2000),ok,sdmx,4,91,0,"",2026-07-17
CRIM_HOM_CITY,Crimes recorded by the police - homicide in cities (1993-2007),ok,sdmx,4,54,0,"",2026-07-17
CRIM_HOM_OCIT,Intentional homicide offences in largest cities,ok,sdmx,4,57,0,"",2026-07-17
CRIM_HOM_SOFF,Intentional homicide and sexual offences by legal status and sex of the person involved,ok,sdmx,7,72,0,"",2026-07-17
CRIM_HOM_SOFF$DV_1941,Intentional homicide and sexual offences by legal status and sex of the person involved,error,"",0,0,1,"HTTPStatusError: Client error '404 Not Found' for url 'https://ec.europa.eu/eurostat/api/dissemination/sdmx/2.1/datastructure/ESTAT/CRIM_HOM_SOFF$DV_1941'
For more information check: https://developer",2026-07-17
CRIM_HOM_VAGE,Victims of intentional homicide and sexual exploitation by age and sex,ok,sdmx,7,74,0,"",2026-07-17
CRIM_HOM_VAGE$DV_2321,Victims of intentional homicide and sexual exploitation by age and sex,error,"",0,0,1,"HTTPStatusError: Client error '404 Not Found' for url 'https://ec.europa.eu/eurostat/api/dissemination/sdmx/2.1/datastructure/ESTAT/CRIM_HOM_VAGE$DV_2321'
For more information check: https://developer",2026-07-17
CRIM_HOM_VAGE$DV_2603,Victims of intentional homicide and sexual exploitation by age and sex,error,"",0,0,1,"HTTPStatusError: Client error '404 Not Found' for url 'https://ec.europa.eu/eurostat/api/dissemination/sdmx/2.1/datastructure/ESTAT/CRIM_HOM_VAGE$DV_2603'
For more information check: https://developer",2026-07-17
CRIM_HOM_VCIT,Intentional homicide victims in largest cities by sex,ok,sdmx,5,54,0,"",2026-07-17
CRIM_HOM_VREL,Intentional homicide victims by victim-offender relationship and sex,ok,sdmx,6,57,0,"",2026-07-17
CRIM_HOM_VREL$DV_1645,Intentional homicide victims by victim-offender relationship and sex,error,"",0,0,1,"HTTPStatusError: Client error '404 Not Found' for url 'https://ec.europa.eu/eurostat/api/dissemination/sdmx/2.1/datastructure/ESTAT/CRIM_HOM_VREL$DV_1645'
For more information check: https://developer",2026-07-17
CRIM_JUST_AGE,Suspects and offenders by age,ok,sdmx,6,67,0,"",2026-07-17
CRIM_JUST_BRI,Bribery by legal status and sex of the person involved,ok,sdmx,6,55,0,"",2026-07-17
CRIM_JUST_CTZ,Suspects and offenders by citizenship,ok,sdmx,6,67,0,"",2026-07-17
CRIM_JUST_JOB,Personnel in the criminal justice system by sex,ok,sdmx,6,68,0,"",2026-07-17
CRIM_JUST_SEX,Suspects and offenders by sex,ok,sdmx,6,67,0,"",2026-07-17
CRIM_OFF_CAT,Police-recorded offences by offence category,ok,sdmx,5,86,0,"",2026-07-17
CRIM_OFF_CAT$DV_1401,Police-recorded offences by offence category,error,"",0,0,1,"HTTPStatusError: Client error '404 Not Found' for url 'https://ec.europa.eu/eurostat/api/dissemination/sdmx/2.1/datastructure/ESTAT/CRIM_OFF_CAT$DV_1401'
For more information check: https://developer.",2026-07-17
CRIM_OFF_CAT$DV_348,Police-recorded offences by offence category,error,"",0,0,1,"HTTPStatusError: Client error '404 Not Found' for url 'https://ec.europa.eu/eurostat/api/dissemination/sdmx/2.1/datastructure/ESTAT/CRIM_OFF_CAT$DV_348'
For more information check: https://developer.m",2026-07-17
CRIM_PLCE,Police officers (1993-2007),ok,sdmx,4,53,0,"",2026-07-17
CRIM_PRIS_AGE,Prisoners by age and sex,ok,sdmx,6,67,0,"",2026-07-17
CRIM_PRIS_CAP,Prison capacity and number of persons held,ok,sdmx,5,63,0,"",2026-07-17
CRIM_PRIS_CTZ,Prisoners by citizenship,ok,sdmx,5,64,0,"",2026-07-17
CRIM_PRIS_OFF,Prisoners by offence category and sex,ok,sdmx,6,66,0,"",2026-07-17
CRIM_PRIS_POP,Prison population (1993-2007),ok,sdmx,4,55,0,"",2026-07-17
CRIM_PRIS_TRI,Prisoners by legal status of the trial process,ok,sdmx,5,65,0,"",2026-07-17
CRIM_SMU_SCTZ,Suspects of migrant smuggling by citizenship,ok,sdmx,5,45,0,"",2026-07-17
CRIM_SMU_SEX,Persons involved in migrant smuggling by legal status and sex,ok,sdmx,6,54,0,"",2026-07-17
CRIM_THB_EXPSXA,"Victims of trafficking in human beings by form of exploitation, sex and age",ok,sdmx,7,60,0,"",2026-07-17
CRIM_THB_EXPSXA$DV_2922,"Victims of trafficking in human beings by form of exploitation, sex and age",error,"",0,0,1,"HTTPStatusError: Client error '404 Not Found' for url 'https://ec.europa.eu/eurostat/api/dissemination/sdmx/2.1/datastructure/ESTAT/CRIM_THB_EXPSXA$DV_2922'
For more information check: https://develop",2026-07-17
CRIM_THB_SEX,Persons involved in trafficking in human beings by legal status and sex,ok,sdmx,6,61,0,"",2026-07-17
CRIM_THB_SEX$DV_1641,Persons involved in trafficking in human beings by legal status and sex,error,"",0,0,1,"HTTPStatusError: Client error '404 Not Found' for url 'https://ec.europa.eu/eurostat/api/dissemination/sdmx/2.1/datastructure/ESTAT/CRIM_THB_SEX$DV_1641'
For more information check: https://developer.",2026-07-17
CRIM_THB_VCTZ,Victims of trafficking in human beings by citizenship,ok,sdmx,5,56,0,"",2026-07-17
CRIM_THB_VCTZ$DV_1643,Victims of trafficking in human beings by citizenship,error,"",0,0,1,"HTTPStatusError: Client error '404 Not Found' for url 'https://ec.europa.eu/eurostat/api/dissemination/sdmx/2.1/datastructure/ESTAT/CRIM_THB_VCTZ$DV_1643'
For more information check: https://developer",2026-07-17
CRIM_THB_VCTZSEX,Victims of trafficking in human beings by citizenship and sex,ok,sdmx,6,53,0,"",2026-07-17
CRIM_THB_VEXP,Victims of trafficking in human beings by all forms of exploitation,ok,sdmx,5,56,0,"",2026-07-17
CRIM_THB_VSAGE,Victims of trafficking in human beings by sex and age,ok,sdmx,6,54,0,"",2026-07-17
CRIM_THB_VSAGE$DV_2921,Victims of trafficking in human beings by sex and age,error,"",0,0,1,"HTTPStatusError: Client error '404 Not Found' for url 'https://ec.europa.eu/eurostat/api/dissemination/sdmx/2.1/datastructure/ESTAT/CRIM_THB_VSAGE$DV_2921'
For more information check: https://develope",2026-07-17
CULT_EMP_AGE,Cultural employment by age,ok,sdmx,5,62,0,"",2026-07-17
CULT_EMP_ART,"Persons working as creative and performing artists, authors, journalists and linguists",ok,sdmx,4,54,0,"",2026-07-17
CULT_EMP_ARTPC,"Persons working as creative and performing artists, authors, journalists and linguists by individual and employment characteristics",ok,sdmx,6,62,0,"",2026-07-17
CULT_EMP_EDU,Cultural employment by educational attainment level,ok,sdmx,5,60,0,"",2026-07-17
CULT_EMP_N2,Cultural employment by NACE Rev. 2 activity (2008-2026),ok,sdmx,5,66,0,"",2026-07-17
CULT_EMP_REG,Cultural employment by NUTS 2 region,ok,sdmx,4,469,0,"",2026-07-17
CULT_EMP_SEX,Cultural employment by sex,ok,sdmx,5,58,0,"",2026-07-17
CULT_EMP_WSTA,Cultural employment by sex and selected labour market characteristics,ok,sdmx,7,63,0,"",2026-07-17
CULT_ENT_NUM,Number and average size of enterprises in the cultural sectors by NACE Rev. 2 activity (2011-2020),ok,sdmx,6,76,0,"",2026-07-17
CULT_ENT_VAL,Value added and turnover of enterprises in the cultural sectors by NACE Rev. 2 activity (2011-2020),ok,sdmx,6,73,0,"",2026-07-17
CULT_PCS_BKA,Persons reading books in the last 12 months by sex and age (2007 and 2011),ok,sdmx,7,46,0,"",2026-07-17
CULT_PCS_BKE,Persons reading books in the last 12 months by sex and educational attainment level (2007 and 2011),ok,sdmx,7,42,0,"",2026-07-17
CULT_PCS_CAA,Persons participating in cultural activities in the last 12 months by sex and age (2007 and 2011),ok,sdmx,8,48,0,"",2026-07-17
CULT_PCS_CAE,Persons participating in cultural activities in the last 12 months by sex and educational attainment level (2007 and 2011),ok,sdmx,8,44,0,"",2026-07-17
CULT_PCS_HBS,Mean consumption expenditure of private households on cultural goods and services by COICOP consumption purpose,ok,sdmx,5,63,0,"",2026-07-17
CULT_PCS_NWA,Persons reading newspapers in the last 12 months by age (2007 and 2011),ok,sdmx,6,44,0,"",2026-07-17
CULT_PCS_NWE,Persons reading newspapers in the last 12 months by educational attainment level (2007 and 2011),ok,sdmx,6,40,0,"",2026-07-17
CULT_PCS_NWS,Persons reading newspapers in the last 12 months by sex (2007 and 2011),ok,sdmx,6,39,0,"",2026-07-17
CULT_PCS_QNT,Mean consumption expenditure of private households on cultural goods and services by income quintile,ok,sdmx,5,45,0,"",2026-07-17
CULT_TRD_PRD,Intra and extra-EU trade in cultural goods by product,ok,sdmx,7,84,0,"",2026-07-17
CULT_TRD_PRT,Intra and extra-EU trade in cultural goods by product and partner,ok,sdmx,7,321,0,"",2026-07-17
DEMO_DIVCB,Divorces by country of birth of wife and husband,ok,sdmx,6,75,0,"",2026-07-17
DEMO_DIVCZ,Divorces by citizenship of wife and husband,ok,sdmx,6,80,0,"",2026-07-17
DEMO_FABORT,Legally induced abortions by mother's age,ok,sdmx,5,119,0,"",2026-07-17
DEMO_FABORTIND,Abortion indicators,ok,sdmx,5,47,0,"",2026-07-17
DEMO_FABORTORD,Legally induced abortions by mother's age and number of previous live births,ok,sdmx,6,77,0,"",2026-07-17
DEMO_FACBC,Live births by mother's age and country of birth,ok,sdmx,6,130,0,"",2026-07-17
DEMO_FACZC,Live births by mother's age and citizenship,ok,sdmx,6,133,0,"",2026-07-17
DEMO_FAEDUC,Live births by mother's age and educational attainment level,ok,sdmx,6,124,0,"",2026-07-17
DEMO_FAEMPLC,Live births by mother's age and activity status,ok,sdmx,6,121,0,"",2026-07-17
DEMO_FAGEC,Live births by mother's age and legal marital status,ok,sdmx,6,176,0,"",2026-07-17
DEMO_FAGER,Live births by mother's year of birth (age reached) and legal marital status,ok,sdmx,6,178,0,"",2026-07-17
DEMO_FASEC,Live births by mother's age and newborn's sex,ok,sdmx,6,128,0,"",2026-07-17
DEMO_FIND,Fertility indicators,ok,sdmx,4,138,0,"",2026-07-17
DEMO_FMONTH,Live births (total) by month,ok,sdmx,5,143,0,"",2026-07-17
DEMO_FORDAGEC,Live births by mother's age and birth order,ok,sdmx,6,177,0,"",2026-07-17
DEMO_FORDAGER,Live births by mother's year of birth (age reached) and birth order,ok,sdmx,6,179,0,"",2026-07-17
DEMO_FRATE,Fertility rates by age,ok,sdmx,6,170,0,"",2026-07-17
DEMO_FWEIGHT,Live births by birth weight and duration of gestation,ok,sdmx,6,105,0,"",2026-07-17
DEMO_GIND,Population change - Demographic balance and crude rates at national level,ok,sdmx,4,156,0,"",2026-07-17
DEMO_MACBC,"Deaths by age, sex and country of birth",ok,sdmx,7,187,0,"",2026-07-17
DEMO_MACZC,"Deaths by age, sex and citizenship",ok,sdmx,7,193,0,"",2026-07-17
DEMO_MAEDUC,"Deaths by age, sex and educational attainment level",ok,sdmx,7,187,0,"",2026-07-17
DEMO_MAGEC,Deaths by age and sex,ok,sdmx,6,233,0,"",2026-07-18
DEMO_MAGEC$DV_1942,Deaths by age and sex,error,"",0,0,1,"HTTPStatusError: Client error '404 Not Found' for url 'https://ec.europa.eu/eurostat/api/dissemination/sdmx/2.1/datastructure/ESTAT/DEMO_MAGEC$DV_1942'
For more information check: https://developer.mo",2026-07-18
DEMO_MAGER,Deaths by year of birth (age reached) and sex,ok,sdmx,6,234,0,"",2026-07-18
DEMO_MARCB,Marriages by country of birth of bride and groom,ok,sdmx,6,79,0,"",2026-07-18
DEMO_MARCZ,Marriages by citizenship of bride and groom,ok,sdmx,6,84,0,"",2026-07-18
DEMO_MARSTAC,"Deaths by age, sex and legal marital status",ok,sdmx,7,187,0,"",2026-07-18
DEMO_MEXRT,Excess mortality by month,ok,sdmx,4,109,0,"",2026-07-18
DEMO_MFOET,Late foetal deaths by mother's age,ok,sdmx,5,77,0,"",2026-07-18
DEMO_MINF,Infant mortality,ok,sdmx,5,132,0,"",2026-07-18
DEMO_MINFEDU,Infant mortality by mother's educational attainment level (ISCED11f) and father's educational attainment level (ISCED11),ok,sdmx,6,74,0,"",2026-07-18
DEMO_MINFIND,Infant mortality rates,ok,sdmx,5,131,0,"",2026-07-18
DEMO_MINFS,Infant mortality by age and sex,ok,sdmx,6,90,0,"",2026-07-18
DEMO_MLEXPEC,Life expectancy by age and sex,ok,sdmx,6,224,0,"",2026-07-18
DEMO_MLEXPEC$DV_1943,Life expectancy by age and sex,error,"",0,0,1,"HTTPStatusError: Client error '404 Not Found' for url 'https://ec.europa.eu/eurostat/api/dissemination/sdmx/2.1/datastructure/ESTAT/DEMO_MLEXPEC$DV_1943'
For more information check: https://developer.",2026-07-18
DEMO_MLEXPEC$DV_292,Life expectancy by age and sex,error,"",0,0,1,"HTTPStatusError: Client error '404 Not Found' for url 'https://ec.europa.eu/eurostat/api/dissemination/sdmx/2.1/datastructure/ESTAT/DEMO_MLEXPEC$DV_292'
For more information check: https://developer.m",2026-07-18
DEMO_MLEXPECEDU,"Life expectancy by age, sex and educational attainment level",ok,sdmx,7,125,0,"",2026-07-18
DEMO_MLIFETABLE,Life table by age and sex,ok,sdmx,6,231,0,"",2026-07-18
DEMO_MMONTH,Deaths (total) by month,ok,sdmx,5,142,0,"",2026-07-18
DEMO_NDIVDUR,Divorces by duration of marriage (reached during the year),ok,sdmx,5,143,0,"",2026-07-18
DEMO_NDIVIND,Divorce indicators,ok,sdmx,4,126,0,"",2026-07-18
DEMO_NIND,Marriage indicators,ok,sdmx,4,133,0,"",2026-07-18
DEMO_NMSTA,Marriages by sex and previous marital status,ok,sdmx,6,130,0,"",2026-07-18
DEMO_NMSTA2,Marriages by previous legal union status of bride and groom,ok,sdmx,6,74,0,"",2026-07-18
DEMO_NSINAGEC,First-time marrying persons by age and sex,ok,sdmx,6,181,0,"",2026-07-18
DEMO_NSINRT,First marriage rates by age and sex,ok,sdmx,7,147,0,"",2026-07-18
DEMO_PJAN,Population on 1 January by age and sex,ok,sdmx,6,233,0,"",2026-07-18
DEMO_PJANBROAD,Population on 1 January by broad age group and sex,ok,sdmx,6,136,0,"",2026-07-18
DEMO_PJANEDU,"Population on 1 January by age, sex and educational attainment level",ok,sdmx,7,176,0,"",2026-07-18
DEMO_PJANGROUP,Population on 1 January by age group and sex,ok,sdmx,6,153,0,"",2026-07-18
DEMO_PJANIND,Population structure indicators at national level,ok,sdmx,4,182,0,"",2026-07-18
DEMO_PJANMARSTA,"Population on 1 January by age, sex and legal marital status",ok,sdmx,7,229,0,"",2026-07-18
DEMO_POPEP,Persons eligible to vote in the 2024 European Parliament elections by category of voters - dedicated data collection,ok,sdmx,6,33,0,"",2026-07-18
DEMO_POPMDCTB,Median age of residents by sex and country of birth,ok,sdmx,6,49,0,"",2026-07-18
DEMO_POPMDCTZ,Median age of residents by sex and citizenship,ok,sdmx,6,50,0,"",2026-07-18
DEMO_POPPCCTB,"Proportion of population by age group, sex and country of birth",ok,sdmx,7,76,0,"",2026-07-18
DEMO_POPPCCTZ,"Proportion of population by age group, sex and citizenship",ok,sdmx,7,77,0,"",2026-07-18
DEMO_R_BIRTHS,Live births (total) by NUTS 3 region,ok,sdmx,4,2178,0,"",2026-07-18
DEMO_R_D2JAN,"Population on 1 January by age, sex and NUTS 2 region",ok,sdmx,6,665,0,"",2026-07-18
DEMO_R_D3AREA,Area by NUTS 3 region,ok,sdmx,5,1999,0,"",2026-07-18
DEMO_R_D3DENS,Population density by NUTS 3 region,ok,sdmx,4,2123,0,"",2026-07-18
DEMO_R_DEATHS,Deaths (total) by NUTS 3 region,ok,sdmx,4,2178,0,"",2026-07-18
DEMO_R_FAGEC,Live births by mother's age and NUTS 2 region,ok,sdmx,5,600,0,"",2026-07-18
DEMO_R_FAGEC3,Live births by age group of the mothers and NUTS 3 region,ok,sdmx,5,2169,0,"",2026-07-18
DEMO_R_FIND2,Fertility indicators by NUTS 2 region,ok,sdmx,5,548,0,"",2026-07-18
DEMO_R_FIND3,Fertility indicators by NUTS 3 region,ok,sdmx,5,2140,0,"",2026-07-18
DEMO_R_FIND3$DV_1541,Fertility indicators by NUTS 3 region,error,"",0,0,1,"HTTPStatusError: Client error '404 Not Found' for url 'https://ec.europa.eu/eurostat/api/dissemination/sdmx/2.1/datastructure/ESTAT/DEMO_R_FIND3$DV_1541'
For more information check: https://developer.",2026-07-18
DEMO_R_FRATE2,Fertility rates by age and NUTS 2 region,ok,sdmx,5,582,0,"",2026-07-18
DEMO_R_GIND3,Population change - Demographic balance and crude rates at regional level (NUTS 3),ok,sdmx,4,2172,0,"",2026-07-18
DEMO_R_GIND3$DV_1542,Population change - Demographic balance and crude rates at regional level (NUTS 3),error,"",0,0,1,"HTTPStatusError: Client error '404 Not Found' for url 'https://ec.europa.eu/eurostat/api/dissemination/sdmx/2.1/datastructure/ESTAT/DEMO_R_GIND3$DV_1542'
For more information check: https://developer.",2026-07-18
DEMO_R_MAGEC,"Deaths by age, sex and NUTS 2 region",ok,sdmx,6,666,0,"",2026-07-18
DEMO_R_MAGEC3,"Deaths by age group, sex and NUTS 3 region",ok,sdmx,6,2179,0,"",2026-07-18
DEMO_R_MINF,Infant mortality by NUTS 2 region,ok,sdmx,4,558,0,"",2026-07-18
DEMO_R_MINFIND,Infant mortality rates by NUTS 2 region,ok,sdmx,4,549,0,"",2026-07-18
DEMO_R_MLIFE,"Life table by age, sex and NUTS 2 region",ok,sdmx,6,652,0,"",2026-07-18
DEMO_R_MLIFEXP,"Life expectancy by age, sex and NUTS 2 region",ok,sdmx,6,644,0,"",2026-07-18
DEMO_R_MWEEK3,"Deaths by week, sex, 5-year age group and NUTS 3 region",ok,sdmx,6,2938,0,"",2026-07-18
DEMO_R_MWK2_05,"Deaths by week, sex, 5-year age group and NUTS 2 region",ok,sdmx,6,1869,0,"",2026-07-18
DEMO_R_MWK2_10,"Deaths by week, sex, 10-year age group and NUTS 2 region",ok,sdmx,6,1861,0,"",2026-07-18
DEMO_R_MWK2_20,"Deaths by week, sex, 20-year age group and NUTS 2 region",ok,sdmx,6,1855,0,"",2026-07-18
DEMO_R_MWK2_TS,"Deaths by week, sex and NUTS 2 region",ok,sdmx,5,1827,0,"",2026-07-18
DEMO_R_MWK3_10,"Deaths by week, sex, 10-year age group and NUTS 3 region",ok,sdmx,6,2930,0,"",2026-07-18
DEMO_R_MWK3_20,"Deaths by week, sex, 20-year age group and NUTS 3 region",ok,sdmx,6,2924,0,"",2026-07-18
DEMO_R_MWK3_T,Deaths by week and NUTS 3 region,ok,sdmx,4,2892,0,"",2026-07-18
DEMO_R_MWK3_TS,"Deaths by week, sex and NUTS 3 region",ok,sdmx,5,2895,0,"",2026-07-18
DEMO_R_MWK_05,"Deaths by week, sex and 5-year age group",ok,sdmx,6,1449,0,"",2026-07-18
DEMO_R_MWK_10,"Deaths by week, sex and 10-year age group",ok,sdmx,6,1441,0,"",2026-07-18
DEMO_R_MWK_20,"Deaths by week, sex and 20-year age group",ok,sdmx,6,1435,0,"",2026-07-18
DEMO_R_MWK_TS,Deaths by week and sex,ok,sdmx,5,1428,0,"",2026-07-18
DEMO_R_PJANAGGR3,"Population on 1 January by broad age group, sex and NUTS 3 region",ok,sdmx,6,2188,0,"",2026-07-18
DEMO_R_PJANGROUP,"Population on 1 January by age group, sex and NUTS 2 region",ok,sdmx,6,583,0,"",2026-07-18
DEMO_R_PJANGRP3,"Population on 1 January by age group, sex and NUTS 3 region",ok,sdmx,6,2180,0,"",2026-07-18
DEMO_R_PJANIND2,Population structure indicators by NUTS 2 region,ok,sdmx,5,601,0,"",2026-07-18
DEMO_R_PJANIND2$DV_2145,Population structure indicators by NUTS 2 region,error,"",0,0,1,"HTTPStatusError: Client error '404 Not Found' for url 'https://ec.europa.eu/eurostat/api/dissemination/sdmx/2.1/datastructure/ESTAT/DEMO_R_PJANIND2$DV_2145'
For more information check: https://develop",2026-07-18
DEMO_R_PJANIND3,Population structure indicators by NUTS 3 region,ok,sdmx,5,2191,0,"",2026-07-18
DEMO_R_PJANIND3$DV_1561,Population structure indicators by NUTS 3 region,error,"",0,0,1,"HTTPStatusError: Client error '404 Not Found' for url 'https://ec.europa.eu/eurostat/api/dissemination/sdmx/2.1/datastructure/ESTAT/DEMO_R_PJANIND3$DV_1561'
For more information check: https://develop",2026-07-18
DEMO_URESPOP,Usually resident population on 1 January,ok,sdmx,4,45,0,"",2026-07-18
DSB_ICTEG01,Persons using the internet for interaction with public authorities by level of disability (activity limitation),ok,sdmx,6,72,0,"",2026-07-18
DSB_ICTEG02,Persons using the internet to request official documents or certificates by level of disability (activity limitation),ok,sdmx,6,72,0,"",2026-07-18
DSB_ICTEG03,Persons using the internet for making an appointment or a reservation by level of disability (activity limitation),ok,sdmx,6,72,0,"",2026-07-18
DSB_ICTEG04,Persons using a website or app of public authorities by level of disability (activity limitation),ok,sdmx,6,72,0,"",2026-07-18
DSB_ICTEG05,Persons having no issue when using a website or app of public authorities by level of disability (activity limitation),ok,sdmx,6,65,0,"",2026-07-18
DSB_ICTIU01,Persons using the internet in the past 12 months by level of disability (activity limitation),ok,sdmx,6,72,0,"",2026-07-18
DSB_ICTIU02,Persons regularly using the internet by level of disability (activity limitation),ok,sdmx,6,72,0,"",2026-07-18
DSB_ICTIU03,Persons using the internet for learning activities by level of disability (activity limitation),ok,sdmx,6,72,0,"",2026-07-18
DSB_ICTIU04,Persons using the internet for telephoning or video calls by level of disability (activity limitation),ok,sdmx,6,72,0,"",2026-07-18
DSB_ICTIU05,Persons using the internet for participating in social networks by level of disability (activity limitation),ok,sdmx,6,72,0,"",2026-07-18
DSB_ICTIU06,Persons using the internet for finding information about goods and services by level of disability (activity limitation),ok,sdmx,6,72,0,"",2026-07-18
DSB_ICTIU07,Persons using the internet for internet banking by level of disability (activity limitation),ok,sdmx,6,72,0,"",2026-07-18
DSB_ICTIU08,Persons using the internet for seeking health information by level of disability (activity limitation),ok,sdmx,6,72,0,"",2026-07-18
DSB_ICTIU09,Persons using the internet for making an appointment with a practitioner via a website by level of disability (activity limitation),ok,sdmx,6,72,0,"",2026-07-18
DSB_SPREX01,Social protection expenditure on disability by benefits - % of GDP,ok,sdmx,7,82,0,"",2026-07-18
DSB_SPREX02,Social protection expenditure on disability by benefits - PPS per inhabitant,ok,sdmx,7,82,0,"",2026-07-18
DSB_SPREX03,Social protection expenditure on disability by benefits - million EUR,ok,sdmx,7,82,0,"",2026-07-18
DSB_SPRPB01,Beneficiaries of disability pensions by pension type,ok,sdmx,8,61,0,"",2026-07-18
DSB_SPRPB02,Beneficiaries of disability pensions by sex,ok,sdmx,8,61,0,"",2026-07-18
DT_CPA_3D50,"Turnover by product in motor trade (NACE Rev. 1.1, G50, 5-yearly statistics) (2000-2005)",ok,sdmx,5,46,0,"",2026-07-18
DT_CPA_3D51_03,"Turnover by product in wholesale trade (NACE Rev. 1.1, G51, 5-yearly statistics) (2003)",ok,sdmx,5,124,0,"",2026-07-18
DT_CPA_3D51_98,"Turnover by product in wholesale trade (NACE Rev. 1.1, G51) (1998)",ok,sdmx,5,114,0,"",2026-07-18
DT_CPA_3D52,"Turnover by product in retail trade (NACE Rev. 1.1, G52, 5-yearly statistics (1997-2007)",ok,sdmx,5,99,0,"",2026-07-18
DT_CPA_N45_R2,Multiannual enterprise statistics - Breakdown of turnover by product type for wholesale and retail trade and repair of motor vehicles and motorcycles (NACE Rev. 2 G45) (2010),ok,sdmx,6,55,0,"",2026-07-18
DT_CPA_N46_R2,"Turnover by product type for wholesale trade (NACE Rev. 2, G46) (2013-2018)",ok,sdmx,6,133,0,"",2026-07-18
DT_CPA_N47_R2,"Multiannual enterprise statistics - Breakdown of turnover by product type for retail trade (NACE Rev. 2, G47) (2012)",ok,sdmx,7,100,0,"",2026-07-18
DT_OTH_3D51_03,"Wholesale trade - operating costs and types of customer (NACE Rev. 1.1, G51, 5-yearly statistics) (2003)",ok,sdmx,5,68,0,"",2026-07-18
DT_OTH_3D52_03,"Retail trade - operating costs, forms of trading and types of supplier (NACE Rev. 1.1 G52, 5-yearly statistics) (2002-2007)",ok,sdmx,5,66,0,"",2026-07-18
DT_OTH_3D52_SPA,"Sales area for retail stores in square meters (NACE Rev. 1.1, G52) (2002-2007)",ok,sdmx,6,68,0,"",2026-07-18
DT_OTH_N47_R2,"Number of retail stores (NACE Rev.2, G47) (2012-2017)",ok,sdmx,6,78,0,"",2026-07-18
DT_TURN_N45_R2,Multiannual enterprise statistics - Breakdown of turnover by activity type for wholesale and retail trade and repair of motor vehicles and motorcycles (NACE Rev. 2 G45) (2010-2015),ok,sdmx,5,44,0,"",2026-07-18
DT_TURN_N46_R2,"Turnover by type of activity for wholesale trade (NACE Rev. 2, G46) (2008-2018)",ok,sdmx,5,92,0,"",2026-07-18
DT_TURN_N47_R2,"Turnover by type of activity for retail trade (NACE Rev.2, G47) (2012-2017)",ok,sdmx,6,79,0,"",2026-07-18
EARN_GR_EMPISCO,Employees by sex and occupation (1995-2008),ok,sdmx,7,54,0,"",2026-07-18
EARN_GR_EMPNAC2,Employees by sex and NACE Rev. 2 activity (2005-2011),ok,sdmx,8,77,0,"",2026-07-18
EARN_GR_EMPNACE,Employees by sex and NACE Rev. 1.1 activity (1995-2008),ok,sdmx,7,74,0,"",2026-07-18
EARN_GR_GOEG,Gender overall earnings gap,ok,sdmx,6,38,0,"",2026-07-18
EARN_GR_GPG,Gender pay gap in unadjusted form by NACE Rev. 1.1 activity - structure of earnings survey methodology (2002-2007),ok,sdmx,5,58,0,"",2026-07-18
EARN_GR_GPGR2,Gender pay gap in unadjusted form by NACE Rev. 2 activity - structure of earnings survey methodology,ok,sdmx,5,81,0,"",2026-07-18
EARN_GR_GPGR2AG,Gender pay gap in unadjusted form by age and NACE Rev. 2 activity (B-S except O) - structure of earnings survey methodology,ok,sdmx,5,62,0,"",2026-07-18
EARN_GR_GPGR2CT,Gender pay gap in unadjusted form by type of ownership and NACE Rev. 2 activity (B-S except O) - structure of earnings survey methodology,ok,sdmx,5,56,0,"",2026-07-18
EARN_GR_GPGR2WT,Gender pay gap in unadjusted form by working time and NACE Rev. 2 activity (B-S except O) - structure of earnings survey methodology,ok,sdmx,5,58,0,"",2026-07-18
EARN_GR_HGPG,Gender pay gap in unadjusted form (1994 - 2006),ok,sdmx,4,52,0,"",2026-07-18
EARN_GR_ISCO,Average annual gross earnings by sex and occupation (1995-2008),ok,sdmx,7,56,0,"",2026-07-18
EARN_GR_NACE,Average annual gross earnings by sex and NACE Rev. 1.1 activity (1995-2008),ok,sdmx,7,77,0,"",2026-07-18
EARN_GR_NACE2,Average annual gross earnings by sex and NACE Rev. 2 activity (2005-2011),ok,sdmx,8,79,0,"",2026-07-18
EARN_MW_AVGR1,Monthly minimum wage as a proportion of average monthly earnings (%) - NACE Rev. 1.1 (1999-2009),ok,sdmx,6,50,0,"",2026-07-18
EARN_MW_AVGR2,Monthly minimum wage as a proportion of average monthly earnings (%) - NACE Rev. 2 (from 2008 onwards),ok,sdmx,6,52,0,"",2026-07-18
EARN_MW_CUR,Monthly minimum wages - bi-annual data,ok,sdmx,4,98,0,"",2026-07-18
EARN_NT_LOWWTRP,Tax rate on low wage earners - low wage trap,ok,sdmx,5,65,0,"",2026-07-18
EARN_NT_NET,Annual net earnings,ok,sdmx,6,89,0,"",2026-07-18
EARN_NT_NETFT,Annual net earnings of a full-time single worker without children earning an average wage,ok,sdmx,5,71,0,"",2026-07-18
EARN_NT_TAXRATE,Tax rate,ok,sdmx,5,81,0,"",2026-07-18
EARN_NT_TAXWEDGE,Tax rate on low wage earners - tax wedge on labour costs,ok,sdmx,4,68,0,"",2026-07-18
EARN_NT_UNEMTRP,Tax rate on low wage earners - unemployment trap,ok,sdmx,4,67,0,"",2026-07-18
EARN_SES06_01,"Employees by economic activity, collective pay agreement and sex (2006)",ok,sdmx,8,74,0,"",2026-07-18
EARN_SES06_02,"Employees by economic activity, sex and age (2006)",ok,sdmx,8,71,0,"",2026-07-18
EARN_SES06_03,"Employees by sex, age and occupation - NACE Rev. 1.1, C-O excluding L (2006)",ok,sdmx,8,68,0,"",2026-07-18
EARN_SES06_04,"Employees by economic activity, sex and educational attainment level (2006)",ok,sdmx,8,72,0,"",2026-07-18
EARN_SES06_05,"Employees by economic activity, sex and length of service with the enterprise (2006)",ok,sdmx,8,73,0,"",2026-07-18
EARN_SES06_12,"Mean hourly earnings by economic activity, collective pay agreement, sex (2006)",ok,sdmx,9,79,0,"",2026-07-18
EARN_SES06_13,"Mean hourly earnings by economic activity, sex, age (2006)",ok,sdmx,9,78,0,"",2026-07-18
EARN_SES06_14,"Mean hourly earnings by sex, age and occupation - NACE Rev. 1.1, C-O excluding L (2006)",ok,sdmx,9,70,0,"",2026-07-18
EARN_SES06_15,"Mean hourly earnings by economic activity, sex, employment contract (2006)",ok,sdmx,9,76,0,"",2026-07-18
EARN_SES06_16,"Mean hourly earnings by economic activity, sex, educational attainment level (2006)",ok,sdmx,9,79,0,"",2026-07-18
EARN_SES06_17,"Mean hourly earnings by economic activity, sex and length of service with the enterprise (2006)",ok,sdmx,9,80,0,"",2026-07-18
EARN_SES06_18,"Mean hourly earnings by size class of the enterprise, sex and occupation (2006)",ok,sdmx,8,67,0,"",2026-07-18
EARN_SES06_19,"Mean monthly earnings by economic activity, collective pay agreement, sex (2006)",ok,sdmx,9,81,0,"",2026-07-18
EARN_SES06_20,"Mean monthly earnings by economic activity, sex, age (2006)",ok,sdmx,9,79,0,"",2026-07-18
EARN_SES06_21,"Mean monthly earnings by sex, age, occupation - NACE Rev. 1.1, C-O excluding L (2006)",ok,sdmx,9,71,0,"",2026-07-18
EARN_SES06_22,"Mean monthly earnings by economic activity, sex, employment contract (2006)",ok,sdmx,9,77,0,"",2026-07-18
EARN_SES06_23,"Mean monthly earnings by economic activity, sex, educational attainment level (2006)",ok,sdmx,9,80,0,"",2026-07-18
EARN_SES06_24,"Mean monthly earnings by economic activity, sex, length of service with the enterprise (2006)",ok,sdmx,9,81,0,"",2026-07-18
EARN_SES06_25,"Mean monthly earnings by size class of the enterprise, sex, occupation (2006)",ok,sdmx,8,68,0,"",2026-07-18
EARN_SES06_26,"Mean annual earnings by economic activity, collective pay agreement, sex (2006)",ok,sdmx,9,79,0,"",2026-07-18
EARN_SES06_27,"Mean annual earnings by economic activity, sex, age (2006)",ok,sdmx,9,77,0,"",2026-07-18
EARN_SES06_28,"Mean annual earnings by sex, age, occupation - NACE Rev. 1.1, C-O excluding L (2006)",ok,sdmx,9,69,0,"",2026-07-18
EARN_SES06_29,"Mean annual earnings by economic activity, sex, employment contract (2006)",ok,sdmx,9,75,0,"",2026-07-18
EARN_SES06_30,"Mean annual earnings by economic activity, sex, educational attainment level (2006)",ok,sdmx,9,78,0,"",2026-07-18
EARN_SES06_31,"Mean annual earnings by economic activity, sex, length of service with the enterprise (2006)",ok,sdmx,9,79,0,"",2026-07-18
EARN_SES06_32,"Mean annual earnings by size class of the enterprise, sex, occupation (2006)",ok,sdmx,8,66,0,"",2026-07-18
EARN_SES06_33,"Mean monthly hours paid by economic activity, collective pay agreement, sex (2006)",ok,sdmx,8,76,0,"",2026-07-18
EARN_SES06_34,"Mean monthly hours paid by economic activity, sex, age (2006)",ok,sdmx,8,73,0,"",2026-07-18
EARN_SES06_35,"Mean monthly hours paid by sex, age, occupation - NACE Rev. 1.1, C-O excluding L (2006)",ok,sdmx,8,65,0,"",2026-07-18
EARN_SES06_36,"Mean monthly hours paid by economic activity, sex, employment contract (2006)",ok,sdmx,8,71,0,"",2026-07-18
EARN_SES06_37,"Mean monthly hours paid by economic activity, sex, educational attainment level (2006)",ok,sdmx,8,74,0,"",2026-07-18
EARN_SES06_38,"Mean monthly hours paid by economic activity, sex, length of service with the enterprise (2006)",ok,sdmx,8,75,0,"",2026-07-18
EARN_SES06_39,"Mean monthly hours paid by size class of the enterprise, sex, occupation (2006)",ok,sdmx,7,62,0,"",2026-07-18
EARN_SES06_40,"Mean annual holidays by economic activity, collective pay agreement, sex (2006)",ok,sdmx,8,72,0,"",2026-07-18
EARN_SES06_41,"Mean annual holidays by economic activity, sex, age (2006)",ok,sdmx,8,71,0,"",2026-07-18
EARN_SES06_42,"Mean annual holidays by sex, age, occupation - NACE Rev. 1.1, C-O excluding L (2006)",ok,sdmx,8,63,0,"",2026-07-18
EARN_SES06_43,"Mean annual holidays by economic activity, sex, employment contract (2006)",ok,sdmx,8,68,0,"",2026-07-18
EARN_SES06_44,"Mean annual holidays by economic activity, sex, educational attainment level (2006)",ok,sdmx,8,73,0,"",2026-07-18
EARN_SES06_45,"Mean annual holidays by economic activity, sex, length of service with the enterprise (2006)",ok,sdmx,8,74,0,"",2026-07-18
EARN_SES06_46,"Mean annual holidays by size class of the enterprise, sex, occupation (2006)",ok,sdmx,7,62,0,"",2026-07-18
EARN_SES06_47,"Mean hourly earnings by economic activity, sex, occupation (2006)",ok,sdmx,9,85,0,"",2026-07-18
EARN_SES06_48,"Mean monthly earnings by economic activity, sex, occupation (2006)",ok,sdmx,9,86,0,"",2026-07-18
EARN_SES06_49,"Mean annual earnings by economic activity, sex, occupation (2006)",ok,sdmx,9,84,0,"",2026-07-18
EARN_SES06_50,"Mean monthly hours paid by economic activity, sex, occupation (2006)",ok,sdmx,8,80,0,"",2026-07-18
EARN_SES06_51,"Mean annual holidays by economic activity, sex, occupation (2006)",ok,sdmx,8,79,0,"",2026-07-18
EARN_SES06_52,"Employees by economic activity, sex and employment contract (2006)",ok,sdmx,8,69,0,"",2026-07-18
EARN_SES06_53,"Employees by size class of the enterprise, sex and occupation (2006)",ok,sdmx,7,60,0,"",2026-07-18
EARN_SES06_54,"Employees by economic activity, sex and occupation (2006)",ok,sdmx,8,78,0,"",2026-07-18
EARN_SES06_RANN,"Mean annual earnings by NUTS 1 region (enterprises with 10 employees or more) - NACE Rev. 1.1, C-O excluding L (2006)",ok,sdmx,4,103,0,"",2026-07-18
EARN_SES06_RHR,"Mean hourly earnings by NUTS 1 region (enterprises with 10 employees or more) - NACE Rev. 1.1, C-O excluding L (2006)",ok,sdmx,4,94,0,"",2026-07-18
EARN_SES10_01,"Employees by sex, economic activity and collective pay agreement (2010)",ok,sdmx,8,86,0,"",2026-07-18
EARN_SES10_02,"Employees by sex, age and economic activity (2010)",ok,sdmx,8,83,0,"",2026-07-18
EARN_SES10_03,"Number of employees by sex, age, occupation and size class - NACE Rev. 2, B-S excluding O (2010)",ok,sdmx,8,73,0,"",2026-07-18
EARN_SES10_04,"Employees by sex, economic activity and educational attainment level (2010)",ok,sdmx,8,85,0,"",2026-07-18
EARN_SES10_05,"Employees by sex, economic activity and length of service with the enterprise (2010)",ok,sdmx,8,86,0,"",2026-07-18
EARN_SES10_12,"Mean hourly earnings by sex, economic activity and collective pay agreement (2010)",ok,sdmx,9,92,0,"",2026-07-18
EARN_SES10_13,"Mean hourly earnings by sex, age and economic activity (2010)",ok,sdmx,9,89,0,"",2026-07-18
EARN_SES10_14,"Mean hourly earnings by sex, age and occupation - NACE Rev. 2, B-S excluding O (2010)",ok,sdmx,9,73,0,"",2026-07-18
EARN_SES10_15,"Mean hourly earnings by sex, economic activity and employment contract (2010)",ok,sdmx,9,88,0,"",2026-07-18
EARN_SES10_16,"Mean hourly earnings by sex, economic activity and educational attainment level (2010)",ok,sdmx,9,91,0,"",2026-07-18
EARN_SES10_17,"Mean hourly earnings by sex, economic activity and length of service with the enterprise (2010)",ok,sdmx,9,91,0,"",2026-07-18
EARN_SES10_18,"Mean hourly earnings by sex, size class of the enterprise and occupation (2010)",ok,sdmx,8,72,0,"",2026-07-18
EARN_SES10_19,"Mean monthly earnings by sex, economic activity and collective pay agreement (2010)",ok,sdmx,9,93,0,"",2026-07-18
EARN_SES10_20,"Mean monthly earnings by sex, age and economic activity (2010)",ok,sdmx,9,90,0,"",2026-07-18
EARN_SES10_21,"Mean monthly earnings by sex, age and occupation - NACE Rev. 2, B-S excluding O (2010)",ok,sdmx,9,74,0,"",2026-07-18
EARN_SES10_22,"Mean monthly earnings by sex, economic activity and employment contract (2010)",ok,sdmx,9,89,0,"",2026-07-18
EARN_SES10_23,"Mean monthly earnings by sex, economic activity and educational attainment level (2010)",ok,sdmx,9,92,0,"",2026-07-18
EARN_SES10_24,"Mean monthly earnings by sex, economic activity and length of service with the enterprise (2010)",ok,sdmx,9,93,0,"",2026-07-18
EARN_SES10_25,"Mean monthly earnings by sex, size class of the enterprise and occupation (2010)",ok,sdmx,8,73,0,"",2026-07-18
EARN_SES10_26,"Mean annual earnings by sex, economic activity and collective pay agreement (2010)",ok,sdmx,9,89,0,"",2026-07-18
EARN_SES10_27,"Mean annual earnings by sex, age and economic activity (2010)",ok,sdmx,9,86,0,"",2026-07-18
EARN_SES10_28,"Mean annual earnings by sex, age and occupation - NACE Rev. 2, B-S excluding O (2010)",ok,sdmx,9,70,0,"",2026-07-18
EARN_SES10_29,"Mean annual earnings by sex, economic activity and employment contract (2010)",ok,sdmx,9,85,0,"",2026-07-18
EARN_SES10_30,"Mean annual earnings by sex, economic activity and educational attainment level (2010)",ok,sdmx,9,88,0,"",2026-07-18
EARN_SES10_31,"Mean annual earnings by sex, economic activity and length of service with the enterprise (2010)",ok,sdmx,9,89,0,"",2026-07-18
EARN_SES10_32,"Mean annual earnings by sex, size class of the enterprise and occupation (2010)",ok,sdmx,8,69,0,"",2026-07-18
EARN_SES10_33,"Mean monthly hours paid by sex, economic activity and collective pay agreement (2010)",ok,sdmx,8,88,0,"",2026-07-18
EARN_SES10_34,"Mean monthly hours paid by sex, age and economic activity (2010)",ok,sdmx,8,85,0,"",2026-07-18
EARN_SES10_35,"Mean monthly hours paid by sex, age and occupation - NACE Rev. 2, B-S excluding O (2010)",ok,sdmx,8,69,0,"",2026-07-18
EARN_SES10_36,"Mean monthly hours paid by sex, economic activity and employment contract (2010)",ok,sdmx,8,84,0,"",2026-07-18
EARN_SES10_37,"Mean monthly hours paid by sex, economic activity and educational attainment level (2010)",ok,sdmx,8,87,0,"",2026-07-18
EARN_SES10_38,"Mean monthly hours paid by sex, economic activity and length of service with the enterprise (2010)",ok,sdmx,8,88,0,"",2026-07-18
EARN_SES10_39,"Mean monthly hours paid by sex, size class of the enterprise and occupation (2010)",ok,sdmx,7,68,0,"",2026-07-18
EARN_SES10_40,"Mean annual holidays by sex, economic activity and collective pay agreement (2010)",ok,sdmx,8,86,0,"",2026-07-18
EARN_SES10_41,"Mean annual holidays by sex, age and economic activity (2010)",ok,sdmx,8,83,0,"",2026-07-18
EARN_SES10_42,"Mean annual holidays by sex, age and occupation - NACE Rev. 2, B-S excluding O (2010)",ok,sdmx,8,67,0,"",2026-07-18
EARN_SES10_43,"Mean annual holidays by sex, economic activity and employment contract (2010)",ok,sdmx,8,82,0,"",2026-07-18
EARN_SES10_44,"Mean annual holidays by sex, economic activity and educational attainment level (2010)",ok,sdmx,8,85,0,"",2026-07-18
EARN_SES10_45,"Mean annual holidays by sex, economic activity and length of service with the enterprise (2010)",ok,sdmx,8,85,0,"",2026-07-18
EARN_SES10_46,"Mean annual holidays by sex, size class of the enterprise and occupation (2010)",ok,sdmx,7,65,0,"",2026-07-18
EARN_SES10_47,"Mean hourly earnings by sex, economic activity and occupation (2010)",ok,sdmx,9,95,0,"",2026-07-18
EARN_SES10_48,"Mean monthly earnings by sex, economic activity and occupation (2010)",ok,sdmx,9,96,0,"",2026-07-18
EARN_SES10_49,"Mean annual earnings by sex, economic activity and occupation (2010)",ok,sdmx,9,92,0,"",2026-07-18
EARN_SES10_50,"Mean monthly hours paid by sex, economic activity and occupation (2010)",ok,sdmx,8,91,0,"",2026-07-18
EARN_SES10_51,"Mean annual holidays by sex, economic activity and occupation (2010)",ok,sdmx,8,89,0,"",2026-07-18
EARN_SES10_52,"Employees by sex, economic activity and employment contract (2010)",ok,sdmx,8,81,0,"",2026-07-18
EARN_SES10_53,"Number of employees by sex, size class of the enterprise and occupation (2010)",ok,sdmx,7,65,0,"",2026-07-18
EARN_SES10_54,"Employees by sex, economic activity and occupation (2010)",ok,sdmx,8,89,0,"",2026-07-18
EARN_SES10_ACTRL,"Annual earnings by economic control (enterprises with 10 employed persons or more) - NACE Rev. 2, B-S excluding O (2010)",ok,sdmx,5,45,0,"",2026-07-18
EARN_SES10_ADECI,"Annual earnings by quantiles and contractual working time (enterprises with 10 employed persons or more) - NACE Rev. 2, B-S excluding O (2010)",ok,sdmx,6,49,0,"",2026-07-18
EARN_SES10_HFTPT,Hourly earnings by economic activity and contractual working time (enterprises with 10 employed persons or more) (2010),ok,sdmx,6,51,0,"",2026-07-18
EARN_SES10_MCTRL,"Monthly earnings by economic control (enterprises with 10 employed persons or more) - NACE Rev. 2, B-S excluding O (2010)",ok,sdmx,5,45,0,"",2026-07-18
EARN_SES10_MDECI,"Monthly earnings by quantiles and contractual working time (enterprises with 10 employed persons or more) - NACE Rev. 2, B-S excluding O (2010)",ok,sdmx,6,50,0,"",2026-07-18
EARN_SES10_RANN,"Mean annual earnings by NUTS 1 region (enterprises with 10 employees or more) - NACE Rev. 2, B-S excluding O (2010)",ok,sdmx,4,105,0,"",2026-07-18
EARN_SES10_RHR,"Mean hourly earnings by NUTS 1 region (enterprises with 10 employees or more) - NACE Rev. 2, B-S excluding O (2010)",ok,sdmx,5,109,0,"",2026-07-18
EARN_SES14_01,"Employees by sex, economic activity and collective pay agreement (2014)",ok,sdmx,8,86,0,"",2026-07-18
EARN_SES14_01$DV_3281,"Employees by sex, economic activity and collective pay agreement (2014)",error,"",0,0,1,"HTTPStatusError: Client error '404 Not Found' for url 'https://ec.europa.eu/eurostat/api/dissemination/sdmx/2.1/datastructure/ESTAT/EARN_SES14_01$DV_3281'
For more information check: https://developer",2026-07-18
EARN_SES14_02,"Employees by sex, age and economic activity (2014)",ok,sdmx,8,85,0,"",2026-07-18
EARN_SES14_03,"Employees by sex, age, occupation and size class - NACE Rev. 2, B-S excluding O (2014)",ok,sdmx,8,74,0,"",2026-07-18
EARN_SES14_04,"Employees by sex, economic activity and educational attainment (2014)",ok,sdmx,8,83,0,"",2026-07-18
EARN_SES14_05,"Employees by sex, economic activity and length of service with the enterprise (2014)",ok,sdmx,8,86,0,"",2026-07-18
EARN_SES14_12,"Mean hourly earnings by sex, economic activity and collective pay agreement (2014)",ok,sdmx,9,93,0,"",2026-07-18
EARN_SES14_13,"Mean hourly earnings by sex, age and economic activity (2014)",ok,sdmx,9,92,0,"",2026-07-18
EARN_SES14_14,"Mean hourly earnings by sex, age and occupation - NACE Rev. 2, B-S excluding O (2014)",ok,sdmx,9,76,0,"",2026-07-18
EARN_SES14_15,"Mean hourly earnings by sex, economic activity and employment contract (2014)",ok,sdmx,9,89,0,"",2026-07-18
EARN_SES14_16,"Mean hourly earnings by sex, economic activity and educational attainment (2014)",ok,sdmx,9,90,0,"",2026-07-18
EARN_SES14_17,"Mean hourly earnings by sex, economic activity and length of service with the enterprise (2014)",ok,sdmx,9,92,0,"",2026-07-18
EARN_SES14_18,"Mean hourly earnings by sex, size class of the enterprise and occupation (2014)",ok,sdmx,8,72,0,"",2026-07-18
EARN_SES14_19,"Mean monthly earnings by sex, economic activity and collective pay agreement (2014)",ok,sdmx,9,94,0,"",2026-07-18
EARN_SES14_20,"Mean monthly earnings by sex, age and economic activity (2014)",ok,sdmx,9,93,0,"",2026-07-18
EARN_SES14_21,"Mean monthly earnings by sex, age and occupation - NACE Rev. 2, B-S excluding O (2014)",ok,sdmx,9,77,0,"",2026-07-18
EARN_SES14_22,"Mean monthly earnings by sex, economic activity and employment contract (2014)",ok,sdmx,9,90,0,"",2026-07-18
EARN_SES14_23,"Mean monthly earnings by sex, economic activity and educational attainment (2014)",ok,sdmx,9,91,0,"",2026-07-18
EARN_SES14_24,"Mean monthly earnings by sex, economic activity and length of service with the enterprise (2014)",ok,sdmx,9,94,0,"",2026-07-18
EARN_SES14_25,"Mean monthly earnings by sex, size class of the enterprise and occupation (2014)",ok,sdmx,8,73,0,"",2026-07-18
EARN_SES14_26,"Mean annual earnings by sex, economic activity and collective pay agreement (2014)",ok,sdmx,9,90,0,"",2026-07-18
EARN_SES14_27,"Mean annual earnings by sex, age and economic activity (2014)",ok,sdmx,9,89,0,"",2026-07-18
EARN_SES14_28,"Mean annual earnings by sex, age and occupation - NACE Rev. 2, B-S excluding O (2014)",ok,sdmx,9,73,0,"",2026-07-18
EARN_SES14_29,"Mean annual earnings by sex, economic activity and employment contract (2014)",ok,sdmx,9,86,0,"",2026-07-18
EARN_SES14_30,"Mean annual earnings by sex, economic activity and educational attainment (2014)",ok,sdmx,9,87,0,"",2026-07-18
EARN_SES14_31,"Mean annual earnings by sex, economic activity and length of service with the enterprise (2014)",ok,sdmx,9,90,0,"",2026-07-18
EARN_SES14_32,"Mean annual earnings by sex, size class of the enterprise and occupation (2014)",ok,sdmx,8,69,0,"",2026-07-18
EARN_SES14_33,"Mean monthly hours paid by sex, economic activity and collective pay agreement (2014)",ok,sdmx,8,88,0,"",2026-07-18
EARN_SES14_34,"Mean monthly hours paid by sex, age and economic activity (2014)",ok,sdmx,8,87,0,"",2026-07-18
EARN_SES14_35,"Mean monthly hours paid by sex, age and occupation - NACE Rev. 2, B-S excluding O (2014)",ok,sdmx,8,71,0,"",2026-07-18
EARN_SES14_36,"Mean monthly hours paid by sex, economic activity and employment contract (2014)",ok,sdmx,8,84,0,"",2026-07-18
EARN_SES14_37,"Mean monthly hours paid by sex, economic activity and educational attainment (2014)",ok,sdmx,8,85,0,"",2026-07-18
EARN_SES14_38,"Mean monthly hours paid by sex, economic activity and length of service with the enterprise (2014)",ok,sdmx,8,88,0,"",2026-07-18
EARN_SES14_39,"Mean monthly hours paid by sex, size class of the enterprise and occupation (2014)",ok,sdmx,7,67,0,"",2026-07-18
EARN_SES14_40,"Mean annual holidays by sex, economic activity and collective pay agreement (2014)",ok,sdmx,8,86,0,"",2026-07-18
EARN_SES14_41,"Mean annual holidays by sex, age and economic activity (2014)",ok,sdmx,8,85,0,"",2026-07-18
EARN_SES14_42,"Mean annual holidays by sex, age and occupation - NACE Rev. 2, B-S excluding O (2014)",ok,sdmx,8,69,0,"",2026-07-18
EARN_SES14_43,"Mean annual holidays by sex, economic activity and employment contract (2014)",ok,sdmx,8,82,0,"",2026-07-18
EARN_SES14_44,"Mean annual holidays by sex, economic activity and educational attainment (2014)",ok,sdmx,8,83,0,"",2026-07-18
EARN_SES14_45,"Mean annual holidays by sex, economic activity and length of service with the enterprise (2014)",ok,sdmx,8,86,0,"",2026-07-18
EARN_SES14_46,"Mean annual holidays by sex, size class of the enterprise and occupation (2014)",ok,sdmx,7,65,0,"",2026-07-18
EARN_SES14_47,"Mean hourly earnings by sex, economic activity and occupation (2014)",ok,sdmx,9,97,0,"",2026-07-18
EARN_SES14_48,"Mean monthly earnings by sex, economic activity and occupation (2014)",ok,sdmx,9,98,0,"",2026-07-18
EARN_SES14_49,"Mean annual earnings by sex, economic activity and occupation (2014)",ok,sdmx,9,94,0,"",2026-07-18
EARN_SES14_50,"Mean monthly hours paid by sex, economic activity and occupation (2014)",ok,sdmx,8,92,0,"",2026-07-18
EARN_SES14_51,"Mean annual holidays by sex, economic activity and occupation (2014)",ok,sdmx,8,90,0,"",2026-07-18
EARN_SES14_52,"Employees by sex, economic activity and employment contract (2014)",ok,sdmx,8,82,0,"",2026-07-18
EARN_SES14_53,"Employees by sex, size class of the enterprise and occupation (2014)",ok,sdmx,7,65,0,"",2026-07-18
EARN_SES14_54,"Employees by sex, economic activity and occupation (2014)",ok,sdmx,8,90,0,"",2026-07-18
EARN_SES14_ACTRL,"Annual earnings by economic control (enterprises with 10 employed persons or more) - NACE Rev. 2, B-S excluding O (2014)",ok,sdmx,5,46,0,"",2026-07-18
EARN_SES14_ADECI,"Annual earnings by quantiles and contractual working time (enterprises with 10 employed persons or more) - NACE Rev. 2, B-S excluding O (2014)",ok,sdmx,6,51,0,"",2026-07-18
EARN_SES14_HFTPT,Hourly earnings by economic activity and contractual working time (enterprises with 10 employed persons or more) (2014),ok,sdmx,6,53,0,"",2026-07-18
EARN_SES14_MCTRL,"Monthly earnings by economic control (enterprises with 10 employed persons or more) - NACE Rev. 2, B-S excluding O (2014)",ok,sdmx,5,45,0,"",2026-07-18
EARN_SES14_MDECI,"Monthly earnings by quantiles and contractual working time (enterprises with 10 employed persons or more) - NACE Rev. 2, B-S excluding O (2014)",ok,sdmx,6,52,0,"",2026-07-18
EARN_SES14_RANN,"Mean annual earnings by NUTS 1 region (enterprises with 10 employees or more) - NACE Rev. 2, B-S excluding O (2014)",ok,sdmx,5,110,0,"",2026-07-18
EARN_SES14_RHR,"Mean hourly earnings by NUTS 1 region (enterprises with 10 employees or more) - NACE Rev. 2, B-S excluding O (2014)",ok,sdmx,5,112,0,"",2026-07-18
EARN_SES18_01,"Employees by sex, economic activity and collective pay agreement (2018)",ok,sdmx,8,87,0,"",2026-07-18
EARN_SES18_01$DV_762,"Employees by sex, economic activity and collective pay agreement (2018)",error,"",0,0,1,"HTTPStatusError: Client error '404 Not Found' for url 'https://ec.europa.eu/eurostat/api/dissemination/sdmx/2.1/datastructure/ESTAT/EARN_SES18_01$DV_762'
For more information check: https://developer.",2026-07-18
EARN_SES18_02,"Employees by sex, age and economic activity (2018)",ok,sdmx,8,89,0,"",2026-07-18
EARN_SES18_03,"Employees by sex, age, occupation and size class - NACE Rev. 2, B-S excluding O (2018)",ok,sdmx,8,80,0,"",2026-07-18
EARN_SES18_04,"Employees by sex, economic activity and educational attainment (2018)",ok,sdmx,8,83,0,"",2026-07-18
EARN_SES18_05,"Employees by sex, economic activity and length of service with the enterprise (2018)",ok,sdmx,8,87,0,"",2026-07-18
EARN_SES18_12,"Mean hourly earnings by sex, economic activity and collective pay agreement (2018)",ok,sdmx,9,93,0,"",2026-07-18
EARN_SES18_13,"Mean hourly earnings by sex, age and economic activity (2018)",ok,sdmx,9,95,0,"",2026-07-18
EARN_SES18_14,"Mean hourly earnings by sex, age and occupation - NACE Rev. 2, B-S excluding O (2018)",ok,sdmx,9,80,0,"",2026-07-19
EARN_SES18_15,"Mean hourly earnings by sex, economic activity and employment contract (2018)",ok,sdmx,9,89,0,"",2026-07-19
EARN_SES18_16,"Mean hourly earnings by sex, economic activity and educational attainment (2018)",ok,sdmx,9,89,0,"",2026-07-19
EARN_SES18_17,"Mean hourly earnings by sex, economic activity and length of service with the enterprise (2018)",ok,sdmx,9,93,0,"",2026-07-19
EARN_SES18_18,"Mean hourly earnings by sex, size class of the enterprise and occupation (2018)",ok,sdmx,8,74,0,"",2026-07-19
EARN_SES18_19,"Mean monthly earnings by sex, economic activity and collective pay agreement (2018)",ok,sdmx,9,93,0,"",2026-07-19
EARN_SES18_20,"Mean monthly earnings by sex, age and economic activity (2018)",ok,sdmx,9,95,0,"",2026-07-19
EARN_SES18_21,"Mean monthly earnings by sex, age and occupation - NACE Rev. 2, B-S excluding O (2018)",ok,sdmx,9,80,0,"",2026-07-19
EARN_SES18_22,"Mean monthly earnings by sex, economic activity and employment contract (2018)",ok,sdmx,9,89,0,"",2026-07-19
EARN_SES18_23,"Mean monthly earnings by sex, economic activity and educational attainment (2018)",ok,sdmx,9,89,0,"",2026-07-19
EARN_SES18_24,"Mean monthly earnings by sex, economic activity and length of service with the enterprise (2018)",ok,sdmx,9,94,0,"",2026-07-19
EARN_SES18_25,"Mean monthly earnings by sex, size class of the enterprise and occupation (2018)",ok,sdmx,8,74,0,"",2026-07-19
EARN_SES18_26,"Mean annual earnings by sex, economic activity and collective pay agreement (2018)",ok,sdmx,9,89,0,"",2026-07-19
EARN_SES18_27,"Mean annual earnings by sex, age and economic activity (2018)",ok,sdmx,9,91,0,"",2026-07-19
EARN_SES18_28,"Mean annual earnings by sex, age and occupation - NACE Rev. 2, B-S excluding O (2018)",ok,sdmx,9,76,0,"",2026-07-19
EARN_SES18_29,"Mean annual earnings by sex, economic activity and employment contract (2018)",ok,sdmx,9,85,0,"",2026-07-19
EARN_SES18_30,"Mean annual earnings by sex, economic activity and educational attainment (2018)",ok,sdmx,9,85,0,"",2026-07-19
EARN_SES18_31,"Mean annual earnings by sex, economic activity and length of service with the enterprise (2018)",ok,sdmx,9,90,0,"",2026-07-19
EARN_SES18_32,"Mean annual earnings by sex, size class of the enterprise and occupation (2018)",ok,sdmx,8,70,0,"",2026-07-19
EARN_SES18_33,"Mean monthly hours paid by sex, economic activity and collective pay agreement (2018)",ok,sdmx,9,89,0,"",2026-07-19
EARN_SES18_34,"Mean monthly hours paid by sex, age and economic activity (2018)",ok,sdmx,9,91,0,"",2026-07-19
EARN_SES18_35,"Mean monthly hours paid by sex, age and occupation - NACE Rev. 2, B-S excluding O (2018)",ok,sdmx,9,76,0,"",2026-07-19
EARN_SES18_36,"Mean monthly hours paid by sex, economic activity and employment contract (2018)",ok,sdmx,9,85,0,"",2026-07-19
EARN_SES18_37,"Mean monthly hours paid by sex, economic activity and educational attainment (2018)",ok,sdmx,9,85,0,"",2026-07-19
EARN_SES18_38,"Mean monthly hours paid by sex, economic activity and length of service with the enterprise (2018)",ok,sdmx,9,90,0,"",2026-07-19
EARN_SES18_39,"Mean monthly hours paid by sex, size class of the enterprise and occupation (2018)",ok,sdmx,8,70,0,"",2026-07-19
EARN_SES18_40,"Mean annual holidays by sex, economic activity and collective pay agreement (2018)",ok,sdmx,9,86,0,"",2026-07-19
EARN_SES18_41,"Mean annual holidays by sex, age and economic activity (2018)",ok,sdmx,9,88,0,"",2026-07-19
EARN_SES18_42,"Mean annual holidays by sex, age and occupation - NACE Rev. 2, B-S excluding O (2018)",ok,sdmx,9,73,0,"",2026-07-19
EARN_SES18_43,"Mean annual holidays by sex, economic activity and employment contract (2018)",ok,sdmx,9,82,0,"",2026-07-19
EARN_SES18_44,"Mean annual holidays by sex, economic activity and educational attainment (2018)",ok,sdmx,9,82,0,"",2026-07-19
EARN_SES18_45,"Mean annual holidays by sex, economic activity and length of service with the enterprise (2018)",ok,sdmx,9,87,0,"",2026-07-19
EARN_SES18_46,"Mean annual holidays by sex, size class of the enterprise and occupation (2018)",ok,sdmx,8,67,0,"",2026-07-19
EARN_SES18_47,"Mean hourly earnings by sex, economic activity and occupation (2018)",ok,sdmx,9,98,0,"",2026-07-19
EARN_SES18_48,"Mean monthly earnings by sex, economic activity and occupation (2018)",ok,sdmx,9,99,0,"",2026-07-19
EARN_SES18_49,"Mean annual earnings by sex, economic activity and occupation (2018)",ok,sdmx,9,94,0,"",2026-07-19
EARN_SES18_50,"Mean monthly hours paid by sex, economic activity and occupation (2018)",ok,sdmx,9,95,0,"",2026-07-19
EARN_SES18_51,"Mean annual holidays by sex, economic activity and occupation (2018)",ok,sdmx,9,92,0,"",2026-07-19
EARN_SES18_52,"Employees by sex, economic activity and employment contract (2018)",ok,sdmx,8,83,0,"",2026-07-19
EARN_SES18_53,"Employees by sex, size class of the enterprise and occupation (2018)",ok,sdmx,7,68,0,"",2026-07-19
EARN_SES18_54,"Employees by sex, economic activity and occupation (2018)",ok,sdmx,8,92,0,"",2026-07-19
EARN_SES18_ACTRL,"Annual earnings by economic control (enterprises with 10 employed persons or more) - NACE Rev. 2, B-S excluding O (2018)",ok,sdmx,5,45,0,"",2026-07-19
EARN_SES18_ADECI,"Annual earnings by quantiles and contractual working time (enterprises with 10 employed persons or more) - NACE Rev. 2, B-S excluding O (2018)",ok,sdmx,6,51,0,"",2026-07-19
EARN_SES18_HFTPT,Hourly earnings by economic activity and contractual working time (enterprises with 10 employed persons or more) (2018),ok,sdmx,6,54,0,"",2026-07-19
EARN_SES18_MCTRL,"Monthly earnings by economic control (enterprises with 10 employed persons or more) - NACE Rev. 2, B-S excluding O (2018)",ok,sdmx,5,45,0,"",2026-07-19
EARN_SES18_MDECI,"Monthly earnings by quantiles and contractual working time (enterprises with 10 employed persons or more) - NACE Rev. 2, B-S excluding O (2018)",ok,sdmx,6,52,0,"",2026-07-19
EARN_SES18_RANN,"Mean annual earnings by NUTS 1 region (enterprises with 10 employees or more) - NACE Rev. 2, B-S excluding O (2018)",ok,sdmx,5,117,0,"",2026-07-19
EARN_SES18_RHR,"Mean hourly earnings by NUTS 1 region (enterprises with 10 employees or more) - NACE Rev. 2, B-S excluding O (2018)",ok,sdmx,5,119,0,"",2026-07-19
EARN_SES22_01,"Employees by sex, economic activity and collective pay agreement (2022)",ok,sdmx,8,82,0,"",2026-07-19
EARN_SES22_02,"Employees by sex, age and economic activity (2022)",ok,sdmx,8,84,0,"",2026-07-19
EARN_SES22_03,"Employees by sex, age, occupation and size class of the enterprise - NACE Rev. 2, B-S excluding O (2022)",ok,sdmx,8,74,0,"",2026-07-19
EARN_SES22_04,"Employees by sex, economic activity and educational attainment (2022)",ok,sdmx,8,78,0,"",2026-07-19
EARN_SES22_05,"Employees by sex, economic activity and length of service with the enterprise (2022)",ok,sdmx,8,83,0,"",2026-07-19
EARN_SES22_12,"Mean hourly earnings by sex, economic activity and collective pay agreement (2022)",ok,sdmx,9,88,0,"",2026-07-19
EARN_SES22_13,"Mean hourly earnings by sex, age and economic activity (2022)",ok,sdmx,9,90,0,"",2026-07-19
EARN_SES22_14,"Mean hourly earnings by sex, age and occupation - NACE Rev. 2, B-S excluding O (2022)",ok,sdmx,9,75,0,"",2026-07-19
EARN_SES22_15,"Mean hourly earnings by sex, economic activity and employment contract (2022)",ok,sdmx,9,84,0,"",2026-07-19
EARN_SES22_16,"Mean hourly earnings by sex, economic activity and educational attainment (2022)",ok,sdmx,9,84,0,"",2026-07-19
EARN_SES22_17,"Mean hourly earnings by sex, economic activity and length of service with the enterprise (2022)",ok,sdmx,9,89,0,"",2026-07-19
EARN_SES22_18,"Mean hourly earnings by sex, occupation and size class of the enterprise (2022)",ok,sdmx,8,69,0,"",2026-07-19
EARN_SES22_19,"Mean monthly earnings by sex, economic activity and collective pay agreement (2022)",ok,sdmx,9,90,0,"",2026-07-19
EARN_SES22_20,"Mean monthly earnings by sex, age and economic activity (2022)",ok,sdmx,9,91,0,"",2026-07-19
EARN_SES22_21,"Mean monthly earnings by sex, age and occupation - NACE Rev. 2, B-S excluding O (2022)",ok,sdmx,9,77,0,"",2026-07-19
EARN_SES22_22,"Mean monthly earnings by sex, economic activity and employment contract (2022)",ok,sdmx,9,86,0,"",2026-07-19
EARN_SES22_23,"Mean monthly earnings by sex, economic activity and educational attainment (2022)",ok,sdmx,9,86,0,"",2026-07-19
EARN_SES22_24,"Mean monthly earnings by sex, economic activity and length of service with the enterprise (2022)",ok,sdmx,9,91,0,"",2026-07-19
EARN_SES22_25,"Mean monthly earnings by sex, occupation and size class of the enterprise (2022)",ok,sdmx,8,71,0,"",2026-07-19
EARN_SES22_26,"Mean annual earnings by sex, economic activity and collective pay agreement (2022)",ok,sdmx,9,86,0,"",2026-07-19
EARN_SES22_27,"Mean annual earnings by sex, age and economic activity (2022)",ok,sdmx,9,59,0,"",2026-07-19
EARN_SES22_28,"Mean annual earnings by sex, age and occupation - NACE Rev. 2, B-S excluding O (2022)",ok,sdmx,9,73,0,"",2026-07-19
EARN_SES22_29,"Mean annual earnings by sex, economic activity and employment contract (2022)",ok,sdmx,9,82,0,"",2026-07-19
EARN_SES22_30,"Mean annual earnings by sex, economic activity and educational attainment (2022)",ok,sdmx,9,82,0,"",2026-07-19
EARN_SES22_31,"Mean annual earnings by sex, economic activity and length of service with the enterprise (2022)",ok,sdmx,9,87,0,"",2026-07-19
EARN_SES22_32,"Mean annual earnings by sex, occupation and size class of the enterprise (2022)",ok,sdmx,8,67,0,"",2026-07-19
EARN_SES22_33,"Mean monthly hours paid by sex, economic activity and collective pay agreement (2022)",ok,sdmx,9,86,0,"",2026-07-19
EARN_SES22_34,"Mean monthly hours paid by sex, age and economic activity (2022)",ok,sdmx,9,88,0,"",2026-07-19
EARN_SES22_35,"Mean monthly hours paid by sex, age and occupation - NACE Rev. 2, B-S excluding O (2022)",ok,sdmx,9,73,0,"",2026-07-19
EARN_SES22_36,"Mean monthly hours paid by sex, economic activity and employment contract (2022)",ok,sdmx,9,82,0,"",2026-07-19
EARN_SES22_37,"Mean monthly hours paid by sex, economic activity and educational attainment (2022)",ok,sdmx,9,82,0,"",2026-07-19
EARN_SES22_38,"Mean monthly hours paid by sex, economic activity and length of service with the enterprise (2022)",ok,sdmx,9,87,0,"",2026-07-19
EARN_SES22_39,"Mean monthly hours paid by sex, occupation and size class of the enterprise (2022)",ok,sdmx,8,67,0,"",2026-07-19
EARN_SES22_40,"Mean annual holidays by sex, economic activity and collective pay agreement (2022)",ok,sdmx,9,83,0,"",2026-07-19
EARN_SES22_41,"Mean annual holidays by sex, age and economic activity (2022)",ok,sdmx,9,85,0,"",2026-07-19
EARN_SES22_42,"Mean annual holidays by sex, age and occupation - NACE Rev. 2, B-S excluding O (2022)",ok,sdmx,9,70,0,"",2026-07-19
EARN_SES22_43,"Mean annual holidays by sex, economic activity and employment contract (2022)",ok,sdmx,9,79,0,"",2026-07-19
EARN_SES22_44,"Mean annual holidays by sex, economic activity and educational attainment (2022)",ok,sdmx,9,79,0,"",2026-07-19
EARN_SES22_45,"Mean annual holidays by sex, economic activity and length of service with the enterprise (2022)",ok,sdmx,9,84,0,"",2026-07-19
EARN_SES22_46,"Mean annual holidays by sex, occupation and size class of the enterprise (2022)",ok,sdmx,8,64,0,"",2026-07-19
EARN_SES22_47,"Mean hourly earnings by sex, occupation and economic activity (2022)",ok,sdmx,9,94,0,"",2026-07-19
EARN_SES22_48,"Mean monthly earnings by sex, occupation and economic activity (2022)",ok,sdmx,9,96,0,"",2026-07-19
EARN_SES22_49,"Mean annual earnings by sex, occupation and economic activity (2022)",ok,sdmx,9,92,0,"",2026-07-19
EARN_SES22_50,"Mean monthly hours paid by sex, occupation and economic activity (2022)",ok,sdmx,9,92,0,"",2026-07-19
EARN_SES22_51,"Mean annual holidays by sex, occupation and economic activity (2022)",ok,sdmx,9,89,0,"",2026-07-19
EARN_SES22_52,"Employees by sex, economic activity and employment contract (2022)",ok,sdmx,7,76,0,"",2026-07-19
EARN_SES22_53,"Employees by sex, occupation and size class of the enterprise (2022)",ok,sdmx,7,63,0,"",2026-07-19
EARN_SES22_54,"Employees by sex, economic activity and occupation (2022)",ok,sdmx,8,88,0,"",2026-07-19
EARN_SES22_ACTRL,"Annual earnings by economic control - NACE Rev. 2, B-S excluding O (2022)",ok,sdmx,5,42,0,"",2026-07-19
EARN_SES22_ADECI,"Annual earnings by quantiles and contractual working time - NACE Rev. 2, B-S excluding O (2022)",ok,sdmx,6,48,0,"",2026-07-19
EARN_SES22_HFTPT,Hourly earnings by economic activity and contractual working time (2022),ok,sdmx,6,50,0,"",2026-07-19
EARN_SES22_MCTRL,"Monthly earnings by economic control - NACE Rev. 2, B-S excluding O (2022)",ok,sdmx,5,42,0,"",2026-07-19
EARN_SES22_MDECI,"Monthly earnings by quantiles and contractual working time - NACE Rev. 2, B-S excluding O (2022)",ok,sdmx,6,49,0,"",2026-07-19
EARN_SES22_RANN,"Mean annual earnings by NUTS 1 region - NACE Rev. 2, B-S excluding O (2022)",ok,sdmx,5,105,0,"",2026-07-19
EARN_SES22_RHR,"Mean hourly earnings by NUTS 1 region - NACE Rev. 2, B-S excluding O (2022)",ok,sdmx,5,107,0,"",2026-07-19
EARN_SES_ACTRL,"Annual earnings by economic control (enterprises with 10 employed persons or more) - NACE Rev. 1.1, C-O excluding L",ok,sdmx,5,37,0,"",2026-07-19
EARN_SES_ADECI,"Annual earnings by quantiles and contractual working time (enterprises with 10 employed persons or more) - NACE Rev. 1.1, C-O excluding L (2006)",ok,sdmx,6,43,0,"",2026-07-19
EARN_SES_AGT01,"Employees by economic activity, collective pay agreement, sex, employment contract (2002)",ok,sdmx,8,78,0,"",2026-07-19
EARN_SES_AGT02,"Employees by economic activity, sex, age (2002)",ok,sdmx,7,70,0,"",2026-07-19
EARN_SES_AGT03,"Employees by size of the enterprise, sex, occupation (2002)",ok,sdmx,7,60,0,"",2026-07-19
EARN_SES_AGT04,"Employees by economic activity, sex, educational attainment level (2002)",ok,sdmx,7,72,0,"",2026-07-19
EARN_SES_AGT05,"Employees by economic activity, sex, length of service in the enterprise (2002)",ok,sdmx,7,71,0,"",2026-07-19
EARN_SES_AGT06,"Employees by economic activity, economic control, sex (2002)",ok,sdmx,7,67,0,"",2026-07-19
EARN_SES_AGT12,"Mean hourly earnings by economic activity, collective pay agreement, sex (2002)",ok,sdmx,8,78,0,"",2026-07-19
EARN_SES_AGT13,"Mean hourly earnings by economic activity, sex, age (2002)",ok,sdmx,8,75,0,"",2026-07-19
EARN_SES_AGT14,"Mean hourly earnings by sex, age, occupation (2002)",ok,sdmx,8,66,0,"",2026-07-19
EARN_SES_AGT15,"Mean hourly earnings by economic activity, sex, employment contract (2002)",ok,sdmx,8,75,0,"",2026-07-19
EARN_SES_AGT16,"Mean hourly earnings by economic activity, sex, educational attainment level (2002)",ok,sdmx,8,78,0,"",2026-07-19
EARN_SES_AGT17,"Mean hourly earnings by economic activity, sex, length of service in the enterprise (2002)",ok,sdmx,8,77,0,"",2026-07-19
EARN_SES_AGT18,"Mean hourly earnings by size of the enterprise, sex, occupation (2002)",ok,sdmx,8,66,0,"",2026-07-19
EARN_SES_AGT19,"Mean monthly earnings by economic activity, collective pay agreement, sex (2002)",ok,sdmx,8,79,0,"",2026-07-19
EARN_SES_AGT20,"Mean monthly earnings by economic activity, sex, age (2002)",ok,sdmx,8,77,0,"",2026-07-19
EARN_SES_AGT21,"Mean monthly earnings by sex, age, occupation (2002)",ok,sdmx,8,67,0,"",2026-07-19
EARN_SES_AGT22,"Mean monthly earnings by economic activity, sex, employment contract (2002)",ok,sdmx,8,76,0,"",2026-07-19
EARN_SES_AGT23,"Mean monthly earnings by economic activity, sex, educational attainment level (2002)",ok,sdmx,8,79,0,"",2026-07-19
EARN_SES_AGT24,"Mean monthly earnings by economic activity, sex, length of service in the enterprise (2002)",ok,sdmx,8,78,0,"",2026-07-19
EARN_SES_AGT25,"Mean monthly earnings by size of the enterprise, sex, occupation (2002)",ok,sdmx,8,67,0,"",2026-07-19
EARN_SES_AGT26,"Mean annual earnings by economic activity, collective pay agreement, sex (2002)",ok,sdmx,8,77,0,"",2026-07-19
EARN_SES_AGT27,"Mean annual earnings by economic activity, sex, age (2002)",ok,sdmx,8,75,0,"",2026-07-19
EARN_SES_AGT28,"Mean annual earnings by sex, age, occupation (2002)",ok,sdmx,8,65,0,"",2026-07-19
EARN_SES_AGT29,"Mean annual earnings by economic activity, sex, employment contract (2002)",ok,sdmx,8,74,0,"",2026-07-19
EARN_SES_AGT30,"Mean annual earnings by economic activity, sex, educational attainment level (2002)",ok,sdmx,8,77,0,"",2026-07-19
EARN_SES_AGT31,"Mean annual earnings by economic activity, sex, length of service in the enterprise (2002)",ok,sdmx,8,76,0,"",2026-07-19
EARN_SES_AGT32,"Mean annual earnings by size of the enterprise, sex,occupation (2002)",ok,sdmx,8,65,0,"",2026-07-19
EARN_SES_AGT33,"Mean monthly hours paid by economic activity, collective pay agreement, sex (2002)",ok,sdmx,7,74,0,"",2026-07-19
EARN_SES_AGT34,"Mean monthly hours paid by economic activity, sex, age (2002)",ok,sdmx,7,72,0,"",2026-07-19
EARN_SES_AGT35,"Mean monthly hours paid by sex, age,occupation (2002)",ok,sdmx,7,62,0,"",2026-07-19
EARN_SES_AGT36,"Mean monthly hours paid by economic activity, sex, employment contract (2002)",ok,sdmx,8,73,0,"",2026-07-19
EARN_SES_AGT37,"Mean monthly hours paid by economic activity, sex, educational attainment level (2002)",ok,sdmx,7,74,0,"",2026-07-19
EARN_SES_AGT38,"Mean monthly hours paid by economic activity, sex, length of service in the enterprise (2002)",ok,sdmx,7,73,0,"",2026-07-19
EARN_SES_AGT39,"Mean monthly hours paid by size of the enterprise, sex, occupation (2002)",ok,sdmx,7,62,0,"",2026-07-19
EARN_SES_AGT40,"Mean annual holidays by economic activity, collective pay agreement, sex (2002)",ok,sdmx,7,71,0,"",2026-07-19
EARN_SES_AGT41,"Mean annual holidays by economic activity, sex, age (2002)",ok,sdmx,7,69,0,"",2026-07-19
EARN_SES_AGT42,"Mean annual holidays by sex, age, occupation (2002)",ok,sdmx,7,60,0,"",2026-07-19
EARN_SES_AGT43,"Mean annual holidays by economic activity, sex, employment contract (2002)",ok,sdmx,7,68,0,"",2026-07-19
EARN_SES_AGT44,"Mean annual holidays by economic activity, sex, educational attainment level (2002)",ok,sdmx,7,71,0,"",2026-07-19
EARN_SES_AGT45,"Mean annual holidays by economic activity, sex, length of service in the enterprise (2002)",ok,sdmx,7,69,0,"",2026-07-19
EARN_SES_AGT46,"Mean annual holidays by size of the enterprise, sex, occupation (2002)",ok,sdmx,7,60,0,"",2026-07-19
EARN_SES_ANNUAL,Structure of earnings survey - annual earnings,ok,sdmx,9,101,0,"",2026-07-19
EARN_SES_HFTPT,Hourly earnings by economic activity and contractual working time (enterprises with 10 employed persons or more) (2006),ok,sdmx,6,44,0,"",2026-07-19
EARN_SES_HOURLY,Structure of earnings survey - hourly earnings,ok,sdmx,9,97,0,"",2026-07-19
EARN_SES_MCTRL,"Monthly earnings by economic control (enterprises with 10 employed persons or more) - NACE Rev. 1.1, C-O excluding L (2006)",ok,sdmx,5,38,0,"",2026-07-19
EARN_SES_MDECI,"Monthly earnings by quantiles and contractual working time (enterprises with 10 employed persons or more) - NACE Rev. 1.1, C-O excluding L (2006)",ok,sdmx,6,44,0,"",2026-07-19
EARN_SES_MONTHLY,Structure of earnings survey - monthly earnings,ok,sdmx,9,105,0,"",2026-07-19
EARN_SES_MONTHLY$DV_221,Structure of earnings survey - monthly earnings,error,"",0,0,1,"HTTPStatusError: Client error '404 Not Found' for url 'https://ec.europa.eu/eurostat/api/dissemination/sdmx/2.1/datastructure/ESTAT/EARN_SES_MONTHLY$DV_221'
For more information check: https://develop",2026-07-19
EARN_SES_PUB1A,Low-wage earners as a proportion of all employees (excluding apprentices) by age,ok,sdmx,6,62,0,"",2026-07-19
EARN_SES_PUB1A$DV_1878,Low-wage earners as a proportion of all employees (excluding apprentices) by age,error,"",0,0,1,"HTTPStatusError: Client error '404 Not Found' for url 'https://ec.europa.eu/eurostat/api/dissemination/sdmx/2.1/datastructure/ESTAT/EARN_SES_PUB1A$DV_1878'
For more information check: https://develope",2026-07-19
EARN_SES_PUB1A$DV_352,Low-wage earners as a proportion of all employees (excluding apprentices) by age,error,"",0,0,1,"HTTPStatusError: Client error '404 Not Found' for url 'https://ec.europa.eu/eurostat/api/dissemination/sdmx/2.1/datastructure/ESTAT/EARN_SES_PUB1A$DV_352'
For more information check: https://developer",2026-07-19
EARN_SES_PUB1I,Low-wage earners as a proportion of all employees (excluding apprentices) by educational attainment level,ok,sdmx,6,57,0,"",2026-07-19
EARN_SES_PUB1I$DV_353,Low-wage earners as a proportion of all employees (excluding apprentices) by educational attainment level,error,"",0,0,1,"HTTPStatusError: Client error '404 Not Found' for url 'https://ec.europa.eu/eurostat/api/dissemination/sdmx/2.1/datastructure/ESTAT/EARN_SES_PUB1I$DV_353'
For more information check: https://developer",2026-07-19
EARN_SES_PUB1N,Low-wage earners as a proportion of all employees (excluding apprentices) by economic activity,ok,sdmx,6,69,0,"",2026-07-19
EARN_SES_PUB1S,Low-wage earners as a proportion of all employees (excluding apprentices) by sex,ok,sdmx,6,55,0,"",2026-07-19
EARN_SES_PUB1S$DV_1877,Low-wage earners as a proportion of all employees (excluding apprentices) by sex,error,"",0,0,1,"HTTPStatusError: Client error '404 Not Found' for url 'https://ec.europa.eu/eurostat/api/dissemination/sdmx/2.1/datastructure/ESTAT/EARN_SES_PUB1S$DV_1877'
For more information check: https://develope",2026-07-19
EARN_SES_PUB1S$DV_354,Low-wage earners as a proportion of all employees (excluding apprentices) by sex,error,"",0,0,1,"HTTPStatusError: Client error '404 Not Found' for url 'https://ec.europa.eu/eurostat/api/dissemination/sdmx/2.1/datastructure/ESTAT/EARN_SES_PUB1S$DV_354'
For more information check: https://developer",2026-07-19
EARN_SES_PUB1T,Low-wage earners as a proportion of all employees (excluding apprentices) by employment contract,ok,sdmx,6,56,0,"",2026-07-19
EARN_SES_PUB2A,"Median hourly earnings, all employees (excluding apprentices) by age",ok,sdmx,6,65,0,"",2026-07-19
EARN_SES_PUB2A$DV_1880,"Median hourly earnings, all employees (excluding apprentices) by age",error,"",0,0,1,"HTTPStatusError: Client error '404 Not Found' for url 'https://ec.europa.eu/eurostat/api/dissemination/sdmx/2.1/datastructure/ESTAT/EARN_SES_PUB2A$DV_1880'
For more information check: https://develope",2026-07-19
EARN_SES_PUB2I,"Median hourly earnings, all employees (excluding apprentices) by educational attainment level",ok,sdmx,6,59,0,"",2026-07-19
EARN_SES_PUB2N,"Median hourly earnings, all employees (excluding apprentices) by economic activity",ok,sdmx,6,71,0,"",2026-07-19
EARN_SES_PUB2S,"Median hourly earnings, all employees (excluding apprentices) by sex",ok,sdmx,6,57,0,"",2026-07-19
EARN_SES_PUB2S$DV_1879,"Median hourly earnings, all employees (excluding apprentices) by sex",error,"",0,0,1,"HTTPStatusError: Client error '404 Not Found' for url 'https://ec.europa.eu/eurostat/api/dissemination/sdmx/2.1/datastructure/ESTAT/EARN_SES_PUB2S$DV_1879'
For more information check: https://develope",2026-07-19
EARN_SES_PUB2T,"Median hourly earnings, all employees (excluding apprentices) by employment contract",ok,sdmx,6,58,0,"",2026-07-19
EDAT_AES_L21,Persons knowing foreign languages by number of foreign languages and sex,ok,sdmx,7,56,0,"",2026-07-19
EDAT_AES_L21$DV_1602,Persons knowing foreign languages by number of foreign languages and sex,error,"",0,0,1,"HTTPStatusError: Client error '404 Not Found' for url 'https://ec.europa.eu/eurostat/api/dissemination/sdmx/2.1/datastructure/ESTAT/EDAT_AES_L21$DV_1602'
For more information check: https://developer.",2026-07-19
EDAT_AES_L22,Persons knowing foreign languages by number of foreign languages and age,ok,sdmx,6,59,0,"",2026-07-19
EDAT_AES_L23,Persons knowing foreign languages by number of foreign languages and educational attainment level,ok,sdmx,7,59,0,"",2026-07-19
EDAT_AES_L24,Persons knowing foreign languages by number of foreign languages and labour status,ok,sdmx,7,57,0,"",2026-07-19
EDAT_AES_L25,Persons knowing foreign languages by number of foreign languages and occupation,ok,sdmx,7,58,0,"",2026-07-19
EDAT_AES_L26,Persons knowing foreign languages by number of foreign languages and degree of urbanisation,ok,sdmx,7,57,0,"",2026-07-19
EDAT_AES_L27,Persons knowing foreign languages by number of foreign languages and level of disability (activity limitation),ok,sdmx,7,49,0,"",2026-07-19
EDAT_AES_L31,Persons by level of knowledge of the best-known foreign language and sex,ok,sdmx,7,56,0,"",2026-07-19
EDAT_AES_L32,Persons by level of knowledge of the best-known foreign language and age,ok,sdmx,6,59,0,"",2026-07-19
EDAT_AES_L33,Persons by level of knowledge of the best-known foreign language and educational attainment level,ok,sdmx,7,59,0,"",2026-07-19
EDAT_AES_L34,Persons by level of knowledge of the best-known foreign language and labour status,ok,sdmx,7,57,0,"",2026-07-19
EDAT_AES_L35,Persons by level of knowledge of the best-known foreign language and occupation,ok,sdmx,7,58,0,"",2026-07-19
EDAT_AES_L36,Persons by level of knowledge of the best-known foreign language and degree of urbanisation,ok,sdmx,7,57,0,"",2026-07-19
EDAT_AES_L37,Persons by level of knowledge of the best-known foreign language and level of disability (activity limitation),ok,sdmx,7,49,0,"",2026-07-19
EDAT_AES_L51,Persons by level of knowledge of the foreign language reported as best-known in the country and sex,ok,sdmx,7,56,0,"",2026-07-19
EDAT_AES_L52,Persons by level of knowledge of the foreign language reported as best-known in the country and age,ok,sdmx,6,59,0,"",2026-07-19
EDAT_AES_L53,Persons by level of knowledge of the foreign language reported as best-known in the country and educational attainment level,ok,sdmx,7,59,0,"",2026-07-19
EDAT_AES_L54,Persons by level of knowledge of the foreign language reported as best-known in the country and labour status,ok,sdmx,7,57,0,"",2026-07-19
EDAT_AES_L55,Persons by level of knowledge of the foreign language reported as best-known in the country and occupation,ok,sdmx,7,58,0,"",2026-07-19
EDAT_AES_L56,Persons by level of knowledge of the foreign language reported as best-known in the country and degree of urbanisation,ok,sdmx,7,57,0,"",2026-07-19
EDAT_AES_L57,Persons by level of knowledge of the foreign language reported as best-known in the country and level of disability (activity limitation),ok,sdmx,7,49,0,"",2026-07-19
EDAT_LFSE_01,Early leavers from education and training by citizenship,ok,sdmx,8,76,0,"",2026-07-19
EDAT_LFSE_01$DV_1866,Early leavers from education and training by citizenship,error,"",0,0,1,"HTTPStatusError: Client error '404 Not Found' for url 'https://ec.europa.eu/eurostat/api/dissemination/sdmx/2.1/datastructure/ESTAT/EDAT_LFSE_01$DV_1866'
For more information check: https://developer.",2026-07-19
EDAT_LFSE_02,Early leavers from education and training by country of birth,ok,sdmx,8,75,0,"",2026-07-19
EDAT_LFSE_02$DV_1868,Early leavers from education and training by country of birth,error,"",0,0,1,"HTTPStatusError: Client error '404 Not Found' for url 'https://ec.europa.eu/eurostat/api/dissemination/sdmx/2.1/datastructure/ESTAT/EDAT_LFSE_02$DV_1868'
For more information check: https://developer.",2026-07-19
EDAT_LFSE_03,Population in private households by educational attainment level,ok,sdmx,7,113,0,"",2026-07-19
EDAT_LFSE_03$DV_1701,Population in private households by educational attainment level,error,"",0,0,1,"HTTPStatusError: Client error '404 Not Found' for url 'https://ec.europa.eu/eurostat/api/dissemination/sdmx/2.1/datastructure/ESTAT/EDAT_LFSE_03$DV_1701'
For more information check: https://developer.",2026-07-19
EDAT_LFSE_03$DV_598,Population in private households by educational attainment level,error,"",0,0,1,"HTTPStatusError: Client error '404 Not Found' for url 'https://ec.europa.eu/eurostat/api/dissemination/sdmx/2.1/datastructure/ESTAT/EDAT_LFSE_03$DV_598'
For more information check: https://developer.m",2026-07-19
EDAT_LFSE_04,Population in private households by educational attainment level and NUTS 2 region,ok,sdmx,7,553,0,"",2026-07-19
EDAT_LFSE_14,Early leavers from education and training by labour status,ok,sdmx,7,83,0,"",2026-07-19
EDAT_LFSE_14$DV_1864,Early leavers from education and training by labour status,error,"",0,0,1,"HTTPStatusError: Client error '404 Not Found' for url 'https://ec.europa.eu/eurostat/api/dissemination/sdmx/2.1/datastructure/ESTAT/EDAT_LFSE_14$DV_1864'
For more information check: https://developer.",2026-07-19
EDAT_LFSE_14$DV_356,Early leavers from education and training by labour status,error,"",0,0,1,"HTTPStatusError: Client error '404 Not Found' for url 'https://ec.europa.eu/eurostat/api/dissemination/sdmx/2.1/datastructure/ESTAT/EDAT_LFSE_14$DV_356'
For more information check: https://developer.m",2026-07-19
EDAT_LFSE_15,Early leavers from formal education by labour status,ok,sdmx,7,71,0,"",2026-07-19
EDAT_LFSE_16,Early leavers from education and training by NUTS 2 region,ok,sdmx,6,544,0,"",2026-07-19
EDAT_LFSE_17,Population aged 15-34 in private households,ok,sdmx,6,81,0,"",2026-07-19
EDAT_LFSE_18,Participation rate of young persons in education and training by labour status (incl. NEET rates),ok,sdmx,8,86,0,"",2026-07-19
EDAT_LFSE_19,Participation rate of young persons in formal education by labour status,ok,sdmx,8,82,0,"",2026-07-19
EDAT_LFSE_20,Young persons neither in employment nor in education and training by labour status (NEET rates),ok,sdmx,8,87,0,"",2026-07-19
EDAT_LFSE_20$DV_1101,Young persons neither in employment nor in education and training by labour status (NEET rates),error,"",0,0,1,"HTTPStatusError: Client error '404 Not Found' for url 'https://ec.europa.eu/eurostat/api/dissemination/sdmx/2.1/datastructure/ESTAT/EDAT_LFSE_20$DV_1101'
For more information check: https://developer.",2026-07-19
EDAT_LFSE_20$DV_1807,Young persons neither in employment nor in education and training by labour status (NEET rates),error,"",0,0,1,"HTTPStatusError: Client error '404 Not Found' for url 'https://ec.europa.eu/eurostat/api/dissemination/sdmx/2.1/datastructure/ESTAT/EDAT_LFSE_20$DV_1807'
For more information check: https://developer.",2026-07-19
EDAT_LFSE_21,Young persons neither in employment nor in education and training by educational attainment level (NEET rates),ok,sdmx,9,91,0,"",2026-07-19
EDAT_LFSE_22,Young persons neither in employment nor in education and training by NUTS 2 region (NEET rates),ok,sdmx,8,549,0,"",2026-07-19
EDAT_LFSE_23,Young persons neither in employment nor in education and training by citizenship (NEET rates),ok,sdmx,9,86,0,"",2026-07-19
EDAT_LFSE_23$DV_1844,Young persons neither in employment nor in education and training by citizenship (NEET rates),error,"",0,0,1,"HTTPStatusError: Client error '404 Not Found' for url 'https://ec.europa.eu/eurostat/api/dissemination/sdmx/2.1/datastructure/ESTAT/EDAT_LFSE_23$DV_1844'
For more information check: https://developer.",2026-07-19
EDAT_LFSE_24,Employment rates of young persons not in education and training by educational attainment level and years since completion of highest level of education,ok,sdmx,8,87,0,"",2026-07-19
EDAT_LFSE_25,Unemployment rates of young persons not in education and training by educational attainment level and years since completion of highest level of education,ok,sdmx,8,87,0,"",2026-07-19
EDAT_LFSE_26,Labour force participation rates of young persons not in education and training by educational attainment level and years since completion of highest level of education,ok,sdmx,8,87,0,"",2026-07-19
EDAT_LFSE_27,Labour force non-participation rates of young persons not in education and training by educational attainment level and years since completion of highest level of education,ok,sdmx,8,87,0,"",2026-07-19
EDAT_LFSE_28,Young persons neither in employment nor in education and training by country of birth (NEET rates),ok,sdmx,9,85,0,"",2026-07-19
EDAT_LFSE_28$DV_1849,Young persons neither in employment nor in education and training by country of birth (NEET rates),error,"",0,0,1,"HTTPStatusError: Client error '404 Not Found' for url 'https://ec.europa.eu/eurostat/api/dissemination/sdmx/2.1/datastructure/ESTAT/EDAT_LFSE_28$DV_1849'
For more information check: https://developer.",2026-07-19
EDAT_LFSE_29,Young persons neither in employment nor in education and training by degree of urbanisation (NEET rates),ok,sdmx,9,88,0,"",2026-07-19
EDAT_LFSE_30,Early leavers from education and training by degree of urbanisation,ok,sdmx,8,78,0,"",2026-07-19
EDAT_LFSE_31,"Employment rates of young persons not in education and training by educational attainment level, years since completion of highest level of education and citizenship",ok,sdmx,9,94,0,"",2026-07-19
EDAT_LFSE_32,"Employment rates of young persons not in education and training by educational attainment level, years since completion of highest level of education and country of birth",ok,sdmx,9,93,0,"",2026-07-19
EDAT_LFSE_33,"Employment rates of young persons not in education and training by educational attainment level, years since completion of highest level of education and NUTS 2 region",ok,sdmx,8,561,0,"",2026-07-19
EDAT_LFSE_34,"Employment rates of young persons not in education and training by educational attainment level, years since completion of highest level of education and degree of urbanisation",ok,sdmx,9,92,0,"",2026-07-19
EDAT_LFSE_35,Young persons neither in employment nor in education and training by country of birth and degree of urbanisation (NEET rates),ok,sdmx,10,82,0,"",2026-07-19
EDAT_LFSE_36,Young persons neither in employment nor in education and training by citizenship and degree of urbanisation (NEET rates),ok,sdmx,10,83,0,"",2026-07-19
EDAT_LFSE_37,Young persons neither in employment nor in education and training by country of birth and NUTS 2 region (NEET rates),ok,sdmx,9,551,0,"",2026-07-19
EDAT_LFSE_38,Young persons neither in employment nor in education and training by citizenship and NUTS 2 region (NEET rates),ok,sdmx,9,552,0,"",2026-07-19
EDAT_LFSE_39,Young persons neither in employment nor in education and training by level of disability (activity limitation) (NEET rates),ok,sdmx,9,59,0,"",2026-07-19
EDAT_LFSE_40,Early leavers from education and training by level of disability (activity limitation),ok,sdmx,7,50,0,"",2026-07-19
EDAT_LFSO_00T1,Youth transitions from education to working life in Europe (in number of months) (2000),ok,sdmx,5,150,0,"",2026-07-19
EDAT_LFSO_00T2,Employed in service sector and occupational status of recent school-leavers (2000),ok,sdmx,4,25,0,"",2026-07-19
EDAT_LFSO_00T3,"Young people's social origin, educational attainment level and labour outcomes in Europe (2000)",ok,sdmx,4,45,0,"",2026-07-19
EDAT_LFSO_00T4,Parents educational attainment level (2000),ok,sdmx,4,23,0,"",2026-07-19
EDAT_LFSO_00T5,Job mismatches and their labour market effects among school-leavers in Europe (2000),ok,sdmx,4,37,0,"",2026-07-19
EDAT_LFSO_09T1,Average age when leaving formal education by educational attainment level for persons who left within the last 3 or 5 years (2009),ok,sdmx,7,47,0,"",2026-07-19
EDAT_LFSO_09T2,Average time between leaving formal education and starting the first job by educational attainment level for persons who left within the last 3 or 5 years (2009),ok,sdmx,8,48,0,"",2026-07-19
EDAT_LFSO_09T3,Employment rates by educational attainment level and number of years after leaving formal education (2009),ok,sdmx,8,50,0,"",2026-07-19
EDAT_LFS_9901,Population in private households by educational attainment level - thousand persons,ok,sdmx,7,98,0,"",2026-07-19
EDAT_LFS_9902,Population in private households by educational attainment level and labour status - thousand persons,ok,sdmx,8,96,0,"",2026-07-19
EDAT_LFS_9904,Population in private households by educational attainment level and labour status - %,ok,sdmx,8,94,0,"",2026-07-19
EDAT_LFS_9905,Employees by educational attainment level and occupation,ok,sdmx,8,99,0,"",2026-07-19
EDAT_LFS_9906,Employees by educational attainment level and employment contract,ok,sdmx,8,91,0,"",2026-07-19
EDAT_LFS_9907,Persons in full-time/part-time employment by educational attainment level,ok,sdmx,8,91,0,"",2026-07-19
EDAT_LFS_9908,Employees by educational attainment level and size of the local unit,ok,sdmx,8,99,0,"",2026-07-19
EDAT_LFS_9909,Employees by educational attainment level and NACE Rev. 1.1 activity (2004-2008),ok,sdmx,8,91,0,"",2026-07-19
EDAT_LFS_9910,Employees by educational attainment level and NACE Rev. 2 activity (2008-2026),ok,sdmx,8,106,0,"",2026-07-19
EDAT_LFS_9911,Population in private households by educational attainment level and citizenship,ok,sdmx,8,95,0,"",2026-07-19
EDAT_LFS_9911$DV_1702,Population in private households by educational attainment level and citizenship,error,"",0,0,1,"HTTPStatusError: Client error '404 Not Found' for url 'https://ec.europa.eu/eurostat/api/dissemination/sdmx/2.1/datastructure/ESTAT/EDAT_LFS_9911$DV_1702'
For more information check: https://developer",2026-07-19
EDAT_LFS_9912,Population in private households by educational attainment level and country of birth,ok,sdmx,8,94,0,"",2026-07-19
EDAT_LFS_9912$DV_1703,Population in private households by educational attainment level and country of birth,error,"",0,0,1,"HTTPStatusError: Client error '404 Not Found' for url 'https://ec.europa.eu/eurostat/api/dissemination/sdmx/2.1/datastructure/ESTAT/EDAT_LFS_9912$DV_1703'
For more information check: https://developer",2026-07-19
EDAT_LFS_9913,Population in private households by educational attainment level and degree of urbanisation,ok,sdmx,8,93,0,"",2026-07-19
EDAT_LFS_9915,"Population in private households by educational attainment level, country of birth and degree of urbanisation",ok,sdmx,9,88,0,"",2026-07-19
EDAT_LFS_9916,"Population in private households by educational attainment level, citizenship and degree of urbanisation",ok,sdmx,9,89,0,"",2026-07-19
EDAT_LFS_9917,"Population in private households by educational attainment level, country of birth and NUTS 2 region",ok,sdmx,8,557,0,"",2026-07-19
EDAT_LFS_9918,"Population in private households by educational attainment level, citizenship and NUTS 2 region",ok,sdmx,8,558,0,"",2026-07-19
EDAT_LFS_9919,Population aged 20-34 in private households with work experience while studying by educational attainment level and years since completion of highest level of education,ok,sdmx,10,72,0,"",2026-07-19
EDAT_LFS_9920,Population in private households by educational attainment level and level of disability (activity limitation),ok,sdmx,8,75,0,"",2026-07-19
EDUC_ENRL1AD,"Students by ISCED level, study intensity and sex (1998-2012)",ok,sdmx,7,92,0,"",2026-07-19
EDUC_ENRL1AT,"Students by ISCED level, type of institution and study intensity (1998-2012)",ok,sdmx,7,94,0,"",2026-07-19
EDUC_ENRL1TL,"Students by ISCED level, age and sex (1998-2012)",ok,sdmx,7,109,0,"",2026-07-19
EDUC_ENRL5,Tertiary students (ISCED 5-6) by field of education and sex (1998-2012),ok,sdmx,7,94,0,"",2026-07-19
EDUC_ENRL6,"Tertiary students (ISCED 5-6) non-citizens, non-residents by field of education (1998-2007)",ok,sdmx,7,88,0,"",2026-07-19
EDUC_ENRL8,Tertiary students (ISCED 5-6) by country of citizenship (1998-2012),ok,sdmx,6,281,0,"",2026-07-19
EDUC_ENRLLNG1,Students in ISCED 1-3 by modern foreign language studied (1998-2012),ok,sdmx,6,89,0,"",2026-07-19
EDUC_ENRLLNG2,Students in ISCED 1-3 by number of modern foreign languages studied (1998-2012),ok,sdmx,7,69,0,"",2026-07-19
EDUC_ENTR2TL,New entrants to ISCED 3 to 6 by age and sex (1998-2012),ok,sdmx,7,87,0,"",2026-07-19
EDUC_FIABS,Expenditure on education in current prices (1995-2011),ok,sdmx,5,57,0,"",2026-07-19
EDUC_FIAID,Financial aid to students (1995-2011),ok,sdmx,5,58,0,"",2026-07-19
EDUC_FIEXPC,Expenditure on education in constant prices (1999-2011),ok,sdmx,5,48,0,"",2026-07-19
EDUC_FIFUNDS,Funding of education (1995-2011),ok,sdmx,5,64,0,"",2026-07-19
EDUC_FIGDP,Expenditure on education as % of GDP or public expenditure (1991-2011),ok,sdmx,5,70,0,"",2026-07-19
EDUC_FIPUBIN,Expenditure on public educational institutions (1995-2011),ok,sdmx,4,65,0,"",2026-07-19
EDUC_FITOTIN,Expenditure on public and private educational institutions (1995-2011),ok,sdmx,4,64,0,"",2026-07-19
EDUC_GRAD2,Graduates in ISCED 3 and 4 by age and sex (1998-2012),ok,sdmx,7,100,0,"",2026-07-19
EDUC_GRAD4,Graduates in ISCED 5 and 6 by age and sex (1998-2012),ok,sdmx,7,88,0,"",2026-07-19
EDUC_GRAD5,Graduations in ISCED 3 to 6 by field of education and sex (1998-2012),ok,sdmx,7,99,0,"",2026-07-19
EDUC_IGEN,Education and training context indicators (1998-2012),ok,sdmx,4,77,0,"",2026-07-19
EDUC_ILANG,Language learning (1995-2012),ok,sdmx,4,83,0,"",2026-07-19
EDUC_ILEV,Distribution of pupils/ students by level (1998-2012),ok,sdmx,4,70,0,"",2026-07-19
EDUC_IPART,Participation/ enrolment in education (ISCED 0-4) (1998-2012),ok,sdmx,4,70,0,"",2026-07-19
EDUC_IPART_S,Participation/ enrolment in education by sex (1998-2012),ok,sdmx,5,86,0,"",2026-07-19
EDUC_ISTE,Pupil/ student - teacher ratio and average class size (ISCED 1-3) (1998-2012),ok,sdmx,4,59,0,"",2026-07-19
EDUC_ITEACH,Teaching staff (1998-2012),ok,sdmx,5,80,0,"",2026-07-19
EDUC_ITERTC,Tertiary education graduates (1998-2012),ok,sdmx,4,93,0,"",2026-07-19
EDUC_ITERTP,Tertiary education participation (1998-2012),ok,sdmx,4,88,0,"",2026-07-19
EDUC_MOFO_DST,Foreign students by level of education and country of destination (2005-2012),ok,sdmx,6,88,0,"",2026-07-19
EDUC_MOFO_FLD,Foreign students by level and field of education (2008-2012),ok,sdmx,6,82,0,"",2026-07-19
EDUC_MOFO_GEN,Foreign students by level of education and sex (2008-2012),ok,sdmx,6,54,0,"",2026-07-19
EDUC_MOFO_GRD,Foreign graduates by level of education and sex (2008-2012),ok,sdmx,6,54,0,"",2026-07-19
EDUC_MOFO_ORIG,Foreign students by level of education and country of origin (2005-2012),ok,sdmx,6,94,0,"",2026-07-19
EDUC_MOMO_DST,Students going abroad by level of education and destination (2005-2012),ok,sdmx,6,82,0,"",2026-07-19
EDUC_MOMO_FLD,Students from abroad by level and field of education (2008-2012),ok,sdmx,6,81,0,"",2026-07-19
EDUC_MOMO_GEN,Students from abroad by level of education and sex (2008-2012),ok,sdmx,6,53,0,"",2026-07-19
EDUC_MOMO_GRD,Graduates from abroad by level of education and sex (2008-2012),ok,sdmx,6,54,0,"",2026-07-19
EDUC_MOMO_ORIG,Students from abroad by level of education and origin (2008-2012),ok,sdmx,6,92,0,"",2026-07-19
EDUC_OUTC_PISA,"Low achieving 15-year-olds in reading, mathematics or science by sex",ok,sdmx,6,59,0,"",2026-07-19
EDUC_PERS1D,Teachers (ISCED 0-4) and academic staff (ISCED 5-6) by age and sex (1998-2012),ok,sdmx,7,76,0,"",2026-07-20
EDUC_PERS1T,Teachers (ISCED 0-4) and academic staff (ISCED 5-6) by employment status and sex (1998-2012),ok,sdmx,7,68,0,"",2026-07-20
EDUC_REGIND,Education indicators by NUTS 2 region (1998-2012),ok,sdmx,4,423,0,"",2026-07-20
EDUC_RENRLRG1,"Students by level of education, orientation, sex and NUTS 2 region (1998-2012)",ok,sdmx,6,433,0,"",2026-07-20
EDUC_RENRLRG3,"Students by age, sex and NUTS 2 region (1998-2012)",ok,sdmx,6,452,0,"",2026-07-20
EDUC_UOE_ENRA01,"Pupils and students enrolled by education level, sex, type of institution and intensity of participation",ok,sdmx,8,79,0,"",2026-07-20
EDUC_UOE_ENRA02,"Pupils and students enrolled by education level, sex and age",ok,sdmx,7,130,0,"",2026-07-20
EDUC_UOE_ENRA03,"Pupils and students enrolled by education level, sex and field of education",ok,sdmx,7,249,0,"",2026-07-20
EDUC_UOE_ENRA04,Pupils and students by education level - as % of total age population,ok,sdmx,5,65,0,"",2026-07-20
EDUC_UOE_ENRA05,Pupils and students in education by age groups - as % of corresponding age population,ok,sdmx,5,67,0,"",2026-07-20
EDUC_UOE_ENRA05$DV_441,Pupils and students in education by age groups - as % of corresponding age population,error,"",0,0,1,"HTTPStatusError: Client error '404 Not Found' for url 'https://ec.europa.eu/eurostat/api/dissemination/sdmx/2.1/datastructure/ESTAT/EDUC_UOE_ENRA05$DV_441'
For more information check: https://develope",2026-07-20
EDUC_UOE_ENRA06,Pupils and students in education aged 30 and over - per 1000 of corresponding age population,ok,sdmx,4,52,0,"",2026-07-20
EDUC_UOE_ENRA07,Expected school years of pupils and students by education level,ok,sdmx,5,56,0,"",2026-07-20
EDUC_UOE_ENRA08,Students in post-compulsory education - as % of the total population of post-compulsory school age,ok,sdmx,4,55,0,"",2026-07-20
EDUC_UOE_ENRA09,Students participation at the end of compulsory education - as % of the corresponding age population,ok,sdmx,6,61,0,"",2026-07-20
EDUC_UOE_ENRA10,"Pupils from age 4 to the starting age of compulsory education at primary level, by sex - as % of the population of the corresponding age group",ok,sdmx,5,70,0,"",2026-07-20
EDUC_UOE_ENRA11,"Pupils and students enrolled by education level, sex and NUTS 2 region",ok,sdmx,6,511,0,"",2026-07-20
EDUC_UOE_ENRA12,"Pupils and students enrolled by sex, age and NUTS 2 region",ok,sdmx,6,529,0,"",2026-07-20
EDUC_UOE_ENRA13,Distribution of pupils and students enrolled in general and vocational programmes by education level and NUTS 2 region,ok,sdmx,5,503,0,"",2026-07-20
EDUC_UOE_ENRA14,Participation rates of selected age groups in education at regional level,ok,sdmx,5,451,0,"",2026-07-20
EDUC_UOE_ENRA15,Participation rates in selected education levels at regional level,ok,sdmx,5,455,0,"",2026-07-20
EDUC_UOE_ENRA16,"Pupils and students enrolled by education level, programme orientation, completion and sex",ok,sdmx,6,116,0,"",2026-07-20
EDUC_UOE_ENRA17,Pupils from age 4 to the starting age of compulsory education at primary level by NUTS 2 region - % of the population of the corresponding age,ok,sdmx,4,436,0,"",2026-07-20
EDUC_UOE_ENRA18,Pupils from age 5 to the starting age of compulsory education at primary level by sex - % of the population of the corresponding age,ok,sdmx,5,54,0,"",2026-07-20
EDUC_UOE_ENRA19,"Pupils aged 4 years old, by sex - as % of the population of the corresponding age group",ok,sdmx,5,55,0,"",2026-07-20
EDUC_UOE_ENRA20,"Pupils aged 3 years old, by sex - as % of the population of the corresponding age group",ok,sdmx,5,55,0,"",2026-07-20
EDUC_UOE_ENRA21,Pupils from age 3 to the starting age of compulsory education at primary level by sex - % of the population of the corresponding age,ok,sdmx,5,55,0,"",2026-07-20
EDUC_UOE_ENRA22,Pupils from age 3 to the starting age of compulsory education at primary level by NUTS 2 region - % of the population of the corresponding age,ok,sdmx,4,437,0,"",2026-07-20
EDUC_UOE_ENRA23,Pupils from age 0 to the starting age of compulsory education at primary level by sex - % of the population of the corresponding age,ok,sdmx,5,55,0,"",2026-07-20
EDUC_UOE_ENRA24,"Students enrolled in formal non-tertiary adult education by education level, sex and age group",ok,sdmx,7,71,0,"",2026-07-20
EDUC_UOE_ENRA25,Pupils under the age of 3 by sex - as % of the population of the corresponding age,ok,sdmx,5,52,0,"",2026-07-20
EDUC_UOE_ENRA27,Out-of-school rate by sex and age - as % of the population of the corresponding age,ok,sdmx,6,58,0,"",2026-07-20
EDUC_UOE_ENRA28,"Out-of-school rate in population of lower secondary school age, by sex",ok,sdmx,5,53,0,"",2026-07-20
EDUC_UOE_ENRA29,"Out-of-school rate in population of upper secondary school age, by sex",ok,sdmx,5,53,0,"",2026-07-20
EDUC_UOE_ENRA30,Distribution of students at education level and programme orientation by sex and field of education,ok,sdmx,7,254,0,"",2026-07-20
EDUC_UOE_ENRA31,Students enrolled in STEM education fields - per thousand of population aged 20-29,ok,sdmx,6,69,0,"",2026-07-20
EDUC_UOE_ENRP01,"Pupils enrolled in early childhood education by sex, type of institution and intensity of participation",ok,sdmx,8,71,0,"",2026-07-20
EDUC_UOE_ENRP02,Pupils enrolled in early childhood education by sex and age,ok,sdmx,7,85,0,"",2026-07-20
EDUC_UOE_ENRP03,Pupils enrolled in early childhood education by sex and NUTS 2 region,ok,sdmx,6,501,0,"",2026-07-20
EDUC_UOE_ENRP04,"Pupils enrolled in primary education by sex, type of institution and intensity of participation",ok,sdmx,7,68,0,"",2026-07-20
EDUC_UOE_ENRP05,Pupils enrolled in primary education by sex and age,ok,sdmx,6,87,0,"",2026-07-20
EDUC_UOE_ENRP06,Pupils enrolled in primary education by sex and NUTS 2 region,ok,sdmx,5,498,0,"",2026-07-20
EDUC_UOE_ENRP07,Pupils in early childhood and primary education by education level and age - as % of corresponding age population,ok,sdmx,6,66,0,"",2026-07-20
EDUC_UOE_ENRP07$DV_3501,Pupils in early childhood and primary education by education level and age - as % of corresponding age population,error,"",0,0,1,"HTTPStatusError: Client error '404 Not Found' for url 'https://ec.europa.eu/eurostat/api/dissemination/sdmx/2.1/datastructure/ESTAT/EDUC_UOE_ENRP07$DV_3501'
For more information check: https://develop",2026-07-20
EDUC_UOE_ENRS01,"Pupils enrolled in lower-secondary education by programme orientation, sex, type of institution and intensity of participation",ok,sdmx,8,71,0,"",2026-07-20
EDUC_UOE_ENRS02,"Pupils enrolled in lower-secondary education by programme orientation, sex and age",ok,sdmx,7,92,0,"",2026-07-20
EDUC_UOE_ENRS03,"Pupils enrolled in lower-secondary education by programme orientation, sex and NUTS 2 region",ok,sdmx,6,501,0,"",2026-07-20
EDUC_UOE_ENRS04,"Pupils enrolled in upper secondary education by programme orientation, sex, type of institution and intensity of participation",ok,sdmx,8,74,0,"",2026-07-20
EDUC_UOE_ENRS05,"Pupils enrolled in upper-secondary education by programme orientation, sex and age",ok,sdmx,7,96,0,"",2026-07-20
EDUC_UOE_ENRS05$DV_2144,"Pupils enrolled in upper-secondary education by programme orientation, sex and age",error,"",0,0,1,"HTTPStatusError: Client error '404 Not Found' for url 'https://ec.europa.eu/eurostat/api/dissemination/sdmx/2.1/datastructure/ESTAT/EDUC_UOE_ENRS05$DV_2144'
For more information check: https://develop",2026-07-20
EDUC_UOE_ENRS06,"Pupils enrolled in upper secondary education by programme orientation, sex and NUTS 2 region",ok,sdmx,6,501,0,"",2026-07-20
EDUC_UOE_ENRS07,"Pupils enrolled in post-secondary non-tertiary education by programme orientation, sex, type of institution and intensity of participation",ok,sdmx,8,74,0,"",2026-07-20
EDUC_UOE_ENRS08,"Pupils enrolled in post-secondary non-tertiary education by programme orientation, sex and age",ok,sdmx,7,96,0,"",2026-07-20
EDUC_UOE_ENRS09,"Pupils enrolled in post-secondary non-tertiary education by programme orientation, sex and NUTS 2 region",ok,sdmx,6,501,0,"",2026-07-20
EDUC_UOE_ENRS10,"Pupils enrolled in vocational upper secondary and post-secondary non-tertiary education by education level, sex and field of education",ok,sdmx,7,244,0,"",2026-07-20
EDUC_UOE_ENRT01,"Students enrolled in tertiary education by education level, programme orientation, sex, type of institution and intensity of participation",ok,sdmx,8,82,0,"",2026-07-20
EDUC_UOE_ENRT02,"Students enrolled in tertiary education by education level, programme orientation, sex and age",ok,sdmx,7,118,0,"",2026-07-20
EDUC_UOE_ENRT03,"Students enrolled in tertiary education by education level, programme orientation, sex and field of education",ok,sdmx,7,253,0,"",2026-07-20
EDUC_UOE_ENRT03$DV_1705,"Students enrolled in tertiary education by education level, programme orientation, sex and field of education",error,"",0,0,1,"HTTPStatusError: Client error '404 Not Found' for url 'https://ec.europa.eu/eurostat/api/dissemination/sdmx/2.1/datastructure/ESTAT/EDUC_UOE_ENRT03$DV_1705'
For more information check: https://develop",2026-07-20
EDUC_UOE_ENRT03$DV_3061,"Students enrolled in tertiary education by education level, programme orientation, sex and field of education",error,"",0,0,1,"HTTPStatusError: Client error '404 Not Found' for url 'https://ec.europa.eu/eurostat/api/dissemination/sdmx/2.1/datastructure/ESTAT/EDUC_UOE_ENRT03$DV_3061'
For more information check: https://develop",2026-07-20
EDUC_UOE_ENRT03$DV_442,"Students enrolled in tertiary education by education level, programme orientation, sex and field of education",error,"",0,0,1,"HTTPStatusError: Client error '404 Not Found' for url 'https://ec.europa.eu/eurostat/api/dissemination/sdmx/2.1/datastructure/ESTAT/EDUC_UOE_ENRT03$DV_442'
For more information check: https://develope",2026-07-20
EDUC_UOE_ENRT04,Distribution of students enrolled at tertiary education levels by sex and field of education,ok,sdmx,7,246,0,"",2026-07-20
EDUC_UOE_ENRT05,Ratio of the proportion of tertiary students over the proportion of the population by NUTS 1 and NUTS 2 region,ok,sdmx,4,454,0,"",2026-07-20
EDUC_UOE_ENRT06,"Students enrolled in tertiary education by education level, programme orientation, sex and NUTS 2 region",ok,sdmx,6,508,0,"",2026-07-20
EDUC_UOE_ENRT07,Students in tertiary education by age groups - as % of corresponding age population,ok,sdmx,6,67,0,"",2026-07-20
EDUC_UOE_ENRT08,Students in tertiary education - as % of 20-24 years old in the population,ok,sdmx,6,61,0,"",2026-07-20
EDUC_UOE_ENT01,"New entrants by education level, programme orientation, sex and age",ok,sdmx,7,126,0,"",2026-07-20
EDUC_UOE_ENT02,"New entrants by education level, programme orientation, sex and field of education",ok,sdmx,7,140,0,"",2026-07-20
EDUC_UOE_ENT03,Distribution of new entrants at education level and programme orientation by sex and field of education,ok,sdmx,7,140,0,"",2026-07-20
EDUC_UOE_FINA01,Financial aid to students by education level - as % of total public expenditure,ok,sdmx,5,56,0,"",2026-07-20
EDUC_UOE_FINE01,"Total educational expenditure by education level, programme orientation and type of source",ok,sdmx,6,80,0,"",2026-07-20
EDUC_UOE_FINE02,"Public educational expenditure by education level, programme orientation, type of source and expenditure category",ok,sdmx,8,97,0,"",2026-07-20
EDUC_UOE_FINE03,"Private educational expenditure by education level, programme orientation, type of source and expenditure category",ok,sdmx,8,93,0,"",2026-07-20
EDUC_UOE_FINE04,"Public expenditure on education in current prices, by education level and programme orientation",ok,sdmx,5,64,0,"",2026-07-20
EDUC_UOE_FINE06,Public expenditure on education by education level and programme orientation - as % of GDP,ok,sdmx,5,72,0,"",2026-07-20
EDUC_UOE_FINE07,Public subsidies to the private sector by education level and programme orientation,ok,sdmx,6,71,0,"",2026-07-20
EDUC_UOE_FINE08,Public expenditure on education by education level and programme orientation - as % of public expenditure or % of GNI,ok,sdmx,5,65,0,"",2026-07-20
EDUC_UOE_FINE09,Public expenditure on education per pupil/student based on FTE by education level and programme orientation,ok,sdmx,5,74,0,"",2026-07-20
EDUC_UOE_FINE10,Pupils and students enrolled by education level and programme orientation with coverage adjusted to statistics on educational finance and aligned to financial year,ok,sdmx,7,82,0,"",2026-07-20
EDUC_UOE_FINF01,"Funding of education by education level, programme orientation and recipient of funding",ok,sdmx,7,66,0,"",2026-07-20
EDUC_UOE_FINF02,"Funding of vocational education by education level, type of source and recipient of funding",ok,sdmx,8,84,0,"",2026-07-20
EDUC_UOE_FINI01,"Expenditure of the educational institutions by education level, programme orientation, type of institution and expenditure category",ok,sdmx,7,93,0,"",2026-07-20
EDUC_UOE_FINI02,"Expenditure of the educational institutions on vocational education by education level, programme orientation, type of institution and expenditure category",ok,sdmx,7,77,0,"",2026-07-20
EDUC_UOE_FINI03,Expenditure on educational institutions by education level and programme orientation,ok,sdmx,7,66,0,"",2026-07-20
EDUC_UOE_FINI04,"Annual expenditure on educational institutions per pupil/student based on FTE, by education level and programme orientation",ok,sdmx,6,67,0,"",2026-07-20
EDUC_UOE_FINI05,Expenditure on public educational institutions - as % of total or current expenditure,ok,sdmx,5,54,0,"",2026-07-20
EDUC_UOE_FINI06,"Ratio of annual expenditure per student at the tertiary level and primary level of education, in public educational institutions",ok,sdmx,4,49,0,"",2026-07-20
EDUC_UOE_GRAD01,"Graduates by education level, programme orientation, completion, sex and age",ok,sdmx,7,163,0,"",2026-07-20
EDUC_UOE_GRAD02,"Graduates by education level, programme orientation, sex and field of education",ok,sdmx,7,256,0,"",2026-07-20
EDUC_UOE_GRAD02$DV_1704,"Graduates by education level, programme orientation, sex and field of education",error,"",0,0,1,"HTTPStatusError: Client error '404 Not Found' for url 'https://ec.europa.eu/eurostat/api/dissemination/sdmx/2.1/datastructure/ESTAT/EDUC_UOE_GRAD02$DV_1704'
For more information check: https://develop",2026-07-20
EDUC_UOE_GRAD02$DV_3062,"Graduates by education level, programme orientation, sex and field of education",error,"",0,0,1,"HTTPStatusError: Client error '404 Not Found' for url 'https://ec.europa.eu/eurostat/api/dissemination/sdmx/2.1/datastructure/ESTAT/EDUC_UOE_GRAD02$DV_3062'
For more information check: https://develop",2026-07-20
EDUC_UOE_GRAD02$DV_443,"Graduates by education level, programme orientation, sex and field of education",error,"",0,0,1,"HTTPStatusError: Client error '404 Not Found' for url 'https://ec.europa.eu/eurostat/api/dissemination/sdmx/2.1/datastructure/ESTAT/EDUC_UOE_GRAD02$DV_443'
For more information check: https://develope",2026-07-20
EDUC_UOE_GRAD03,Distribution of graduates at education level and programme orientation by sex and field of education,ok,sdmx,7,251,0,"",2026-07-20
EDUC_UOE_GRAD04,"Graduates in tertiary education, in science, math., computing, engineering, manufacturing, construction, by sex - per 1000 of population aged 20-29",ok,sdmx,6,62,0,"",2026-07-20
EDUC_UOE_GRAD05,Graduates in tertiary education by age groups - per 1000 of population aged 20-29,ok,sdmx,6,60,0,"",2026-07-20
EDUC_UOE_GRAD06,Graduates at doctoral level by sex and age groups - per 1000 of population aged 25-34,ok,sdmx,6,58,0,"",2026-07-20
EDUC_UOE_GRAD07,"Graduates at doctoral level, in science, math., computing, engineering, manufacturing, construction, by sex - per 1000 of population aged 25-34",ok,sdmx,5,56,0,"",2026-07-20
EDUC_UOE_GRAD08,"First-time graduates by education level, sex and age group",ok,sdmx,7,77,0,"",2026-07-20
EDUC_UOE_GRAD09,Graduates in tertiary education by education level - women per 100 men,ok,sdmx,5,59,0,"",2026-07-20
EDUC_UOE_GRAD10,"Distribution of male and female graduates in different fields of education, by education level and programme orientation",ok,sdmx,7,255,0,"",2026-07-20
EDUC_UOE_LANG01,Pupils by education level and modern foreign language studied - absolute numbers and % of pupils by language studied,ok,sdmx,6,93,0,"",2026-07-20
EDUC_UOE_LANG01$DV_3063,Pupils by education level and modern foreign language studied - absolute numbers and % of pupils by language studied,error,"",0,0,1,"HTTPStatusError: Client error '404 Not Found' for url 'https://ec.europa.eu/eurostat/api/dissemination/sdmx/2.1/datastructure/ESTAT/EDUC_UOE_LANG01$DV_3063'
For more information check: https://develop",2026-07-20
EDUC_UOE_LANG02,"Pupils by education level, age and number of modern foreign languages studied - absolute numbers and % of pupils by number of languages studied",ok,sdmx,7,85,0,"",2026-07-20
EDUC_UOE_LANG03,Average number of foreign languages studied per pupil by education level,ok,sdmx,5,60,0,"",2026-07-20
EDUC_UOE_MOBC01,"Credit mobile graduates (at least 3 months abroad) by education level, type of mobility scheme, type of mobility and sex",ok,sdmx,8,64,0,"",2026-07-20
EDUC_UOE_MOBC02,"Credit mobile graduates (at least 3 months abroad) by education level, country of destination, type of mobility and sex",ok,sdmx,8,287,0,"",2026-07-20
EDUC_UOE_MOBC03,"Credit mobile graduates (less than 3 months abroad) by education level, country of destination, type of mobility and sex",ok,sdmx,8,286,0,"",2026-07-20
EDUC_UOE_MOBG01,"Degree mobile graduates from abroad by education level, sex and field of education",ok,sdmx,7,132,0,"",2026-07-20
EDUC_UOE_MOBG02,"Degree mobile graduates from abroad by education level, sex and country of origin",ok,sdmx,7,291,0,"",2026-07-20
EDUC_UOE_MOBG03,"Share of degree mobile graduates from abroad by education level, sex and country of origin",ok,sdmx,7,291,0,"",2026-07-20
EDUC_UOE_MOBG04,Distribution of degree mobile graduates from abroad at education level by sex and field of education,ok,sdmx,7,132,0,"",2026-07-20
EDUC_UOE_MOBS01,"Mobile students from abroad enrolled by education level, sex and field of education",ok,sdmx,7,288,0,"",2026-07-20
EDUC_UOE_MOBS01$DV_1805,"Mobile students from abroad enrolled by education level, sex and field of education",error,"",0,0,1,"HTTPStatusError: Client error '404 Not Found' for url 'https://ec.europa.eu/eurostat/api/dissemination/sdmx/2.1/datastructure/ESTAT/EDUC_UOE_MOBS01$DV_1805'
For more information check: https://develop",2026-07-20
EDUC_UOE_MOBS01$DV_445,"Mobile students from abroad enrolled by education level, sex and field of education",error,"",0,0,1,"HTTPStatusError: Client error '404 Not Found' for url 'https://ec.europa.eu/eurostat/api/dissemination/sdmx/2.1/datastructure/ESTAT/EDUC_UOE_MOBS01$DV_445'
For more information check: https://develope",2026-07-20
EDUC_UOE_MOBS02,"Mobile students from abroad enrolled by education level, sex and country of origin",ok,sdmx,7,292,0,"",2026-07-20
EDUC_UOE_MOBS03,"Share of mobile students from abroad enrolled by education level, sex and country of origin",ok,sdmx,7,294,0,"",2026-07-20
EDUC_UOE_MOBS03$DV_1126,"Share of mobile students from abroad enrolled by education level, sex and country of origin",error,"",0,0,1,"HTTPStatusError: Client error '404 Not Found' for url 'https://ec.europa.eu/eurostat/api/dissemination/sdmx/2.1/datastructure/ESTAT/EDUC_UOE_MOBS03$DV_1126'
For more information check: https://develop",2026-07-20
EDUC_UOE_MOBS04,Distribution of mobile students from abroad enrolled at education level by sex and field of education,ok,sdmx,7,292,0,"",2026-07-20
EDUC_UOE_MOBS06,Distribution of mobile students from abroad with EU and non-EU country of origin by education level and sex,ok,sdmx,7,292,0,"",2026-07-20
EDUC_UOE_PERD01,Distribution of teachers at education level and programme orientation by age groups,ok,sdmx,7,80,0,"",2026-07-20
EDUC_UOE_PERD02,Distribution of academic staff at education level by age groups,ok,sdmx,7,70,0,"",2026-07-20
EDUC_UOE_PERD03,"Female teachers - as % of all teachers, by education level",ok,sdmx,5,64,0,"",2026-07-20
EDUC_UOE_PERD04,"Female school-management personnel - as % of total school-management personnel, by education level",ok,sdmx,5,53,0,"",2026-07-20
EDUC_UOE_PERD05,"Teachers working part-time - as % of all teachers, by education level",ok,sdmx,5,63,0,"",2026-07-20
EDUC_UOE_PERP01,"Classroom teachers and academic staff by education level, programme orientation, sex and age groups",ok,sdmx,7,85,0,"",2026-07-20
EDUC_UOE_PERP02,"Classroom teachers and academic staff by education level, programme orientation, sex, type of institution and employment status",ok,sdmx,8,80,0,"",2026-07-20
EDUC_UOE_PERP03,"Classroom teachers working full-time and part-time in primary, lower-secondary and upper-secondary education - as % of total active population",ok,sdmx,4,52,0,"",2026-07-20
EDUC_UOE_PERP04,Ratio of pupils and students to teachers and academic staff by education level and programme orientation,ok,sdmx,5,70,0,"",2026-07-20
EDUC_UOE_PERP05,Ratio of pupils to teachers and teacher aides by education level and programme orientation,ok,sdmx,5,54,0,"",2026-07-20
EF_AH_BOVINE,"Animal housing by type of bovine, utilised agricultural area, size classes of livestock units and NUTS 2 region",ok,sdmx,10,421,0,"",2026-07-20
EF_AH_BOVT,"Outdoor access of bovine by type of animal housing, size classes of livestock units, farm type and NUTS 2 region",ok,sdmx,10,317,0,"",2026-07-20
EF_AH_PIGS,"Animal housing by type of pigs, utilised agricultural area, size classes of livestock units and NUTS 2 region",ok,sdmx,10,421,0,"",2026-07-20
EF_AH_PIGT,"Outdoor access of pigs by type of animal housing, size classes of livestock units, farm type and NUTS 2 region",ok,sdmx,10,316,0,"",2026-07-20
EF_AH_POULT,"Outdoor access of poultry by type of animal housing, size classes of livestock units, farm type and NUTS 2 region",ok,sdmx,10,317,0,"",2026-07-20
EF_AH_POULTRY,"Animal housing by type of poultry, utilised agricultural area, size classes of livestock units and NUTS 2 region",ok,sdmx,10,423,0,"",2026-07-20
EF_AUX_SOC,Standard output coefficients of agricultural products,ok,sdmx,5,1385,0,"",2026-07-20
EF_FSI_AGESEX,Age structure of farm managers,ok,sdmx,7,69,0,"",2026-07-20
EF_FSI_CDIV,Crop diversity,ok,sdmx,6,55,0,"",2026-07-20
EF_FSI_ECSZ,"Average economic size of farms by standard output, farm type and age of farm manager",ok,sdmx,7,94,0,"",2026-07-20
EF_FSI_FARMS,Farms by utilised agricultural area,ok,sdmx,5,57,0,"",2026-07-20
EF_FSI_GRDS,Grazing livestock density,ok,sdmx,6,49,0,"",2026-07-20
EF_FSI_IRRI,Irrigable and irrigated area,ok,sdmx,5,48,0,"",2026-07-20
EF_FSI_LEGUM,Farms with leguminous crops by size of arable land,ok,sdmx,6,59,0,"",2026-07-20
EF_FSI_LF,Average farm labour force by work status and sex of farm manager,ok,sdmx,6,58,0,"",2026-07-20
EF_FSI_LFSEX,Farm labour force by work status and sex of worker,ok,sdmx,6,55,0,"",2026-07-20
EF_FSI_LSK,Livestock units by animal groups and size classes of livestock units,ok,sdmx,7,91,0,"",2026-07-20
EF_FSI_LSKDS,Livestock density,ok,sdmx,6,49,0,"",2026-07-20
EF_FSI_LUS,Main farm land use,ok,sdmx,6,64,0,"",2026-07-20
EF_FSI_NFM,New farm managers by sex,ok,sdmx,6,44,0,"",2026-07-20
EF_FSI_ORG,"Average organic farm size by utilised agricultural area, economic size and farm type",ok,sdmx,8,92,0,"",2026-07-20
EF_FSI_PHYSZ,Physical size of farms by utilised agricultural area and legal form,ok,sdmx,6,66,0,"",2026-07-20
EF_FSI_TENURE,Tenure of utilised agricultural area,ok,sdmx,7,74,0,"",2026-07-20
EF_FSI_TRAINING,Agricultural training of farm managers,ok,sdmx,6,60,0,"",2026-07-20
EF_KVAAREG,"Key farm variables: area, livestock (LSU), labour force and standard output (SO) by agricultural size of farm (UAA), legal status of holding and NUTS 2 region",ok,sdmx,6,338,0,"",2026-07-20
EF_KVAGE,"Key farm variables: area, livestock (LSU), labour force and standard output (SO) by agricultural size of farm (UAA) and age of manager",ok,sdmx,6,61,0,"",2026-07-20
EF_KVECSLEG,"Key variables: area, livestock (LSU), labour force and standard output (SO) by economic size of farm (SO in Euro), legal status of holding and NUTS 2 region",ok,sdmx,6,341,0,"",2026-07-20
EF_KVFTAA,"Key variables: area, livestock (LSU), labour force and standard output (SO) by type of farming (2-digit) and agricultural size of farm (UAA)",ok,sdmx,6,79,0,"",2026-07-20
EF_KVFTECS,"Key variables: area, livestock (LSU), labour force and standard output (SO) by type of farming (2-digit) and economic size of farm (SO in Euro)",ok,sdmx,6,81,0,"",2026-07-20
EF_KVFTREG,"Key variables: area, livestock (LSU), labour force and standard output (SO) by type of farming (2-digit) and NUTS 2 region",ok,sdmx,5,350,0,"",2026-07-20
EF_LFLEGAA,"Labour force categories: number of persons and farm work (AWU) by sex of worker, legal satus of holding and agricultural size of farm (UAA)",ok,sdmx,6,84,0,"",2026-07-20
EF_LFLEGECS,Labour force categories: number of persons and farm work (AWU) by legal status of holding and economic size of farm (SO in Euro),ok,sdmx,6,86,0,"",2026-07-20
EF_LFWTIME,Labour force categories: number of persons and farm work (AWU) in the holding by working time (% AWU) and agricultural size of farm (UAA),ok,sdmx,7,63,0,"",2026-07-20
EF_LF_FAM,"Agricultural family labour force by age, sex of farm manager and NUTS 2 region",ok,sdmx,10,445,0,"",2026-07-20
EF_LF_FAM_SH,Share of family farms by NUTS 2 region,ok,sdmx,6,292,0,"",2026-07-20
EF_LF_LEG,"Agricultural labour force by legal entity, work status and sex of worker, economic size of the agricultural holding and NUTS 2 region",ok,sdmx,9,434,0,"",2026-07-20
EF_LF_MAIN,"Main agricultural labour force by age and sex of the farm manager, farm type of the agricultural holding and NUTS 2 region",ok,sdmx,9,442,0,"",2026-07-20
EF_LF_SIZE,Agricultural labour force by size of the farm and NUTS 2 region,ok,sdmx,8,436,0,"",2026-07-20
EF_LSK_BEES,Beehives on farms by NUTS 2 region,ok,sdmx,8,398,0,"",2026-07-20
EF_LSK_BOVINE,Bovine by NUTS 2 region,ok,sdmx,9,466,0,"",2026-07-20
EF_LSK_GOATS,Goats by NUTS 2 region,ok,sdmx,9,453,0,"",2026-07-20
EF_LSK_MAIN,Main livestock indicators by NUTS 2 region,ok,sdmx,10,470,0,"",2026-07-20
EF_LSK_ORG,"Organic animal farming by utilised agricultural area, livestock unit, economic size of the farm and NUTS 2 region",ok,sdmx,9,442,0,"",2026-07-20
EF_LSK_PIGS,Pigs by NUTS 2 region,ok,sdmx,8,451,0,"",2026-07-20
EF_LSK_POULTRY,Poultry by NUTS 2 region,ok,sdmx,8,456,0,"",2026-07-20
EF_LSK_SHEEP,Sheep by NUTS 2 region,ok,sdmx,9,457,0,"",2026-07-20
EF_LS_GVBROILER,Poultry: number of farms and heads by size of farm (UAA) and size of broiler flock,ok,sdmx,7,66,0,"",2026-07-20
EF_LS_GVLAYHEN,Poultry: number of farms and heads by size of farm (UAA) and size of laying hen flock,ok,sdmx,7,65,0,"",2026-07-20
EF_LS_GVOPIG,Pigs: number of farms and heads by size of farm (UAA) and size of other pig herd,ok,sdmx,7,66,0,"",2026-07-20
EF_LS_GVSOWS,Pigs: number of farms and heads by size of farm (UAA) and size of breeding sow herd,ok,sdmx,7,66,0,"",2026-07-20
EF_LS_GZCATL,Cattle: number of farms and heads by size of farm (UAA) and size of cattle herd,ok,sdmx,7,72,0,"",2026-07-20
EF_LS_GZCATLLSU,Cattle: number of farms and heads by size of farm (UAA) and livestock units (LSU) of farm,ok,sdmx,7,73,0,"",2026-07-20
EF_LS_GZDCOW,Dairy cows: number of farms and heads by size of farm (UAA) and size of dairy herd,ok,sdmx,7,72,0,"",2026-07-20
EF_LS_GZFORAGE,Fodder crops: number of farms and areas by size of farm (UAA) and size of fodder crops area,ok,sdmx,7,72,0,"",2026-07-20
EF_LS_GZGOAT,Goats: number of farms and heads by size of farm (UAA) and size of goat herd,ok,sdmx,7,65,0,"",2026-07-20
EF_LS_GZOCOW,Other cows: number of farms and heads by size of farm (UAA) and size of other cow herd,ok,sdmx,7,72,0,"",2026-07-20
EF_LS_GZSHEEP,Sheep: number of farms and heads by size of farm (UAA) and size of sheep flock,ok,sdmx,7,65,0,"",2026-07-20
EF_LS_OVAAREG,Livestock: number of farms and heads by size of farm (UAA) and NUTS 2 region,ok,sdmx,6,377,0,"",2026-07-20
EF_LS_OVESU,Livestock: number of farms and heads by economic size of farm (ESU) and NUTS 2 region,ok,sdmx,6,377,0,"",2026-07-20
EF_LS_OVLSUREG,Livestock: number of farms and heads by livestock units (LSU) of farm and NUTS 2 region,ok,sdmx,6,377,0,"",2026-07-20
EF_LUS_ALLCROPS,"Farms and hectares by crops, utilised agricultural area, economic size of the farm and NUTS 2 region",ok,sdmx,8,537,0,"",2026-07-20
EF_LUS_IRRI,"Irrigated crops by utilised agricultural area, economic size of the farm and NUTS 2 region",ok,sdmx,8,420,0,"",2026-07-20
EF_LUS_MAIN,Main farm land use by NUTS 2 region,ok,sdmx,9,467,0,"",2026-07-20
EF_LUS_ORCHCITRUS,"Citrus fruits by age, density classes of trees and NUTS 2 region",ok,sdmx,8,100,0,"",2026-07-20
EF_LUS_ORCHGRAPES,"Table grapes and raisins by age, density classes of vines and NUTS 2 region",ok,sdmx,8,133,0,"",2026-07-20
EF_LUS_ORCHOLIVES,"Olives by age, density classes of trees and NUTS 2 region",ok,sdmx,8,104,0,"",2026-07-20
EF_LUS_ORCHPOME,"Pome fruits by age, density classes of trees and NUTS 2 region",ok,sdmx,8,267,0,"",2026-07-20
EF_LUS_ORCHSTONE,"Stone fruits by age, density classes of trees and NUTS 2 region",ok,sdmx,8,172,0,"",2026-07-20
EF_LUS_ORG,"Organic crops by utilised agricultural area, economic size of the farm and NUTS 2 region",ok,sdmx,8,450,0,"",2026-07-20
EF_LUS_PEGRASS,"Permanent grassland by area under corresponding crop, utilised agricultural area, economic size of the farm and NUTS 2 region",ok,sdmx,9,441,0,"",2026-07-20
EF_LU_ALARABLE,Arable crops: number of farms and areas by size of farm (UAA) and size of arable area,ok,sdmx,7,73,0,"",2026-07-20
EF_LU_ALBARLEY,Barley: number of farms and area by size of farm (UAA) and size of barley area,ok,sdmx,7,65,0,"",2026-07-20
EF_LU_ALCEREAL,"Cereals: number of farms, areas and combine harvestors by size of farm (UAA) and size of cereal area",ok,sdmx,7,74,0,"",2026-07-20
EF_LU_ALFLOWER,Flowers and ornamental plants: number of farms and areas by size of farm (UAA) and size of flower and ornamental plant area,ok,sdmx,6,56,0,"",2026-07-20
EF_LU_ALIPLANT,Industrial plants: number of farms and areas by size of farm (UAA) and size of industrial plant area,ok,sdmx,7,75,0,"",2026-07-20
EF_LU_ALMAIZE,Grain maize: number of farms and area by size of farm (UAA) and size of grain maize area,ok,sdmx,7,65,0,"",2026-07-20
EF_LU_ALPOTAT,Potatoes: number of farms and area by size of farm (UAA) and size of potato area,ok,sdmx,7,64,0,"",2026-07-20
EF_LU_ALSBEET,Sugar beet: number of farms and area by size of farm (UAA) and size of sugar beet area,ok,sdmx,7,63,0,"",2026-07-20
EF_LU_ALVEGGLAS,"Vegetables, melons, strawberries and greenhouses: number of farms and areas by size of farm (UAA) and size of vegetable, melon and strawberry area under glass",ok,sdmx,7,69,0,"",2026-07-20
EF_LU_ALVEGOUT,"Vegetables, melons, strawberries and greenhouses: number of farms and areas by size of farm (UAA) and size of vegetable, melon and strawberry outdoor area",ok,sdmx,7,69,0,"",2026-07-20
EF_LU_ALWHEAT,Common wheat: number of farms and area by size of farm (UAA) and size of common wheat area,ok,sdmx,7,65,0,"",2026-07-20
EF_LU_OFGLASS,Crops under glass: number of farms and areas by size of farm (UAA) and size of crops under glass area,ok,sdmx,7,67,0,"",2026-07-20
EF_LU_OFGRASS,Permanent grassland: number of farms and areas by size of farm (UAA) and size of permanent grassland area,ok,sdmx,7,65,0,"",2026-07-20
EF_LU_OFIRRIG,"Irrigation: number of farms, areas and equipment by size of farm (UAA) and NUTS 2 region",ok,sdmx,5,353,0,"",2026-07-20
EF_LU_OFSETASID,Fallow land and set-aside land: number of farms and areas by size of farm (UAA) and size of arable area,ok,sdmx,7,75,0,"",2026-07-20
EF_LU_OFWOOD,Other land: number of farms and areas by size of farm (UAA) and size of wooded area,ok,sdmx,7,66,0,"",2026-07-20
EF_LU_OVCROPAA,Farmland: number of farms and areas by size of farm (UAA) and NUTS 2 region,ok,sdmx,6,424,0,"",2026-07-20
EF_LU_OVCROPESU,Farmland: number of farms and areas by economic size of farm (ESU) and NUTS 2 region,ok,sdmx,6,424,0,"",2026-07-20
EF_LU_PCFRUIT,Fruit and berry plantations: number of farms and areas by size of farm (UAA) and size of fruit and berry plantation area,ok,sdmx,7,67,0,"",2026-07-20
EF_LU_PCGEO,Permanent crops: number of farms and areas by size of farm (UAA) and size of permanent crop area,ok,sdmx,7,80,0,"",2026-07-20
EF_LU_PCOLIVE,Olive plantations: number of farms and areas by size of farm (UAA) and size of olive plantation area,ok,sdmx,7,64,0,"",2026-07-20
EF_LU_PCREG,"Permanent crops: number of farms and areas by size of farm (UAA), size of permanent crop area and NUTS 2 region",ok,sdmx,6,364,0,"",2026-07-20
EF_LU_PCVINE,Vineyards: number of farms and areas by size of farm (UAA) and size of vineyard area,ok,sdmx,7,67,0,"",2026-07-20
EF_MPMANAA,"Holder-manager relationship: area, livestock, labour force and standard output (SO) by agricultural size of farm (UAA) (2005-2013)",ok,sdmx,6,70,0,"",2026-07-20
EF_MPORGANIC,"Organic farming: number of farms, areas with different crops and heads of different types of animals by agricultural size of farm (UAA) and NUTS 2 region (2003-2013)",ok,sdmx,5,396,0,"",2026-07-20
EF_MPTRAINECS,"Agricultural training of farm managers: number of farms, agricultural area, labour force, standard output (SO) and livestock (LSU) by economic size of farm (SO in Euro) (2005-2013)",ok,sdmx,6,58,0,"",2026-07-20
EF_MPTRAINMAN,"Agricultural training of farm managers: number of farms, agricultural area, labour force and standard output (SO) by age and sex of the manager (2005-2013)",ok,sdmx,7,55,0,"",2026-07-20
EF_MP_DIGI,"Internet facilities, robotics, precision farming and machinery for livestock management in farms by economic size of farm, farm type and NUTS 2 region",ok,sdmx,8,311,0,"",2026-07-20
EF_MP_DIGI$DV_3082,"Internet facilities, robotics, precision farming and machinery for livestock management in farms by economic size of farm, farm type and NUTS 2 region",error,"",0,0,1,"HTTPStatusError: Client error '404 Not Found' for url 'https://ec.europa.eu/eurostat/api/dissemination/sdmx/2.1/datastructure/ESTAT/EF_MP_DIGI$DV_3082'
For more information check: https://developer.mo",2026-07-20
EF_MP_DIGICR,"Precision farming by age and training of manager, size of farm and NUTS 2 region",ok,sdmx,9,312,0,"",2026-07-20
EF_MP_DIGICR$DV_3083,"Precision farming by age and training of manager, size of farm and NUTS 2 region",error,"",0,0,1,"HTTPStatusError: Client error '404 Not Found' for url 'https://ec.europa.eu/eurostat/api/dissemination/sdmx/2.1/datastructure/ESTAT/EF_MP_DIGICR$DV_3083'
For more information check: https://developer.",2026-07-20
EF_MP_DIGILSK,"Machinery for livestock management by age and training of manager, size classes of livestock and NUTS 2 region",ok,sdmx,9,312,0,"",2026-07-20
EF_MP_EFA,"Ecological focus areas in agricultural holdings by utilised agricultural area, farm type and NUTS 2 region",ok,sdmx,8,299,0,"",2026-07-20
EF_MP_IRRI,Irrigation methods and source of irrigation water of agricultural holdings by NUTS 2 region,ok,sdmx,8,405,0,"",2026-07-20
EF_MP_MA,"Utilised agricultural area fertilised by manure application technique, farm type and NUTS 2 region",ok,sdmx,9,321,0,"",2026-07-20
EF_MP_MACH,"Machinery used by agricultural holdings by type of ownership, farm size, farm type and NUTS 2 region",ok,sdmx,9,434,0,"",2026-07-20
EF_MP_MANLEG,Agricultural holdings by legal form of the management,ok,sdmx,8,375,0,"",2026-07-20
EF_MP_MANORG,"Organic farming by age, sex and training of farm manager and NUTS 2 region",ok,sdmx,10,439,0,"",2026-07-20
EF_MP_MNE,Import and export of manure by farm type and NUTS 2 region,ok,sdmx,9,327,0,"",2026-07-20
EF_MP_MS,"Manure storage facilities by utilised agricultural area, size class of livestock, farm type and NUTS 2 region",ok,sdmx,9,429,0,"",2026-07-20
EF_MP_PRAC,"Soil management practices by arable land area, farmtype, crop rotation and NUTS 2 region",ok,sdmx,9,438,0,"",2026-07-20
EF_MP_RENERG,Equipment used for production of renewable energy on agricultural holdings by economic size and type of the farm and NUTS 2 region,ok,sdmx,8,429,0,"",2026-07-20
EF_MP_SOIL,"Soil cover by arable land area, farmtype, crop rotation and NUTS 2 region",ok,sdmx,9,440,0,"",2026-07-20
EF_MP_STFAC,Storage facilities for agricultural products in agricultural holdings by type and economic size of the farm and NUTS 2 region,ok,sdmx,8,309,0,"",2026-07-20
EF_MP_TENURE,"Tenure of agricultural holdings by utilised agricultural area, sex and age of farm manager and NUTS 2 region",ok,sdmx,10,465,0,"",2026-07-20
EF_MP_TPIRRI,Technical parameters of the irrigation equipment of agricultural holdings and payment terms for irrigation water by NUTS 2 region,ok,sdmx,8,283,0,"",2026-07-20
EF_MP_TRAINING,"Agricultural holdings and utilised agricultural area by training, age and sex of farm managers and NUTS 2 region",ok,sdmx,10,440,0,"",2026-07-20
EF_MP_TRAINING_SH,Share of holdings by training of farm manager and NUTS 2 region,ok,sdmx,5,298,0,"",2026-07-20
EF_MP_VOCTRAINING,"Agricultural holding and utilised agricultural area by vocational training, sex and age of farm managers and NUTS 2 region",ok,sdmx,10,427,0,"",2026-07-20
EF_M_AGE_SH,Share of holdings by age of farm managers and NUTS 2 region,ok,sdmx,5,298,0,"",2026-07-20
EF_M_FARMANG,"Farm indicators by age and sex of the manager, economic size of the farm, utilised agricultural area and NUTS 2 region",ok,sdmx,9,440,0,"",2026-07-20
EF_M_FARMANG$DV_3161,"Farm indicators by age and sex of the manager, economic size of the farm, utilised agricultural area and NUTS 2 region",error,"",0,0,1,"HTTPStatusError: Client error '404 Not Found' for url 'https://ec.europa.eu/eurostat/api/dissemination/sdmx/2.1/datastructure/ESTAT/EF_M_FARMANG$DV_3161'
For more information check: https://developer.",2026-07-20
EF_M_FARMLEG,"Farm indicators by legal status of the holding, utilised agricultural area, type and economic size of the farm and NUTS 2 region",ok,sdmx,9,442,0,"",2026-07-20
EF_M_IRRI,"Irrigation of agricultural holdings by utilised agricultural area, economic size, farmtype and NUTS 2 region",ok,sdmx,9,459,0,"",2026-07-20
EF_M_ORG,"Main farm indicators by organic farming, utilised agricultural area, economic size, farm type of agricultural holding and NUTS 2",ok,sdmx,9,443,0,"",2026-07-20
EF_M_PRY,Land and labour productivity of agricultural holdings by sex of farm manager and type and size of the farm,ok,sdmx,9,53,0,"",2026-07-20
EF_M_RD,"Main farm indicators by rural development support measures, utilized agricultural area, type and economic size of the farm and NUTS 2 region",ok,sdmx,9,437,0,"",2026-07-20
EF_M_SEXHOLD_SH,Share of agricultural holdings by sex of holder and type of tenure,ok,sdmx,8,57,0,"",2026-07-20
EF_M_SEX_SH,Share of holdings by sex of farm managers and NUTS 2 region,ok,sdmx,5,297,0,"",2026-07-20
EF_M_SO_SH,Share of holdings by economic size classes and NUTS 2 region,ok,sdmx,5,297,0,"",2026-07-20
EF_OGAAA,"Other gainful activities (OGA) of the farm of sole holder: number of farms, agricultural area, standard output (SO) and livestock (LSU) by agricultural size of farm (UAA)",ok,sdmx,7,71,0,"",2026-07-20
EF_OGAAGE,"Other gainful activities (OGA) of the farm of sole holder: number of farms, agricultural area, standard output (SO) and livestock (LSU) by age of holder",ok,sdmx,7,76,0,"",2026-07-20
EF_OGADSEXAGE,"Other gainful activities directly related to the holding: number of farms, agricultural area, standard output (SO) and livestock (LSU) by age and sex of holder",ok,sdmx,6,112,0,"",2026-07-20
EF_OGAECS,"Other gainful activities (OGA) of the farm of sole holder: number of farms, agricultural area, standard output (SO) and livestock (LSU) by economic size of farm (SO in Euro)",ok,sdmx,7,73,0,"",2026-07-20
EF_OGAFT,"Other gainful activities (OGA) of the farm of sole holder: number of farms, agricultural area, standard output (SO) and livestock (LSU) by type of farming (1-digit)",ok,sdmx,7,71,0,"",2026-07-20
EF_OGA_MAIN,"Farm indicators by other gainful activities related to the holder, utilised agricultural area, type and economic size of the farm and NUTS 2 region",ok,sdmx,9,442,0,"",2026-07-20
EF_OGA_TYPE,"Type of other gainful activities directly related to the agricultural holdings by age of the manager, utilised agricultural area, type and economic size of the farm and NUTS 2 region",ok,sdmx,10,447,0,"",2026-07-20
EF_OLFAA,Labour force: number of persons and farm work (AWU) by agricultural size of farm (UAA),ok,sdmx,5,60,0,"",2026-07-20
EF_OLFFTECS,Labour force: number of persons and farm work (AWU) by type of farming (2-digit) and economic size of farm (SO in Euro),ok,sdmx,6,85,0,"",2026-07-20
EF_OLFREG,Labour force: number of persons and farm work (AWU) by sex of workers and NUTS 2 region,ok,sdmx,4,351,0,"",2026-07-20
EF_OLSAAREG,Livestock: number of farms and heads of animals of different types by agricultural size of farm (UAA) and NUTS 2 region,ok,sdmx,5,380,0,"",2026-07-20
EF_OLSLSUFT,Livestock: number of farms and heads of animals by type of farming (2-digit),ok,sdmx,5,112,0,"",2026-07-20
EF_OLSLSUREG,Livestock: number of farms and heads of animals by livestock units (LSU) of farm and NUTS 2 region,ok,sdmx,5,380,0,"",2026-07-20
EF_OV_KVAA,"Key variables by legal status of holding, size of farm (UAA) and NUTS 2 region",ok,sdmx,6,352,0,"",2026-07-20
EF_OV_KVAAESU,"Key variables by size of farm (UAA), economic size of farm (ESU) and LFA status",ok,sdmx,7,69,0,"",2026-07-20
EF_OV_KVAGE,"Key variables by age of holder, size of farm (UAA) and LFA status",ok,sdmx,7,66,0,"",2026-07-20
EF_OV_KVESUFT,"Key variables by type of farming (1-digit), economic size of farm (ESU) and LFA status",ok,sdmx,7,65,0,"",2026-07-20
EF_OV_KVFTAA,Key variables by type of farming (2-digit) and size of farm (UAA),ok,sdmx,6,78,0,"",2026-07-20
EF_OV_KVFTESU,Key variables by type of farming (2-digit) and economic size of farm (ESU),ok,sdmx,6,72,0,"",2026-07-20
EF_OV_KVFTOB00,"Key variables by type of farming (1-digit), economic size of farm (ESU) and objective zone 2000",ok,sdmx,7,60,0,"",2026-07-20
EF_OV_KVFTOB99,"Key variables by type of farming (1-digit), economic size of farm (ESU) and objective zone 1999",ok,sdmx,7,49,0,"",2026-07-20
EF_OV_KVFTREG,Key variables by type of farming (2-digit) and NUTS 2 region,ok,sdmx,5,345,0,"",2026-07-20
EF_OV_LFFT,Labour force: number of persons and farm work (AWU) by type of farming (2-digit) and economic size of farm (ESU),ok,sdmx,7,87,0,"",2026-07-20
EF_OV_LFOB00,Labour force: number of persons and farm work (AWU) by size of farm (UAA) and objective zone 2000,ok,sdmx,7,45,0,"",2026-07-20
EF_OV_LFOB99,Labour force: number of persons and farm work (AWU) by size of farm (UAA) and objective zone 1999,ok,sdmx,7,46,0,"",2026-07-20
EF_OV_LFSUM,Labour force: number of persons and farm work (AWU) by size of farm (UAA) and LFA status,ok,sdmx,7,62,0,"",2026-07-20
EF_OV_LSFT,"Livestock: number of farms, heads and LSU by type of farming (2-digit) and economic size of farm (ESU)",ok,sdmx,7,97,0,"",2026-07-20
EF_OV_LSOB00,Livestock: number of farms and heads by size of farm (UAA) and objective zone 2000,ok,sdmx,7,46,0,"",2026-07-20
EF_OV_LSOB99,Livestock: number of farms and heads by size of farm (UAA) and objective zone 1999,ok,sdmx,7,48,0,"",2026-07-20
EF_OV_LSSUM,Livestock: number of farms and heads by size of farm (UAA) and LFA status,ok,sdmx,7,66,0,"",2026-07-20
EF_OV_LUFT,Land use: number of farms and areas by type of farming (2-digit) and economic size of farm (ESU),ok,sdmx,7,136,0,"",2026-07-20
EF_OV_LUOB00,Land use: number of farms and areas by size of farm (UAA) and objective zone 2000,ok,sdmx,7,70,0,"",2026-07-20
EF_OV_LUOB99,Land use: number of farms and areas by size of farm (UAA) and objective zone 1999,ok,sdmx,7,63,0,"",2026-07-20
EF_OV_LUSUM,Land use: number of farms and areas by size of farm (UAA) and LFA status,ok,sdmx,7,84,0,"",2026-07-20
EF_POIRRIG,"Irrigation: number of farms, areas and equipment by size of irrigated area and NUTS 2 region",ok,sdmx,5,381,0,"",2026-07-20
EF_POMENGMO,"Mushrooms, energy crops, GMO: number of farms and areas by size of farm (UAA)",ok,sdmx,5,59,0,"",2026-07-20
EF_RD_LEG,"Beneficiary of rural development support measures by legal form, economic size and farm type of the agricultural holding and NUTS 2 region",ok,sdmx,9,456,0,"",2026-07-20
EF_RD_MAN,"Beneficiary of rural development support measures by age, sex and training of farm manager and NUTS 2 region",ok,sdmx,9,451,0,"",2026-07-20
EF_R_FARM,"Structure of agricultural holdings by eurofarm region, main indicators",ok,sdmx,4,1224,0,"",2026-07-20
EF_R_NUTS,Structure of agricultural holdings by NUTS 3 region - main indicators,ok,sdmx,4,1456,0,"",2026-07-20
EF_SO_LFAA,"Labour force: number of persons and farm work (AWU) by sex of worker, category of worker, legal status of holding, size of farm (UAA) and NUTS 2 region",ok,sdmx,8,361,0,"",2026-07-20
EF_SO_LFAGE,"Labour force: number of persons and farm work (AWU) by age of worker, category of worker and size of farm (UAA)",ok,sdmx,7,63,0,"",2026-07-21
EF_SO_LFESU,"Labour force: number of persons and farm work (AWU) by sex of worker, category of worker, legal status of holding, economic size of farm (ESU) and NUTS 2 region",ok,sdmx,8,363,0,"",2026-07-21
EF_SO_LFSEXAGE,"Family labour force: number of persons and farm work (AWU) by sex of worker, age of worker and size of farm (UAA)",ok,sdmx,7,59,0,"",2026-07-21
EF_SO_LFWTIME,"Labour force: number of persons and farm work (AWU) by working time (% AWU), category of worker and size of farm (UAA)",ok,sdmx,7,67,0,"",2026-07-21
EF_SO_MPLEGPER,Holder-manager relationship: selected variables by size of farm (UAA) (2000-2007),ok,sdmx,6,71,0,"",2026-07-21
EF_SO_MPMACHIN,Farm machinery: number of farms and machines by size of farm (UAA) (1990-2005),ok,sdmx,6,66,0,"",2026-07-21
EF_SO_MPORG,Organic farming: selected variables by size of farm (UAA) and NUTS 2 region (2000-2007),ok,sdmx,6,341,0,"",2026-07-21
EF_SO_MPTENURE,Type of tenure: number of farms and areas by size of farm (UAA) and NUTS 2 region (1990-2007),ok,sdmx,6,349,0,"",2026-07-21
EF_SO_MPTRAIN,Agricultural training of farm managers: selected variables by economic size of farm (ESU) (1990-2005),ok,sdmx,6,55,0,"",2026-07-21
EF_SO_RDAA,"Other activities on the holding: number of farms, agricultural area and economic size (ESU) by legal status of holding and size of farm (UAA)",ok,sdmx,7,60,0,"",2026-07-21
EF_SO_RDFT,"Other activities on the holding: number of farms, agricultural area and economic size (ESU) by legal status of holding, type of farming (1-digit) and economic size of farm (ESU)",ok,sdmx,8,70,0,"",2026-07-21
EF_SO_RDLFOGA,Family labour force with other gainful activity: number of persons by size of farm (UAA),ok,sdmx,5,63,0,"",2026-07-21
EF_SO_RDSEXAGE,"Other activities on the holding: number of farms, agricultural area and economic size (ESU) by age of holder and sex of holder",ok,sdmx,7,57,0,"",2026-07-21
EGI_EM1,Employment in Foreign Controlled Enterprises,ok,sdmx,6,50,0,"",2026-07-21
EGI_EM2,Employment in Foreign Affiliates of Domestic Enterprises,ok,sdmx,6,48,0,"",2026-07-21
EGI_RD1,Intra-mural Business Enterprise R&D Expenditures in Foreign Controlled Enterprises,ok,sdmx,6,37,0,"",2026-07-21
EGI_SO1,Enterprises sourcing abroad,ok,sdmx,8,39,0,"",2026-07-21
EGI_TR1,Export to import ratio,ok,sdmx,4,60,0,"",2026-07-21
EGI_TR2,Intermediate goods trade,ok,sdmx,5,43,0,"",2026-07-21
EGI_TR3,Trade in goods with the top 5 partners,ok,sdmx,5,60,0,"",2026-07-21
EGI_TR4,Intermediate services trade,ok,sdmx,5,47,0,"",2026-07-21
EGI_TR5,Trade in services with the top 5 partners,ok,sdmx,5,47,0,"",2026-07-21
EGI_VA1,Value Added in Foreign Controlled Enterprises,ok,sdmx,6,50,0,"",2026-07-21
EGR_CONC,Concentration of multinational enterprise groups by NACE Rev. 2 activity - experimental statistics,ok,sdmx,6,51,0,"",2026-07-21
EGR_EMP,Persons employed in multinational enterprise groups by size class - experimental statistics,ok,sdmx,5,48,0,"",2026-07-21
EGR_MNE,Multinational enterprise groups in EU-EFTA countries by controlling country - experimental statistics,ok,sdmx,4,47,0,"",2026-07-21
EGR_MNE_EMPW,"Multinational enterprise groups employment by controlling country group size class, NACE Rev. 2 activity and country of work - experimental statistics",ok,sdmx,7,69,0,"",2026-07-21
EGR_MNE_N2SC,"Multinational enterprise groups in EU-EFTA countries by controlling country, size class and NACE Rev. 2 activity - experimental statistics",ok,sdmx,6,37,0,"",2026-07-21
EI_BPM6CA_M,Current account - monthly data,ok,sdmx,10,508,0,"",2026-07-21
EI_BPM6CA_Q,Current account - quarterly data,ok,sdmx,10,225,0,"",2026-07-21
EI_BPM6FA_M,Financial account - monthly data,ok,sdmx,10,490,0,"",2026-07-21
EI_BPM6FA_Q,Financial account - quarterly data,ok,sdmx,10,207,0,"",2026-07-21
EI_BPM6IIP_Q,International investment position - quarterly data,ok,sdmx,10,203,0,"",2026-07-21
EI_BSBU_M_R2,Construction confidence indicator and survey results - monthly data,ok,sdmx,5,608,0,"",2026-07-21
EI_BSBU_Q_R2,Construction survey results - quarterly data,ok,sdmx,6,214,0,"",2026-07-21
EI_BSCI_M_R2,Euro area business climate indicator - monthly data,ok,sdmx,5,503,0,"",2026-07-21
EI_BSCO_M,Consumers confidence indicator and survey results - monthly data,ok,sdmx,6,609,0,"",2026-07-21
EI_BSCO_Q,Consumers survey results - quarterly data,ok,sdmx,6,187,0,"",2026-07-21
EI_BSEE_M_R2,Employment expectations indicators - monthly data,ok,sdmx,6,602,0,"",2026-07-21
EI_BSFS_M,Financial services confidence indicator and survey results - monthly data,ok,sdmx,6,218,0,"",2026-07-21
EI_BSFS_Q,Financial services survey results - quarterly data,ok,sdmx,6,89,0,"",2026-07-21
EI_BSIN_M_R2,Industry confidence indicator and survey results - monthly data,ok,sdmx,6,606,0,"",2026-07-21
EI_BSIN_Q_R2,Industry survey results - quarterly data,ok,sdmx,5,235,0,"",2026-07-21
EI_BSLH_M_R2,Labour hoarding indicators - monthly data,ok,sdmx,6,601,0,"",2026-07-21
EI_BSRT_M_R2,Retail trade confidence indicator and survey results - monthly data,ok,sdmx,6,554,0,"",2026-07-21
EI_BSSE_M_R2,Services confidence indicator and survey results - monthly data,ok,sdmx,6,506,0,"",2026-07-21
EI_BSSE_Q_R2,Services survey results - quarterly data,ok,sdmx,6,146,0,"",2026-07-21
EI_BSSI_M_R2,Economic sentiment and confidence indicators by sector - monthly data,ok,sdmx,5,602,0,"",2026-07-21
EI_CPHI_M,Harmonised index of consumer prices - monthly data,ok,sdmx,5,445,0,"",2026-07-21
EI_ETEA_M,Euro area international trade - monthly data,ok,sdmx,7,360,0,"",2026-07-21
EI_ETEU27_2020_M,EU27 (from 2020) international trade - monthly data,ok,sdmx,7,365,0,"",2026-07-21
EI_HPPI_Q,House price index (2025 = 100) - quarterly data,ok,sdmx,5,139,0,"",2026-07-21
EI_ISBR_M,Construction growth rates by NACE Rev. 2 activity - monthly data,ok,sdmx,6,617,0,"",2026-07-21
EI_ISBU_M,Construction - monthly data - index (2015 = 100) (NACE Rev. 2),ok,sdmx,7,624,0,"",2026-07-21
EI_ISBU_Q,Construction index by NACE Rev. 2 activity - quarterly data,ok,sdmx,7,248,0,"",2026-07-21
EI_ISEN_M,Energy - monthly data,ok,sdmx,5,287,0,"",2026-07-21
EI_ISIND_Q,Industry index by NACE Rev. 2 activity - quarterly data,ok,sdmx,7,217,0,"",2026-07-21
EI_ISIN_M,Industry - monthly data - index (2015 = 100) (NACE Rev. 2),ok,sdmx,7,639,0,"",2026-07-21
EI_ISIR_M,Industry growth rates by NACE Rev. 2 activity - monthly data,ok,sdmx,6,631,0,"",2026-07-21
EI_ISPPE_Q,Service producer prices growth rates - quarterly data,ok,sdmx,7,186,0,"",2026-07-21
EI_ISPPI_Q,Service producer prices index - quarterly data,ok,sdmx,7,186,0,"",2026-07-21
EI_ISRR_M,Retail trade growth rates by NACE Rev. 2 activity - monthly data,ok,sdmx,6,483,0,"",2026-07-21
EI_ISRT_M,Retail trade index by NACE Rev. 2 activity - monthly data,ok,sdmx,7,489,0,"",2026-07-21
EI_ISRT_Q,Retail trade index by NACE Rev. 2 activity - quarterly data,ok,sdmx,7,201,0,"",2026-07-21
EI_ISSET_Q,Turnover in services index - quarterly data,ok,sdmx,7,190,0,"",2026-07-21
EI_ISSE_Q,Turnover in services growth rates by NACE Rev. 2 activity - quarterly data,ok,sdmx,7,190,0,"",2026-07-21
EI_ISSPR_M,Production in services growth rates by NACE Rev. 2 activity - monthly data,ok,sdmx,7,376,0,"",2026-07-21
EI_ISSP_M,Production in services index by NACE Rev. 2 activity - monthly data,ok,sdmx,7,377,0,"",2026-07-21
EI_ISSP_Q,Production in services index by NACE Rev. 2 activity - quarterly data,ok,sdmx,7,164,0,"",2026-07-21
EI_IS_M_VTG,Industrial production - monthly data - vintages from 2021 onwards,ok,sdmx,7,1264,0,"",2026-07-21
EI_IS_M_VTGFIX,Industrial production - monthly data - vintages from 2001 to 2020,ok,sdmx,7,3149,0,"",2026-07-21
EI_LMHR_M,Unemployment rate (%) - monthly data,ok,sdmx,6,581,0,"",2026-07-21
EI_LMHU_M,Unemployment (1 000) - monthly data,ok,sdmx,6,581,0,"",2026-07-21
EI_LMJV_Q_R2,Job vacancy rate - quarterly data,ok,sdmx,7,168,0,"",2026-07-21
EI_LMLC_Q,"Labour cost index, nominal value - quarterly data",ok,sdmx,8,204,0,"",2026-07-21
EI_LM_M_VTG,Unemployment - monthly data - vintages from 2021 onwards,ok,sdmx,8,861,0,"",2026-07-21
EI_LM_M_VTGFIX,Unemployment - monthly data - vintages from 2001 to 2020,ok,sdmx,8,1845,0,"",2026-07-21
EI_MFEF_M,Effective exchange rates indices - monthly data,ok,sdmx,5,389,0,"",2026-07-21
EI_MFIR_M,Interest rates - monthly data,ok,sdmx,6,613,0,"",2026-07-21
EI_MFRT_M,Euro/Ecu exchange rates - monthly data,ok,sdmx,5,379,0,"",2026-07-21
EI_NA_Q_VTG,Gross domestic product (GDP) - quarterly data - vintages based on ESA 2010,ok,sdmx,6,303,0,"",2026-07-21
ENPE_APRO_CPNH1,Crop production - ENP-East countries,ok,sdmx,5,34,0,"",2026-07-21
ENPE_APRO_MT_LS,Livestock - ENP-East countries,ok,sdmx,5,33,0,"",2026-07-21
ENPE_APRO_MT_P,Meat production - ENP-East countries,ok,sdmx,5,33,0,"",2026-07-21
ENPE_BOP_C6_A,Balance of payments - ENP-East countries,ok,sdmx,6,41,0,"",2026-07-21
ENPE_BOP_FDI6,Direct investment balance with the rest of the world - ENP-East countries,ok,sdmx,4,29,0,"",2026-07-21
ENPE_BOP_IIP6,Gross external debt of the whole economy - ENP-East countries,ok,sdmx,4,30,0,"",2026-07-21
ENPE_BOP_IIP6_SERV,"Gross external debt of the whole economy, relative to exports of goods and services - ENP-East countries",ok,sdmx,4,29,0,"",2026-07-21
ENPE_CPI,Consumer price index - ENP-East countries,ok,sdmx,4,29,0,"",2026-07-21
ENPE_DEMO_R_D3DENS,Population density on 1 January - ENP-East countries,ok,sdmx,4,29,0,"",2026-07-21
ENPE_EDAT_LFSE_03,Population (aged 30-34) who completed tertiary or equivalent education - ENP-East countries,ok,sdmx,5,28,0,"",2026-07-21
ENPE_EDAT_LFSE_14,Early leavers from education and training (aged 18-24) by sex - ENP-East countries,ok,sdmx,6,31,0,"",2026-07-21
ENPE_EDUC_FIGDP,Public expenditure on education - ENP-East countries,ok,sdmx,4,29,0,"",2026-07-21
ENPE_EDUC_UOE_ENRA02,Pupils and students enrolled by education level - ENP-East countries,ok,sdmx,5,42,0,"",2026-07-21
ENPE_EF_LUS_MAIN,Main farm land use - ENP-East countries,ok,sdmx,5,36,0,"",2026-07-21
ENPE_ENV_GHG,GHG emissions - ENP-East countries,ok,sdmx,4,27,0,"",2026-07-21
ENPE_ENV_WASACC,Persons served by municipal waste collection - % of population - ENP-East countries,ok,sdmx,4,26,0,"",2026-07-21
ENPE_ENV_WASGENM,Municipal waste generated - ENP-East countries,ok,sdmx,4,28,0,"",2026-07-21
ENPE_ENV_WAT_COV,Population connected to public water supply - ENP-East countries,ok,sdmx,4,26,0,"",2026-07-21
ENPE_ENV_WAT_USE,Annual freshwater use - ENP-East countries,ok,sdmx,4,28,0,"",2026-07-21
ENPE_EXT_BAL,Trade balance - ENP-East countries,ok,sdmx,5,31,0,"",2026-07-21
ENPE_EXT_INTRO,Share of imports and exports in EU27 trade - ENP-East countries,ok,sdmx,5,30,0,"",2026-07-21
ENPE_EXT_SITC,Trade in goods by SITC product group - ENP-East countries,ok,sdmx,7,44,0,"",2026-07-21
ENPE_FISH_CA_MAIN,Fish catches - ENP-East countries,ok,sdmx,4,26,0,"",2026-07-21
ENPE_GOV_10DD,Government deficit/surplus and debt - ENP-East countries,ok,sdmx,5,32,0,"",2026-07-21
ENPE_HLTH_EXP,Health care expenditure - % of GDP - ENP-East countries,ok,sdmx,4,26,0,"",2026-07-21
ENPE_ILC_DI03,Median equivalised net income - EUR per person - ENP-East countries,ok,sdmx,5,27,0,"",2026-07-21
ENPE_ILC_DI11,Income quintile share ratio - S80/S20 - ENP-East countries,ok,sdmx,4,28,0,"",2026-07-21
ENPE_ILC_DI12,Gini coefficient - ENP-East countries,ok,sdmx,5,28,0,"",2026-07-21
ENPE_ILC_LI01,"Relative poverty threshold after social transfers, income per month - ENP-East countries",ok,sdmx,4,28,0,"",2026-07-21
ENPE_ILC_LI09,"Proportion of persons at risk of relative poverty, before social transfers by sex - ENP-East countries",ok,sdmx,5,28,0,"",2026-07-21
ENPE_ILC_LI09A,Proportion of persons at risk of relative poverty (after transfers) - ENP-East countries,ok,sdmx,4,27,0,"",2026-07-21
ENPE_IRT_LD,Loan and deposit one year interest rate - ENP-East countries,ok,sdmx,5,31,0,"",2026-07-21
ENPE_IRT_LT_GBY10,Government bond yields - 10 years' maturity - ENP-East countries,ok,sdmx,4,28,0,"",2026-07-21
ENPE_IRT_ST,Money market interest rates - ENP-East countries,ok,sdmx,4,29,0,"",2026-07-21
ENPE_ISOC_CIWEB,Enterprises having a website or homepage - % of total enteprises - ENP-East countries,ok,sdmx,4,29,0,"",2026-07-21
ENPE_ISOC_CI_CM_PS,Enterprises using computers - % of total enteprises - ENP-East countries,ok,sdmx,4,28,0,"",2026-07-21
ENPE_ISOC_CI_IFP_FU,Frequency of internet use by individuals (aged 16-74) - ENP-East countries,ok,sdmx,6,31,0,"",2026-07-21
ENPE_ISOC_CI_IN_ENS,Enterprises with internet access - % of total enteprises - ENP-East countries,ok,sdmx,4,29,0,"",2026-07-21
ENPE_ISOC_CI_IN_H,Percentage of households having internet access at home - ENP-East countries,ok,sdmx,4,29,0,"",2026-07-21
ENPE_ISOC_CI_IT_H,Internet penetration by type of internet - per 100 persons - ENP-East countries,ok,sdmx,5,28,0,"",2026-07-21
ENPE_ISOC_PENRT,Fixed telephone line and mobile phone penetration rate - ENP-East countries,ok,sdmx,5,30,0,"",2026-07-21
ENPE_ISOC_SK_SKL_I,Proportion of youths and adults (aged 16-74) by type of ICT skills - ENP-East countries,ok,sdmx,5,22,0,"",2026-07-21
ENPE_LFSA_ACT,Share of employed persons (aged 15 and over) by economic activity (NACE Rev.2) - ENP-East countries,ok,sdmx,5,32,0,"",2026-07-21
ENPE_LFSA_ARGAED,Activity rates by sex and age - ENP-East countries,ok,sdmx,6,33,0,"",2026-07-21
ENPE_LFSA_ERGAN,Employment and employment rates (aged 20-64) by sex - ENP-East countries,ok,sdmx,6,33,0,"",2026-07-21
ENPE_LFSA_URGAN,Unemployment rates by sex and age - ENP-East countries,ok,sdmx,6,34,0,"",2026-07-21
ENPE_LFSA_URGAN2,Long-term unemployment rates by sex - ENP-East countries,ok,sdmx,5,31,0,"",2026-07-21
ENPE_MAR_GO,Gross weight of goods handled - ENP-East countries,ok,sdmx,4,27,0,"",2026-07-21
ENPE_MON_RES,Money supply and official reserves - ENP-East countries,ok,sdmx,5,33,0,"",2026-07-21
ENPE_NAMA_10_A10,Gross value added by industry - ENP-East countries,ok,sdmx,5,32,0,"",2026-07-21
ENPE_NAMA_10_GDP,Gross domestic product at market prices - ENP-East countries,ok,sdmx,4,31,0,"",2026-07-21
ENPE_NAMA_10_GDP_EA,Gross domestic product at market prices by expenditure - ENP-East countries,ok,sdmx,5,37,0,"",2026-07-21
ENPE_NAMA_10_LP,Labour productivity in GDP (constant prices) per person employed - ENP-East countries,ok,sdmx,4,28,0,"",2026-07-21
ENPE_NAMA_10_PE,Employment growth (domestic concept) - ENP-East countries,ok,sdmx,4,27,0,"",2026-07-21
ENPE_NAMA_10_ULC,Nominal unit labour cost growth - ENP-East countries,ok,sdmx,4,27,0,"",2026-07-21
ENPE_NAMA_GDP_EXT,External balance of goods and services - ENP-East countries,ok,sdmx,5,29,0,"",2026-07-21
ENPE_NRG_GIC,Gross inland consumption of energy - ENP-East countries,ok,sdmx,4,28,0,"",2026-07-21
ENPE_NRG_IMP,Net imports of energy products - ENP-East countries,ok,sdmx,4,25,0,"",2026-07-21
ENPE_NRG_INTEN,Energy intensity of the economy (2015=100) - ENP-East countries,ok,sdmx,4,26,0,"",2026-07-21
ENPE_NRG_PPRD,Primary production by source of energy - ENP-East countries,ok,sdmx,5,33,0,"",2026-07-21
ENPE_NRG_PRCHH,Electricity and gas prices for households - ENP-East countries,ok,sdmx,5,30,0,"",2026-07-21
ENPE_NRG_PROD,Energy productivity - ENP-East countries,ok,sdmx,4,26,0,"",2026-07-21
ENPE_NRG_RNEW,Share of renewable energy in gross final energy consumption - ENP-East countries,ok,sdmx,4,28,0,"",2026-07-21
ENPE_RAIL_GO,Goods transported by rail - ENP-East countries,ok,sdmx,4,28,0,"",2026-07-21
ENPE_RAIL_IF,Length of rail lines - ENP-East countries,ok,sdmx,4,25,0,"",2026-07-21
ENPE_RD_E_GERDFUND,Gross domestic expenditure on R&D (GERD) - ENP-East countries,ok,sdmx,4,28,0,"",2026-07-21
ENPE_RD_E_GERDSEC,Gross domestic expenditure on R&D (GERD) by source of funding - ENP-East countries,ok,sdmx,5,31,0,"",2026-07-21
ENPE_RD_P_PERS,Share of R&D personnel in total employment - ENP-East countries,ok,sdmx,4,24,0,"",2026-07-21
ENPE_REG_AREA3,Total area - ENP-East countries,ok,sdmx,5,31,0,"",2026-07-21
ENPE_ROAD_EQS_CAR,Passenger cars - ENP-East countries,ok,sdmx,4,27,0,"",2026-07-21
ENPE_ROAD_GO,Road freight transport - ENP-East countries,ok,sdmx,4,28,0,"",2026-07-21
ENPE_ROAD_IF,Length of roads network - ENP-East countries,ok,sdmx,5,30,0,"",2026-07-21
ENPE_ROAD_PA,Passenger road transport - ENP-East countries,ok,sdmx,4,28,0,"",2026-07-21
ENPE_SPR_EXP,Social protection expenditure excluding administrative costs (including health expenditure) - % of GDP - ENP-East countries,ok,sdmx,4,26,0,"",2026-07-21
ENPE_STS_INCOPR,Industrial and construction production volume index - calendar adjusted - ENP-East countries,ok,sdmx,5,31,0,"",2026-07-21
ENPE_STS_INPPD,Domestic industrial production price index - ENP-East countries,ok,sdmx,4,22,0,"",2026-07-21
ENPE_STS_NFEMP,Persons employed within the non-financial business economy by size class - ENP-East countries,ok,sdmx,5,31,0,"",2026-07-21
ENPE_STS_TRTU,Services turnover index - calendar adjusted - ENP-East countries,ok,sdmx,5,31,0,"",2026-07-21
ENPE_STS_TRTU1,Retail trade volume of sales index (deflated turnover) - ENP-East countries,ok,sdmx,4,24,0,"",2026-07-21
ENPE_TOUR_CAP_NAT,Number of bed places in hotels and similar accomodation - ENP-East countries,ok,sdmx,4,28,0,"",2026-07-21
ENPE_TOUR_DEM_TTTOT,Departures of residents going abroad for all holidays and business - ENP-East countries,ok,sdmx,4,28,0,"",2026-07-21
ENPE_TOUR_OCC_ARNAT,Arrivals of non-residents at hotels and similar accomodation establishments - ENP-East countries,ok,sdmx,4,28,0,"",2026-07-21
ENPE_WG_M,Average nominal monthly wages and salaries - ENP-East countries,ok,sdmx,4,28,0,"",2026-07-21
ENPS_APRO_CPNH1,Crop production - ENP-South countries,ok,sdmx,5,56,0,"",2026-07-21
ENPS_APRO_MT_LS,Livestock - ENP-South countries,ok,sdmx,5,40,0,"",2026-07-21
ENPS_APRO_MT_P,Meat production - ENP-South countries,ok,sdmx,5,37,0,"",2026-07-21
ENPS_AVIA_FR,Freight and mail air transport (including national transport) - ENP-South countries,ok,sdmx,5,31,0,"",2026-07-21
ENPS_AVIA_IF,Number of airports - ENP-South countries,ok,sdmx,4,31,0,"",2026-07-21
ENPS_AVIA_PA,Air passenger transport - ENP-South countries,ok,sdmx,5,35,0,"",2026-07-21
ENPS_AVIA_TYP,Commercial aircraft fleet by type of aircraft - ENP-South countries,ok,sdmx,5,34,0,"",2026-07-21
ENPS_BOP_C6_A,Balance of payments - ENP-South countries,ok,sdmx,7,57,0,"",2026-07-21
ENPS_BOP_FDI6,Direct investment balance with the rest of the world - ENP-South countries,ok,sdmx,4,28,0,"",2026-07-21
ENPS_BOP_IIP6,Gross external debt of the whole economy - ENP-South countries,ok,sdmx,4,27,0,"",2026-07-21
ENPS_CPI,Consumer price index - ENP-South countries,ok,sdmx,4,33,0,"",2026-07-21
ENPS_DEMO_DENS,Population density - ENP-South countries,ok,sdmx,4,31,0,"",2026-07-21
ENPS_DEMO_FRATE1,Fertility rate - ENP-South countries,ok,sdmx,4,30,0,"",2026-07-21
ENPS_DEMO_GIND,"Crude rate of birth, of dead and of population change - ENP-South countries",ok,sdmx,5,34,0,"",2026-07-21
ENPS_DEMO_INFANT,Infant mortality rate by sex - ENP-South countries,ok,sdmx,5,34,0,"",2026-07-21
ENPS_DEMO_MLEXPEC,Life expectancy at birth by sex - ENP-South countries,ok,sdmx,5,34,0,"",2026-07-21
ENPS_DEMO_NIND,Mean age at first marriage by sex - ENP-South countries,ok,sdmx,5,32,0,"",2026-07-21
ENPS_DEMO_PJANGR,Population on 1 January by sex and age group - ENP-South countries,ok,sdmx,6,45,0,"",2026-07-21
ENPS_DEMO_PJANGRY,Average population mid-year by sex and age group - ENP-South countries,ok,sdmx,6,37,0,"",2026-07-21
ENPS_DEMO_UNDER5,Mortality rate (under age 5) by sex - ENP-South countries,ok,sdmx,5,33,0,"",2026-07-21
ENPS_EDAT_LFSE3,Population (aged 20-24) who completed at least an upper secondary educational attainment level (ISCED 2011 level 3) by sex - ENP-South countries,ok,sdmx,6,32,0,"",2026-07-21
ENPS_EDAT_LFSE4,Population (aged 25 and over) by sex and educational attainment level - ENP-South countries,ok,sdmx,7,32,0,"",2026-07-21
ENPS_EDUC_COMPRATE,School completion rate at ISCED 1 level by sex - ENP-South countries,ok,sdmx,5,33,0,"",2026-07-21
ENPS_EDUC_COMPYR,Net enrolment rates by sex and education level - ENP-South countries,ok,sdmx,4,32,0,"",2026-07-21
ENPS_EDUC_ENRATE,Net enrolment rates by sex and education level - ENP-South countries,ok,sdmx,6,36,0,"",2026-07-21
ENPS_EDUC_FIGDP,Public expenditure on education - ENP-South countries,ok,sdmx,4,25,0,"",2026-07-21
ENPS_EDUC_LTR,Literacy rate by sex and age group - ENP-South countries,ok,sdmx,6,34,0,"",2026-07-21
ENPS_EDUC_PARITY,Gender parity index by education level - ENP-South countries,ok,sdmx,5,33,0,"",2026-07-21
ENPS_EF_LUS_MAIN,Main farm land use - ENP-South countries,ok,sdmx,5,33,0,"",2026-07-21
ENPS_ENV_AIR_EMIS,Air pollutants - ENP-South countries,ok,sdmx,5,34,0,"",2026-07-21
ENPS_ENV_WASACC,Population served by municipal waste - ENP-South countries,ok,sdmx,5,30,0,"",2026-07-21
ENPS_ENV_WASGENH,Generation of waste by households - ENP-South countries,ok,sdmx,5,26,0,"",2026-07-21
ENPS_ENV_WASGENM,Municipal waste generated - ENP-South countries,ok,sdmx,4,30,0,"",2026-07-21
ENPS_ENV_WASGENP,Municipal waste per inhabitant - ENP-South countries,ok,sdmx,4,29,0,"",2026-07-21
ENPS_ENV_WASTRT,Treatment of municipal waste - ENP-South countries,ok,sdmx,5,32,0,"",2026-07-21
ENPS_ENV_WAT_ABS,Annual freshwater abstraction by source - ENP-South countries,ok,sdmx,5,33,0,"",2026-07-21
ENPS_ENV_WAT_CAT,Water use by economic activity - ENP-South countries,ok,sdmx,5,36,0,"",2026-07-21
ENPS_ENV_WAT_COV,Population connected to public water supply - ENP-South countries,ok,sdmx,4,31,0,"",2026-07-21
ENPS_ENV_WW_CON,Population connected to wastewater collection and treatment systems - ENP-South countries,ok,sdmx,5,31,0,"",2026-07-21
ENPS_EXT_SITC,Trade value in goods by SITC product group - ENP-South countries,ok,sdmx,7,47,0,"",2026-07-21
ENPS_FISH_AQ2A,Aquaculture production by aquatic environment - ENP-South countries,ok,sdmx,5,31,0,"",2026-07-21
ENPS_FISH_CA_MAIN,Fish catches by fishing areas - ENP-South countries,ok,sdmx,5,33,0,"",2026-07-21
ENPS_GOV_10DD,Government deficit/surplus and debt - ENP-South countries,ok,sdmx,5,33,0,"",2026-07-21
ENPS_GOV_10DDE,Total economy deficit/surplus - ENP-South countries,ok,sdmx,4,27,0,"",2026-07-21
ENPS_ILC_DI11,Income quintile share ratio - S80/S20 - ENP-South countries,ok,sdmx,4,28,0,"",2026-07-21
ENPS_ILC_DI12,Gini coefficient - ENP-South countries,ok,sdmx,5,29,0,"",2026-07-21
ENPS_ILC_NATLN,Poverty headcount ratio by sex (proportion of persons below the national poverty line) - ENP-South countries,ok,sdmx,5,32,0,"",2026-07-21
ENPS_ILC_SANIT,Households with sustainable access to improved sanitation by simplified degree of urbanisation - ENP-South countries,ok,sdmx,5,33,0,"",2026-07-21
ENPS_ILC_SECURE,Households with access to secure tenure by simplified degree of urbanisation - ENP-South countries,ok,sdmx,5,21,0,"",2026-07-21
ENPS_LFSA_ACT,Share of employment (persons aged 15 and over) by NACE Rev. 2 activity - ENP-South countries,ok,sdmx,5,33,0,"",2026-07-21
ENPS_LFSA_ARGAED,Activity rates (aged 15-64) by sex - ENP-South countries,ok,sdmx,6,35,0,"",2026-07-21
ENPS_LFSA_EGAPS,Employment by professional status - ENP-South countries,ok,sdmx,5,31,0,"",2026-07-21
ENPS_LFSA_ERGAN,Employment rates (aged 15-64) by sex - ENP-South countries,ok,sdmx,6,34,0,"",2026-07-21
ENPS_LFSA_GAP,Gender gap for unemployment rate (aged 25-74) - ENP-South countries,ok,sdmx,4,31,0,"",2026-07-21
ENPS_LFSA_GAPLG,Gender gap for long-term unemployment rate (aged 15-74) - ENP-South countries,ok,sdmx,4,29,0,"",2026-07-21
ENPS_LFSA_PGANWS,Total employment by age group - ENP-South countries,ok,sdmx,5,32,0,"",2026-07-21
ENPS_LFSA_PPSEC,"Persons employed (aged 20-64) in the public and private sector - % of total employed persons, ENP-South countries",ok,sdmx,5,30,0,"",2026-07-21
ENPS_LFSA_URGAN,Unemployment rates by sex and age - ENP-South countries,ok,sdmx,6,37,0,"",2026-07-21
ENPS_LFSA_URGAN2,Long-term unemployment rates by sex – ENP-South countries,ok,sdmx,5,33,0,"",2026-07-21
ENPS_MAR_EQ1000,Number of ships of 1000 GT and over by type of vessel - ENP-South countries,ok,sdmx,5,34,0,"",2026-07-21
ENPS_MAR_EQ300,Number of ships of 300 GT and over - ENP-South countries,ok,sdmx,4,23,0,"",2026-07-21
ENPS_MAR_EQTON,Carrying capacity of merchant ships of 1000 GT and over by vessel type - ENP-South countries,ok,sdmx,5,32,0,"",2026-07-21
ENPS_MAR_FRDIR,Gross weight of goods handled in all ports by direction - ENP-South countries,ok,sdmx,5,32,0,"",2026-07-21
ENPS_MAR_PADIR,Passengers embarked and disembarked (excluding cruises) in all ports by direction - ENP-South countries,ok,sdmx,5,32,0,"",2026-07-21
ENPS_MAR_POR,Number of principal ports - ENP-South countries,ok,sdmx,4,31,0,"",2026-07-21
ENPS_NAMA_10_A10,Gross value added by industry - ENP-South countries,ok,sdmx,5,34,0,"",2026-07-21
ENPS_NAMA_10_GDP,Gross domestic product at market prices - ENP-South countries,ok,sdmx,4,34,0,"",2026-07-21
ENPS_NAMA_10_GDP_EA,Gross domestic product at market prices by expenditure - ENP-South countries,ok,sdmx,5,40,0,"",2026-07-21
ENPS_NAMA_10_PC,Gross domestic product (GDP) per capita - ENP-South countries,ok,sdmx,4,32,0,"",2026-07-21
ENPS_NAMA_GDP_EXT,"External balance of goods and services - % per GDP, ENP-South countries",ok,sdmx,5,30,0,"",2026-07-21
ENPS_NRG_BAL_C,Energy balance - ENP-South countries,ok,sdmx,5,38,0,"",2026-07-21
ENPS_NRG_BAL_C1,Final energy consumption by sector - ENP-South countries,ok,sdmx,5,34,0,"",2026-07-21
ENPS_NRG_GIC,Gross inland consumption of energy - ENP-Sounth countries,ok,sdmx,4,31,0,"",2026-07-21
ENPS_NRG_IMP,Net imports of energy products - ENP-South countries,ok,sdmx,4,31,0,"",2026-07-21
ENPS_NRG_PPRD,Primary production by energy source - ENP-South countries,ok,sdmx,5,39,0,"",2026-07-21
ENPS_NRG_PRCHH,Electricity and gas prices for households - ENP-South countries,ok,sdmx,5,31,0,"",2026-07-21
ENPS_NRG_RNEW,Share of renewable energy in gross final energy consumption - ENP-South countries,ok,sdmx,4,27,0,"",2026-07-21
ENPS_RAIL_EQ,Number of railway vehicles per type - ENP-South countries,ok,sdmx,5,34,0,"",2026-07-21
ENPS_RAIL_FR,Rail freight traffic - ENP-South countries,ok,sdmx,4,32,0,"",2026-07-21
ENPS_RAIL_IF,Length of rail network - ENP-South countries,ok,sdmx,4,32,0,"",2026-07-21
ENPS_RAIL_PA,Rail passenger traffic - ENP-South countries,ok,sdmx,4,32,0,"",2026-07-21
ENPS_REG_AREA3,Total area - ENP-South countries,ok,sdmx,5,33,0,"",2026-07-21
ENPS_ROAD_EQS_CAR,Stock of vehicles by category - ENP-South countries,ok,sdmx,5,38,0,"",2026-07-21
ENPS_ROAD_GO,Road freight transport - ENP-South countries,ok,sdmx,4,24,0,"",2026-07-21
ENPS_ROAD_IF,Length of roads network - ENP-South countries,ok,sdmx,5,33,0,"",2026-07-21
ENPS_TOUR_BORDER,Arrivals of tourists at the border - ENP-South countries,ok,sdmx,4,29,0,"",2026-07-21
ENPS_TOUR_CAP_NAT,Tourism infrastructure - ENP-South countries,ok,sdmx,6,35,0,"",2026-07-21
ENPS_TOUR_CAP_NATB,Bed places in hotels and similar accommodation - ENP-South countries,ok,sdmx,4,31,0,"",2026-07-21
ENPS_TOUR_DEM_TTTOT,Departures of residents going abroad for all holidays and business - ENP-South countries,ok,sdmx,4,29,0,"",2026-07-21
ENPS_TOUR_OCC_ARNAT,Arrivals at tourism accommodation establishments by type of accommodation - ENP-South countries,ok,sdmx,6,34,0,"",2026-07-21
ENPS_TOUR_OCC_NINAT,Nights spent at tourism accommodation establishments - ENP-South countries,ok,sdmx,5,32,0,"",2026-07-21
ENPS_TRAN_SF_R,Persons killed in road accidents - ENP-South countries,ok,sdmx,4,32,0,"",2026-07-21
ENV_AC_AEINT_R2,Air emissions intensities by NACE Rev. 2 activity,ok,sdmx,7,172,0,"",2026-07-21
ENV_AC_AIBRID_R2,Air emissions accounts totals bridging to emission inventory totals,ok,sdmx,6,110,0,"",2026-07-21
ENV_AC_AIBRID_RD,Air emissions accounts related to road transport - totals bridging to emission inventory totals,ok,sdmx,6,79,0,"",2026-07-21
ENV_AC_AIGG_Q,Air emissions accounts for greenhouse gases by NACE Rev. 2 activity - quarterly data,ok,sdmx,7,110,0,"",2026-07-21
ENV_AC_AINAH_R2,Air emissions accounts by NACE Rev. 2 activity,ok,sdmx,6,178,0,"",2026-07-21
ENV_AC_AINAH_R2$DV_3245,Air emissions accounts by NACE Rev. 2 activity,error,"",0,0,1,"HTTPStatusError: Client error '404 Not Found' for url 'https://ec.europa.eu/eurostat/api/dissemination/sdmx/2.1/datastructure/ESTAT/ENV_AC_AINAH_R2$DV_3245'
For more information check: https://develop",2026-07-21
ENV_AC_AINAH_RD,Air emissions accounts related to road transport by NACE Rev. 2 activity,ok,sdmx,6,151,0,"",2026-07-21
ENV_AC_CCMINV,Investments in climate change mitigation by NACE Rev. 2 activity,ok,sdmx,6,64,0,"",2026-07-21
ENV_AC_CEPSGC1,Intermediate consumption of environmental protection services by institutional sector and NACE Rev. 2 activity,ok,sdmx,7,84,0,"",2026-07-21
ENV_AC_CEPSGH1,Final consumption expenditure on environmental protection services by institutional sector,ok,sdmx,6,68,0,"",2026-07-21
ENV_AC_CH4FP,"Methane emission footprints (CH4 in CO2 equivalent, FIGARO application)",ok,sdmx,7,200,0,"",2026-07-21
ENV_AC_CO2FP,Carbon dioxide emission footprints (FIGARO application),ok,sdmx,7,200,0,"",2026-07-21
ENV_AC_CUR,Circular material use rate,ok,sdmx,4,51,0,"",2026-07-21
ENV_AC_CURM,Circular material use rate by material type,ok,sdmx,5,29,0,"",2026-07-21
ENV_AC_EGSS1,Employment in the environmental goods and services sector (2000-2023),ok,sdmx,8,121,0,"",2026-07-21
ENV_AC_EGSS2,"Production, value added and exports in the environmental goods and services sector (2000-2023)",ok,sdmx,8,126,0,"",2026-07-21
ENV_AC_EGSS3,"Production, value added and employment by industry groups in the environmental goods and services sector (2000-2023)",ok,sdmx,8,40,0,"",2026-07-21
ENV_AC_EPIAP1,Environmental protection investments of corporations as ancillary producers by environmental protection activity and NACE Rev. 2 activity,ok,sdmx,7,82,0,"",2026-07-21
ENV_AC_EPIGG1,Environmental protection investments of general government by environmental protection activity,ok,sdmx,5,65,0,"",2026-07-21
ENV_AC_EPISSP1,Environmental protection investments of corporations as specialist and secondary producers by environmental protection activity,ok,sdmx,5,68,0,"",2026-07-21
ENV_AC_EPITE1,Environmental protection investments of total economy,ok,sdmx,4,51,0,"",2026-07-21
ENV_AC_EPNEIS1,National expenditure on environmental protection by institutional sector,ok,sdmx,5,60,0,"",2026-07-21
ENV_AC_EPTRF1,Environmental protection transfers by environmental protection activity and institutional sector,ok,sdmx,7,75,0,"",2026-07-21
ENV_AC_GHGFP,"Greenhouse gas emission footprints (in CO2 equivalent, FIGARO application)",ok,sdmx,7,200,0,"",2026-07-21
ENV_AC_GHGFP$DV_3246,"Greenhouse gas emission footprints (in CO2 equivalent, FIGARO application)",error,"",0,0,1,"HTTPStatusError: Client error '404 Not Found' for url 'https://ec.europa.eu/eurostat/api/dissemination/sdmx/2.1/datastructure/ESTAT/ENV_AC_GHGFP$DV_3246'
For more information check: https://developer.",2026-07-21
ENV_AC_HFCFP,"Hydrofluorocarbon emission footprints (HFC in CO2 equivalent, FIGARO application)",ok,sdmx,7,200,0,"",2026-07-21
ENV_AC_IO10,Air emission footprints (domestic technology assumption),ok,sdmx,8,113,0,"",2026-07-21
ENV_AC_LANDFP,Land use footprints,ok,sdmx,6,22,0,"",2026-07-21
ENV_AC_MFA,Material flow accounts,ok,sdmx,6,158,0,"",2026-07-21
ENV_AC_MFABI,Material flow accounts - balancing items,ok,sdmx,5,86,0,"",2026-07-21
ENV_AC_MFADPO,Material flow accounts - domestic processed output,ok,sdmx,5,112,0,"",2026-07-21
ENV_AC_MFAIN,Material flow accounts - main indicators,ok,sdmx,5,85,0,"",2026-07-21
ENV_AC_MID,Material import dependency,ok,sdmx,5,79,0,"",2026-07-21
ENV_AC_N2OFP,"Nitrous oxide emission footprints (N2O in CO2 equivalent, FIGARO application)",ok,sdmx,7,200,0,"",2026-07-21
ENV_AC_NF3SF6FP,"Nitrogen trifluoride and sulphur hexafluoride emission footprints (NF3-SF6 in CO2 equivalent, FIGARO application)",ok,sdmx,7,200,0,"",2026-07-21
ENV_AC_PEFA04,Key indicators of physical energy flow accounts by NACE Rev. 2 activity,ok,sdmx,6,160,0,"",2026-07-21
ENV_AC_PEFA04$DV_3261,Key indicators of physical energy flow accounts by NACE Rev. 2 activity,error,"",0,0,1,"HTTPStatusError: Client error '404 Not Found' for url 'https://ec.europa.eu/eurostat/api/dissemination/sdmx/2.1/datastructure/ESTAT/ENV_AC_PEFA04$DV_3261'
For more information check: https://developer",2026-07-21
ENV_AC_PEFA05,Physical energy flow accounts totals bridging to energy balances totals,ok,sdmx,5,75,0,"",2026-07-21
ENV_AC_PEFAFP,Energy footprints (domestic technology assumption),ok,sdmx,8,97,0,"",2026-07-21
ENV_AC_PEFASU,Energy supply and use by NACE Rev. 2 activity,ok,sdmx,7,192,0,"",2026-07-21
ENV_AC_PEPSGG1,Production of environmental protection services of general government by economic characteristics,ok,sdmx,6,77,0,"",2026-07-21
ENV_AC_PEPSNS1,Production of environmental protection services of corporations as ancillary producers by economic characteristics and NACE Rev. 2 activity,ok,sdmx,7,88,0,"",2026-07-21
ENV_AC_PEPSSP1,Production of environmental protection services of corporations as specialist and secondary producers by economic characteristics,ok,sdmx,6,81,0,"",2026-07-21
ENV_AC_PFCFP,"Perfluorocarbon emission footprints (PFC in CO2 equivalent, FIGARO application)",ok,sdmx,7,200,0,"",2026-07-21
ENV_AC_RME,Material footprints - main indicators,ok,sdmx,6,131,0,"",2026-07-22
ENV_AC_RMEFD,Material footprints - details by final use of products,ok,sdmx,7,158,0,"",2026-07-22
ENV_AC_RP,Resource productivity,ok,sdmx,4,67,0,"",2026-07-22
ENV_AC_SD,Material flows for circular economy - Sankey diagram data,ok,sdmx,6,66,0,"",2026-07-22
ENV_AC_TAX,Environmental tax revenues,ok,sdmx,5,72,0,"",2026-07-22
ENV_AC_TAXENER,Energy taxes by paying sector,ok,sdmx,5,73,0,"",2026-07-22
ENV_AC_TAXENER$DV_3262,Energy taxes by paying sector,error,"",0,0,1,"HTTPStatusError: Client error '404 Not Found' for url 'https://ec.europa.eu/eurostat/api/dissemination/sdmx/2.1/datastructure/ESTAT/ENV_AC_TAXENER$DV_3262'
For more information check: https://develope",2026-07-22
ENV_AC_TAXIND2,Environmental taxes by economic activity (NACE Rev. 2),ok,sdmx,6,150,0,"",2026-07-22
ENV_AIR_EMIS,Air pollutants by source sector,ok,sdmx,6,232,0,"",2026-07-22
ENV_AIR_EMIS$DV_446,Air pollutants by source sector,error,"",0,0,1,"HTTPStatusError: Client error '404 Not Found' for url 'https://ec.europa.eu/eurostat/api/dissemination/sdmx/2.1/datastructure/ESTAT/ENV_AIR_EMIS$DV_446'
For more information check: https://developer.m",2026-07-22
ENV_AIR_EMIS_IND,Air pollutants by source sector aggregated for indicator sets,ok,sdmx,6,87,0,"",2026-07-22
ENV_AIR_GGE,Greenhouse gas emissions by source sector,ok,sdmx,6,247,0,"",2026-07-22
ENV_AIR_GGE$DV_447,Greenhouse gas emissions by source sector,error,"",0,0,1,"HTTPStatusError: Client error '404 Not Found' for url 'https://ec.europa.eu/eurostat/api/dissemination/sdmx/2.1/datastructure/ESTAT/ENV_AIR_GGE$DV_447'
For more information check: https://developer.mo",2026-07-22
ENV_AIR_NO2,"Nitrogen dioxide concentrations in European capital cities - monthly averages, experimental statistics",ok,sdmx,5,136,0,"",2026-07-22
ENV_BIO2,Common farmland bird index,ok,sdmx,4,62,0,"",2026-07-22
ENV_BIO3,Common bird indices by type of estimate,ok,sdmx,6,47,0,"",2026-07-22
ENV_BIO4,Protected areas,ok,sdmx,5,46,0,"",2026-07-22
ENV_BIO5,Proportion of fish stocks sustainably exploited,ok,sdmx,5,30,0,"",2026-07-22
ENV_CC_MINV,"Investments in climate change mitigation by environmental purpose (CEP), NACE Rev. 2 activity and institutional sector",ok,sdmx,8,77,0,"",2026-07-22
ENV_CHMHAZ,Production and consumption of chemicals by hazard class,ok,sdmx,6,36,0,"",2026-07-22
ENV_EGSS_EMP,Employment in the environmental goods and service sector,ok,sdmx,8,134,0,"",2026-07-22
ENV_EGSS_MON,"Production, value added and exports in the environmental goods and service sector",ok,sdmx,8,140,0,"",2026-07-22
ENV_EPEA_CFIN,Final consumption expenditure on environmental protection services by institutional sector and environmental purpose,ok,sdmx,6,71,0,"",2026-07-22
ENV_EPEA_CINT,"Intermediate consumption of environmental protection services by institutional sector, NACE Rev. 2 activity and environmental purpose",ok,sdmx,7,86,0,"",2026-07-22
ENV_EPEA_INVAP,Environmental protection investments of corporations as ancillary producers by NACE Rev. 2 activity and environmental purpose,ok,sdmx,7,85,0,"",2026-07-22
ENV_EPEA_INVGG,Environmental protection investments of general government and NPISH by environmental purpose,ok,sdmx,5,67,0,"",2026-07-22
ENV_EPEA_INVSP,Environmental protection investments of corporations as specialist and secondary producers by environmental purpose,ok,sdmx,5,69,0,"",2026-07-22
ENV_EPEA_INVTE,Environmental protection investments of total economy,ok,sdmx,4,47,0,"",2026-07-22
ENV_EPEA_NEEP,National expenditure on environmental protection by institutional sector and environmental purpose,ok,sdmx,6,74,0,"",2026-07-22
ENV_EPEA_PAP,"Production of environmental protection services by corporations as ancillary producers, by economic characteristics, NACE Rev. 2 activity and environmental purpose",ok,sdmx,7,91,0,"",2026-07-22
ENV_EPEA_PGG,"Production of environmental protection services by general government and NPISH, by economic characteristics and environmental purpose",ok,sdmx,6,78,0,"",2026-07-22
ENV_EPEA_PSP,"Production of environmental protection services by corporations as specialist and secondary producers, by economic characteristics and environmental purpose",ok,sdmx,6,80,0,"",2026-07-22
ENV_EPEA_TRF,Environmental protection transfers by institutional sector and environmental purpose,ok,sdmx,7,76,0,"",2026-07-22
ENV_ESST_CEPGG,"Environmental subsidies and similar transfers from general government, by environmental activity, sector of recipient and ESA category of transfer",ok,sdmx,7,87,0,"",2026-07-22
ENV_ESST_CEPGGCP,"Environmental subsidies and similar transfers from general government to corporations, by environmental activity, ESA category of transfer and NACE Rev. 2 activity of recipient",ok,sdmx,7,89,0,"",2026-07-22
ENV_ESST_CEPRW,"Environmental subsidies and similar transfers from the rest of the world to the domestic economy, by environmental activity and ESA category of transfer",ok,sdmx,6,77,0,"",2026-07-22
ENV_ESST_GG,"Environmental subsidies and similar transfers from general government, by environmental activity, sector of recipient and ESA category of transfer (2011-2022)",ok,sdmx,7,64,0,"",2026-07-22
ENV_ESST_GG$DV_3263,"Environmental subsidies and similar transfers from general government, by environmental activity, sector of recipient and ESA category of transfer (2011-2022)",error,"",0,0,1,"HTTPStatusError: Client error '404 Not Found' for url 'https://ec.europa.eu/eurostat/api/dissemination/sdmx/2.1/datastructure/ESTAT/ENV_ESST_GG$DV_3263'
For more information check: https://developer.m",2026-07-22
ENV_ESST_GGCP,"Environmental subsidies and similar transfers from general government to corporations, by environmental activity, ESA category of transfer and NACE Rev. 2 activity of recipient (2011-2022)",ok,sdmx,7,67,0,"",2026-07-22
ENV_ESST_RW,"Environmental subsidies and similar transfers from the Rest of the World to the domestic economy, by environmental activity and ESA category of transfer (2011-2022)",ok,sdmx,6,56,0,"",2026-07-22
ENV_LANDFP_DOM,Domestic land use in the EU by product,ok,sdmx,8,149,0,"",2026-07-22
ENV_LANDFP_EXP,Land use embodied in EU exports by product (HS 2022),ok,sdmx,8,536,0,"",2026-07-22
ENV_LANDFP_IMP,Land use embodied in imports into the EU by product (HS 2022),ok,sdmx,8,714,0,"",2026-07-22
ENV_TRDRRM,Trade in recyclable raw materials by partner,ok,sdmx,7,292,0,"",2026-07-22
ENV_WASBAT,Recycling of batteries and accumulators,ok,sdmx,6,55,0,"",2026-07-22
ENV_WASELEE,Waste electrical and electronic equipment (WEEE) by waste management operations,ok,sdmx,6,76,0,"",2026-07-22
ENV_WASELEE$DV_3022,Waste electrical and electronic equipment (WEEE) by waste management operations,error,"",0,0,1,"HTTPStatusError: Client error '404 Not Found' for url 'https://ec.europa.eu/eurostat/api/dissemination/sdmx/2.1/datastructure/ESTAT/ENV_WASELEE$DV_3022'
For more information check: https://developer.m",2026-07-22
ENV_WASELEEOS,"Waste electrical and electronic equipment (WEEE) by waste management operations - open scope, 6 product categories (from 2018 onwards)",ok,sdmx,6,78,0,"",2026-07-22
ENV_WASELEEOS$DV_3021,"Waste electrical and electronic equipment (WEEE) by waste management operations - open scope, 6 product categories (from 2018 onwards)",error,"",0,0,1,"HTTPStatusError: Client error '404 Not Found' for url 'https://ec.europa.eu/eurostat/api/dissemination/sdmx/2.1/datastructure/ESTAT/ENV_WASELEEOS$DV_3021'
For more information check: https://developer",2026-07-22
ENV_WASELV,End-of-life vehicles by waste management operations - detailed data,ok,sdmx,6,76,0,"",2026-07-22
ENV_WASELVT,"End-of-life vehicles - reuse, recycling and recovery, totals",ok,sdmx,5,59,0,"",2026-07-22
ENV_WASFAC,Number and capacity of recovery and disposal facilities by NUTS 2 region,ok,sdmx,5,613,0,"",2026-07-22
ENV_WASFLOW,"Management of waste excluding major mineral waste, by waste management operations and waste flow",ok,sdmx,6,50,0,"",2026-07-22
ENV_WASFW,Food waste and food waste prevention by NACE Rev. 2 activity - tonnes of fresh mass,ok,sdmx,7,45,0,"",2026-07-22
ENV_WASFW$DV_3265,Food waste and food waste prevention by NACE Rev. 2 activity - tonnes of fresh mass,error,"",0,0,1,"HTTPStatusError: Client error '404 Not Found' for url 'https://ec.europa.eu/eurostat/api/dissemination/sdmx/2.1/datastructure/ESTAT/ENV_WASFW$DV_3265'
For more information check: https://developer.moz",2026-07-22
ENV_WASGEN,"Generation of waste by waste category, hazardousness and NACE Rev. 2 activity",ok,sdmx,7,127,0,"",2026-07-22
ENV_WASGEN$DV_3264,"Generation of waste by waste category, hazardousness and NACE Rev. 2 activity",error,"",0,0,1,"HTTPStatusError: Client error '404 Not Found' for url 'https://ec.europa.eu/eurostat/api/dissemination/sdmx/2.1/datastructure/ESTAT/ENV_WASGEN$DV_3264'
For more information check: https://developer.mo",2026-07-22
ENV_WASMUN,Municipal waste by waste management operations,ok,sdmx,5,81,0,"",2026-07-22
ENV_WASOBL,Municipal waste reporting obligation,ok,sdmx,6,66,0,"",2026-07-22
ENV_WASOPER,"Management of waste excluding major mineral waste, by waste management operations",ok,sdmx,5,47,0,"",2026-07-22
ENV_WASPAC,Packaging waste by waste management operations,ok,sdmx,6,85,0,"",2026-07-22
ENV_WASPACR,"Recycling rates of packaging waste for monitoring compliance with policy targets, by type of packaging",ok,sdmx,5,71,0,"",2026-07-22
ENV_WASPB,Sales and collection of portable batteries and accumulators,ok,sdmx,6,53,0,"",2026-07-22
ENV_WASPCB,Consumption of lightweight plastic carrier bags by their wall thickness,ok,sdmx,5,45,0,"",2026-07-22
ENV_WASSD,Management of waste by waste management operations and type of material - Sankey diagram data,ok,sdmx,6,63,0,"",2026-07-22
ENV_WASSHIP,"Transboundary shipments of notified waste by partner, hazardousness and waste management operations",ok,sdmx,8,224,0,"",2026-07-22
ENV_WASTRDMP,Trade in waste by type of material and partner,ok,sdmx,7,292,0,"",2026-07-22
ENV_WASTRT,"Treatment of waste by waste category, hazardousness and waste management operations",ok,sdmx,7,111,0,"",2026-07-22
ENV_WATABS_RB,Water abstraction by river basin district (RBD),ok,sdmx,6,355,0,"",2026-07-22
ENV_WATRES_RB,Freshwater resources by river basin district (RBD),ok,sdmx,5,316,0,"",2026-07-22
ENV_WATUSE_RB,Water use by river basin district (RBD),ok,sdmx,6,259,0,"",2026-07-22
ENV_WAT_ABS,Annual freshwater abstraction by source and sector,ok,sdmx,6,104,0,"",2026-07-22
ENV_WAT_BAL,Water use balance,ok,sdmx,6,111,0,"",2026-07-22
ENV_WAT_CAT,Water use by supply category and economical sector,ok,sdmx,6,95,0,"",2026-07-22
ENV_WAT_CAT$DV_3266,Water use by supply category and economical sector,error,"",0,0,1,"HTTPStatusError: Client error '404 Not Found' for url 'https://ec.europa.eu/eurostat/api/dissemination/sdmx/2.1/datastructure/ESTAT/ENV_WAT_CAT$DV_3266'
For more information check: https://developer.m",2026-07-22
ENV_WAT_IND,Water use in the manufacturing industry by activity and supply category,ok,sdmx,6,87,0,"",2026-07-22
ENV_WAT_LTAA,Renewable freshwater resources - long term annual averages,ok,sdmx,5,53,0,"",2026-07-22
ENV_WAT_POP,Population connected to public water supply,ok,sdmx,5,63,0,"",2026-07-22
ENV_WAT_POP$DV_3268,Population connected to public water supply,error,"",0,0,1,"HTTPStatusError: Client error '404 Not Found' for url 'https://ec.europa.eu/eurostat/api/dissemination/sdmx/2.1/datastructure/ESTAT/ENV_WAT_POP$DV_3268'
For more information check: https://developer.m",2026-07-22
ENV_WAT_RES,Renewable freshwater resources,ok,sdmx,5,91,0,"",2026-07-22
ENV_WAT_USE,Water made available for use,ok,sdmx,6,102,0,"",2026-07-22
ENV_WW_CON,Population connected to wastewater treatment plants,ok,sdmx,5,94,0,"",2026-07-22
ENV_WW_CON$DV_3267,Population connected to wastewater treatment plants,error,"",0,0,1,"HTTPStatusError: Client error '404 Not Found' for url 'https://ec.europa.eu/eurostat/api/dissemination/sdmx/2.1/datastructure/ESTAT/ENV_WW_CON$DV_3267'
For more information check: https://developer.mo",2026-07-22
ENV_WW_GENP,Generation and discharge of wastewater by pollutant,ok,sdmx,6,97,0,"",2026-07-22
ENV_WW_GENV,Generation and discharge of wastewater in volume,ok,sdmx,5,112,0,"",2026-07-22
ENV_WW_GENV$DV_3269,Generation and discharge of wastewater in volume,error,"",0,0,1,"HTTPStatusError: Client error '404 Not Found' for url 'https://ec.europa.eu/eurostat/api/dissemination/sdmx/2.1/datastructure/ESTAT/ENV_WW_GENV$DV_3269'
For more information check: https://developer.m",2026-07-22
ENV_WW_SPD,Sewage sludge production and disposal,ok,sdmx,6,88,0,"",2026-07-22
EQ_DSKL07,Individuals' level of digital skills by sex and age,ok,sdmx,6,65,0,"",2026-07-22
EQ_DSKL08,Individuals' level of digital skills by country of birth,ok,sdmx,6,61,0,"",2026-07-22
EQ_DSKL09,Individuals' level of digital skills by country of citizenship,ok,sdmx,6,61,0,"",2026-07-22
EQ_FER05,Live births,ok,sdmx,4,70,0,"",2026-07-22
EQ_MOR06,Deaths by sex,ok,sdmx,4,70,0,"",2026-07-22
EQ_POP02,Population structure by sex,ok,sdmx,4,68,0,"",2026-07-22
EQ_POP03,Population structure by detailed age group,ok,sdmx,4,71,0,"",2026-07-22
EQ_POP04,Median age by sex,ok,sdmx,4,69,0,"",2026-07-22
EQ_WDISC,Perception of discrimination in cities,ok,sdmx,5,97,0,"",2026-07-22
ERT_BIL_CONV_A,Conversion factors for euro fixed series into euro/ECU - annual data,ok,sdmx,4,79,0,"",2026-07-22
ERT_BIL_CONV_M,Conversion factors for euro fixed series into euro/ECU - monthly data,ok,sdmx,4,690,0,"",2026-07-22
ERT_BIL_CONV_Q,Conversion factors for euro fixed series into euro/ECU - quarterly data,ok,sdmx,4,246,0,"",2026-07-22
ERT_BIL_EUR_A,Euro/ECU exchange rates - annual data,ok,sdmx,5,210,0,"",2026-07-22
ERT_BIL_EUR_A$DV_841,Euro/ECU exchange rates - annual data,error,"",0,0,1,"HTTPStatusError: Client error '404 Not Found' for url 'https://ec.europa.eu/eurostat/api/dissemination/sdmx/2.1/datastructure/ESTAT/ERT_BIL_EUR_A$DV_841'
For more information check: https://developer.",2026-07-22
ERT_BIL_EUR_A$DV_861,Euro/ECU exchange rates - annual data,error,"",0,0,1,"HTTPStatusError: Client error '404 Not Found' for url 'https://ec.europa.eu/eurostat/api/dissemination/sdmx/2.1/datastructure/ESTAT/ERT_BIL_EUR_A$DV_861'
For more information check: https://developer.",2026-07-22
ERT_BIL_EUR_D,Euro/ECU exchange rates - daily data,ok,sdmx,5,13874,0,"",2026-07-22
ERT_BIL_EUR_M,Euro/ECU exchange rates - monthly data,ok,sdmx,5,710,0,"",2026-07-22
ERT_BIL_EUR_Q,Euro/ECU exchange rates - quarterly data,ok,sdmx,5,264,0,"",2026-07-22
ERT_EFF_IC_A,Industrial countries' effective exchange rates - annual data,ok,sdmx,5,93,0,"",2026-07-22
ERT_EFF_IC_M,Industrial countries' effective exchange rates - monthly data,ok,sdmx,5,445,0,"",2026-07-22
ERT_EFF_IC_Q,Industrial countries' effective exchange rates - quarterly data,ok,sdmx,5,190,0,"",2026-07-22
ERT_H_EUR_A,Former euro area national currencies vs. euro/ECU - annual data,ok,sdmx,5,80,0,"",2026-07-22
ERT_H_EUR_D,Former euro area national currencies vs. euro/ECU - daily data,ok,sdmx,5,13306,0,"",2026-07-22
ERT_H_EUR_M,Former euro area national currencies vs. euro/ECU - monthly data,ok,sdmx,5,685,0,"",2026-07-22
ERT_H_EUR_Q,Former euro area national currencies vs. euro/ECU - quarterly data,ok,sdmx,5,245,0,"",2026-07-22
EXT_LT_INTERCC,International trade of EFTA and enlargement countries,ok,sdmx,6,56,0,"",2026-07-22
EXT_LT_INTERTRD,"International trade of EU, the euro area and the Member States by SITC product group",ok,sdmx,6,77,0,"",2026-07-22
EXT_LT_INTRATRD,Intra and Extra-EU trade by Member State and by product group,ok,sdmx,6,73,0,"",2026-07-22
EXT_LT_INTROEU27_2020,Share of European Union EU27 (from 2020) in the World Trade,ok,sdmx,5,51,0,"",2026-07-22
EXT_LT_INVCUR,Trade shares by invoicing currency (from 2010 onwards),ok,sdmx,8,71,0,"",2026-07-22
EXT_LT_MAINAGRI,"Extra-EU trade of food, drinks and tobacco (SITC 0+1) by partner",ok,sdmx,6,264,0,"",2026-07-22
EXT_LT_MAINCHEM,Extra-EU trade of chemicals and related products (SITC 5) by partner,ok,sdmx,6,264,0,"",2026-07-22
EXT_LT_MAINEU,Extra-EU trade by partner,ok,sdmx,6,264,0,"",2026-07-22
EXT_LT_MAINEZ,Extra-Euro area trade by partner and by SITC product group,ok,sdmx,6,280,0,"",2026-07-22
EXT_LT_MAINMACH,Extra-EU trade of machinery and transport equipment (SITC 7) by partner,ok,sdmx,6,264,0,"",2026-07-22
EXT_LT_MAINMANU,Extra-EU trade of other manufactured goods (SITC 6+8) by partner,ok,sdmx,6,264,0,"",2026-07-22
EXT_LT_MAINMINE,"Extra-EU trade of mineral fuels, lubricants and related materials (SITC 3) by partner",ok,sdmx,6,264,0,"",2026-07-22
EXT_LT_MAINRAWM,"Extra EU trade of raw materials (SITC 2+4), by partner",ok,sdmx,6,264,0,"",2026-07-22
EXT_SER_BEC01,Services trade by broad economic categories (BEC Rev.5),ok,sdmx,7,64,0,"",2026-07-22
EXT_SER_MOS,"International supply of services by modes, type of product (EBOPS 2010) and partner country",ok,sdmx,8,167,0,"",2026-07-22
EXT_STEC01,Services trade by enterprise characteristics (STEC) by NACE Rev. 2 activities and enterprise size class,ok,sdmx,8,69,0,"",2026-07-22
EXT_STEC02,Services trade by enterprise characteristics (STEC) by EBOPS 2010 items and NACE Rev. 2 activities,ok,sdmx,8,109,0,"",2026-07-22
EXT_STEC02$DV_3101,Services trade by enterprise characteristics (STEC) by EBOPS 2010 items and NACE Rev. 2 activities,error,"",0,0,1,"HTTPStatusError: Client error '404 Not Found' for url 'https://ec.europa.eu/eurostat/api/dissemination/sdmx/2.1/datastructure/ESTAT/EXT_STEC02$DV_3101'
For more information check: https://developer.mo",2026-07-22
EXT_STEC03,Services trade by enterprise characteristics (STEC) by NACE Rev. 2 activities and type of ownership,ok,sdmx,8,68,0,"",2026-07-22
EXT_ST_27_2020MSBEC,Member States EU27 (from 2020) trade by BEC product group,ok,sdmx,7,346,0,"",2026-07-22
EXT_ST_EABEC,Euro area trade by BEC product group,ok,sdmx,7,317,0,"",2026-07-22
EXT_ST_EASITC,Euro area trade by SITC product group,ok,sdmx,7,388,0,"",2026-07-22
EXT_ST_EFTACC,"Macro series for EFTA, enlargement countries and Northern Ireland (raw data and growth rates)",ok,sdmx,7,327,0,"",2026-07-22
EXT_ST_EU27_2020BEC,EU27 (from 2020) trade by BEC product group,ok,sdmx,7,316,0,"",2026-07-22
EXT_ST_EU27_2020SITC,EU27 (from 2020) trade by SITC product group,ok,sdmx,7,381,0,"",2026-07-22
EXT_TEC01,Trade by NACE Rev. 2 activity and enterprise size class,ok,sdmx,8,110,0,"",2026-07-22
EXT_TEC02,Concentration of trade by NACE Rev. 2 activity,ok,sdmx,8,70,0,"",2026-07-22
EXT_TEC03,Trade by partner country and NACE Rev. 2 activity,ok,sdmx,7,140,0,"",2026-07-22
EXT_TEC04,Trade by number of partner countries and NACE Rev. 2 activity,ok,sdmx,8,73,0,"",2026-07-22
EXT_TEC05,Trade by commodity and NACE Rev. 2 activity,ok,sdmx,8,133,0,"",2026-07-22
EXT_TEC06,Trade by type of trader,ok,sdmx,8,107,0,"",2026-07-22
EXT_TEC07,Trade by type of ownership,ok,sdmx,8,108,0,"",2026-07-22
EXT_TEC08,Trade by exports intensity,ok,sdmx,8,110,0,"",2026-07-22
EXT_TEC09,Trade by NACE Rev. 2 activity sector,ok,sdmx,7,289,0,"",2026-07-22
EXT_TEC10,Trade by partner country and enterprise size class,ok,sdmx,7,141,0,"",2026-07-22
EXT_TIC02,Trade shares by invoicing currency with additional currency and SITC product group breakdowns (from 2021 onwards),ok,sdmx,8,101,0,"",2026-07-22
FATS_ACTIV,Foreign controlled EU enterprises by NACE Rev. 2 activity and country of control (from 2021 onwards),ok,sdmx,6,153,0,"",2026-07-22
FATS_ACTIV_RD,Research and development variables in foreign controlled EU enterprises by NACE Rev. 2 activity (B-F) and country of control (from 2021 onwards),ok,sdmx,6,103,0,"",2026-07-22
FATS_CTRL,Foreign controlled EU enterprises by detailed breakdown of countries of control (from 2021 onwards),ok,sdmx,6,306,0,"",2026-07-22
FATS_CTRL_RD,Research and development variables in foreign controlled EU enterprises by detailed breakdown of country of control (from 2021 onwards),ok,sdmx,6,281,0,"",2026-07-22
FATS_G1A_03,Foreign control of enterprises by economic activity and a selection of controlling countries (2003-2007),ok,sdmx,6,224,0,"",2026-07-22
FATS_G1A_08,Foreign control of enterprises by economic activity and a selection of controlling countries (2008-2020),ok,sdmx,6,255,0,"",2026-07-22
FATS_G1A_RD,"Foreign control of enterprises - research and development characteristics by economic activity (NACE Rev. 2, B-F) and a selection of controlling countries (2009-2019)",ok,sdmx,6,141,0,"",2026-07-22
FATS_G1B_03,Foreign control of enterprises by controlling countries (2003-2007),ok,sdmx,6,302,0,"",2026-07-22
FATS_G1B_08,Foreign control of enterprises by controlling countries (2008-2020),ok,sdmx,6,327,0,"",2026-07-22
FATS_G1B_RD,Foreign control of enterprises: research and development characteristics by controlling countries (2011-2019),ok,sdmx,6,291,0,"",2026-07-22
FATS_OUT1,Outward FATS - experimental data (2004-2006),ok,sdmx,6,346,0,"",2026-07-22
FATS_OUT2,Outward FATS - main variables (2007-2009),ok,sdmx,6,347,0,"",2026-07-22
FATS_OUT2_R2,"Outward FATS, main variables - NACE Rev. 2 activity (2010-2020)",ok,sdmx,6,388,0,"",2026-07-22
FATS_OUT3,Outward FATS - additional variables (2008-2009),ok,sdmx,6,318,0,"",2026-07-22
FATS_OUT_ACTIV,Foreign affiliates of the EU enterprises by NACE Rev. 2 activity and country of the affiliates (from 2021 onwards),ok,sdmx,6,153,0,"",2026-07-22
FATS_OUT_DOM,Foreign controlling EU enterprises and domestic affiliates by NACE Rev. 2 activity (from 2021 onwards),ok,sdmx,5,83,0,"",2026-07-22
FATS_OUT_PART,Foreign affiliates of the EU enterprises by detailed breakdown of country of the affiliates (from 2021 onwards),ok,sdmx,6,287,0,"",2026-07-22
FISH_AQ2A,Production from aquaculture excluding hatcheries and nurseries (from 2008 onwards),ok,sdmx,8,362,0,"",2026-07-22
FISH_AQ2B,Production of fish eggs for human consumption from aquaculture (from 2008 onwards),ok,sdmx,8,129,0,"",2026-07-22
FISH_AQ3,Input to capture-based aquaculture (from 2008 onwards),ok,sdmx,5,208,0,"",2026-07-22
FISH_AQ4A,Production of hatcheries and nurseries at eggs stage in life cycle (from 2008 onwards),ok,sdmx,6,181,0,"",2026-07-22
FISH_AQ4B,Production of hatcheries and nurseries at juveniles stage in life cycle (from 2008 onwards),ok,sdmx,6,279,0,"",2026-07-22
FISH_AQ_Q,Aquaculture production in quantities (1984-2007) - tonnes live weight,ok,sdmx,7,313,0,"",2026-07-22
FISH_AQ_QH,Aquaculture production in quantities (1950-1983) - tonnes live weight,ok,sdmx,7,281,0,"",2026-07-22
FISH_AQ_V,Aquaculture production in values (1984-2007) - 1 000 euro,ok,sdmx,7,295,0,"",2026-07-22
FISH_CA_ANT48,Catches - Antarctic - Atlantic,ok,sdmx,6,165,0,"",2026-07-22
FISH_CA_ANT58,Catches - Antarctic - Indian Ocean,ok,sdmx,6,104,0,"",2026-07-22
FISH_CA_ANT88,Catches - Antarctic - Pacific,ok,sdmx,6,119,0,"",2026-07-22
FISH_CA_ANT90,Catches - Antarctic - Total,ok,sdmx,6,176,0,"",2026-07-22
FISH_CA_ATL21,Catches - north-west Atlantic (from 2000 onwards),ok,sdmx,6,312,0,"",2026-07-22
FISH_CA_ATL21_H,Catches - north-west Atlantic,ok,sdmx,6,262,0,"",2026-07-22
FISH_CA_ATL27,Catches - north-east Atlantic (from 2000 onwards),ok,sdmx,6,1510,0,"",2026-07-22
FISH_CA_ATL271,Catches - north-east Atlantic (1950-1984),ok,sdmx,6,877,0,"",2026-07-22
FISH_CA_ATL272,Catches - north-east Atlantic (1985-1999),ok,sdmx,6,829,0,"",2026-07-22
FISH_CA_ATL31,Catches - West-central Atlantic,ok,sdmx,6,128,0,"",2026-07-22
FISH_CA_ATL34,Catches - east-central Atlantic (from 2000 onwards),ok,sdmx,6,837,0,"",2026-07-22
FISH_CA_ATL34_H,Catches - east-central Atlantic,ok,sdmx,6,332,0,"",2026-07-22
FISH_CA_ATL37,Catches - Mediterranean and Black Sea (from 2000 onwards),ok,sdmx,6,1063,0,"",2026-07-22
FISH_CA_ATL37_H,Catches - Mediterranean and Black Sea,ok,sdmx,6,344,0,"",2026-07-22
FISH_CA_ATL41,Catches - south-west Atlantic (from 2000 onwards),ok,sdmx,6,324,0,"",2026-07-22
FISH_CA_ATL41_H,Catches - south-west Atlantic,ok,sdmx,6,217,0,"",2026-07-22
FISH_CA_ATL47,Catches - south-east Atlantic (from 2000 onwards),ok,sdmx,6,384,0,"",2026-07-22
FISH_CA_ATL47_H,Catches - south-east Atlantic,ok,sdmx,6,241,0,"",2026-07-22
FISH_CA_IND51,Catches - west Indian Ocean (from 2000 onwards),ok,sdmx,6,423,0,"",2026-07-22
FISH_CA_IND51_H,Catches - west Indian Ocean,ok,sdmx,6,191,0,"",2026-07-22
FISH_CA_IND57,Catches - east Indian Ocean,ok,sdmx,6,102,0,"",2026-07-22
FISH_CA_INW09,Catches - inland waters,ok,sdmx,6,280,0,"",2026-07-22
FISH_CA_MAIN,Catches - major fishing areas (from 2000 onwards),ok,sdmx,6,1897,0,"",2026-07-22
FISH_CA_MAIN_H,Catches - major fishing areas,ok,sdmx,6,1074,0,"",2026-07-22
FISH_CA_PAC61,Catches - north-west Pacific,ok,sdmx,6,97,0,"",2026-07-22
FISH_CA_PAC67,Catches - north-east Pacific,ok,sdmx,6,101,0,"",2026-07-22
FISH_CA_PAC71,Catches - west-central Pacific,ok,sdmx,6,85,0,"",2026-07-22
FISH_CA_PAC77,Catches - east-central Pacific,ok,sdmx,6,118,0,"",2026-07-22
FISH_CA_PAC81,Catches - south-west Pacific,ok,sdmx,6,149,0,"",2026-07-22
FISH_CA_PAC87,Catches - south-east Pacific,ok,sdmx,6,187,0,"",2026-07-22
FISH_FLEET_ALT,"Fishing fleet by age, length and gross tonnage",ok,sdmx,7,103,0,"",2026-07-22
FISH_FLEET_GP,Fishing fleet by type of gear and engine power,ok,sdmx,6,91,0,"",2026-07-22
FISH_LD_BE,Landings of fishery products in Belgium,ok,sdmx,8,184,0,"",2026-07-22
FISH_LD_BG,Landings of fishery products in Bulgaria,ok,sdmx,8,109,0,"",2026-07-22
FISH_LD_CY,Landings of fishery products in Cyprus,ok,sdmx,8,284,0,"",2026-07-22
FISH_LD_DE,Landings of fishery products in Germany,ok,sdmx,8,260,0,"",2026-07-22
FISH_LD_DK,Landings of fishery products in Denmark,ok,sdmx,8,347,0,"",2026-07-22
FISH_LD_EE,Landings of fishery products in Estonia,ok,sdmx,8,139,0,"",2026-07-22
FISH_LD_EL,Landings of fishery products in Greece,ok,sdmx,8,186,0,"",2026-07-22
FISH_LD_ES,Landings of fishery products in Spain,ok,sdmx,8,1334,0,"",2026-07-22
FISH_LD_FI,Landings of fishery products in Finland,ok,sdmx,8,84,0,"",2026-07-22
FISH_LD_FR,Landings of fishery products in France,ok,sdmx,8,634,0,"",2026-07-22
FISH_LD_HR,Landings of fishery products in Croatia,ok,sdmx,8,215,0,"",2026-07-22
FISH_LD_IE,Landings of fishery products in Ireland,ok,sdmx,8,457,0,"",2026-07-22
FISH_LD_IS,Landings of fishery products in Iceland,ok,sdmx,8,163,0,"",2026-07-22
FISH_LD_IT,Landings of fishery products in Italy,ok,sdmx,8,437,0,"",2026-07-22
FISH_LD_LT,Landings of fishery products in Lithuania,ok,sdmx,8,158,0,"",2026-07-22
FISH_LD_LV,Landings of fishery products in Latvia,ok,sdmx,8,110,0,"",2026-07-22
FISH_LD_MAIN,Landings of fishery products - main data,ok,sdmx,8,1808,0,"",2026-07-22
FISH_LD_MT,Landings of fishery products in Malta,ok,sdmx,8,340,0,"",2026-07-22
FISH_LD_NL,Landings of fishery products in the Netherlands,ok,sdmx,8,491,0,"",2026-07-22
FISH_LD_NO,Landings of fishery products in Norway,ok,sdmx,8,325,0,"",2026-07-22
FISH_LD_PL,Landings of fishery products in Poland,ok,sdmx,8,129,0,"",2026-07-22
FISH_LD_PT,Landings of fishery products in Portugal,ok,sdmx,8,711,0,"",2026-07-22
FISH_LD_RO,Landings of fishery products in Romania,ok,sdmx,8,84,0,"",2026-07-22
FISH_LD_SE,Landings of fishery products in Sweden,ok,sdmx,8,312,0,"",2026-07-22
FISH_LD_SI,Landings of fishery products in Slovenia,ok,sdmx,8,226,0,"",2026-07-22
FISH_LD_UK,Landings of fishery products in the United Kingdom,ok,sdmx,8,392,0,"",2026-07-22
FOBS_AGE,"Enterprises managed by the founder, by entrepreneur age (2005)",ok,sdmx,6,175,0,"",2026-07-22
FOBS_BRA,"Enterprises managed by the founder, by branch experience (2005)",ok,sdmx,6,153,0,"",2026-07-22
FOBS_EDU,"Enterprises managed by the founder, by education attainment level of the entrepreneur (2005)",ok,sdmx,6,178,0,"",2026-07-22
FOBS_ENT,"Enterprises managed by the founder, by experience managing an enterprise (2005)",ok,sdmx,6,154,0,"",2026-07-22
FOBS_GEN,"Enterprises managed by the founder, by sex of the entrepreneur (2005)",ok,sdmx,6,178,0,"",2026-07-22
FOBS_ISC,"Enterprises managed by the founder, by birth size class (number of employees) (2005)",ok,sdmx,6,186,0,"",2026-07-22
FOBS_SSC,"Enterprises managed by the founder, by survival size class (number of employees) (2005)",ok,sdmx,6,186,0,"",2026-07-22
FOR_AREA,Area of wooded land (FAO),ok,sdmx,5,48,0,"",2026-07-22
FOR_AREA_EFA,Area of wooded land (EFA questionnaire),ok,sdmx,6,86,0,"",2026-07-22
FOR_AWU,Annual work units in forestry and logging,ok,sdmx,5,75,0,"",2026-07-22
FOR_BASIC,"Roundwood, fuelwood and other basic products",ok,sdmx,7,95,0,"",2026-07-22
FOR_ECO_CP,Economic aggregates of forestry,ok,sdmx,5,98,0,"",2026-07-22
FOR_EMP_LFS,Employed persons in forestry and forest-based industry - NACE Rev. 2 (2008-2026),ok,sdmx,8,75,0,"",2026-07-22
FOR_EMP_LFS1,Employed persons in forestry and forest-based industry - NACE Rev. 1.1 (1992-2008),ok,sdmx,8,70,0,"",2026-07-22
FOR_EMSUW,Monetary supply and use of wood in the rough,ok,sdmx,6,50,0,"",2026-07-22
FOR_EOUTPUT,Output of forestry by type,ok,sdmx,5,80,0,"",2026-07-22
FOR_EPSUW,Physical supply and use of wood in the rough over bark,ok,sdmx,8,55,0,"",2026-07-22
FOR_IRASS,Industrial roundwood by assortment,ok,sdmx,7,76,0,"",2026-07-22
FOR_IRSPEC,Industrial roundwood by species,ok,sdmx,7,83,0,"",2026-07-22
FOR_OWNER,Roundwood removals under bark by type of ownership,ok,sdmx,6,71,0,"",2026-07-22
FOR_PP,"Pulp, paper and paperboard",ok,sdmx,6,98,0,"",2026-07-22
FOR_PROFNC,Protective functions of forests,ok,sdmx,6,39,0,"",2026-07-22
FOR_PROTECT,Protected forests,ok,sdmx,6,41,0,"",2026-07-22
FOR_REMOV,Roundwood removals by type of wood and assortment,ok,sdmx,7,82,0,"",2026-07-22
FOR_SECPP,Secondary paper products,ok,sdmx,6,89,0,"",2026-07-22
FOR_SECWP,"Secondary wood products, trade",ok,sdmx,7,78,0,"",2026-07-22
FOR_SECWPP,"Secondary wood products, production",ok,sdmx,5,24,0,"",2026-07-22
FOR_SUP_CP,Supply and use of products within forestry,ok,sdmx,5,100,0,"",2026-07-22
FOR_SWPAN,Sawnwood and panels,ok,sdmx,7,89,0,"",2026-07-22
FOR_SWSPEC,Sawnwood trade by species,ok,sdmx,6,83,0,"",2026-07-22
FOR_TROP,Tropical wood imports to the EU from chapter 44 of the Harmonised System,ok,sdmx,5,70,0,"",2026-07-22
FOR_VOL,Volume of timber (FAO),ok,sdmx,5,47,0,"",2026-07-22
FOR_VOL_EFA,Volume of timber over bark (EFA questionnaire),ok,sdmx,6,87,0,"",2026-07-22
GBA_FUNDMOD,GBARD by type of funding,ok,sdmx,5,75,0,"",2026-07-22
GBA_NABSFIN07,GBARD by socioeconomic objectives (NABS 2007),ok,sdmx,5,104,0,"",2026-07-22
GBA_NABSFIN92,GBARD by socioeconomic objectives (NABS 1992) (1980-2007),ok,sdmx,5,205,0,"",2026-07-22
GBA_NABSTE,Share of GBARD in total general government expenditure,ok,sdmx,4,86,0,"",2026-07-22
GBA_TNCOOR,National public funding to transnationally coordinated R&D,ok,sdmx,5,70,0,"",2026-07-22
GBV_ANY_AGE,"Women who have experienced violence by any perpetrator, by age group",ok,sdmx,5,39,0,"",2026-07-22
GBV_ANY_CNQ,Women who have experienced violence by any perpetrator and consequences of violence,ok,sdmx,5,37,0,"",2026-07-22
GBV_ANY_CNQV,"Women who have experienced violence by any perpetrator, by consequences and type of perpetrator",ok,sdmx,6,40,0,"",2026-07-22
GBV_ANY_COB,"Women who have experienced violence by any perpetrator, by country of birth",ok,sdmx,5,36,0,"",2026-07-22
GBV_ANY_DU,"Women who have experienced violence by any perpetrator, by degree of urbanisation",ok,sdmx,5,33,0,"",2026-07-22
GBV_ANY_ED,"Women who have experienced violence by any perpetrator, by level of education",ok,sdmx,5,36,0,"",2026-07-22
GBV_ANY_FRQ,"Women who have experienced violence by any perpetrator, by type and frequency of violence",ok,sdmx,6,40,0,"",2026-07-22
GBV_ANY_INJOCC,"Women who have experienced violence by any perpetrator, by occurrence of injury",ok,sdmx,5,36,0,"",2026-07-22
GBV_ANY_LIM,"Women who have experienced violence by any perpetrator, by level of disability (activity limitation)",ok,sdmx,5,39,0,"",2026-07-22
GBV_ANY_OCC,"Women who have experienced violence by any perpetrator, by occurrence of the last episode",ok,sdmx,5,34,0,"",2026-07-22
GBV_ANY_PERP,"Women who have experienced violence by one or several types of perpetrators out of non-partner, current partner or former partner",ok,sdmx,5,35,0,"",2026-07-22
GBV_ANY_RDUR,"Women who experienced repeated violence by any perpetrator, by duration of violence",ok,sdmx,5,36,0,"",2026-07-22
GBV_ANY_ROFT,"Women who experienced repeated violence by any perpetrator, by periodicity of the violence",ok,sdmx,5,36,0,"",2026-07-22
GBV_ANY_RP,"Women who have experienced violence by any perpetrator, by person/support service to whom violence was reported",ok,sdmx,5,39,0,"",2026-07-22
GBV_ANY_TYPE,"Women who have experienced violence by any perpetrator, by type of violence",ok,sdmx,5,57,0,"",2026-07-22
GBV_AWR_LEG,"Women as victims/non-victims of violence, by awareness of free legal aid",ok,sdmx,6,37,0,"",2026-07-22
GBV_AWR_SERV,"Women as victims/non-victims of violence, by awareness of the existence of support services",ok,sdmx,6,37,0,"",2026-07-22
GBV_CH_AGE,"Women who have experienced sexual violence during childhood, by age group",ok,sdmx,5,38,0,"",2026-07-22
GBV_CH_PERP,"Women who have experienced sexual violence during childhood, by type of perpetrator",ok,sdmx,5,39,0,"",2026-07-22
GBV_CH_PH,"Women who have experienced physical violence by parents during childhood, by type of perpetrator",ok,sdmx,5,36,0,"",2026-07-22
GBV_CH_PHPS,"Women who have experienced physical or psychological violence during childhood, by type of perpetrator",ok,sdmx,5,36,0,"",2026-07-22
GBV_CH_PS,"Women who have experienced psychological violence by parents during childhood, by type of perpetrator",ok,sdmx,5,36,0,"",2026-07-22
GBV_CH_RP,"Women who have experienced sexual violence during childhood, by person/support service to whom violence was reported",ok,sdmx,5,36,0,"",2026-07-22
GBV_CH_VBP,"Women who have witnessed violence between parents during childhood, by type of perpetrator",ok,sdmx,6,39,0,"",2026-07-22
GBV_DV_AGE,"Women who have experienced violence by a domestic perpetrator, by age group",ok,sdmx,5,38,0,"",2026-07-22
GBV_DV_COB,"Women who have experienced violence by a domestic perpetrator, by country of birth",ok,sdmx,5,36,0,"",2026-07-22
GBV_DV_DU,"Women who have experienced violence by a domestic perpetrator, by degree of urbanisation",ok,sdmx,5,33,0,"",2026-07-22
GBV_DV_ED,"Women who have experienced violence by a domestic perpetrator, by level of education",ok,sdmx,5,36,0,"",2026-07-22
GBV_DV_LIM,"Women who have experienced violence by a domestic perpetrator, by level of disability (activity limitation)",ok,sdmx,5,39,0,"",2026-07-22
GBV_DV_OCC,"Women who have experienced violence by a domestic perpetrator, by occurrence of the last episode",ok,sdmx,5,37,0,"",2026-07-22
GBV_DV_TYPE,"Women who have experienced violence by a domestic perpetrator, by type of violence",ok,sdmx,5,43,0,"",2026-07-22
GBV_IPV_AGE,"Ever-partnered women who have experienced violence by an intimate partner, by age group",ok,sdmx,5,39,0,"",2026-07-23
GBV_IPV_CNQ,Ever-partnered women who have experienced violence by an intimate partner and consequences of violence,ok,sdmx,5,37,0,"",2026-07-23
GBV_IPV_COB,"Ever-partnered women who have experienced violence by an intimate partner, by country of birth",ok,sdmx,5,36,0,"",2026-07-23
GBV_IPV_COMM,Perception of women as victims/non-victims of intimate partner violence by commonness of this violence against women,ok,sdmx,6,39,0,"",2026-07-23
GBV_IPV_DU,"Ever-partnered women who have experienced violence by an intimate partner, by degree of urbanisation",ok,sdmx,5,33,0,"",2026-07-23
GBV_IPV_ECAGE,"Ever-partnered women who have experienced economic violence by an intimate partner, by age group",ok,sdmx,5,38,0,"",2026-07-23
GBV_IPV_ED,"Ever-partnered women who have experienced violence by an intimate partner, by level of education",ok,sdmx,5,36,0,"",2026-07-23
GBV_IPV_FRQ,"Ever-partnered women who have experienced violence by an intimate partner, by type and frequency of violence",ok,sdmx,6,40,0,"",2026-07-23
GBV_IPV_LIM,"Ever-partnered women who have experienced violence by an intimate partner, by level of disability (activity limitation)",ok,sdmx,5,39,0,"",2026-07-23
GBV_IPV_OCC,"Ever-partnered women who have experienced violence by an intimate partner, by occurrence of the last episode",ok,sdmx,6,40,0,"",2026-07-23
GBV_IPV_RDUR,"Ever-partnered women who have experienced repeated violence by an intimate partner, by duration of violence",ok,sdmx,5,36,0,"",2026-07-23
GBV_IPV_ROFT,"Ever-partnered women who have experienced repeated violence by an intimate partner, by periodicity of the violence",ok,sdmx,5,36,0,"",2026-07-23
GBV_IPV_RP,"Ever-partnered women who have experienced violence by an intimate partner, by person/support service to whom violence was reported",ok,sdmx,5,39,0,"",2026-07-23
GBV_IPV_RTOG,"Ever-partnered women who have experienced repeated violence by an intimate partner, that started while being together or after separation",ok,sdmx,5,35,0,"",2026-07-23
GBV_IPV_TYPE,"Ever-partnered women who have experienced violence by an intimate partner, by type of violence",ok,sdmx,5,59,0,"",2026-07-23
GBV_NPV_AGE,"Women who have experienced violence by a non-partner, by age group",ok,sdmx,5,39,0,"",2026-07-23
GBV_NPV_CNQ,Women who have experienced violence by a non-partner and consequences of violence,ok,sdmx,5,37,0,"",2026-07-23
GBV_NPV_COB,"Women who have experienced violence by a non-partner, by country of birth",ok,sdmx,5,36,0,"",2026-07-23
GBV_NPV_DU,"Women who have experienced violence by a non-partner, by degree of urbanisation",ok,sdmx,5,33,0,"",2026-07-23
GBV_NPV_ED,"Women who have experienced violence by a non-partner, by level of education",ok,sdmx,5,36,0,"",2026-07-23
GBV_NPV_FRQ,"Women who have experienced violence by a non-partner, by type and frequency of violence",ok,sdmx,6,40,0,"",2026-07-23
GBV_NPV_LIM,"Women who have experienced violence by a non-partner, by level of disability (activity limitation)",ok,sdmx,5,39,0,"",2026-07-23
GBV_NPV_OCC,"Women who have experienced violence by a non-partner, by occurrence of the last episode",ok,sdmx,5,37,0,"",2026-07-23
GBV_NPV_PERP,"Women who have experienced violence by a non-partner, by type of perpetrator",ok,sdmx,5,44,0,"",2026-07-23
GBV_NPV_RDUR,"Women who experienced repeated violence by a non-partner, by duration of violence",ok,sdmx,5,36,0,"",2026-07-23
GBV_NPV_ROFT,"Women who experienced repeated violence by a non-partner, by periodicity of the violence",ok,sdmx,5,36,0,"",2026-07-23
GBV_NPV_RP,"Women who have experienced violence by a non-partner, by person/support service to whom violence was reported",ok,sdmx,5,39,0,"",2026-07-23
GBV_NPV_TYPE,"Women who have experienced violence by a non-partner, by type of violence",ok,sdmx,5,58,0,"",2026-07-23
GBV_SHW_AGE,"Ever-working women who have experienced sexual harassment at work, by age group",ok,sdmx,5,39,0,"",2026-07-23
GBV_SHW_COMM,Perception of ever-working women as victims/non-victims of sexual harassment at work by commonness of harassment,ok,sdmx,6,39,0,"",2026-07-23
GBV_SHW_FRQ,"Ever-working women who have experienced sexual harassment at work, by frequency",ok,sdmx,5,35,0,"",2026-07-23
GBV_SHW_OCC,"Ever-working women who have experienced sexual harassment at work, by occurrence of the last episode",ok,sdmx,5,37,0,"",2026-07-23
GBV_SHW_PERP,"Ever-working women who have experienced sexual harassment at work, by type of male perpetrator",ok,sdmx,5,38,0,"",2026-07-23
GBV_SHW_RP,"Ever-working women who have experienced sexual harassment at work, by person/support service to whom violence was reported during last year",ok,sdmx,5,36,0,"",2026-07-23
GBV_SHW_SNWAGE,"Ever-working women who have experienced sexual harassment at work via social network and messages, by age group",ok,sdmx,5,38,0,"",2026-07-23
GBV_SHW_TYPE,"Ever-working women who have experienced sexual harassment at work, by type of violence",ok,sdmx,5,38,0,"",2026-07-23
GBV_ST_AGE,"Women who have experienced stalking, by age group",ok,sdmx,5,38,0,"",2026-07-23
GBV_ST_CNQ,"Women who have experienced stalking, by consequences of violence",ok,sdmx,5,36,0,"",2026-07-23
GBV_ST_OCC,"Women who have experienced stalking, by occurrence of the last episode",ok,sdmx,5,36,0,"",2026-07-23
GBV_ST_PERP,"Women who have experienced stalking, by type of perpetrator",ok,sdmx,5,40,0,"",2026-07-23
GBV_ST_RP,"Women who have experienced stalking, by person/support service to whom violence was reported",ok,sdmx,5,36,0,"",2026-07-23
GBV_VTP_AGE,"Persons who have experienced violence, by sex, type of perpetrator and age group",ok,sdmx,7,25,0,"",2026-07-23
GBV_VTP_CNQ,"Persons who had consequences due to experienced physical/sexual violence, by sex, perpetrator and type of consequence",ok,sdmx,7,24,0,"",2026-07-23
GBV_VTP_DU,"Persons who have experienced violence, by sex, type of perpetrator and degree of urbanisation",ok,sdmx,7,23,0,"",2026-07-23
GBV_VTP_ED,"Persons who have experienced violence, by sex, type of perpetrator and level of education",ok,sdmx,7,23,0,"",2026-07-23
GBV_VTP_FREQ,"Persons who have experienced once or repeated physical/sexual violence, by sex and perpetrator",ok,sdmx,7,22,0,"",2026-07-23
GBV_VTP_IPVT,"Ever-partnered persons who have experienced violence by an intimate partner, by sex and type of violence",ok,sdmx,6,25,0,"",2026-07-23
GBV_VTP_LIM,"Persons who have experienced violence, by sex, type of perpetrator and level of disability (activity limitation)",ok,sdmx,7,25,0,"",2026-07-23
GBV_VTP_NPVT,"Persons who have experienced violence by a non-partner, by sex and type of violence",ok,sdmx,6,23,0,"",2026-07-23
GBV_VTP_PERP,"Persons who have experienced physical/sexual violence, by sex and type of perpetrator",ok,sdmx,6,34,0,"",2026-07-23
GBV_VTP_RP,"Persons who have experienced physical/sexual violence by sex, type of perpetrator and person/support service to whom violence was reported",ok,sdmx,7,26,0,"",2026-07-23
GBV_VTP_SHWA,"Ever-working persons who have experienced sexual harassment at work, by sex and age group",ok,sdmx,6,22,0,"",2026-07-23
GBV_VTP_SHWT,"Ever-working persons who have experienced sexual harassment at work, by sex and type of violence",ok,sdmx,6,22,0,"",2026-07-23
GBV_VTP_TYPE,"Persons who have experienced violence, by sex and type of violence",ok,sdmx,6,24,0,"",2026-07-23
GOV_10A_EMP,General government employment,ok,sdmx,6,48,0,"",2026-07-23
GOV_10A_EXP,General government expenditure by function (COFOG),ok,sdmx,7,192,0,"",2026-07-23
GOV_10A_EXP$DV_578,General government expenditure by function (COFOG),error,"",0,0,1,"HTTPStatusError: Client error '404 Not Found' for url 'https://ec.europa.eu/eurostat/api/dissemination/sdmx/2.1/datastructure/ESTAT/GOV_10A_EXP$DV_578'
For more information check: https://developer.mo",2026-07-23
GOV_10A_EXP$DV_584,General government expenditure by function (COFOG),error,"",0,0,1,"HTTPStatusError: Client error '404 Not Found' for url 'https://ec.europa.eu/eurostat/api/dissemination/sdmx/2.1/datastructure/ESTAT/GOV_10A_EXP$DV_584'
For more information check: https://developer.mo",2026-07-23
GOV_10A_GGFA,Annual financial accounts for general government,ok,sdmx,10,120,0,"",2026-07-23
GOV_10A_MAIN,"Government revenue, expenditure and main aggregates",ok,sdmx,6,215,0,"",2026-07-23
GOV_10A_NFBS,General government non-financial balance sheets,ok,sdmx,6,54,0,"",2026-07-23
GOV_10A_TAXAG,Main national accounts tax aggregates,ok,sdmx,6,170,0,"",2026-07-23
GOV_10DD_ACD,Apparent cost of general government gross debt,ok,sdmx,5,60,0,"",2026-07-23
GOV_10DD_DCUR,Debt by currency of issue,ok,sdmx,7,76,0,"",2026-07-23
GOV_10DD_EDPT1,"Government deficit/surplus, debt and associated data",ok,sdmx,6,90,0,"",2026-07-23
GOV_10DD_EDPT2,Transition from the working balance to the deficit/surplus,ok,sdmx,6,89,0,"",2026-07-23
GOV_10DD_EDPT3,Transition from the deficit/surplus to the change in debt,ok,sdmx,6,107,0,"",2026-07-23
GOV_10DD_GGD,General government debt,ok,sdmx,8,100,0,"",2026-07-23
GOV_10DD_GUAR,Guarantees (contingent liabilities),ok,sdmx,6,54,0,"",2026-07-23
GOV_10DD_RMD,Remaining maturity of general government gross debt,ok,sdmx,7,73,0,"",2026-07-23
GOV_10Q_GGDEBT,Quarterly government debt,ok,sdmx,6,194,0,"",2026-07-23
GOV_10Q_GGFA,Quarterly financial accounts for general government,ok,sdmx,10,214,0,"",2026-07-23
GOV_10Q_GGNFA,Quarterly non-financial accounts for general government,ok,sdmx,7,225,0,"",2026-07-23
GOV_CL_GUAR,Government guarantees,ok,sdmx,6,54,0,"",2026-07-23
GOV_CL_LIAB,Liabilities of government controlled entities classified outside general government,ok,sdmx,7,55,0,"",2026-07-23
GOV_CL_NPL,Non-performing loans of government,ok,sdmx,6,51,0,"",2026-07-23
GOV_CL_PPP,Liabilities related to private-public partnerships (PPPs) recorded off-balance sheet of government,ok,sdmx,6,51,0,"",2026-07-23
GOV_EU_DEBT,Debt of the EU institutions,ok,sdmx,6,20,0,"",2026-07-23
GOV_EU_FA,Financial accounts for EU institutions,ok,sdmx,8,45,0,"",2026-07-23
GOV_EU_NFA,Non-financial accounts for EU institutions,ok,sdmx,6,65,0,"",2026-07-23
GOV_EV,Expenditure variables supporting the implementation of the EU economic governance framework,ok,sdmx,6,41,0,"",2026-07-23
GOV_GB,"Stock of general government debt security liabilities issued as 'green bonds' - one-off data collection, experimental statistics",ok,sdmx,4,37,0,"",2026-07-23
GOV_RRF_FA,Recovery and resilience facility (RRF) financial flows,ok,sdmx,8,51,0,"",2026-07-23
GOV_RRF_USE,Recovery and resilience facility (RRF) uses,ok,sdmx,6,48,0,"",2026-07-23
GVC_EFFGVC,Enterprises by type of global value chains effect and their importance,ok,sdmx,6,49,0,"",2026-07-23
GVC_EMBF,"Employees and self-employed persons by business function, size and NACE Rev. 2 activity aggregates",ok,sdmx,7,57,0,"",2026-07-23
GVC_MSO,Enterprises by motivation factors for international sourcing and their importance,ok,sdmx,6,47,0,"",2026-07-23
GVC_PG,"Enterprises purchasing goods from abroad by type of goods, business partner and trade partner origin",ok,sdmx,7,46,0,"",2026-07-23
GVC_PS,"Enterprises purchasing services from abroad by type of services, business partner and trade partner origin",ok,sdmx,7,47,0,"",2026-07-23
GVC_SG,"Enterprises supplying goods abroad by type of goods, business partner and trade partner origin",ok,sdmx,7,46,0,"",2026-07-23
GVC_SOBAR,Enterprises by barriers considered for international sourcing and their importance,ok,sdmx,6,48,0,"",2026-07-23
GVC_SOBFBP,Enterprises sourcing business functions abroad by kind of business partner,ok,sdmx,6,41,0,"",2026-07-23
GVC_SOBFEC,"Enterprises by international sourcing status, size and NACE Rev. 2 activity",ok,sdmx,7,49,0,"",2026-07-23
GVC_SOBFGA,Enterprises sourcing business functions abroad by geographical area of partner,ok,sdmx,6,52,0,"",2026-07-23
GVC_SOJOBBF,Job changes in enterprises as a result of international sourcing by business function,ok,sdmx,5,39,0,"",2026-07-23
GVC_SOJOBCH,Job changes in enterprises as a result of international sourcing by NACE Rev. 2 activity aggregates,ok,sdmx,5,31,0,"",2026-07-23
GVC_SOJOBJSK,Job changes in enterprises as a result of international sourcing by job skill requirement,ok,sdmx,5,31,0,"",2026-07-23
GVC_SS,"Enterprises supplying services abroad by type of services, business partner and trade partner origin",ok,sdmx,7,47,0,"",2026-07-23
HBS_CAR_T311,Household characteristics by activity and employment status of the reference person,ok,sdmx,5,58,0,"",2026-07-23
HBS_CAR_T312,Household characteristics by number of active persons,ok,sdmx,5,56,0,"",2026-07-23
HBS_CAR_T313,Household characteristics by type of household,ok,sdmx,5,58,0,"",2026-07-23
HBS_CAR_T314,Household characteristics by age of the reference person,ok,sdmx,5,56,0,"",2026-07-23
HBS_CAR_T315,Household characteristics by degree of urbanisation,ok,sdmx,5,55,0,"",2026-07-23
HBS_CAR_T316,Household characteristics by main source of income,ok,sdmx,5,54,0,"",2026-07-23
HBS_EXP_T111,Mean consumption expenditure per household and per adult equivalent,ok,sdmx,4,53,0,"",2026-07-23
HBS_EXP_T121,Mean consumption expenditure per household by COICOP consumption purpose,ok,sdmx,5,284,0,"",2026-07-23
HBS_EXP_T121$DV_3203,Mean consumption expenditure per household by COICOP consumption purpose,error,"",0,0,1,"HTTPStatusError: Client error '404 Not Found' for url 'https://ec.europa.eu/eurostat/api/dissemination/sdmx/2.1/datastructure/ESTAT/HBS_EXP_T121$DV_3203'
For more information check: https://developer.",2026-07-23
HBS_EXP_T123A,Mean consumption expenditure per household with expenditure greater than zero by COICOP consumption purpose,ok,sdmx,5,283,0,"",2026-07-23
HBS_EXP_T123A$DV_3204,Mean consumption expenditure per household with expenditure greater than zero by COICOP consumption purpose,error,"",0,0,1,"HTTPStatusError: Client error '404 Not Found' for url 'https://ec.europa.eu/eurostat/api/dissemination/sdmx/2.1/datastructure/ESTAT/HBS_EXP_T123A$DV_3204'
For more information check: https://developer",2026-07-23
HBS_EXP_T123B,Households with expenditure greater than zero by COICOP consumption purpose,ok,sdmx,5,283,0,"",2026-07-23
HBS_EXP_T123B$DV_3205,Households with expenditure greater than zero by COICOP consumption purpose,error,"",0,0,1,"HTTPStatusError: Client error '404 Not Found' for url 'https://ec.europa.eu/eurostat/api/dissemination/sdmx/2.1/datastructure/ESTAT/HBS_EXP_T123B$DV_3205'
For more information check: https://developer",2026-07-23
HBS_EXP_T131,Mean consumption expenditure by socio-economic category of the reference person,ok,sdmx,5,56,0,"",2026-07-23
HBS_EXP_T132,Mean consumption expenditure by number of active persons,ok,sdmx,5,53,0,"",2026-07-23
HBS_EXP_T133,Mean consumption expenditure by income quintile,ok,sdmx,5,55,0,"",2026-07-23
HBS_EXP_T134,Mean consumption expenditure by type of household,ok,sdmx,5,56,0,"",2026-07-23
HBS_EXP_T135,Mean consumption expenditure by age of the reference person,ok,sdmx,5,54,0,"",2026-07-23
HBS_EXP_T136,Mean consumption expenditure by degree of urbanisation,ok,sdmx,5,53,0,"",2026-07-23
HBS_EXP_T137,Mean consumption expenditure by main source of the household's income,ok,sdmx,5,52,0,"",2026-07-23
HBS_STR_T211,Structure of consumption expenditure by COICOP consumption purpose,ok,sdmx,5,283,0,"",2026-07-23
HBS_STR_T211$DV_3206,Structure of consumption expenditure by COICOP consumption purpose,error,"",0,0,1,"HTTPStatusError: Client error '404 Not Found' for url 'https://ec.europa.eu/eurostat/api/dissemination/sdmx/2.1/datastructure/ESTAT/HBS_STR_T211$DV_3206'
For more information check: https://developer.",2026-07-23
HBS_STR_T221,Structure of consumption expenditure by activity and employment status of the reference person and COICOP consumption purpose,ok,sdmx,6,200,0,"",2026-07-23
HBS_STR_T221$DV_3207,Structure of consumption expenditure by activity and employment status of the reference person and COICOP consumption purpose,error,"",0,0,1,"HTTPStatusError: Client error '404 Not Found' for url 'https://ec.europa.eu/eurostat/api/dissemination/sdmx/2.1/datastructure/ESTAT/HBS_STR_T221$DV_3207'
For more information check: https://developer.",2026-07-23
HBS_STR_T222,Structure of consumption expenditure by number of active persons and COICOP consumption purpose,ok,sdmx,6,197,0,"",2026-07-23
HBS_STR_T222$DV_3208,Structure of consumption expenditure by number of active persons and COICOP consumption purpose,error,"",0,0,1,"HTTPStatusError: Client error '404 Not Found' for url 'https://ec.europa.eu/eurostat/api/dissemination/sdmx/2.1/datastructure/ESTAT/HBS_STR_T222$DV_3208'
For more information check: https://developer.",2026-07-23
HBS_STR_T223,Structure of consumption expenditure by income quintile and COICOP consumption purpose,ok,sdmx,6,203,0,"",2026-07-23
HBS_STR_T223$DV_3209,Structure of consumption expenditure by income quintile and COICOP consumption purpose,error,"",0,0,1,"HTTPStatusError: Client error '404 Not Found' for url 'https://ec.europa.eu/eurostat/api/dissemination/sdmx/2.1/datastructure/ESTAT/HBS_STR_T223$DV_3209'
For more information check: https://developer.",2026-07-23
HBS_STR_T224,Structure of consumption expenditure by type of household and COICOP consumption purpose,ok,sdmx,6,204,0,"",2026-07-23
HBS_STR_T224$DV_3241,Structure of consumption expenditure by type of household and COICOP consumption purpose,error,"",0,0,1,"HTTPStatusError: Client error '404 Not Found' for url 'https://ec.europa.eu/eurostat/api/dissemination/sdmx/2.1/datastructure/ESTAT/HBS_STR_T224$DV_3241'
For more information check: https://developer.",2026-07-23
HBS_STR_T225,Structure of consumption expenditure by age of the reference person and COICOP consumption purpose,ok,sdmx,6,198,0,"",2026-07-23
HBS_STR_T225$DV_3210,Structure of consumption expenditure by age of the reference person and COICOP consumption purpose,error,"",0,0,1,"HTTPStatusError: Client error '404 Not Found' for url 'https://ec.europa.eu/eurostat/api/dissemination/sdmx/2.1/datastructure/ESTAT/HBS_STR_T225$DV_3210'
For more information check: https://developer.",2026-07-23
HBS_STR_T226,Structure of consumption expenditure by degree of urbanisation and COICOP consumption purpose,ok,sdmx,6,197,0,"",2026-07-23
HBS_STR_T226$DV_3211,Structure of consumption expenditure by degree of urbanisation and COICOP consumption purpose,error,"",0,0,1,"HTTPStatusError: Client error '404 Not Found' for url 'https://ec.europa.eu/eurostat/api/dissemination/sdmx/2.1/datastructure/ESTAT/HBS_STR_T226$DV_3211'
For more information check: https://developer.",2026-07-23
HBS_STR_T227,Structure of consumption expenditure by main source of income and COICOP consumption purpose,ok,sdmx,6,109,0,"",2026-07-23
HBS_STR_T227$DV_3242,Structure of consumption expenditure by main source of income and COICOP consumption purpose,error,"",0,0,1,"HTTPStatusError: Client error '404 Not Found' for url 'https://ec.europa.eu/eurostat/api/dissemination/sdmx/2.1/datastructure/ESTAT/HBS_STR_T227$DV_3242'
For more information check: https://developer.",2026-07-23
HLTH_CD_ACDR,Causes of death by NUTS 2 region - crude death rate,ok,sdmx,7,451,0,"",2026-07-23
HLTH_CD_ACDR2,Causes of death - crude death rate by NUTS 2 region of residence,ok,sdmx,7,644,0,"",2026-07-23
HLTH_CD_ACDR2$DV_3323,Causes of death - crude death rate by NUTS 2 region of residence,error,"",0,0,1,"HTTPStatusError: Client error '404 Not Found' for url 'https://ec.europa.eu/eurostat/api/dissemination/sdmx/2.1/datastructure/ESTAT/HLTH_CD_ACDR2$DV_3323'
For more information check: https://developer",2026-07-23
HLTH_CD_AINFO,Causes of death - infant mortality by country of occurrence,ok,sdmx,8,107,0,"",2026-07-23
HLTH_CD_AINFR,Causes of death - infant mortality by country of residence,ok,sdmx,8,104,0,"",2026-07-23
HLTH_CD_ANR,Causes of death - absolute number,ok,sdmx,7,167,0,"",2026-07-23
HLTH_CD_APERRO,"Peri-neonatal mortality by age of mother, country of residence and occurrence",ok,sdmx,7,74,0,"",2026-07-23
HLTH_CD_APERRTO,"Fetal, peri- and neonatal mortality rates by country of occurrence",ok,sdmx,6,60,0,"",2026-07-23
HLTH_CD_APR,Treatable and preventable mortality of residents by cause and sex,ok,sdmx,7,158,0,"",2026-07-23
HLTH_CD_APR$DV_3322,Treatable and preventable mortality of residents by cause and sex,error,"",0,0,1,"HTTPStatusError: Client error '404 Not Found' for url 'https://ec.europa.eu/eurostat/api/dissemination/sdmx/2.1/datastructure/ESTAT/HLTH_CD_APR$DV_3322'
For more information check: https://developer.m",2026-07-23
HLTH_CD_APYLL,Causes of death - potential years of life lost by country of residence,ok,sdmx,7,150,0,"",2026-07-23
HLTH_CD_ARO,Causes of death - deaths by country of residence and occurrence,ok,sdmx,8,185,0,"",2026-07-23
HLTH_CD_ARO$DV_3321,Causes of death - deaths by country of residence and occurrence,error,"",0,0,1,"HTTPStatusError: Client error '404 Not Found' for url 'https://ec.europa.eu/eurostat/api/dissemination/sdmx/2.1/datastructure/ESTAT/HLTH_CD_ARO$DV_3321'
For more information check: https://developer.m",2026-07-23
HLTH_CD_ASDR,Causes of death - standardised death rate,ok,sdmx,7,149,0,"",2026-07-23
HLTH_CD_ASDR2,Causes of death - standardised death rate by NUTS 2 region of residence,ok,sdmx,7,614,0,"",2026-07-23
HLTH_CD_DAR,Deaths of residents related to dementias including Alzheimer,ok,sdmx,5,57,0,"",2026-07-23
HLTH_CD_IAP,Health impacts of air pollution,ok,sdmx,6,62,0,"",2026-07-23
HLTH_CD_IDO,Deaths related to infectious diseases,ok,sdmx,6,62,0,"",2026-07-23
HLTH_CD_INFO,Infant deaths occurring in the country by cause,ok,sdmx,7,89,0,"",2026-07-23
HLTH_CD_INFOEU,Infant deaths occurring in the EU by cause and age,ok,sdmx,8,59,0,"",2026-07-23
HLTH_CD_MRO,"Causes of death - death by country of residence and occurrence, monthly data",ok,sdmx,8,192,0,"",2026-07-23
HLTH_CD_MSDR2,"Causes of death - standardised death rate by country of residence, monthly data",ok,sdmx,7,190,0,"",2026-07-23
HLTH_CD_PTPYLL,Causes of death - potential years of life lost by treatable and preventable diseases,ok,sdmx,6,59,0,"",2026-07-23
HLTH_CD_TRO,Deaths related to transport accidents occurring in the country,ok,sdmx,6,64,0,"",2026-07-23
HLTH_CD_TROEU,Detailed deaths related to transport accidents occurring in the EU,ok,sdmx,7,46,0,"",2026-07-23
HLTH_CD_YCDR2,"Causes of death - crude death rate by NUTS 2 region of residence, 3 year average",ok,sdmx,7,634,0,"",2026-07-23
HLTH_CD_YCDRF,"Causes of death by NUTS 2 region - crude death rate, 3 year average - females",ok,sdmx,7,442,0,"",2026-07-23
HLTH_CD_YCDRM,"Causes of death by NUTS 2 region - crude death rate, 3 year average - males",ok,sdmx,7,442,0,"",2026-07-23
HLTH_CD_YCDRT,"Causes of death by NUTS 2 region - crude death rate, 3 year average - total",ok,sdmx,7,442,0,"",2026-07-23
HLTH_CD_YINFO,"Causes of death - infant mortality by NUTS 2 region of occurrence, 3 year average",ok,sdmx,8,563,0,"",2026-07-23
HLTH_CD_YINFR,"Causes of death - infant mortality by NUTS 2 region of residence, 3 year average",ok,sdmx,8,558,0,"",2026-07-23
HLTH_CD_YNRF,"Causes of death by NUTS 2 region - absolute number, 3 year average - females",ok,sdmx,7,465,0,"",2026-07-23
HLTH_CD_YNRM,"Causes of death by NUTS 2 region - absolute number, 3 year average - males",ok,sdmx,7,465,0,"",2026-07-23
HLTH_CD_YNRT,"Causes of death by NUTS 2 region - absolute number, 3 year average - total",ok,sdmx,7,465,0,"",2026-07-23
HLTH_CD_YPERRO,"Peri-neonatal mortality by age of mother and parity, by NUTS 2 region of residence and occurrence, 3 year average",ok,sdmx,8,530,0,"",2026-07-23
HLTH_CD_YPERRTO,"Fetal, peri- and neonatal mortality rates by NUTS 2 region of occurrence, 3 year average",ok,sdmx,6,507,0,"",2026-07-23
HLTH_CD_YPYLL,Causes of death - potential years of life lost by NUTS 2 region of residence,ok,sdmx,7,607,0,"",2026-07-23
HLTH_CD_YRO,"Causes of death - deaths by NUTS 2 region of residence and occurrence, 3 year average",ok,sdmx,8,643,0,"",2026-07-23
HLTH_CD_YSDR1,"Causes of death by NUTS 2 region - standardised death rate, 3 year average",ok,sdmx,7,424,0,"",2026-07-23
HLTH_CD_YSDR2,"Causes of death - standardised death rate by NUTS 2 region of residence, 3 year average",ok,sdmx,7,603,0,"",2026-07-23
HLTH_CO_BEDOC,Inpatient curative care bed occupancy rate by type of care,ok,sdmx,5,102,0,"",2026-07-23
HLTH_CO_DISCH1,"Hospital discharges by diagnosis, in-patients, total number - historical data (1995-2021)",ok,sdmx,8,249,0,"",2026-07-23
HLTH_CO_DISCH1F,"Hospital discharges by diagnosis, NUTS 2 region, in-patients and total number - females - historical data (2000-2021)",ok,sdmx,8,460,0,"",2026-07-23
HLTH_CO_DISCH1M,"Hospital discharges by diagnosis and NUTS 2 region, in-patients, total number - males - historical data (2000-2021)",ok,sdmx,8,448,0,"",2026-07-23
HLTH_CO_DISCH1T,"Hospital discharges by diagnosis and NUTS 2 region, in-patients, total number - total - historical data (2000-2021)",ok,sdmx,8,463,0,"",2026-07-23
HLTH_CO_DISCH2,"Hospital discharges by diagnosis, in-patients, per 100 000 inhabitants - historical data (1995-2021)",ok,sdmx,8,247,0,"",2026-07-23
HLTH_CO_DISCH2F,"Hospital discharges by diagnosis and NUTS 2 region, in-patients, per 100 000 inhabitants - females - historical data (2000-2021)",ok,sdmx,8,458,0,"",2026-07-23
HLTH_CO_DISCH2M,"Hospital discharges by diagnosis and NUTS 2 region, in-patients, per 100 000 inhabitants - males - historical data (2000-2021)",ok,sdmx,8,446,0,"",2026-07-23
HLTH_CO_DISCH2T,"Hospital discharges by diagnosis and NUTS 2 region, in-patients, per 100 000 inhabitants - total - historical data (2000-2021)",ok,sdmx,8,461,0,"",2026-07-23
HLTH_CO_DISCH3,"Hospital discharges by diagnosis, day cases, total number - historical data (1995-2021)",ok,sdmx,8,244,0,"",2026-07-23
HLTH_CO_DISCH3F,"Hospital discharges by diagnosis and NUTS 2 region, day cases, total number - females - historical data (2000-2021)",ok,sdmx,8,443,0,"",2026-07-23
HLTH_CO_DISCH3M,"Hospital discharges by diagnosis and NUTS 2 region, day cases, total number - males - historical data (2000-2021)",ok,sdmx,8,431,0,"",2026-07-23
HLTH_CO_DISCH3T,"Hospital discharges by diagnosis and NUTS 2 region, day cases, total number - total - historical data (2000-2021)",ok,sdmx,8,447,0,"",2026-07-23
HLTH_CO_DISCH4,"Hospital discharges by diagnosis, day cases, per 100 000 inhabitants - historical data (1995-2021)",ok,sdmx,8,242,0,"",2026-07-23
HLTH_CO_DISCH4F,"Hospital discharges by diagnosis and NUTS 2 region, day cases, per 100 000 inhabitants - females - historical data (2000-2021)",ok,sdmx,8,441,0,"",2026-07-23
HLTH_CO_DISCH4M,"Hospital discharges by diagnosis and NUTS 2 region, day cases, per 100 000 inhabitants - males - historical data (2000-2021)",ok,sdmx,8,429,0,"",2026-07-23
HLTH_CO_DISCH4T,"Hospital discharges by diagnosis and NUTS 2 region, day cases, per 100 000 inhabitants - total - historical data (2000-2021)",ok,sdmx,8,445,0,"",2026-07-23
HLTH_CO_DISCHLS,Hospital discharges and length of stay for inpatient and curative care - historical data (until 2021),ok,sdmx,6,108,0,"",2026-07-23
HLTH_CO_DISCHNR,"Non-residents among all hospital discharges, % - historical data (2003-2019)",ok,sdmx,5,50,0,"",2026-07-23
HLTH_CO_EXAM,"Medical technologies - examinations by medical imaging techniques (CT, MRI and PET)",ok,sdmx,6,74,0,"",2026-07-23
HLTH_CO_HOSDAY,Hospital days of in-patients - historical data (1995-2021),ok,sdmx,8,248,0,"",2026-07-23
HLTH_CO_HOSDAYF,Hospital days of in-patients by NUTS 2 region - females - historical data (1999-2021),ok,sdmx,8,453,0,"",2026-07-23
HLTH_CO_HOSDAYM,Hospital days of in-patients by NUTS 2 region - males - historical data (1999-2021),ok,sdmx,8,441,0,"",2026-07-23
HLTH_CO_HOSDAYT,Hospital days of in-patients by NUTS 2 region - total - historical data (1999-2021),ok,sdmx,8,464,0,"",2026-07-23
HLTH_CO_ICUBEDOC,Adult intensive care units bed occupancy rate,ok,sdmx,5,38,0,"",2026-07-23
HLTH_CO_INPAGG,Hospital discharges and length of stay for inpatient curative care,ok,sdmx,6,110,0,"",2026-07-23
HLTH_CO_INPST,In-patient average length of stay (days)- historical data (1995-2021),ok,sdmx,8,248,0,"",2026-07-23
HLTH_CO_INPSTF,In-patient average length of stay (days) by NUTS 2 region - females - historical data(1999-2021),ok,sdmx,8,453,0,"",2026-07-23
HLTH_CO_INPSTM,In-patient average length of stay (days) by NUTS 2 region - males - historical data (1999-2021),ok,sdmx,8,441,0,"",2026-07-23
HLTH_CO_INPSTT,In-patient average length of stay (days) by NUTS 2 region - total - historical data (1999-2021),ok,sdmx,8,464,0,"",2026-07-23
HLTH_CO_PROC2,Surgical operations and procedures performed in hospitals by ICD-9-CM - historical data (1990-2016),ok,sdmx,6,110,0,"",2026-07-23
HLTH_CO_PROC3,Surgical procedures,ok,sdmx,6,99,0,"",2026-07-23
HLTH_CO_REN,End-stage renal failure (ESRF) patients - historical data (1980-2014),ok,sdmx,5,70,0,"",2026-07-23
HLTH_DB_EMACAG,"Prevalence of disability by sex, age and labour status",ok,sdmx,6,42,0,"",2026-07-23
HLTH_DB_EMACSE,"Percentage distribution of labour status by severity of disability, sex and age",ok,sdmx,7,49,0,"",2026-07-23
HLTH_DB_EMASNE,Percentage distribution of assistance needed by not employed disabled people by sex,ok,sdmx,5,35,0,"",2026-07-23
HLTH_DB_EMASNT,Percentage distribution of types of assistance needed by not employed disabled people by sex,ok,sdmx,5,35,0,"",2026-07-23
HLTH_DB_EMASPR,Percentage distribution of assistance provided to employed disabled people by sex,ok,sdmx,5,36,0,"",2026-07-23
HLTH_DB_EMASPT,Percentage distribution of types of assistance provided to employed disabled people by sex,ok,sdmx,5,37,0,"",2026-07-23
HLTH_DB_EMCANA,Percentage distribution of causes of disability by sex and economic activity (NACE Rev. 1),ok,sdmx,6,58,0,"",2026-07-23
HLTH_DB_EMDUCA,"Percentage distribution of duration of disability (in years) since onset, by cause of disability and sex",ok,sdmx,6,49,0,"",2026-07-23
HLTH_DB_EMEDAG,"Prevalence of disability by sex, age and educational attainment level",ok,sdmx,6,47,0,"",2026-07-23
HLTH_DB_EMMAAG,"Prevalence of disability by sex, age and marital status",ok,sdmx,6,47,0,"",2026-07-23
HLTH_DB_EMNAAG,"Prevalence of disability by sex, age and economic activity (NACE Rev. 1)",ok,sdmx,6,57,0,"",2026-07-23
HLTH_DB_EMOCAG,"Prevalence of disability by sex, age and occupation",ok,sdmx,6,50,0,"",2026-07-23
HLTH_DB_EMRENA,"Prevalence of disability by sex, economic activity (NACE Rev. 1) and NUTS 2 region",ok,sdmx,5,292,0,"",2026-07-23
HLTH_DB_EMSEAG,Percentage distribution of severities of disability by sex and age,ok,sdmx,6,48,0,"",2026-07-23
HLTH_DB_EMTYAG,Percentage distribution of types of disability by sex and age,ok,sdmx,6,53,0,"",2026-07-23
HLTH_DE010,"Early leavers from education and training (age group 18-24) by type of disability, sex and labour status",ok,sdmx,7,45,0,"",2026-07-23
HLTH_DE020,Tertiary educational attainment (age group 30-34) by type of disability and sex,ok,sdmx,6,41,0,"",2026-07-23
HLTH_DE030,"Young persons neither in employment nor in education and training by type of disability, sex and age",ok,sdmx,7,45,0,"",2026-07-23
HLTH_DE040,"Population by type of disability, sex, age and educational attainment level",ok,sdmx,8,53,0,"",2026-07-23
HLTH_DE050,"Participation in education and training by type of disability, sex and age",ok,sdmx,8,52,0,"",2026-07-23
HLTH_DE060,"Participation in formal education by type of disability, sex and age",ok,sdmx,8,52,0,"",2026-07-23
HLTH_DE070,"Participation in non-formal education and training by type of disability, sex and age",ok,sdmx,8,52,0,"",2026-07-23
HLTH_DH010,"Self-perceived health by level of disability (activity limitation), sex and age",ok,sdmx,8,84,0,"",2026-07-23
HLTH_DH010$DV_2083,"Self-perceived health by level of disability (activity limitation), sex and age",error,"",0,0,1,"HTTPStatusError: Client error '404 Not Found' for url 'https://ec.europa.eu/eurostat/api/dissemination/sdmx/2.1/datastructure/ESTAT/HLTH_DH010$DV_2083'
For more information check: https://developer.mo",2026-07-23
HLTH_DH020,"Persons having a longstanding health problem by level of disability (activity limitation), sex and age",ok,sdmx,7,81,0,"",2026-07-23
HLTH_DH030,"Self-reported unmet needs for medical examination by level of disability (activity limitation), sex and age",ok,sdmx,8,84,0,"",2026-07-23
HLTH_DH030$DV_2112,"Self-reported unmet needs for medical examination by level of disability (activity limitation), sex and age",error,"",0,0,1,"HTTPStatusError: Client error '404 Not Found' for url 'https://ec.europa.eu/eurostat/api/dissemination/sdmx/2.1/datastructure/ESTAT/HLTH_DH030$DV_2112'
For more information check: https://developer.mo",2026-07-23
HLTH_DHC010,Tenure status by level of disability (activity limitation) and poverty status,ok,sdmx,7,83,0,"",2026-07-23
HLTH_DHC020,"Overall satisfaction with the dwelling by level of disability (activity limitation), sex and age",ok,sdmx,8,56,0,"",2026-07-23
HLTH_DHC030,"Severe housing deprivation rate by level of disability (activity limitation), sex and age",ok,sdmx,7,77,0,"",2026-07-23
HLTH_DHC030$DV_2024,"Severe housing deprivation rate by level of disability (activity limitation), sex and age",error,"",0,0,1,"HTTPStatusError: Client error '404 Not Found' for url 'https://ec.europa.eu/eurostat/api/dissemination/sdmx/2.1/datastructure/ESTAT/HLTH_DHC030$DV_2024'
For more information check: https://developer.m",2026-07-23
HLTH_DHC040,"Overcrowding rate by level of disability (activity limitation), sex and age",ok,sdmx,7,81,0,"",2026-07-23
HLTH_DHC050,"Share of housing cost in disposable income by level of disability (activity limitation), sex and age",ok,sdmx,8,87,0,"",2026-07-23
HLTH_DHC060,"Housing cost overburden rate by level of disability (activity limitation), sex and age",ok,sdmx,7,81,0,"",2026-07-23
HLTH_DHC060$DV_2023,"Housing cost overburden rate by level of disability (activity limitation), sex and age",error,"",0,0,1,"HTTPStatusError: Client error '404 Not Found' for url 'https://ec.europa.eu/eurostat/api/dissemination/sdmx/2.1/datastructure/ESTAT/HLTH_DHC060$DV_2023'
For more information check: https://developer.m",2026-07-23
HLTH_DHC070,"Persons living in a dwelling with a leaking roof, damp walls, floors or foundation, or rot in window frames or floor by level of disability (activity limitation), sex and age",ok,sdmx,7,77,0,"",2026-07-23
HLTH_DHC080,"Persons with no bath or shower in their dwelling by level of disability (activity limitation), sex and age",ok,sdmx,7,77,0,"",2026-07-23
HLTH_DHC090,"Persons not having indoor flushing toilet for the sole use of their household by level of disability (activity limitation), sex and age",ok,sdmx,7,77,0,"",2026-07-23
HLTH_DHC100,"Persons considering their dwelling as too dark by level of disability (activity limitation), sex and age",ok,sdmx,7,77,0,"",2026-07-23
HLTH_DHC110,"Noise from neighbours or from the street by level of disability (activity limitation), sex and age",ok,sdmx,7,77,0,"",2026-07-23
HLTH_DHC120,"Pollution, grime or other environmental problems by level of disability (activity limitation), sex and age",ok,sdmx,7,77,0,"",2026-07-23
HLTH_DHC130,"Crime, violence or vandalism in the area by level of disability (activity limitation), sex and age",ok,sdmx,7,77,0,"",2026-07-23
HLTH_DHC140,"Inability to keep home adequately warm by level of disability (activity limitation), sex and age",ok,sdmx,7,81,0,"",2026-07-23
HLTH_DHC140$DV_2002,"Inability to keep home adequately warm by level of disability (activity limitation), sex and age",error,"",0,0,1,"HTTPStatusError: Client error '404 Not Found' for url 'https://ec.europa.eu/eurostat/api/dissemination/sdmx/2.1/datastructure/ESTAT/HLTH_DHC140$DV_2002'
For more information check: https://developer.m",2026-07-23
HLTH_DHC140$DV_2681,"Inability to keep home adequately warm by level of disability (activity limitation), sex and age",error,"",0,0,1,"HTTPStatusError: Client error '404 Not Found' for url 'https://ec.europa.eu/eurostat/api/dissemination/sdmx/2.1/datastructure/ESTAT/HLTH_DHC140$DV_2681'
For more information check: https://developer.m",2026-07-23
HLTH_DLM010,Employment rate by type of disability (2011),ok,sdmx,7,47,0,"",2026-07-23
HLTH_DLM020,Labour force participation rate by type of disability (2011),ok,sdmx,7,47,0,"",2026-07-23
HLTH_DLM030,Unemployment rate by type of disability (2011),ok,sdmx,7,49,0,"",2026-07-23
HLTH_DLM040,Population in private households by type of disability and labour status (2011),ok,sdmx,8,53,0,"",2026-07-23
HLTH_DLM050,Employed persons by type of disability and professional status (2011),ok,sdmx,8,56,0,"",2026-07-23
HLTH_DLM060,Persons outside the labour force by type of disability and main reason for not seeking employment (2011),ok,sdmx,8,59,0,"",2026-07-23
HLTH_DLM070,Not employed persons but having a previous work experience by type of disability and the main reason for leaving the last job or business (2011),ok,sdmx,8,60,0,"",2026-07-23
HLTH_DLM080,Employed persons by type of disability and full-time/part-time employment (2011),ok,sdmx,8,53,0,"",2026-07-23
HLTH_DLM090,Employed persons by type of disability and working from home (2011),ok,sdmx,8,54,0,"",2026-07-23
HLTH_DLM100,Employed persons by type of disability and supervisor responsibility (2011),ok,sdmx,8,53,0,"",2026-07-23
HLTH_DLM110,Employed persons by type of disability and average usual weekly hours worked in the main job (2011),ok,sdmx,8,57,0,"",2026-07-23
HLTH_DLM120,Employed persons by type of disability and economic activity (2011),ok,sdmx,8,72,0,"",2026-07-23
HLTH_DLM130,Employed persons by type of disability and occupation (2011),ok,sdmx,8,64,0,"",2026-07-23
HLTH_DLM140,Persons reporting a limitation in work by reason (2011),ok,sdmx,7,54,0,"",2026-07-23
HLTH_DLM150,Persons reporting a limitation in the amount of work caused by longstanding health problems or difficulties in basic activities by cause (2011),ok,sdmx,7,49,0,"",2026-07-23
HLTH_DLM160,Persons reporting a limitation in the type of work caused by longstanding health problems or difficulties in basic activities by cause (2011),ok,sdmx,7,49,0,"",2026-07-23
HLTH_DLM170,Persons reporting a limitation in getting to and from work caused by longstanding health problems or difficulties in basic activities by cause (2011),ok,sdmx,7,49,0,"",2026-07-23
HLTH_DLM180,Employed persons having a longstanding health problem or a difficulty in basic activities by the type of special assistance used (2011),ok,sdmx,7,51,0,"",2026-07-23
HLTH_DLM190,Not employed persons having a longstanding health problem or a difficulty in basic activities by the type of special assistance needed (2011),ok,sdmx,7,51,0,"",2026-07-23
HLTH_DLM200,Disability employment gap by level of activity limitation and sex (source EU-SILC),ok,sdmx,6,70,0,"",2026-07-23
HLTH_DM010,"Severe material and social deprivation rate by level of disability (activity limitation), sex and age",ok,sdmx,7,77,0,"",2026-07-23
HLTH_DM010$DV_1997,"Severe material and social deprivation rate by level of disability (activity limitation), sex and age",error,"",0,0,1,"HTTPStatusError: Client error '404 Not Found' for url 'https://ec.europa.eu/eurostat/api/dissemination/sdmx/2.1/datastructure/ESTAT/HLTH_DM010$DV_1997'
For more information check: https://developer.mo",2026-07-23
HLTH_DM020,"Inability to afford paying for one week annual holiday away from home by level of disability (activity limitation), sex and age",ok,sdmx,7,81,0,"",2026-07-23
HLTH_DM030,"Inability to afford a meal with meat, chicken, fish (or vegetarian equivalent) every second day by level of disability (activity limitation), sex and age",ok,sdmx,7,81,0,"",2026-07-23
HLTH_DM040,"Inability to face unexpected financial expenses by level of disability (activity limitation), sex and age",ok,sdmx,7,81,0,"",2026-07-23
HLTH_DM050,"Arrears (mortgage or rent, utility bills or hire purchase) by level of disability (activity limitation), sex and age",ok,sdmx,7,81,0,"",2026-07-23
HLTH_DM060,"Ability to make ends meet by level of disability (activity limitation), sex and age",ok,sdmx,8,81,0,"",2026-07-23
HLTH_DM070,"Share of persons who cannot afford a telephone by level of activity limitation, sex and age",ok,sdmx,7,76,0,"",2026-07-23
HLTH_DM080,"Share of persons who cannot afford a colour TV by level of activity limitation, sex and age",ok,sdmx,7,76,0,"",2026-07-23
HLTH_DM090,"Share of persons who cannot afford a computer by level of disability (activity limitation), sex and age",ok,sdmx,7,81,0,"",2026-07-23
HLTH_DM100,"Share of persons who cannot afford a washing machine by level of activity limitation, sex and age",ok,sdmx,7,76,0,"",2026-07-23
HLTH_DM110,"Share of persons who cannot afford a personal car by level of disability (activity limitation), sex and age",ok,sdmx,7,81,0,"",2026-07-23
HLTH_DP010,Persons reporting a longstanding health problem or a basic activity difficulty by sex and age,ok,sdmx,7,50,0,"",2026-07-23
HLTH_DP020,"Population by type of longstanding health problem, sex and age",ok,sdmx,7,64,0,"",2026-07-23
HLTH_DP030,Prevalence of the main longstanding health problems by sex and age,ok,sdmx,7,51,0,"",2026-07-23
HLTH_DP040,"Population by type of basic activity difficulty, sex and age",ok,sdmx,7,57,0,"",2026-07-23
HLTH_DP050,Prevalence of the main basic activity difficulties by sex and age,ok,sdmx,7,50,0,"",2026-07-23
HLTH_DP060,"Population by type of disability, sex, age and marital status",ok,sdmx,8,53,0,"",2026-07-23
HLTH_DP070,"Population by type of disability, sex, age and household composition",ok,sdmx,8,61,0,"",2026-07-23
HLTH_DP080,"Population by type of disability, sex, age and degree of urbanization",ok,sdmx,8,53,0,"",2026-07-23
HLTH_DPE010,"Persons at risk of poverty or social exclusion by level of disability (activity limitation), sex and age",ok,sdmx,7,77,0,"",2026-07-23
HLTH_DPE010$DV_1963,"Persons at risk of poverty or social exclusion by level of disability (activity limitation), sex and age",error,"",0,0,1,"HTTPStatusError: Client error '404 Not Found' for url 'https://ec.europa.eu/eurostat/api/dissemination/sdmx/2.1/datastructure/ESTAT/HLTH_DPE010$DV_1963'
For more information check: https://developer.m",2026-07-23
HLTH_DPE020,"Persons at risk of poverty by level of disability (activity limitation), sex and age",ok,sdmx,7,81,0,"",2026-07-23
HLTH_DPE020$DV_1984,"Persons at risk of poverty by level of disability (activity limitation), sex and age",error,"",0,0,1,"HTTPStatusError: Client error '404 Not Found' for url 'https://ec.europa.eu/eurostat/api/dissemination/sdmx/2.1/datastructure/ESTAT/HLTH_DPE020$DV_1984'
For more information check: https://developer.m",2026-07-23
HLTH_DPE030,"Persons at risk of poverty before social transfers (pensions included in social transfers) by level of disability (activity limitation), sex and age",ok,sdmx,7,81,0,"",2026-07-23
HLTH_DPE040,"Persons living in households with very low work intensity by level of disability (activity limitation), sex and age",ok,sdmx,7,77,0,"",2026-07-23
HLTH_DPE040$DV_2001,"Persons living in households with very low work intensity by level of disability (activity limitation), sex and age",error,"",0,0,1,"HTTPStatusError: Client error '404 Not Found' for url 'https://ec.europa.eu/eurostat/api/dissemination/sdmx/2.1/datastructure/ESTAT/HLTH_DPE040$DV_2001'
For more information check: https://developer.m",2026-07-23
HLTH_DPE050,"In-work at-risk-of-poverty rate by level of disability (activity limitation), sex and age",ok,sdmx,8,81,0,"",2026-07-23
HLTH_DPE050$DV_1993,"In-work at-risk-of-poverty rate by level of disability (activity limitation), sex and age",error,"",0,0,1,"HTTPStatusError: Client error '404 Not Found' for url 'https://ec.europa.eu/eurostat/api/dissemination/sdmx/2.1/datastructure/ESTAT/HLTH_DPE050$DV_1993'
For more information check: https://developer.m",2026-07-24
HLTH_DPEH005,"Population by sex, age and disability status",ok,sdmx,7,49,0,"",2026-07-24
HLTH_DPEH010,"Population by sex, age, disability status and labour status",ok,sdmx,8,48,0,"",2026-07-24
HLTH_DPEH020,"Population by sex, age, disability status and educational attainment level",ok,sdmx,8,47,0,"",2026-07-24
HLTH_DPEH030,"Population by sex, age, disability status and income quintile",ok,sdmx,8,49,0,"",2026-07-24
HLTH_DPEH040,"Population by sex, age, disability status and household type",ok,sdmx,8,50,0,"",2026-07-24
HLTH_DPEH050,"Population by sex, age, disability status and having a longstanding health problem",ok,sdmx,8,46,0,"",2026-07-24
HLTH_DPEH060,"Population by sex, age, disability status and having a longstanding difficulty in basic activities",ok,sdmx,8,46,0,"",2026-07-24
HLTH_DPEH070,"Population by sex, age, disability status and reporting a longstanding difficulty in activities of personal care",ok,sdmx,8,46,0,"",2026-07-24
HLTH_DPEH080,"Population by sex, age, disability status and reporting a longstanding difficulty in activities of household care",ok,sdmx,8,46,0,"",2026-07-24
HLTH_DPEH090,"Persons reporting a longstanding health problem by sex, age and type of longstanding health problem",ok,sdmx,7,58,0,"",2026-07-24
HLTH_DPEH100,"Persons reporting a longstanding difficulty in basic activities by sex, age and type of basic activity where a longstanding difficulty is encountered",ok,sdmx,7,49,0,"",2026-07-24
HLTH_DPEH110,"Persons reporting a difficulty in personal care activities by sex, age and need for assistance",ok,sdmx,7,43,0,"",2026-07-24
HLTH_DPEH120,"Persons reporting a difficulty in household care activities by sex, age and need for assistance",ok,sdmx,7,43,0,"",2026-07-24
HLTH_DPEH130,"Persons with disabilities by sex, age and need for assistance",ok,sdmx,7,43,0,"",2026-07-24
HLTH_DPEH135,"Persons with disabilities by sex, need for assistance and labour status",ok,sdmx,7,44,0,"",2026-07-24
HLTH_DPEH140,"Persons with disabilities by sex, need for assistance and educational attainment level",ok,sdmx,7,43,0,"",2026-07-24
HLTH_DPEH150,"Persons with disabilities by sex, need for assistance and income quintile",ok,sdmx,7,45,0,"",2026-07-24
HLTH_DPEH160,"Persons with disabilities by sex, need for assistance and household type",ok,sdmx,7,46,0,"",2026-07-24
HLTH_DPEH170,"Persons with disabilities by sex, need for assistance and having a longstanding health problem",ok,sdmx,7,42,0,"",2026-07-24
HLTH_DPEH180,"Persons with disabilities by sex, need for assistance and having a longstanding difficulty in basic activities",ok,sdmx,7,42,0,"",2026-07-24
HLTH_DPEH190,"Persons with disabilities by sex, need for assistance and having a longstanding difficulty in activities of personal care",ok,sdmx,7,42,0,"",2026-07-24
HLTH_DPEH200,"Persons with disabilities by sex, need for assistance and having a longstanding difficulty in activities of household care",ok,sdmx,7,42,0,"",2026-07-24
HLTH_DS010,"Frequency of going to cinema, live performances, cultural sites or attending live sport events by level of disability (activity limitation), sex and age",ok,sdmx,9,56,0,"",2026-07-24
HLTH_DS020,"Frequency of getting together with relatives or friends by level of disability (activity limitation), sex and age",ok,sdmx,9,56,0,"",2026-07-24
HLTH_DS030,"Frequency of contacts with relatives or friends by level of disability (activity limitation), sex and age",ok,sdmx,9,56,0,"",2026-07-24
HLTH_DS040,"Participation in activities of churches or other religious organisations by level of disability (activity limitation), sex and age",ok,sdmx,8,48,0,"",2026-07-24
HLTH_DS050,"Participation in informal voluntary activities by level of disability (activity limitation), sex and age",ok,sdmx,8,47,0,"",2026-07-24
HLTH_DSI010,"Persons with disabilities by sex, age and severity of disability",ok,sdmx,7,44,0,"",2026-07-24
HLTH_DSI015,"Persons with disabilities by sex, severity of disability and labour status",ok,sdmx,7,45,0,"",2026-07-24
HLTH_DSI020,"Persons with disabilities by sex, severity of disability and educational attainment level",ok,sdmx,7,44,0,"",2026-07-24
HLTH_DSI030,"Persons with disabilities by sex, severity of disability and income quintile",ok,sdmx,7,46,0,"",2026-07-24
HLTH_DSI040,"Persons with disabilities by sex, severity of disability and household type",ok,sdmx,7,47,0,"",2026-07-24
HLTH_DSI050,"Persons with disabilities by sex, severity of disability and having a longstanding health problem",ok,sdmx,7,43,0,"",2026-07-24
HLTH_DSI060,"Persons with disabilities by sex, severity of disability and having a longstanding difficulty in basic activities",ok,sdmx,7,43,0,"",2026-07-24
HLTH_DSI070,"Persons with disabilities by sex, severity of disability and having a longstanding difficulty in activities of personal care",ok,sdmx,7,43,0,"",2026-07-24
HLTH_DSI080,"Persons with disabilities by sex, severity of disability and having a longstanding difficulty in activities of household care",ok,sdmx,7,43,0,"",2026-07-24
HLTH_DSI090,"Persons with disabilities by sex, age and life area where a barrier is reported",ok,sdmx,7,51,0,"",2026-07-24
HLTH_DSI095,"Persons with disabilities by sex, life area where a barrier is reported and labour status",ok,sdmx,7,52,0,"",2026-07-24
HLTH_DSI100,"Persons with disabilities by sex, life area where a barrier is reported and educational attainment level",ok,sdmx,7,51,0,"",2026-07-24
HLTH_DSI110,"Persons with disabilities by sex, life area where a barrier is reported and income quintile",ok,sdmx,7,53,0,"",2026-07-24
HLTH_DSI120,"Persons with disabilities by sex, life area where a barrier is reported and household type",ok,sdmx,7,54,0,"",2026-07-24
HLTH_DSI130,"Persons with disabilities by sex, life area where a barrier is reported and having a longstanding health problem",ok,sdmx,7,50,0,"",2026-07-24
HLTH_DSI140,"Persons with disabilities by sex, life area where a barrier is reported and having a longstanding difficulty in basic activities",ok,sdmx,7,50,0,"",2026-07-24
HLTH_DSI150,"Persons with disabilities by sex, life area where a barrier is reported and having a longstanding difficulty in activities of personal care",ok,sdmx,7,50,0,"",2026-07-24
HLTH_DSI160,"Persons with disabilities by sex, life area where a barrier is reported and having a longstanding difficulty in activities of household care",ok,sdmx,7,50,0,"",2026-07-24
HLTH_EHIS_AC1E,"Persons reporting an accident resulting in injury by sex, age and educational attainment level",ok,sdmx,8,67,0,"",2026-07-24
HLTH_EHIS_AC1U,"Persons reporting an accident resulting in injury by sex, age and degree of urbanisation",ok,sdmx,8,66,0,"",2026-07-24
HLTH_EHIS_AC2E,"Medical intervention for an accident resulting in injury by sex, age and educational attainment level",ok,sdmx,8,66,0,"",2026-07-24
HLTH_EHIS_AL1B,"Frequency of alcohol consumption by sex, age and country of birth",ok,sdmx,8,73,0,"",2026-07-24
HLTH_EHIS_AL1C,"Frequency of alcohol consumption by sex, age and country of citizenship",ok,sdmx,8,73,0,"",2026-07-24
HLTH_EHIS_AL1E,"Frequency of alcohol consumption by sex, age and educational attainment level",ok,sdmx,8,72,0,"",2026-07-24
HLTH_EHIS_AL1E$DV_1142,"Frequency of alcohol consumption by sex, age and educational attainment level",error,"",0,0,1,"HTTPStatusError: Client error '404 Not Found' for url 'https://ec.europa.eu/eurostat/api/dissemination/sdmx/2.1/datastructure/ESTAT/HLTH_EHIS_AL1E$DV_1142'
For more information check: https://develope",2026-07-24
HLTH_EHIS_AL1I,"Frequency of alcohol consumption by sex, age and income quintile",ok,sdmx,8,74,0,"",2026-07-24
HLTH_EHIS_AL1U,"Frequency of alcohol consumption by sex, age and degree of urbanisation",ok,sdmx,8,72,0,"",2026-07-24
HLTH_EHIS_AL2E,"Hazardous alcohol drinkers by sex, age and educational attainment level",ok,sdmx,7,61,0,"",2026-07-24
HLTH_EHIS_AL2I,"Hazardous alcohol drinkers by sex, age and income quintile",ok,sdmx,7,60,0,"",2026-07-24
HLTH_EHIS_AL2U,"Hazardous alcohol drinkers by sex, age and degree of urbanisation",ok,sdmx,7,58,0,"",2026-07-24
HLTH_EHIS_AL3E,"Frequency of heavy episodic drinking by sex, age and educational attainment level",ok,sdmx,8,69,0,"",2026-07-24
HLTH_EHIS_AL3E$DV_450,"Frequency of heavy episodic drinking by sex, age and educational attainment level",error,"",0,0,1,"HTTPStatusError: Client error '404 Not Found' for url 'https://ec.europa.eu/eurostat/api/dissemination/sdmx/2.1/datastructure/ESTAT/HLTH_EHIS_AL3E$DV_450'
For more information check: https://developer",2026-07-24
HLTH_EHIS_AL3I,"Frequency of heavy episodic drinking by sex, age and income quintile",ok,sdmx,8,71,0,"",2026-07-24
HLTH_EHIS_AL3I$DV_461,"Frequency of heavy episodic drinking by sex, age and income quintile",error,"",0,0,1,"HTTPStatusError: Client error '404 Not Found' for url 'https://ec.europa.eu/eurostat/api/dissemination/sdmx/2.1/datastructure/ESTAT/HLTH_EHIS_AL3I$DV_461'
For more information check: https://developer",2026-07-24
HLTH_EHIS_AL3U,"Frequency of heavy episodic drinking by sex, age and degree of urbanisation",ok,sdmx,8,69,0,"",2026-07-24
HLTH_EHIS_AM1E,"Self-reported time elapsed since last visit to a medical professional by sex, age and educational attainment level",ok,sdmx,9,72,0,"",2026-07-24
HLTH_EHIS_AM1U,"Self-reported time elapsed since last visit to a medical professional by sex, age and degree of urbanisation",ok,sdmx,9,71,0,"",2026-07-24
HLTH_EHIS_AM2B,"Self-reported consultations of a medical professional by sex, age and country of birth",ok,sdmx,9,67,0,"",2026-07-24
HLTH_EHIS_AM2C,"Self-reported consultations of a medical professional by sex, age and country of citizenship",ok,sdmx,9,67,0,"",2026-07-24
HLTH_EHIS_AM2D,"Self-reported consultations of a medical professional by level of disability (activity limitation), sex and age",ok,sdmx,9,66,0,"",2026-07-24
HLTH_EHIS_AM2E,"Self-reported consultations of a medical professional by sex, age and educational attainment level",ok,sdmx,9,67,0,"",2026-07-24
HLTH_EHIS_AM2U,"Self-reported consultations of a medical professional by sex, age and degree of urbanisation",ok,sdmx,9,66,0,"",2026-07-24
HLTH_EHIS_AM6D,"Self-reported consultation of mental healthcare or rehabilitative care professionals by level of disability (activity limitation), sex and age",ok,sdmx,8,61,0,"",2026-07-24
HLTH_EHIS_AM6D$DV_2123,"Self-reported consultation of mental healthcare or rehabilitative care professionals by level of disability (activity limitation), sex and age",error,"",0,0,1,"HTTPStatusError: Client error '404 Not Found' for url 'https://ec.europa.eu/eurostat/api/dissemination/sdmx/2.1/datastructure/ESTAT/HLTH_EHIS_AM6D$DV_2123'
For more information check: https://develope",2026-07-24
HLTH_EHIS_AM6E,"Self-reported consultation of mental healthcare or rehabilitative care professionals by sex, age and educational attainment level",ok,sdmx,8,61,0,"",2026-07-24
HLTH_EHIS_AM6U,"Self-reported consultation of mental healthcare or rehabilitative care professionals by sex, age and degree of urbanisation",ok,sdmx,8,61,0,"",2026-07-24
HLTH_EHIS_AM7D,"Self-reported use of home care services by level of disability (activity limitation), sex and age",ok,sdmx,7,59,0,"",2026-07-24
HLTH_EHIS_AM7E,"Self-reported use of home care services by sex, age and educational attainment level",ok,sdmx,7,59,0,"",2026-07-24
HLTH_EHIS_AM7I,"Self-reported use of home care services by sex, age and income quintile",ok,sdmx,7,55,0,"",2026-07-24
HLTH_EHIS_AM7SA,Self-reported use of home care services by people with severe difficulty in personal care activities by sex and age,ok,sdmx,6,46,0,"",2026-07-24
HLTH_EHIS_AM7SH,Self-reported use of home care services by people with severe difficulty in personal care activities by age and household type,ok,sdmx,6,46,0,"",2026-07-24
HLTH_EHIS_AM7TA,"Self-reported use of home care services by sex, age and level of difficulty with personal care or household activities",ok,sdmx,7,50,0,"",2026-07-24
HLTH_EHIS_AM7TH,"Self-reported use of home care services by age, level of difficulty with personal care or household activities and household type",ok,sdmx,7,50,0,"",2026-07-24
HLTH_EHIS_AM7U,"Self-reported use of home care services by sex, age and degree of urbanisation",ok,sdmx,7,59,0,"",2026-07-24
HLTH_EHIS_AW1D,"Absence from work due to personal health problems by level of disability (activity limitation), sex and age",ok,sdmx,7,59,0,"",2026-07-24
HLTH_EHIS_AW1E,"Absence from work due to personal health problems by sex, age and educational attainment level",ok,sdmx,7,59,0,"",2026-07-24
HLTH_EHIS_AW1U,"Absence from work due to personal health problems by sex, age and degree of urbanisation",ok,sdmx,7,59,0,"",2026-07-24
HLTH_EHIS_BM1B,"Body mass index (BMI) by sex, age and country of birth",ok,sdmx,8,72,0,"",2026-07-24
HLTH_EHIS_BM1B$DV_2103,"Body mass index (BMI) by sex, age and country of birth",error,"",0,0,1,"HTTPStatusError: Client error '404 Not Found' for url 'https://ec.europa.eu/eurostat/api/dissemination/sdmx/2.1/datastructure/ESTAT/HLTH_EHIS_BM1B$DV_2103'
For more information check: https://develope",2026-07-24
HLTH_EHIS_BM1C,"Body mass index (BMI) by sex, age and country of citizenship",ok,sdmx,8,72,0,"",2026-07-24
HLTH_EHIS_BM1C$DV_2104,"Body mass index (BMI) by sex, age and country of citizenship",error,"",0,0,1,"HTTPStatusError: Client error '404 Not Found' for url 'https://ec.europa.eu/eurostat/api/dissemination/sdmx/2.1/datastructure/ESTAT/HLTH_EHIS_BM1C$DV_2104'
For more information check: https://develope",2026-07-24
HLTH_EHIS_BM1D,"Body mass index (BMI) by level of disability (activity limitation), sex and age",ok,sdmx,8,72,0,"",2026-07-24
HLTH_EHIS_BM1D$DV_2105,"Body mass index (BMI) by level of disability (activity limitation), sex and age",error,"",0,0,1,"HTTPStatusError: Client error '404 Not Found' for url 'https://ec.europa.eu/eurostat/api/dissemination/sdmx/2.1/datastructure/ESTAT/HLTH_EHIS_BM1D$DV_2105'
For more information check: https://develope",2026-07-24
HLTH_EHIS_BM1E,"Body mass index (BMI) by sex, age and educational attainment level",ok,sdmx,8,71,0,"",2026-07-24
HLTH_EHIS_BM1E$DV_309,"Body mass index (BMI) by sex, age and educational attainment level",error,"",0,0,1,"HTTPStatusError: Client error '404 Not Found' for url 'https://ec.europa.eu/eurostat/api/dissemination/sdmx/2.1/datastructure/ESTAT/HLTH_EHIS_BM1E$DV_309'
For more information check: https://developer",2026-07-24
HLTH_EHIS_BM1I,"Body mass index (BMI) by sex, age and income quintile",ok,sdmx,8,73,0,"",2026-07-24
HLTH_EHIS_BM1I$DV_2704,"Body mass index (BMI) by sex, age and income quintile",error,"",0,0,1,"HTTPStatusError: Client error '404 Not Found' for url 'https://ec.europa.eu/eurostat/api/dissemination/sdmx/2.1/datastructure/ESTAT/HLTH_EHIS_BM1I$DV_2704'
For more information check: https://develope",2026-07-24
HLTH_EHIS_BM1I$DV_306,"Body mass index (BMI) by sex, age and income quintile",error,"",0,0,1,"HTTPStatusError: Client error '404 Not Found' for url 'https://ec.europa.eu/eurostat/api/dissemination/sdmx/2.1/datastructure/ESTAT/HLTH_EHIS_BM1I$DV_306'
For more information check: https://developer",2026-07-24
HLTH_EHIS_BM1U,"Body mass index (BMI) by sex, age and degree of urbanisation",ok,sdmx,8,71,0,"",2026-07-24
HLTH_EHIS_CD1B,"Persons reporting a chronic disease, by disease, sex, age and contry of birth",ok,sdmx,8,76,0,"",2026-07-24
HLTH_EHIS_CD1C,"Persons reporting a chronic disease, by disease, sex, age and broad group of citizenship",ok,sdmx,8,76,0,"",2026-07-24
HLTH_EHIS_CD1D,"Persons reporting a chronic disease by level of disability (activity limitation), sex and age",ok,sdmx,8,75,0,"",2026-07-24
HLTH_EHIS_CD1D$DV_2101,"Persons reporting a chronic disease by level of disability (activity limitation), sex and age",error,"",0,0,1,"HTTPStatusError: Client error '404 Not Found' for url 'https://ec.europa.eu/eurostat/api/dissemination/sdmx/2.1/datastructure/ESTAT/HLTH_EHIS_CD1D$DV_2101'
For more information check: https://develope",2026-07-24
HLTH_EHIS_CD1E,"Persons reporting a chronic disease, by disease, sex, age and educational attainment level",ok,sdmx,8,76,0,"",2026-07-24
HLTH_EHIS_CD1I,"Persons reporting a chronic disease, by disease, sex, age and income quintile",ok,sdmx,8,77,0,"",2026-07-24
HLTH_EHIS_CD1U,"Persons reporting a chronic disease, by disease, sex, age and degree of urbanisation",ok,sdmx,8,75,0,"",2026-07-24
HLTH_EHIS_DE1,"Body mass index (BMI) by sex, age and educational attainment level (%)",ok,sdmx,7,40,0,"",2026-07-24
HLTH_EHIS_DE10,"Frequency of alcohol consumption by sex, age and educational attainment level (%)",ok,sdmx,8,35,0,"",2026-07-24
HLTH_EHIS_DE2,"Body mass index (BMI) by sex, age and income quintile (%)",ok,sdmx,7,40,0,"",2026-07-24
HLTH_EHIS_DE3,"Daily smokers of cigarettes by sex, age and educational attainment level (%)",ok,sdmx,6,34,0,"",2026-07-24
HLTH_EHIS_DE4,"Daily smokers of cigarettes by sex, age and income quintile (%)",ok,sdmx,6,34,0,"",2026-07-24
HLTH_EHIS_DE5,"Daily smokers by number of cigarettes by sex, age and educational attainment level (%)",ok,sdmx,7,35,0,"",2026-07-24
HLTH_EHIS_DE6,"Frequency of binge drinking by sex, age and educational attainment level",ok,sdmx,7,36,0,"",2026-07-24
HLTH_EHIS_DE7,"Consumption of fruits by sex, age and educational attainment level (%)",ok,sdmx,7,40,0,"",2026-07-24
HLTH_EHIS_DE8,"Consumption of vegetables by sex, age and educational attainment level (%)",ok,sdmx,7,40,0,"",2026-07-24
HLTH_EHIS_DE9,"Practice of daily physical activity by sex, age and educational attainment level (%)",ok,sdmx,6,30,0,"",2026-07-24
HLTH_EHIS_FV1B,"Frequency of fruit and vegetables consumption by sex, age and country of birth",ok,sdmx,9,70,0,"",2026-07-24
HLTH_EHIS_FV1C,"Frequency of fruit and vegetables consumption by sex, age and country of citizenship",ok,sdmx,9,70,0,"",2026-07-24
HLTH_EHIS_FV1D,"Frequency of fruit and vegetables consumption by level of disability (activity limitation), sex and age",ok,sdmx,9,70,0,"",2026-07-24
HLTH_EHIS_FV1E,"Frequency of fruit and vegetables consumption by sex, age and educational attainment level",ok,sdmx,9,70,0,"",2026-07-24
HLTH_EHIS_FV1I,"Frequency of fruit and vegetables consumption by sex, age and income quintile",ok,sdmx,9,66,0,"",2026-07-24
HLTH_EHIS_FV1M,"Frequency of fruit and vegetables consumption by sex, age and body mass index",ok,sdmx,9,63,0,"",2026-07-24
HLTH_EHIS_FV1U,"Frequency of fruit and vegetables consumption by sex, age and degree of urbanisation",ok,sdmx,9,69,0,"",2026-07-24
HLTH_EHIS_FV3B,"Daily consumption of fruit and vegetables by sex, age and country of birth",ok,sdmx,8,67,0,"",2026-07-24
HLTH_EHIS_FV3C,"Daily consumption of fruit and vegetables by sex, age and country of citizenship",ok,sdmx,8,67,0,"",2026-07-24
HLTH_EHIS_FV3D,"Daily consumption of fruit and vegetables by level of disability (activity limitation), sex and age",ok,sdmx,8,66,0,"",2026-07-24
HLTH_EHIS_FV3E,"Daily consumption of fruit and vegetables by sex, age and educational attainment level",ok,sdmx,8,66,0,"",2026-07-24
HLTH_EHIS_FV3E$DV_1143,"Daily consumption of fruit and vegetables by sex, age and educational attainment level",error,"",0,0,1,"HTTPStatusError: Client error '404 Not Found' for url 'https://ec.europa.eu/eurostat/api/dissemination/sdmx/2.1/datastructure/ESTAT/HLTH_EHIS_FV3E$DV_1143'
For more information check: https://develope",2026-07-24
HLTH_EHIS_FV3E$DV_462,"Daily consumption of fruit and vegetables by sex, age and educational attainment level",error,"",0,0,1,"HTTPStatusError: Client error '404 Not Found' for url 'https://ec.europa.eu/eurostat/api/dissemination/sdmx/2.1/datastructure/ESTAT/HLTH_EHIS_FV3E$DV_462'
For more information check: https://developer",2026-07-24
HLTH_EHIS_FV3I,"Daily consumption of fruit and vegetables by sex, age and income quintile",ok,sdmx,8,68,0,"",2026-07-24
HLTH_EHIS_FV3M,"Daily consumption of fruit and vegetables by sex, age and body mass index",ok,sdmx,8,59,0,"",2026-07-24
HLTH_EHIS_FV3U,"Daily consumption of fruit and vegetables by sex, age and degree of urbanisation",ok,sdmx,8,66,0,"",2026-07-24
HLTH_EHIS_FV5E,"Frequency of drinking pure fruit or vegetable juice by sex, age and educational attainment level",ok,sdmx,8,61,0,"",2026-07-24
HLTH_EHIS_FV7E,"Frequency of drinking sugar-sweetened soft drinks by sex, age and educational attainment level",ok,sdmx,8,61,0,"",2026-07-24
HLTH_EHIS_FV7I,"Frequency of drinking sugar-sweetened soft drinks by sex, age and income quintile",ok,sdmx,8,60,0,"",2026-07-24
HLTH_EHIS_FV7M,"Frequency of drinking sugar-sweetened soft drinks by sex, age and body mass index",ok,sdmx,8,59,0,"",2026-07-24
HLTH_EHIS_HA1D,"Difficulties in household activities by sex, age and level of disability (activity limitation)",ok,sdmx,9,62,0,"",2026-07-24
HLTH_EHIS_HA1E,"Difficulties in household activities by sex, age and educational attainment level",ok,sdmx,9,62,0,"",2026-07-24
HLTH_EHIS_HA1HCS,"Difficulties in household activities by sex, age and use of home care services",ok,sdmx,9,57,0,"",2026-07-24
HLTH_EHIS_HA1I,"Difficulties in household activities by sex, age and income quintile",ok,sdmx,9,61,0,"",2026-07-24
HLTH_EHIS_HA1U,"Difficulties in household activities by sex, age and degree of urbanisation",ok,sdmx,9,62,0,"",2026-07-24
HLTH_EHIS_HAHLPD,"Need for help with household activities by sex, age and level of activity limitation",ok,sdmx,8,54,0,"",2026-07-24
HLTH_EHIS_HAHLPE,"Need for help with household activities by sex, age and educational attainment level",ok,sdmx,8,53,0,"",2026-07-24
HLTH_EHIS_HAHLPU,"Need for help with household activities by sex, age and degree of urbanisation",ok,sdmx,8,53,0,"",2026-07-24
HLTH_EHIS_HC1,"Self-reported vaccination against influenza by sex, age and educational attainment level (%)",ok,sdmx,6,28,0,"",2026-07-24
HLTH_EHIS_HC10,"Self-reported use of non-prescribed medicines by sex, age and educational attainment level",ok,sdmx,7,34,0,"",2026-07-24
HLTH_EHIS_HC2,Self-reported breast examination by X-ray by educational attainment level among women aged 50-69 (%),ok,sdmx,5,30,0,"",2026-07-24
HLTH_EHIS_HC3,Self-reported cervical smear test by educational attainment level among women aged 20-69 (%),ok,sdmx,5,29,0,"",2026-07-24
HLTH_EHIS_HC4,"Self-reported colorectal cancer screening test by sex, age and educational attainment level among people aged 50-74 (%)",ok,sdmx,6,30,0,"",2026-07-24
HLTH_EHIS_HC5,"Self-reported consultation of a medical professional by sex, age and educational attainment level (%)",ok,sdmx,8,43,0,"",2026-07-24
HLTH_EHIS_HC6,"Self-reported consultation of a psychologist or physiotherapist by sex, age and educational attainment level (%)",ok,sdmx,8,37,0,"",2026-07-24
HLTH_EHIS_HC7,"Self-reported use of prescribed medicines for specific diseases by sex, age and educational attainment level",ok,sdmx,7,39,0,"",2026-07-24
HLTH_EHIS_HC8,"Self-reported hospital in-patient and day-patient admissions by sex, age and educational attainment level (%) - historical data (2008)",ok,sdmx,8,36,0,"",2026-07-24
HLTH_EHIS_HC9,"Self-reported use of prescribed medicines by sex, age and educational attainment level",ok,sdmx,7,34,0,"",2026-07-24
HLTH_EHIS_HO1E,"Self-reported hospital in-patient and day-patient admissions by sex, age and educational attainment level",ok,sdmx,8,61,0,"",2026-07-24
HLTH_EHIS_HO1U,"Self-reported hospital in-patient and day-patient admissions by sex, age and degree of urbanisation",ok,sdmx,8,59,0,"",2026-07-24
HLTH_EHIS_IC1E,"Persons providing informal care or assistance at least once a week by sex, age and educational attainment level",ok,sdmx,8,63,0,"",2026-07-24
HLTH_EHIS_IC1U,"Persons providing informal care or assistance at least once a week by sex, age and degree of urbanisation",ok,sdmx,8,63,0,"",2026-07-24
HLTH_EHIS_MD1B,"Self-reported use of prescribed medicines by sex, age and country of birth",ok,sdmx,7,60,0,"",2026-07-24
HLTH_EHIS_MD1C,"Self-reported use of prescribed medicines by sex, age and country of citizenship",ok,sdmx,7,60,0,"",2026-07-24
HLTH_EHIS_MD1E,"Self-reported use of prescribed medicines by sex, age and educational attainment level",ok,sdmx,7,63,0,"",2026-07-24
HLTH_EHIS_MD1U,"Self-reported use of prescribed medicines by sex, age and degree of urbanisation",ok,sdmx,7,62,0,"",2026-07-24
HLTH_EHIS_MD2B,"Self-reported use of non-prescribed medicines by sex, age and country of birth",ok,sdmx,7,60,0,"",2026-07-24
HLTH_EHIS_MD2C,"Self-reported use of non-prescribed medicines by sex, age and country of citizenship",ok,sdmx,7,60,0,"",2026-07-24
HLTH_EHIS_MD2E,"Self-reported use of non-prescribed medicines by sex, age and educational attainment level",ok,sdmx,7,63,0,"",2026-07-24
HLTH_EHIS_MD2U,"Self-reported use of non-prescribed medicines by sex, age and degree of urbanisation",ok,sdmx,7,62,0,"",2026-07-24
HLTH_EHIS_MH1B,"Current depressive symptoms by sex, age and country of birth",ok,sdmx,8,67,0,"",2026-07-24
HLTH_EHIS_MH1B$DV_2106,"Current depressive symptoms by sex, age and country of birth",error,"",0,0,1,"HTTPStatusError: Client error '404 Not Found' for url 'https://ec.europa.eu/eurostat/api/dissemination/sdmx/2.1/datastructure/ESTAT/HLTH_EHIS_MH1B$DV_2106'
For more information check: https://develope",2026-07-24
HLTH_EHIS_MH1C,"Current depressive symptoms by sex, age and country of citizenship",ok,sdmx,8,67,0,"",2026-07-24
HLTH_EHIS_MH1C$DV_2107,"Current depressive symptoms by sex, age and country of citizenship",error,"",0,0,1,"HTTPStatusError: Client error '404 Not Found' for url 'https://ec.europa.eu/eurostat/api/dissemination/sdmx/2.1/datastructure/ESTAT/HLTH_EHIS_MH1C$DV_2107'
For more information check: https://develope",2026-07-24
HLTH_EHIS_MH1D,"Current depressive symptoms by level of disability (activity limitation), sex and age",ok,sdmx,8,64,0,"",2026-07-24
HLTH_EHIS_MH1E,"Current depressive symptoms by sex, age and educational attainment level",ok,sdmx,8,68,0,"",2026-07-24
HLTH_EHIS_MH1E$DV_463,"Current depressive symptoms by sex, age and educational attainment level",error,"",0,0,1,"HTTPStatusError: Client error '404 Not Found' for url 'https://ec.europa.eu/eurostat/api/dissemination/sdmx/2.1/datastructure/ESTAT/HLTH_EHIS_MH1E$DV_463'
For more information check: https://developer",2026-07-24
HLTH_EHIS_MH1I,"Current depressive symptoms by sex, age and income quintile",ok,sdmx,8,70,0,"",2026-07-24
HLTH_EHIS_MH1I$DV_464,"Current depressive symptoms by sex, age and income quintile",error,"",0,0,1,"HTTPStatusError: Client error '404 Not Found' for url 'https://ec.europa.eu/eurostat/api/dissemination/sdmx/2.1/datastructure/ESTAT/HLTH_EHIS_MH1I$DV_464'
For more information check: https://developer",2026-07-24
HLTH_EHIS_MH1U,"Current depressive symptoms by sex, age and degree of urbanisation",ok,sdmx,8,68,0,"",2026-07-24
HLTH_EHIS_MH2B,"Severity of current depressive symptoms by sex, age and country of birth",ok,sdmx,8,69,0,"",2026-07-24
HLTH_EHIS_MH2C,"Severity of current depressive symptoms by sex, age and country of citizenhip",ok,sdmx,8,69,0,"",2026-07-24
HLTH_EHIS_MH2D,"Severity of current depressive symptoms by level of disability (activity limitation), sex and age",ok,sdmx,8,68,0,"",2026-07-24
HLTH_EHIS_MH2E,"Severity of current depressive symptoms by sex, age and educational attainment level",ok,sdmx,8,71,0,"",2026-07-24
HLTH_EHIS_MH2I,"Severity of current depressive symptoms by sex, age and income quintile",ok,sdmx,8,70,0,"",2026-07-24
HLTH_EHIS_MH2U,"Severity of current depressive symptoms by sex, age and degree of urbanisation",ok,sdmx,8,68,0,"",2026-07-24
HLTH_EHIS_PA1E,"Self-reported vaccination against influenza by sex, age and educational attainment level",ok,sdmx,7,59,0,"",2026-07-24
HLTH_EHIS_PA1I,"Self-reported vaccination against influenza by sex, age and income quintile",ok,sdmx,7,56,0,"",2026-07-24
HLTH_EHIS_PA1U,"Self-reported vaccination against influenza by sex, age and degree of urbanisation",ok,sdmx,7,58,0,"",2026-07-24
HLTH_EHIS_PA2E,"Self-reported screening of cardiovascular diseases and diabetes risks by sex, age and educational attainment level",ok,sdmx,9,69,0,"",2026-07-24
HLTH_EHIS_PA2I,"Self-reported screening of cardiovascular diseases and diabetes risks by sex, age and income quintile",ok,sdmx,9,66,0,"",2026-07-24
HLTH_EHIS_PA2U,"Self-reported screening of cardiovascular diseases and diabetes risks by sex, age and degree of urbanisation",ok,sdmx,9,68,0,"",2026-07-24
HLTH_EHIS_PA5E,"Self-reported last colorectal cancer screening test by sex, age and educational attainment level",ok,sdmx,8,66,0,"",2026-07-24
HLTH_EHIS_PA5I,"Self-reported last colorectal cancer screening test by sex, age and income quintile",ok,sdmx,8,63,0,"",2026-07-24
HLTH_EHIS_PA5U,"Self-reported last colorectal cancer screening test by sex, age and degree of urbanisation",ok,sdmx,8,66,0,"",2026-07-24
HLTH_EHIS_PA6E,"Self-reported last colonoscopy by sex, age and educational attainment level",ok,sdmx,8,63,0,"",2026-07-24
HLTH_EHIS_PA6I,"Self-reported last colonoscopy by sex, age and income quintile",ok,sdmx,8,62,0,"",2026-07-24
HLTH_EHIS_PA6U,"Self-reported last colonoscopy by sex, age and degree of urbanisation",ok,sdmx,8,64,0,"",2026-07-24
HLTH_EHIS_PA7E,Self-reported last breast examination by X-ray among women by age and educational attainment level,ok,sdmx,7,64,0,"",2026-07-24
HLTH_EHIS_PA7I,Self-reported last breast examination by X-ray among women by age and income quintile,ok,sdmx,7,61,0,"",2026-07-24
HLTH_EHIS_PA7U,Self-reported last breast examination by X-ray among women by age and degree of urbanisation,ok,sdmx,7,63,0,"",2026-07-24
HLTH_EHIS_PA8E,Self-reported last cervical smear test among women by age and educational attainment level,ok,sdmx,7,63,0,"",2026-07-24
HLTH_EHIS_PA8I,Self-reported last cervical smear test among women by age and income quintile,ok,sdmx,7,60,0,"",2026-07-24
HLTH_EHIS_PA8U,Self-reported last cervical smear test among women by age and degree of urbanisation,ok,sdmx,7,62,0,"",2026-07-24
HLTH_EHIS_PC1D,"Difficulties in personal care activities by sex, age and level of disability (activity limitation)",ok,sdmx,9,60,0,"",2026-07-24
HLTH_EHIS_PC1E,"Difficulties in personal care activities by sex, age and educational attainment level",ok,sdmx,9,60,0,"",2026-07-24
HLTH_EHIS_PC1HCS,"Difficulties in personal care activities by sex, age and use of home care services",ok,sdmx,9,54,0,"",2026-07-24
HLTH_EHIS_PC1I,"Difficulties in personal care activities by sex, age and income quintile",ok,sdmx,9,58,0,"",2026-07-24
HLTH_EHIS_PC1U,"Difficulties in personal care activities by sex, age and degree of urbanisation",ok,sdmx,9,60,0,"",2026-07-24
HLTH_EHIS_PCHLPD,"Need for help with personal care activities by sex, age and level of activity limitation",ok,sdmx,8,53,0,"",2026-07-24
HLTH_EHIS_PCHLPE,"Need for help with personal care activities by sex, age and educational attainment level",ok,sdmx,8,53,0,"",2026-07-24
HLTH_EHIS_PCHLPU,"Need for help with personal care activities by sex, age and degree of urbanisation",ok,sdmx,8,54,0,"",2026-07-24
HLTH_EHIS_PE1E,"Effort involved in performing work-related physical activity by sex, age and educational attainment level",ok,sdmx,8,70,0,"",2026-07-24
HLTH_EHIS_PE1I,"Effort involved in performing work-related physical activity by sex, age and income quintile",ok,sdmx,8,72,0,"",2026-07-24
HLTH_EHIS_PE1U,"Effort involved in performing work-related physical activity by sex, age and degree of urbanisation",ok,sdmx,8,70,0,"",2026-07-24
HLTH_EHIS_PE2E,"Time spent on health-enhancing (non-work-related) aerobic physical activity by sex, age and educational attainment level",ok,sdmx,8,72,0,"",2026-07-24
HLTH_EHIS_PE2E$DV_1144,"Time spent on health-enhancing (non-work-related) aerobic physical activity by sex, age and educational attainment level",error,"",0,0,1,"HTTPStatusError: Client error '404 Not Found' for url 'https://ec.europa.eu/eurostat/api/dissemination/sdmx/2.1/datastructure/ESTAT/HLTH_EHIS_PE2E$DV_1144'
For more information check: https://develope",2026-07-24
HLTH_EHIS_PE2E$DV_300,"Time spent on health-enhancing (non-work-related) aerobic physical activity by sex, age and educational attainment level",error,"",0,0,1,"HTTPStatusError: Client error '404 Not Found' for url 'https://ec.europa.eu/eurostat/api/dissemination/sdmx/2.1/datastructure/ESTAT/HLTH_EHIS_PE2E$DV_300'
For more information check: https://developer",2026-07-24
HLTH_EHIS_PE2E$DV_301,"Time spent on health-enhancing (non-work-related) aerobic physical activity by sex, age and educational attainment level",error,"",0,0,1,"HTTPStatusError: Client error '404 Not Found' for url 'https://ec.europa.eu/eurostat/api/dissemination/sdmx/2.1/datastructure/ESTAT/HLTH_EHIS_PE2E$DV_301'
For more information check: https://developer",2026-07-24
HLTH_EHIS_PE2I,"Time spent on health-enhancing (non-work-related) aerobic physical activity by sex, age and income quintile",ok,sdmx,8,74,0,"",2026-07-24
HLTH_EHIS_PE2I$DV_465,"Time spent on health-enhancing (non-work-related) aerobic physical activity by sex, age and income quintile",error,"",0,0,1,"HTTPStatusError: Client error '404 Not Found' for url 'https://ec.europa.eu/eurostat/api/dissemination/sdmx/2.1/datastructure/ESTAT/HLTH_EHIS_PE2I$DV_465'
For more information check: https://developer",2026-07-24
HLTH_EHIS_PE2M,"Time spent on health-enhancing non-work-related aerobic physical activity by sex, age and body mass index",ok,sdmx,8,62,0,"",2026-07-24
HLTH_EHIS_PE2U,"Time spent on health-enhancing (non-work-related) aerobic physical activity by sex, age and degree of urbanisation",ok,sdmx,8,71,0,"",2026-07-24
HLTH_EHIS_PE2U$DV_466,"Time spent on health-enhancing (non-work-related) aerobic physical activity by sex, age and degree of urbanisation",error,"",0,0,1,"HTTPStatusError: Client error '404 Not Found' for url 'https://ec.europa.eu/eurostat/api/dissemination/sdmx/2.1/datastructure/ESTAT/HLTH_EHIS_PE2U$DV_466'
For more information check: https://developer",2026-07-24
HLTH_EHIS_PE3E,"Performing (non-work-related) physical activities by sex, age and educational attainment level",ok,sdmx,8,70,0,"",2026-07-24
HLTH_EHIS_PE3E$DV_294,"Performing (non-work-related) physical activities by sex, age and educational attainment level",error,"",0,0,1,"HTTPStatusError: Client error '404 Not Found' for url 'https://ec.europa.eu/eurostat/api/dissemination/sdmx/2.1/datastructure/ESTAT/HLTH_EHIS_PE3E$DV_294'
For more information check: https://developer",2026-07-24
HLTH_EHIS_PE3E$DV_296,"Performing (non-work-related) physical activities by sex, age and educational attainment level",error,"",0,0,1,"HTTPStatusError: Client error '404 Not Found' for url 'https://ec.europa.eu/eurostat/api/dissemination/sdmx/2.1/datastructure/ESTAT/HLTH_EHIS_PE3E$DV_296'
For more information check: https://developer",2026-07-24
HLTH_EHIS_PE3I,"Performing (non-work-related) physical activities by sex, age and income quintile",ok,sdmx,8,72,0,"",2026-07-24
HLTH_EHIS_PE3I$DV_467,"Performing (non-work-related) physical activities by sex, age and income quintile",error,"",0,0,1,"HTTPStatusError: Client error '404 Not Found' for url 'https://ec.europa.eu/eurostat/api/dissemination/sdmx/2.1/datastructure/ESTAT/HLTH_EHIS_PE3I$DV_467'
For more information check: https://developer",2026-07-24
HLTH_EHIS_PE3U,"Performing (non-work-related) physical activities by sex, age and degree of urbanisation",ok,sdmx,8,70,0,"",2026-07-24
HLTH_EHIS_PE3U$DV_468,"Performing (non-work-related) physical activities by sex, age and degree of urbanisation",error,"",0,0,1,"HTTPStatusError: Client error '404 Not Found' for url 'https://ec.europa.eu/eurostat/api/dissemination/sdmx/2.1/datastructure/ESTAT/HLTH_EHIS_PE3U$DV_468'
For more information check: https://developer",2026-07-24
HLTH_EHIS_PE6E,"Walking and cycling at least 30 minutes per day by sex, age and educational attainment level",ok,sdmx,7,57,0,"",2026-07-24
HLTH_EHIS_PE9B,"Performing health-enhancing physical activity by sex, age and country of birth",ok,sdmx,8,70,0,"",2026-07-24
HLTH_EHIS_PE9C,"Performing health-enhancing physical activity by sex, age and country of citizenship",ok,sdmx,8,70,0,"",2026-07-24
HLTH_EHIS_PE9D,"Performing health-enhancing physical activity by level of disability (activity limitation), sex and age",ok,sdmx,8,69,0,"",2026-07-24
HLTH_EHIS_PE9E,"Performing health-enhancing physical activity by sex, age and educational attainment level",ok,sdmx,8,69,0,"",2026-07-24
HLTH_EHIS_PE9E$DV_469,"Performing health-enhancing physical activity by sex, age and educational attainment level",error,"",0,0,1,"HTTPStatusError: Client error '404 Not Found' for url 'https://ec.europa.eu/eurostat/api/dissemination/sdmx/2.1/datastructure/ESTAT/HLTH_EHIS_PE9E$DV_469'
For more information check: https://developer",2026-07-24
HLTH_EHIS_PE9I,"Performing health-enhancing physical activity by sex, age and income quintile",ok,sdmx,8,71,0,"",2026-07-24
HLTH_EHIS_PE9I$DV_470,"Performing health-enhancing physical activity by sex, age and income quintile",error,"",0,0,1,"HTTPStatusError: Client error '404 Not Found' for url 'https://ec.europa.eu/eurostat/api/dissemination/sdmx/2.1/datastructure/ESTAT/HLTH_EHIS_PE9I$DV_470'
For more information check: https://developer",2026-07-24
HLTH_EHIS_PE9U,"Performing health-enhancing physical activity by sex, age and degree of urbanisation",ok,sdmx,8,69,0,"",2026-07-24
HLTH_EHIS_PE9U$DV_471,"Performing health-enhancing physical activity by sex, age and degree of urbanisation",error,"",0,0,1,"HTTPStatusError: Client error '404 Not Found' for url 'https://ec.europa.eu/eurostat/api/dissemination/sdmx/2.1/datastructure/ESTAT/HLTH_EHIS_PE9U$DV_471'
For more information check: https://developer",2026-07-24
HLTH_EHIS_PL1D,"Functional limitations by sex, age and level of disability (activity limitation)",ok,sdmx,9,67,0,"",2026-07-24
HLTH_EHIS_PL1E,"Functional limitations by sex, age and educational attainment level",ok,sdmx,9,68,0,"",2026-07-24
HLTH_EHIS_PL1U,"Functional limitations by sex, age and degree of urbanisation",ok,sdmx,9,67,0,"",2026-07-24
HLTH_EHIS_PN1B,"Severity of bodily pain by sex, age and country of birth",ok,sdmx,8,66,0,"",2026-07-24
HLTH_EHIS_PN1C,"Severity of bodily pain by sex, age and country of citizenship",ok,sdmx,8,66,0,"",2026-07-24
HLTH_EHIS_PN1D,"Severity of bodily pain by level of disability (activity limitation), sex and age",ok,sdmx,8,65,0,"",2026-07-24
HLTH_EHIS_PN1E,"Severity of bodily pain by sex, age and educational attainment level",ok,sdmx,8,65,0,"",2026-07-24
HLTH_EHIS_SK1B,"Smoking of tobacco products by sex, age and country of birth",ok,sdmx,8,70,0,"",2026-07-24
HLTH_EHIS_SK1C,"Smoking of tobacco products by sex, age and country of citizenship",ok,sdmx,8,70,0,"",2026-07-24
HLTH_EHIS_SK1E,"Smoking of tobacco products by sex, age and educational attainment level",ok,sdmx,8,73,0,"",2026-07-24
HLTH_EHIS_SK1I,"Smoking of tobacco products by sex, age and income quintile",ok,sdmx,8,72,0,"",2026-07-24
HLTH_EHIS_SK1U,"Smoking of tobacco products by sex, age and degree of urbanisation",ok,sdmx,8,70,0,"",2026-07-24
HLTH_EHIS_SK2E,"Former daily tobacco smokers by sex, age and educational attainment level",ok,sdmx,7,59,0,"",2026-07-24
HLTH_EHIS_SK2I,"Former daily tobacco smokers by sex, age and income quintile",ok,sdmx,7,61,0,"",2026-07-24
HLTH_EHIS_SK3E,"Daily smokers of cigarettes by sex, age and educational attainment level",ok,sdmx,8,69,0,"",2026-07-24
HLTH_EHIS_SK3E$DV_1127,"Daily smokers of cigarettes by sex, age and educational attainment level",error,"",0,0,1,"HTTPStatusError: Client error '404 Not Found' for url 'https://ec.europa.eu/eurostat/api/dissemination/sdmx/2.1/datastructure/ESTAT/HLTH_EHIS_SK3E$DV_1127'
For more information check: https://develope",2026-07-24
HLTH_EHIS_SK3E$DV_298,"Daily smokers of cigarettes by sex, age and educational attainment level",error,"",0,0,1,"HTTPStatusError: Client error '404 Not Found' for url 'https://ec.europa.eu/eurostat/api/dissemination/sdmx/2.1/datastructure/ESTAT/HLTH_EHIS_SK3E$DV_298'
For more information check: https://developer",2026-07-24
HLTH_EHIS_SK3I,"Daily smokers of cigarettes by sex, age and income quintile",ok,sdmx,8,71,0,"",2026-07-24
HLTH_EHIS_SK3I$DV_1141,"Daily smokers of cigarettes by sex, age and income quintile",error,"",0,0,1,"HTTPStatusError: Client error '404 Not Found' for url 'https://ec.europa.eu/eurostat/api/dissemination/sdmx/2.1/datastructure/ESTAT/HLTH_EHIS_SK3I$DV_1141'
For more information check: https://develope",2026-07-24
HLTH_EHIS_SK3I$DV_2705,"Daily smokers of cigarettes by sex, age and income quintile",error,"",0,0,1,"HTTPStatusError: Client error '404 Not Found' for url 'https://ec.europa.eu/eurostat/api/dissemination/sdmx/2.1/datastructure/ESTAT/HLTH_EHIS_SK3I$DV_2705'
For more information check: https://develope",2026-07-24
HLTH_EHIS_SK3I$DV_304,"Daily smokers of cigarettes by sex, age and income quintile",error,"",0,0,1,"HTTPStatusError: Client error '404 Not Found' for url 'https://ec.europa.eu/eurostat/api/dissemination/sdmx/2.1/datastructure/ESTAT/HLTH_EHIS_SK3I$DV_304'
For more information check: https://developer",2026-07-24
HLTH_EHIS_SK3U,"Daily smokers of cigarettes by sex, age and degree of urbanisation",ok,sdmx,8,69,0,"",2026-07-24
HLTH_EHIS_SK4E,"Daily exposure to tobacco smoke indoors by sex, age and educational attainment level",ok,sdmx,8,71,0,"",2026-07-24
HLTH_EHIS_SK4U,"Daily exposure to tobacco smoke indoors by sex, age and degree of urbanisation",ok,sdmx,8,71,0,"",2026-07-24
HLTH_EHIS_SK5E,"Duration of daily tobacco smoking by sex, age and educational attainment level",ok,sdmx,8,63,0,"",2026-07-24
HLTH_EHIS_SK6E,"Use of electronic cigarettes or similar electronic devices by sex, age and educational attainment level",ok,sdmx,8,63,0,"",2026-07-24
HLTH_EHIS_SS1B,"Overall perceived social support by sex, age and country of birth",ok,sdmx,8,63,0,"",2026-07-24
HLTH_EHIS_SS1C,"Overall perceived social support by sex, age and country of citizenship",ok,sdmx,8,63,0,"",2026-07-24
HLTH_EHIS_SS1C$DV_2108,"Overall perceived social support by sex, age and country of citizenship",error,"",0,0,1,"HTTPStatusError: Client error '404 Not Found' for url 'https://ec.europa.eu/eurostat/api/dissemination/sdmx/2.1/datastructure/ESTAT/HLTH_EHIS_SS1C$DV_2108'
For more information check: https://develope",2026-07-24
HLTH_EHIS_SS1D,"Overall perceived social support by level of disability (activity limitation), sex and age",ok,sdmx,8,63,0,"",2026-07-24
HLTH_EHIS_SS1D$DV_2109,"Overall perceived social support by level of disability (activity limitation), sex and age",error,"",0,0,1,"HTTPStatusError: Client error '404 Not Found' for url 'https://ec.europa.eu/eurostat/api/dissemination/sdmx/2.1/datastructure/ESTAT/HLTH_EHIS_SS1D$DV_2109'
For more information check: https://develope",2026-07-24
HLTH_EHIS_SS1E,"Overall perceived social support by sex, age and educational attainment level",ok,sdmx,8,63,0,"",2026-07-24
HLTH_EHIS_SS1U,"Overall perceived social support by sex, age and degree of urbanisation",ok,sdmx,8,62,0,"",2026-07-24
HLTH_EHIS_ST1,"People reporting a chronic disease, by disease, sex, age and educational attainment level (%)",ok,sdmx,7,41,0,"",2026-07-24
HLTH_EHIS_ST10,"Limitations in personal care activities by sex, age and educational attainment level (%)",ok,sdmx,8,37,0,"",2026-07-24
HLTH_EHIS_ST11,"Limitations in household activities by sex, age and educational attainment level (%)",ok,sdmx,8,36,0,"",2026-07-24
HLTH_EHIS_ST2,"People reporting having had an accident by sex, age and educational attainment level (%)",ok,sdmx,7,34,0,"",2026-07-24
HLTH_EHIS_ST3,"People reporting having had an accident, which resulted in injury for which medical treatment was sought by sex, age and educational attainment level (%)",ok,sdmx,7,34,0,"",2026-07-24
HLTH_EHIS_ST4,"People declaring physical pain or physical discomfort by sex, age and educational attainment level (%)",ok,sdmx,7,37,0,"",2026-07-24
HLTH_EHIS_ST7,"Psychological distress by sex, age and educational attainment level (average score)",ok,sdmx,6,32,0,"",2026-07-24
HLTH_EHIS_ST8,"Psychological well-being (energy and vitality index) by sex, age and educational attainment level (average score)",ok,sdmx,6,33,0,"",2026-07-24
HLTH_EHIS_ST9,"Physical and sensory functional limitations by sex, age and educational attainment level (%)",ok,sdmx,8,36,0,"",2026-07-24
HLTH_EHIS_TAD,"Difficulties in personal care activities or household activities by sex, age and level of disability (activity limitation)",ok,sdmx,8,54,0,"",2026-07-24
HLTH_EHIS_TADLE,"Severe difficulties in personal care activities or household activities by sex, age and type of activity where the severe difficulty is encountered",ok,sdmx,7,50,0,"",2026-07-24
HLTH_EHIS_TADLH,"Need for help with personal care or household activities by level of difficulty experienced in those activities, sex and age",ok,sdmx,8,52,0,"",2026-07-24
HLTH_EHIS_TADLHI,"Need for help with personal care or household activities by level of difficulty experienced in those activities, age and income quintile",ok,sdmx,8,55,0,"",2026-07-24
HLTH_EHIS_TADLHU,"Need for help with personal care or household activities by level of difficulty experienced in those activities, age and degree of urbanisation",ok,sdmx,8,50,0,"",2026-07-24
HLTH_EHIS_TADLI,"Severe difficulties in personal care activities or household activities by age, income quintile and type of activity where the severe difficulty is encountered",ok,sdmx,7,53,0,"",2026-07-24
HLTH_EHIS_TAE,"Difficulties in personal care activities or household activities by sex, age and educational attainment level",ok,sdmx,8,54,0,"",2026-07-24
HLTH_EHIS_TAHCS,"Difficulties in personal care activities or household activities by sex, age and use of home care services",ok,sdmx,8,49,0,"",2026-07-24
HLTH_EHIS_TAI,"Difficulties in personal care activities or household activities by sex, age and income quintile",ok,sdmx,8,53,0,"",2026-07-24
HLTH_EHIS_TAU,"Difficulties in personal care activities or household activities by sex, age and degree of urbanisation",ok,sdmx,8,54,0,"",2026-07-24
HLTH_EHIS_UN1D,"Self-reported unmet needs for health care by specific reasons, level of disability (activity limitation), sex and age",ok,sdmx,8,63,0,"",2026-07-24
HLTH_EHIS_UN1E,"Self-reported unmet needs for health care by sex, age, specific reasons and educational attainment level",ok,sdmx,8,63,0,"",2026-07-24
HLTH_EHIS_UN1I,"Self-reported unmet needs for health care by sex, age, specific reasons and income quintile",ok,sdmx,8,59,0,"",2026-07-24
HLTH_EHIS_UN1U,"Self-reported unmet needs for health care by sex, age, specific reasons and degree of urbanisation",ok,sdmx,8,63,0,"",2026-07-24
HLTH_EHIS_UN2D,"Self-reported unmet needs for specific health care-related services due to financial reasons by level of disability (activity limitation), sex and age",ok,sdmx,8,64,0,"",2026-07-24
HLTH_EHIS_UN2E,"Self-reported unmet needs for specific health care-related services due to financial reasons by sex, age and educational attainment level",ok,sdmx,8,63,0,"",2026-07-24
HLTH_EHIS_UN2I,"Self-reported unmet needs for specific health care-related services due to financial reasons by sex, age and income quintile",ok,sdmx,8,60,0,"",2026-07-24
HLTH_EHIS_UN2U,"Self-reported unmet needs for specific health care-related services due to financial reasons by sex, age and degree of urbanisation",ok,sdmx,8,63,0,"",2026-07-24
HLTH_EHIS_VIE,"Correction of vision problems by sex, age and educational attainment level",ok,sdmx,8,65,0,"",2026-07-24
HLTH_EHIS_VIU,"Correction of vision problems by sex, age and degree of urbanisation",ok,sdmx,8,65,0,"",2026-07-24
HLTH_HC_DENT,Consultation of a dentist per inhabitant,ok,sdmx,4,99,0,"",2026-07-24
HLTH_HC_PHYS,Consultation of a medical doctor (in private practice or as outpatient) per inhabitant - historical data (1960-2013),ok,sdmx,5,103,0,"",2026-07-24
HLTH_HC_PHYS2,Consultation of a medical doctor per inhabitant and by type of consultation,ok,sdmx,5,105,0,"",2026-07-24
HLTH_HLYE,Healthy life years by sex (from 2004 onwards),ok,sdmx,6,69,0,"",2026-07-25
HLTH_HLYE$DV_3621,Healthy life years by sex (from 2004 onwards),error,"",0,0,1,"HTTPStatusError: Client error '404 Not Found' for url 'https://ec.europa.eu/eurostat/api/dissemination/sdmx/2.1/datastructure/ESTAT/HLTH_HLYE$DV_3621'
For more information check: https://developer.moz",2026-07-25
HLTH_HLYE$DV_3622,Healthy life years by sex (from 2004 onwards),error,"",0,0,1,"HTTPStatusError: Client error '404 Not Found' for url 'https://ec.europa.eu/eurostat/api/dissemination/sdmx/2.1/datastructure/ESTAT/HLTH_HLYE$DV_3622'
For more information check: https://developer.moz",2026-07-25
HLTH_HLYE_H,Healthy life years (1995 - 2003),ok,sdmx,4,55,0,"",2026-07-25
HLTH_NRALOS2,In-patient average length of stay of non-residents,ok,sdmx,8,212,0,"",2026-07-25
HLTH_NRALOS2C,In-patient average length of stay of non-residents by country of residence,ok,sdmx,9,39,0,"",2026-07-25
HLTH_NRDC3,Hospital discharge day cases of non-residents by diagnosis,ok,sdmx,8,210,0,"",2026-07-25
HLTH_NRDC3C,Hospital discharge day cases of non-residents by country of residence,ok,sdmx,9,37,0,"",2026-07-25
HLTH_NRDISCH1,Hospital discharges of non-residents - % of total hospital discharges,ok,sdmx,8,186,0,"",2026-07-25
HLTH_NRHOSDAY2,Hospital bed days of non-resident in-patients,ok,sdmx,8,212,0,"",2026-07-25
HLTH_NRHOSDAY2C,Hospital bed days of non-resident in-patients by country of residence,ok,sdmx,9,39,0,"",2026-07-25
HLTH_NRINPAT3,Hospital discharges of non-resident in-patients by diagnosis,ok,sdmx,8,212,0,"",2026-07-25
HLTH_NRINPAT3C,Hospital discharges of non-resident in-patients by country of residence,ok,sdmx,9,39,0,"",2026-07-25
HLTH_PS_IMMU,Vaccination against influenza of population aged 65 and over,ok,sdmx,4,67,0,"",2026-07-25
HLTH_PS_PREV,Preventive cancer screenings - programme data,ok,sdmx,6,71,0,"",2026-07-25
HLTH_PS_SCRE,Breast cancer and cervical cancer screenings - historical data (2000-2021),ok,sdmx,6,64,0,"",2026-07-25
HLTH_RALOS1,In-patients average length of stay of residents in hospital,ok,sdmx,8,218,0,"",2026-07-25
HLTH_RALOS1_REG,In-patients average length of stay of residents in hospital by NUTS 2 region of residence,ok,sdmx,9,459,0,"",2026-07-25
HLTH_RDC1,Hospital discharge day cases of residents by diagnosis,ok,sdmx,8,215,0,"",2026-07-25
HLTH_RDC1_REG,Hospital discharge day cases of residents by diagnosis and NUTS 2 region of residence,ok,sdmx,9,449,0,"",2026-07-25
HLTH_RDC2,Hospital discharge day cases of residents by diagnosis - per hundred thousand inhabitants,ok,sdmx,8,215,0,"",2026-07-25
HLTH_RDC2_REG,Hospital discharge day cases of residents by diagnosis and NUTS 2 region of residence - per hundred thousand inhabitants,ok,sdmx,9,449,0,"",2026-07-25
HLTH_RHOSDAY1,Hospital bed days of resident in-patients,ok,sdmx,8,218,0,"",2026-07-25
HLTH_RHOSDAY1_REG,Hospital bed days of resident in-patients by NUTS 2 region of residence,ok,sdmx,9,459,0,"",2026-07-25
HLTH_RINPAT1,Hospital discharges of resident in-patients by diagnosis,ok,sdmx,8,218,0,"",2026-07-25
HLTH_RINPAT1_REG,Hospital discharges of resident in-patients by diagnosis and NUTS 2 region of residence,ok,sdmx,9,459,0,"",2026-07-25
HLTH_RINPAT2,Hospital discharges of resident in-patients by diagnosis - per hundred thousand inhabitants,ok,sdmx,8,218,0,"",2026-07-25
HLTH_RINPAT2_REG,Hospital discharges of resident in-patients by diagnosis and NUTS 2 region of residence - per hundred thousand inhabitants,ok,sdmx,9,459,0,"",2026-07-25
HLTH_RS_BDLTC,Beds in nursing and other residential long-term care facilities,ok,sdmx,4,87,0,"",2026-07-25
HLTH_RS_BDS,Hospital beds by type of care - historical data (1960-2020),ok,sdmx,5,110,0,"",2026-07-25
HLTH_RS_BDS1,Hospital beds by function and type of care,ok,sdmx,6,117,0,"",2026-07-25
HLTH_RS_BDS2,Hospital beds by hospital ownership,ok,sdmx,5,106,0,"",2026-07-25
HLTH_RS_BDSICU,Available beds in intensive care unit (ICU) by typology,ok,sdmx,6,48,0,"",2026-07-25
HLTH_RS_BDSNS,Long-term care beds in nursing and residential care facilities by NUTS 2 region - historical data (1980-2021),ok,sdmx,5,307,0,"",2026-07-25
HLTH_RS_BDSRG,Hospital beds by NUTS 2 region - historical data (1993-2016),ok,sdmx,5,405,0,"",2026-07-25
HLTH_RS_BDSRG2,Available beds in hospitals by NUTS 2 region,ok,sdmx,4,310,0,"",2026-07-25
HLTH_RS_EQUIP,Medical technology - historical data (1980-2016),ok,sdmx,6,93,0,"",2026-07-25
HLTH_RS_GRD,Health graduates - historical data (1980-2021),ok,sdmx,5,92,0,"",2026-07-25
HLTH_RS_GRD2,Health graduates,ok,sdmx,5,93,0,"",2026-07-25
HLTH_RS_GRD2$DV_2825,Health graduates,error,"",0,0,1,"HTTPStatusError: Client error '404 Not Found' for url 'https://ec.europa.eu/eurostat/api/dissemination/sdmx/2.1/datastructure/ESTAT/HLTH_RS_GRD2$DV_2825'
For more information check: https://developer.",2026-07-25
HLTH_RS_MEDIM,Devices for medical imaging,ok,sdmx,6,94,0,"",2026-07-25
HLTH_RS_NURSE,Nurses by age and sex,ok,sdmx,6,66,0,"",2026-07-25
HLTH_RS_PHYS,Physicians by sex and age,ok,sdmx,6,97,0,"",2026-07-25
HLTH_RS_PHYSCAT,Physicians by category,ok,sdmx,5,91,0,"",2026-07-25
HLTH_RS_PHYSREG,Physicians by NUTS 2 region,ok,sdmx,4,322,0,"",2026-07-25
HLTH_RS_PRS1,Health personnel (excluding nursing and caring professionals) - historical data (1980-2021),ok,sdmx,6,114,0,"",2026-07-25
HLTH_RS_PRS2,Health personnel,ok,sdmx,6,119,0,"",2026-07-25
HLTH_RS_PRS2$DV_2824,Health personnel,error,"",0,0,1,"HTTPStatusError: Client error '404 Not Found' for url 'https://ec.europa.eu/eurostat/api/dissemination/sdmx/2.1/datastructure/ESTAT/HLTH_RS_PRS2$DV_2824'
For more information check: https://developer.",2026-07-25
HLTH_RS_PRSHP1,Health personnel employed in hospital - historical data (1980-2021),ok,sdmx,5,92,0,"",2026-07-25
HLTH_RS_PRSHP2,Hospital employment,ok,sdmx,5,95,0,"",2026-07-25
HLTH_RS_PRSNS,Nursing and caring professionals - historical data (1980-2021),ok,sdmx,6,96,0,"",2026-07-25
HLTH_RS_PRSRG,Health personnel by NUTS 2 region - historical data (1993-2021),ok,sdmx,5,401,0,"",2026-07-25
HLTH_RS_SPEC,Physicians by medical speciality - historical data (1985-2016),ok,sdmx,5,112,0,"",2026-07-25
HLTH_RS_TECH,Technical resources in hospital,ok,sdmx,5,66,0,"",2026-07-25
HLTH_RS_WKMG,Health workforce migration - historical data (2000-2021),ok,sdmx,6,67,0,"",2026-07-25
HLTH_RS_WKMG2,Health workforce migration,ok,sdmx,6,71,0,"",2026-07-25
HLTH_SHA11_FS,Revenues of health care financing schemes,ok,sdmx,5,101,0,"",2026-07-25
HLTH_SHA11_HC,Health care expenditure by function,ok,sdmx,5,151,0,"",2026-07-25
HLTH_SHA11_HC$DV_2822,Health care expenditure by function,error,"",0,0,1,"HTTPStatusError: Client error '404 Not Found' for url 'https://ec.europa.eu/eurostat/api/dissemination/sdmx/2.1/datastructure/ESTAT/HLTH_SHA11_HC$DV_2822'
For more information check: https://developer",2026-07-25
HLTH_SHA11_HC$DV_2841,Health care expenditure by function,error,"",0,0,1,"HTTPStatusError: Client error '404 Not Found' for url 'https://ec.europa.eu/eurostat/api/dissemination/sdmx/2.1/datastructure/ESTAT/HLTH_SHA11_HC$DV_2841'
For more information check: https://developer",2026-07-25
HLTH_SHA11_HCHF,Expenditure for selected health care functions by health care financing schemes,ok,sdmx,6,134,0,"",2026-07-25
HLTH_SHA11_HCHP,Expenditure for selected health care functions by health care providers,ok,sdmx,6,133,0,"",2026-07-25
HLTH_SHA11_HF,Health care expenditure by financing scheme,ok,sdmx,5,109,0,"",2026-07-25
HLTH_SHA11_HF$DV_2821,Health care expenditure by financing scheme,error,"",0,0,1,"HTTPStatusError: Client error '404 Not Found' for url 'https://ec.europa.eu/eurostat/api/dissemination/sdmx/2.1/datastructure/ESTAT/HLTH_SHA11_HF$DV_2821'
For more information check: https://developer",2026-07-25
HLTH_SHA11_HF$DV_2826,Health care expenditure by financing scheme,error,"",0,0,1,"HTTPStatusError: Client error '404 Not Found' for url 'https://ec.europa.eu/eurostat/api/dissemination/sdmx/2.1/datastructure/ESTAT/HLTH_SHA11_HF$DV_2826'
For more information check: https://developer",2026-07-25
HLTH_SHA11_HFFS,Revenues of health care financing schemes by health care financing schemes,ok,sdmx,6,112,0,"",2026-07-25
HLTH_SHA11_HP,Health care expenditure by provider,ok,sdmx,5,127,0,"",2026-07-25
HLTH_SHA11_HPHF,Expenditure for selected health care providers by health care financing schemes,ok,sdmx,6,115,0,"",2026-07-25
HLTH_SILC_01,"Self-perceived health by sex, age and labour status",ok,sdmx,8,103,0,"",2026-07-25
HLTH_SILC_02,"Self-perceived health by sex, age and educational attainment level",ok,sdmx,8,98,0,"",2026-07-25
HLTH_SILC_02$DV_381,"Self-perceived health by sex, age and educational attainment level",error,"",0,0,1,"HTTPStatusError: Client error '404 Not Found' for url 'https://ec.europa.eu/eurostat/api/dissemination/sdmx/2.1/datastructure/ESTAT/HLTH_SILC_02$DV_381'
For more information check: https://developer.m",2026-07-25
HLTH_SILC_04,"People having a long-standing illness or health problem, by sex, age and labour status",ok,sdmx,7,95,0,"",2026-07-25
HLTH_SILC_05,"People having a long-standing illness or health problem, by sex, age and educational attainment level",ok,sdmx,7,92,0,"",2026-07-25
HLTH_SILC_06,"Self-perceived long-standing limitations in usual activities due to health problem by sex, age and labour status",ok,sdmx,8,101,0,"",2026-07-25
HLTH_SILC_07,"Level of disability (activity limitation) by sex, age and educational attainment level",ok,sdmx,8,97,0,"",2026-07-25
HLTH_SILC_08,"Self-reported unmet needs for medical examination by sex, age, main reason declared and income quintile",ok,sdmx,8,106,0,"",2026-07-25
HLTH_SILC_08$DV_3521,"Self-reported unmet needs for medical examination by sex, age, main reason declared and income quintile",error,"",0,0,1,"HTTPStatusError: Client error '404 Not Found' for url 'https://ec.europa.eu/eurostat/api/dissemination/sdmx/2.1/datastructure/ESTAT/HLTH_SILC_08$DV_3521'
For more information check: https://developer.",2026-07-25
HLTH_SILC_08B,"Self-reported unmet needs for medical examination due to financial reasons, long waiting list or distance by sex, age and risk of poverty threshold - % of the persons having the same needs",ok,sdmx,8,55,0,"",2026-07-25
HLTH_SILC_08B_R,"Self-reported unmet needs for medical examination due to financial reasons, long waiting list or distance by NUTS-2-region - % of the persons having the same needs",ok,sdmx,5,285,0,"",2026-07-25
HLTH_SILC_08C,"Persons reporting needs for medical examination or treatment by sex, age and at risk of poverty and social exclusion situation",ok,sdmx,7,66,0,"",2026-07-25
HLTH_SILC_08_R,Self-reported unmet needs for medical examination by main reason declared and NUTS 2 region,ok,sdmx,5,302,0,"",2026-07-25
HLTH_SILC_09,"Self-reported unmet needs for dental examination by sex, age, main reason declared and income quintile",ok,sdmx,8,102,0,"",2026-07-25
HLTH_SILC_09B,"Self-reported unmet needs for dental examination due to financial reasons, long waiting list or distance by sex, age and risk of poverty threshold - % of the persons having the same needs",ok,sdmx,8,55,0,"",2026-07-25
HLTH_SILC_09C,"Persons reporting needs for dental examination or treatment by sex, age and at risk of poverty and social exclusion situation",ok,sdmx,7,66,0,"",2026-07-25
HLTH_SILC_10,"Self-perceived health by sex, age and income quintile",ok,sdmx,8,106,0,"",2026-07-25
HLTH_SILC_10$DV_1147,"Self-perceived health by sex, age and income quintile",error,"",0,0,1,"HTTPStatusError: Client error '404 Not Found' for url 'https://ec.europa.eu/eurostat/api/dissemination/sdmx/2.1/datastructure/ESTAT/HLTH_SILC_10$DV_1147'
For more information check: https://developer.",2026-07-25
HLTH_SILC_10$DV_2042,"Self-perceived health by sex, age and income quintile",error,"",0,0,1,"HTTPStatusError: Client error '404 Not Found' for url 'https://ec.europa.eu/eurostat/api/dissemination/sdmx/2.1/datastructure/ESTAT/HLTH_SILC_10$DV_2042'
For more information check: https://developer.",2026-07-25
HLTH_SILC_10$DV_290,"Self-perceived health by sex, age and income quintile",error,"",0,0,1,"HTTPStatusError: Client error '404 Not Found' for url 'https://ec.europa.eu/eurostat/api/dissemination/sdmx/2.1/datastructure/ESTAT/HLTH_SILC_10$DV_290'
For more information check: https://developer.m",2026-07-25
HLTH_SILC_11,"People having a long-standing illness or health problem, by sex, age and income quintile",ok,sdmx,7,97,0,"",2026-07-25
HLTH_SILC_11$DV_3662,"People having a long-standing illness or health problem, by sex, age and income quintile",error,"",0,0,1,"HTTPStatusError: Client error '404 Not Found' for url 'https://ec.europa.eu/eurostat/api/dissemination/sdmx/2.1/datastructure/ESTAT/HLTH_SILC_11$DV_3662'
For more information check: https://developer.",2026-07-25
HLTH_SILC_12,"Level of disability (activity limitation) by sex, age and income quintile",ok,sdmx,8,102,0,"",2026-07-25
HLTH_SILC_12$DV_3663,"Level of disability (activity limitation) by sex, age and income quintile",error,"",0,0,1,"HTTPStatusError: Client error '404 Not Found' for url 'https://ec.europa.eu/eurostat/api/dissemination/sdmx/2.1/datastructure/ESTAT/HLTH_SILC_12$DV_3663'
For more information check: https://developer.",2026-07-25
HLTH_SILC_13,"Self-reported unmet needs for medical examination by sex, age, main reason declared and labour status",ok,sdmx,8,105,0,"",2026-07-25
HLTH_SILC_14,"Self-reported unmet needs for medical examination by sex, age, main reason declared and educational attainment level",ok,sdmx,8,102,0,"",2026-07-25
HLTH_SILC_14$DV_3522,"Self-reported unmet needs for medical examination by sex, age, main reason declared and educational attainment level",error,"",0,0,1,"HTTPStatusError: Client error '404 Not Found' for url 'https://ec.europa.eu/eurostat/api/dissemination/sdmx/2.1/datastructure/ESTAT/HLTH_SILC_14$DV_3522'
For more information check: https://developer.",2026-07-25
HLTH_SILC_14$DV_385,"Self-reported unmet needs for medical examination by sex, age, main reason declared and educational attainment level",error,"",0,0,1,"HTTPStatusError: Client error '404 Not Found' for url 'https://ec.europa.eu/eurostat/api/dissemination/sdmx/2.1/datastructure/ESTAT/HLTH_SILC_14$DV_385'
For more information check: https://developer.m",2026-07-25
HLTH_SILC_15,"Self-reported unmet needs for dental examination by sex, age, main reason declared and labour status",ok,sdmx,8,104,0,"",2026-07-25
HLTH_SILC_16,"Self-reported unmet needs for dental examination by sex, age, main reason declared and educational attainment level",ok,sdmx,8,101,0,"",2026-07-25
HLTH_SILC_17,Healthy life expectancy based on self-perceived health,ok,sdmx,6,63,0,"",2026-07-25
HLTH_SILC_18,"Self-perceived health by sex, age and degree of urbanisation",ok,sdmx,8,99,0,"",2026-07-25
HLTH_SILC_19,"People having a long-standing illness or health problem, by sex, age and degree of urbanisation",ok,sdmx,7,92,0,"",2026-07-25
HLTH_SILC_20,"Level of disability (activity limitation) by sex, age and degree of urbanisation",ok,sdmx,8,97,0,"",2026-07-25
HLTH_SILC_21,"Self-reported unmet needs for medical examination by sex, age, main reason declared and degree of urbanisation",ok,sdmx,8,102,0,"",2026-07-25
HLTH_SILC_22,"Self-reported unmet needs for dental examination by sex, age, main reason declared and degree of urbanisation",ok,sdmx,8,101,0,"",2026-07-25
HLTH_SILC_23,"Self-perceived health by sex, age and groups of country of birth",ok,sdmx,8,102,0,"",2026-07-25
HLTH_SILC_23$DV_2061,"Self-perceived health by sex, age and groups of country of birth",error,"",0,0,1,"HTTPStatusError: Client error '404 Not Found' for url 'https://ec.europa.eu/eurostat/api/dissemination/sdmx/2.1/datastructure/ESTAT/HLTH_SILC_23$DV_2061'
For more information check: https://developer.",2026-07-25
HLTH_SILC_24,"Self-perceived health by sex, age and groups of country of citizenship",ok,sdmx,8,103,0,"",2026-07-25
HLTH_SILC_24$DV_2082,"Self-perceived health by sex, age and groups of country of citizenship",error,"",0,0,1,"HTTPStatusError: Client error '404 Not Found' for url 'https://ec.europa.eu/eurostat/api/dissemination/sdmx/2.1/datastructure/ESTAT/HLTH_SILC_24$DV_2082'
For more information check: https://developer.",2026-07-25
HLTH_SILC_25,"People having a long-standing illness or health problem, by sex, age and groups of country of birth",ok,sdmx,7,97,0,"",2026-07-25
HLTH_SILC_26,"People having a long-standing illness or health problem, by sex, age and groups of country of citizenship",ok,sdmx,7,97,0,"",2026-07-25
HLTH_SILC_27,"Level of disability (activity limitation) by sex, age and country of birth",ok,sdmx,8,100,0,"",2026-07-25
HLTH_SILC_27$DV_1841,"Level of disability (activity limitation) by sex, age and country of birth",error,"",0,0,1,"HTTPStatusError: Client error '404 Not Found' for url 'https://ec.europa.eu/eurostat/api/dissemination/sdmx/2.1/datastructure/ESTAT/HLTH_SILC_27$DV_1841'
For more information check: https://developer.",2026-07-25
HLTH_SILC_28,"Level of disability (activity limitation) by sex, age and citizenship",ok,sdmx,8,100,0,"",2026-07-25
HLTH_SILC_28$DV_1843,"Level of disability (activity limitation) by sex, age and citizenship",error,"",0,0,1,"HTTPStatusError: Client error '404 Not Found' for url 'https://ec.europa.eu/eurostat/api/dissemination/sdmx/2.1/datastructure/ESTAT/HLTH_SILC_28$DV_1843'
For more information check: https://developer.",2026-07-25
HLTH_SILC_29,"Self-reported unmet needs for medical examination by sex, age, main reason declared and groups of country of birth",ok,sdmx,8,108,0,"",2026-07-25
HLTH_SILC_29$DV_3524,"Self-reported unmet needs for medical examination by sex, age, main reason declared and groups of country of birth",error,"",0,0,1,"HTTPStatusError: Client error '404 Not Found' for url 'https://ec.europa.eu/eurostat/api/dissemination/sdmx/2.1/datastructure/ESTAT/HLTH_SILC_29$DV_3524'
For more information check: https://developer.",2026-07-25
HLTH_SILC_30,"Self-reported unmet needs for medical examination by sex, age, main reason declared and groups of country of citizenship",ok,sdmx,8,108,0,"",2026-07-25
HLTH_SILC_30$DV_3564,"Self-reported unmet needs for medical examination by sex, age, main reason declared and groups of country of citizenship",error,"",0,0,1,"HTTPStatusError: Client error '404 Not Found' for url 'https://ec.europa.eu/eurostat/api/dissemination/sdmx/2.1/datastructure/ESTAT/HLTH_SILC_30$DV_3564'
For more information check: https://developer.",2026-07-25
HLTH_SILC_31,"Self-reported unmet needs for dental examination by sex, age, main reason declared and groups of country of birth",ok,sdmx,8,108,0,"",2026-07-25
HLTH_SILC_31$DV_3525,"Self-reported unmet needs for dental examination by sex, age, main reason declared and groups of country of birth",error,"",0,0,1,"HTTPStatusError: Client error '404 Not Found' for url 'https://ec.europa.eu/eurostat/api/dissemination/sdmx/2.1/datastructure/ESTAT/HLTH_SILC_31$DV_3525'
For more information check: https://developer.",2026-07-25
HLTH_SILC_32,"Self-reported unmet needs for dental examination by sex, age, main reason declared and groups of country of citizenship",ok,sdmx,8,108,0,"",2026-07-25
HLTH_SILC_32$DV_3565,"Self-reported unmet needs for dental examination by sex, age, main reason declared and groups of country of citizenship",error,"",0,0,1,"HTTPStatusError: Client error '404 Not Found' for url 'https://ec.europa.eu/eurostat/api/dissemination/sdmx/2.1/datastructure/ESTAT/HLTH_SILC_32$DV_3565'
For more information check: https://developer.",2026-07-25
HLTH_TALOS1,In-patients average length of stay in hospitals,ok,sdmx,8,219,0,"",2026-07-25
HLTH_TDC1,Hospital discharge day cases by diagnosis,ok,sdmx,8,217,0,"",2026-07-25
HLTH_THOSDAY1,Hospital bed days of in-patients,ok,sdmx,8,219,0,"",2026-07-25
HLTH_TINPAT1,Hospital discharges of in-patients by diagnosis,ok,sdmx,8,219,0,"",2026-07-25
HRST_FL_MOBAGE,Job-to-job mobility of human resources in science and technology (HRST) by age,ok,sdmx,5,71,0,"",2026-07-25
HRST_FL_MOBSECT,Job-to-job mobility of HRST by NACE Rev. 1.1 activity (1996-2008),ok,sdmx,6,59,0,"",2026-07-25
HRST_FL_MOBSECT2,Job-to-job mobility of human resources in science and technology (HRST) by NACE Rev. 2 activity,ok,sdmx,6,61,0,"",2026-07-25
HRST_FL_MOBSEX,Job-to-job mobility of human resources in science and technology (HRST) by sex,ok,sdmx,6,71,0,"",2026-07-25
HRST_FL_TEFOR,Participation of foreign students in tertiary education (ISCED 1997) by field of education (1998-2012),ok,sdmx,5,60,0,"",2026-07-25
HRST_FL_TEGRAD,"Graduation from tertiary education (ISCED 1997) by sex, level and field of education (2002-2012)",ok,sdmx,7,65,0,"",2026-07-25
HRST_FL_TEPART,"Participation in tertiary education (ISCED 1997) by sex, level and field of education (1998-2012)",ok,sdmx,7,63,0,"",2026-07-25
HRST_STEM_AGE,Persons with tertiary education in STEM fields by labour force status and age,ok,sdmx,6,48,0,"",2026-07-25
HRST_STEM_GEN,Persons with tertiary education in STEM fields by labour force status and sex,ok,sdmx,6,46,0,"",2026-07-25
HRST_STEM_IND,Employed persons with tertiary education in STEM fields by NACE Rev. 2 activity,ok,sdmx,5,52,0,"",2026-07-25
HRST_STEM_OCC,Employed persons with tertiary education in STEM fields by occupation,ok,sdmx,5,46,0,"",2026-07-25
HRST_ST_NCAT,"Human resources in science and technology (HRST) by category, sex and age",ok,sdmx,7,88,0,"",2026-07-25
HRST_ST_NFIEAGE,HRST with tertiary education by age and field of education (2003-2013),ok,sdmx,6,66,0,"",2026-07-25
HRST_ST_NFIEOCC,"Employed HRST with tertiary education by age, field of education and occupation (2003-2013)",ok,sdmx,7,65,0,"",2026-07-25
HRST_ST_NFIESEX,"HRST with tertiary education by sex, age and field of education (2003-2013)",ok,sdmx,7,65,0,"",2026-07-25
HRST_ST_NOCC,"Employed persons in science and technology (HRST) by category, age and occupation",ok,sdmx,7,84,0,"",2026-07-25
HRST_ST_NSEC,"Employed HRST by category, age and NACE Rev. 1.1 activity (1994-2007)",ok,sdmx,7,91,0,"",2026-07-25
HRST_ST_NSEC2,"Employed persons in science and technology (HRST) by category, NACE Rev. 2 activity and age (2008-2026)",ok,sdmx,7,99,0,"",2026-07-25
HRST_ST_NSECSEX,"Employed HRST by category, sex, age and NACE Rev. 1.1 activity (1994-2007)",ok,sdmx,8,71,0,"",2026-07-25
HRST_ST_NSECSEX2,"Employed persons in science and technology (HRST) by category, NACE Rev. 2 activity and sex (2008-2026)",ok,sdmx,8,84,0,"",2026-07-25
HRST_ST_NUNEAGE,Unemployed persons in science and technology (HRST) by category and age,ok,sdmx,6,81,0,"",2026-07-25
HRST_ST_NUNEAGE$DV_1867,Unemployed persons in science and technology (HRST) by category and age,error,"",0,0,1,"HTTPStatusError: Client error '404 Not Found' for url 'https://ec.europa.eu/eurostat/api/dissemination/sdmx/2.1/datastructure/ESTAT/HRST_ST_NUNEAGE$DV_1867'
For more information check: https://develop",2026-07-25
HRST_ST_NUNESEX,Unemployed persons in science and technology (HRST) by category and sex,ok,sdmx,6,78,0,"",2026-07-25
HRST_ST_NUNESEX$DV_1865,Unemployed persons in science and technology (HRST) by category and sex,error,"",0,0,1,"HTTPStatusError: Client error '404 Not Found' for url 'https://ec.europa.eu/eurostat/api/dissemination/sdmx/2.1/datastructure/ESTAT/HRST_ST_NUNESEX$DV_1865'
For more information check: https://develop",2026-07-25
HRST_ST_RAGE,"Human resources in science and technology (HRST) by category, NUTS 1 region and age",ok,sdmx,6,203,0,"",2026-07-25
HRST_ST_RCAT,Human resources in science and technology (HRST) by category and NUTS 2 region,ok,sdmx,5,548,0,"",2026-07-25
HRST_ST_RSEC,"Employed HRST by category, NACE Rev. 1.1 activity and NUTS 1 region (1994 - 2007)",ok,sdmx,6,204,0,"",2026-07-25
HRST_ST_RSEC2,"Employed persons in science and technology (HRST) by category, NACE Rev. 2 activity and NUTS 1 region (2008-2026)",ok,sdmx,6,220,0,"",2026-07-25
HRST_ST_RSEX,"Human resources in science and technology (HRST) by category, NUTS 1 region and sex",ok,sdmx,6,200,0,"",2026-07-25
HSW_AC1,Persons reporting an accident at work by educational attainment level,ok,sdmx,7,54,0,"",2026-07-25
HSW_AC10,Persons reporting an accident at work by full-time/part-time employment,ok,sdmx,7,48,0,"",2026-07-25
HSW_AC11,Persons reporting an accident at work by atypical working time,ok,sdmx,7,49,0,"",2026-07-25
HSW_AC12,Persons reporting an accident at work by country of birth,ok,sdmx,7,50,0,"",2026-07-25
HSW_AC13,Persons reporting an accident at work resulting in time off work by country of birth,ok,sdmx,7,51,0,"",2026-07-25
HSW_AC14,Persons reporting an accident at work while working from home,ok,sdmx,7,49,0,"",2026-07-25
HSW_AC2,Persons reporting an accident at work resulting in time off work by educational attainment level,ok,sdmx,7,55,0,"",2026-07-25
HSW_AC3,Persons reporting an accident at work resulting in time off work by period off,ok,sdmx,6,48,0,"",2026-07-25
HSW_AC4,Persons reporting a road traffic accident,ok,sdmx,5,43,0,"",2026-07-25
HSW_AC5A,Persons reporting an accident at work by NACE Rev. 1.1 activity (2007),ok,sdmx,7,50,0,"",2026-07-25
HSW_AC5B,Persons reporting an accident at work by NACE Rev. 2 activity,ok,sdmx,7,55,0,"",2026-07-25
HSW_AC6A,Persons reporting an accident at work resulting in sick leave by NACE Rev. 1.1 activity (2007),ok,sdmx,7,51,0,"",2026-07-25
HSW_AC6B,Persons reporting an accident at work resulting in time off work by NACE Rev. 2 activity,ok,sdmx,7,55,0,"",2026-07-25
HSW_AC7,Persons reporting an accident at work by occupation,ok,sdmx,7,55,0,"",2026-07-25
HSW_AC8,Persons reporting an accident at work by professional status,ok,sdmx,7,54,0,"",2026-07-25
HSW_AC8$DV_386,Persons reporting an accident at work by professional status,error,"",0,0,1,"HTTPStatusError: Client error '404 Not Found' for url 'https://ec.europa.eu/eurostat/api/dissemination/sdmx/2.1/datastructure/ESTAT/HSW_AC8$DV_386'
For more information check: https://developer.mozill",2026-07-25
HSW_AC9,Persons reporting an accident at work by size of the local unit,ok,sdmx,7,54,0,"",2026-07-25
HSW_AW_CO1,"Number of accidents at work by contact - mode of injury, NACE Rev. 1.1 activity, sex, age and severity",ok,sdmx,9,48,0,"",2026-07-25
HSW_AW_CO2,"Incidence rate of accidents at work by contact - mode of injury, NACE Rev. 1.1 activity, sex, age and severity",ok,sdmx,9,45,0,"",2026-07-25
HSW_AW_CO3,"Percentage distribution of accidents at work by contact - mode of injury, NACE Rev. 1.1 activity, sex, age and severity",ok,sdmx,9,48,0,"",2026-07-25
HSW_AW_DE1,"Number of accidents at work by deviation, NACE Rev. 1.1 activity, sex, age and severity",ok,sdmx,9,48,0,"",2026-07-25
HSW_AW_DE2,"Incidence rate of accidents at work by deviation, NACE Rev. 1.1 activity, sex, age and severity",ok,sdmx,9,45,0,"",2026-07-25
HSW_AW_DE3,"Percentage distribution of accidents at work by deviation, NACE Rev. 1.1 activity, sex, age and severity",ok,sdmx,9,48,0,"",2026-07-25
HSW_AW_FIMS,"Standardised incidence rate of fatal accidents at work by Member State and age, excluding road traffic accidents and accidents on board of any mean of transport in the course of work",ok,sdmx,7,55,0,"",2026-07-25
HSW_AW_FNMS,"Number of fatal accidents at work by Member State and age, excluding road traffic accidents and accidents on board of any mean of transport in the course of work",ok,sdmx,7,56,0,"",2026-07-25
HSW_AW_INAAG,"Standardised incidence rate of accidents at work by NACE Rev. 1.1 activity, severity and age",ok,sdmx,7,51,0,"",2026-07-25
HSW_AW_INASX,"Standardised incidence rate of accidents at work by NACE Rev. 1.1 activity, severity and sex",ok,sdmx,7,68,0,"",2026-07-25
HSW_AW_INASZ,Standardised incidence rate of accidents at work by NACE Rev. 1.1 activity and size of enterprise,ok,sdmx,7,34,0,"",2026-07-25
HSW_AW_INAWS,Standardised incidence rate of accidents at work by NACE Rev. 1.1 activity and employment status,ok,sdmx,7,30,0,"",2026-07-25
HSW_AW_MAA1,"Number of accidents at work by material agent of specific physical activity, NACE Rev. 1.1 activity, sex, age and severity",ok,sdmx,9,60,0,"",2026-07-25
HSW_AW_MAA2,"Incidence rate of accidents at work by material agent of specific physical activity, NACE Rev. 1.1 activity, sex, age and severity",ok,sdmx,9,57,0,"",2026-07-25
HSW_AW_MAA3,"Percentage distribution of accidents at work by material agent of specific physical activity, NACE Rev. 1.1 activity, sex, age and severity",ok,sdmx,9,60,0,"",2026-07-25
HSW_AW_MAC1,"Number of accidents at work by material agent of contact - mode of injury, NACE Rev. 1.1 activity, sex, age and severity",ok,sdmx,9,60,0,"",2026-07-25
HSW_AW_MAC2,"Incidence rate of accidents at work by material agent of contact - mode of injury, NACE Rev. 1.1 activity, sex, age and severity",ok,sdmx,9,57,0,"",2026-07-25
HSW_AW_MAC3,"Percentage distribution of accidents at work by material agent of contact - mode of injury, NACE Rev. 1.1 activity, sex, age and severity",ok,sdmx,9,60,0,"",2026-07-25
HSW_AW_MAD1,"Number of accidents at work by material agent of deviation, NACE Rev. 1.1 activity, sex, age and severity",ok,sdmx,9,60,0,"",2026-07-25
HSW_AW_MAD2,"Incidence rate of accidents at work by material agent of deviation, NACE Rev. 1.1 activity, sex, age and severity",ok,sdmx,9,57,0,"",2026-07-25
HSW_AW_MAD3,"Percentage distribution of accidents at work by material agent of deviation, NACE Rev. 1.1 activity, sex, age and severity",ok,sdmx,9,60,0,"",2026-07-25
HSW_AW_NBOSV,Number of accidents at work by part of body injured and severity,ok,sdmx,6,35,0,"",2026-07-25
HSW_AW_NINSV,Number of accidents at work by type of injury and severity,ok,sdmx,6,72,0,"",2026-07-25
HSW_AW_NNAAG,"Number of accidents at work by NACE Rev. 1.1 activity, severity and age",ok,sdmx,7,65,0,"",2026-07-25
HSW_AW_NNASV,Number of accidents at work by NACE Rev. 1.1 activity and severity,ok,sdmx,6,35,0,"",2026-07-25
HSW_AW_NNASX,"Number of accidents at work by NACE Rev. 1.1 activity, severity and sex",ok,sdmx,7,83,0,"",2026-07-25
HSW_AW_NNASZ,Number of accidents at work by NACE Rev. 1.1 activity and size of enterprise,ok,sdmx,7,37,0,"",2026-07-25
HSW_AW_NNAWS,Number of accidents at work by NACE Rev. 1.1 activity and employment status,ok,sdmx,7,34,0,"",2026-07-25
HSW_AW_PA1,"Number of accidents at work by specific physical activity, NACE Rev. 1.1 activity, sex, age and severity",ok,sdmx,9,47,0,"",2026-07-25
HSW_AW_PA2,"Incidence rate of accidents at work by specific physical activity, NACE Rev. 1.1 activity, sex, age and severity",ok,sdmx,9,44,0,"",2026-07-25
HSW_AW_PA3,"Percentage distribution of accidents at work by specific physical activity, NACE Rev. 1.1 activity, sex, age and severity",ok,sdmx,9,47,0,"",2026-07-25
HSW_AW_WE1,"Number of accidents at work by working environment, NACE Rev. 1.1 activity, sex, age and severity",ok,sdmx,9,52,0,"",2026-07-25
HSW_AW_WE2,"Incidence rate of accidents at work by working environment, NACE Rev. 1.1 activity, sex, age and severity",ok,sdmx,9,49,0,"",2026-07-25
HSW_AW_WE3,"Percentage distribution of accidents at work by working environment, NACE Rev. 1.1 activity, sex, age and severity",ok,sdmx,9,52,0,"",2026-07-25
HSW_AW_WP1,"Number of accidents at work by working process, economic activity, sex, age and severity",ok,sdmx,9,46,0,"",2026-07-25
HSW_AW_WP2,"Incidence rate of accidents at work by working process, NACE Rev. 1.1 activity, sex, age and severity",ok,sdmx,9,43,0,"",2026-07-25
HSW_AW_WP3,"Percentage distribution of accidents at work by working process, NACE Rev. 1.1 activity, sex, age and severity",ok,sdmx,9,46,0,"",2026-07-25
HSW_AW_WS1,"Number of accidents at work by type of workstation, NACE Rev. 1.1 activity, sex, age and severity",ok,sdmx,9,42,0,"",2026-07-25
HSW_AW_WS2,"Incidence rate of accidents at work by type of workstation, NACE Rev. 1.1 activity, sex, age and severity",ok,sdmx,9,39,0,"",2026-07-25
HSW_AW_WS3,"Percentage distribution of accidents at work by type of workstation, NACE Rev. 1.1 activity, sex, age and severity",ok,sdmx,9,42,0,"",2026-07-25
HSW_EXP1,Persons reporting exposure to risk factors that can adversely affect mental well-being by educational attainment level,ok,sdmx,7,54,0,"",2026-07-25
HSW_EXP1$DV_1875,Persons reporting exposure to risk factors that can adversely affect mental well-being by educational attainment level,error,"",0,0,1,"HTTPStatusError: Client error '404 Not Found' for url 'https://ec.europa.eu/eurostat/api/dissemination/sdmx/2.1/datastructure/ESTAT/HSW_EXP1$DV_1875'
For more information check: https://developer.mozi",2026-07-25
HSW_EXP10,Persons reporting exposure to risk factors that can adversely affect physical health by size of the local unit,ok,sdmx,7,54,0,"",2026-07-25
HSW_EXP2,Persons reporting exposure to risk factors that can adversely affect physical health by educational attainment level,ok,sdmx,7,54,0,"",2026-07-25
HSW_EXP3,Persons reporting exposure to risk factors that can adversely affect mental well-being by type of factor,ok,sdmx,7,58,0,"",2026-07-25
HSW_EXP4,Persons reporting exposure to risk factors that can adversely affect physical health by type of factor,ok,sdmx,7,62,0,"",2026-07-25
HSW_EXP5A,"Persons reporting exposure to risk factors that can adversely affect mental well-being by sex, age and NACE Rev. 1.1 activity",ok,sdmx,7,50,0,"",2026-07-25
HSW_EXP5B,Persons reporting exposure to risk factors that can adversely affect mental well-being by NACE Rev. 2 activity,ok,sdmx,7,55,0,"",2026-07-25
HSW_EXP6A,"Persons reporting exposure to risk factors that can adversely affect physical health by sex, age and NACE Rev. 1.1 activity",ok,sdmx,7,50,0,"",2026-07-25
HSW_EXP6B,Persons reporting exposure to risk factors that can adversely affect physical health by NACE Rev. 2 activity,ok,sdmx,7,55,0,"",2026-07-25
HSW_EXP6B$DV_1876,Persons reporting exposure to risk factors that can adversely affect physical health by NACE Rev. 2 activity,error,"",0,0,1,"HTTPStatusError: Client error '404 Not Found' for url 'https://ec.europa.eu/eurostat/api/dissemination/sdmx/2.1/datastructure/ESTAT/HSW_EXP6B$DV_1876'
For more information check: https://developer.moz",2026-07-25
HSW_EXP9,Persons reporting exposure to risk factors that can adversely affect mental well-being by size of the local unit,ok,sdmx,7,54,0,"",2026-07-25
HSW_HP_DINAG,"Standardised prevalence rate of work-related health problems by diagnosis group, NACE Rev. 1.1 activity and age",ok,sdmx,7,45,0,"",2026-07-25
HSW_HP_DISNU,"Number of work-related health problems by diagnosis group, sex and number of complaints per victim",ok,sdmx,7,24,0,"",2026-07-25
HSW_HP_NUSE,"Work-related health problems in 1999, by sex",ok,sdmx,6,25,0,"",2026-07-25
HSW_HP_SVCLN,"Relative prevalence rate of work-related health problems by severity, diagnosis group, permanency of the job, length of service in the enterprise and NACE Rev. 1.1 activity",ok,sdmx,9,38,0,"",2026-07-25
HSW_HP_SVDIN,"Relative prevalence rate of work-related health problems by severity, diagnosis group, occupation and NACE Rev. 1.1 activity (EU mean rate = 100 for each severity)",ok,sdmx,8,40,0,"",2026-07-25
HSW_HP_SVDNA,"Standardised prevalence rate of work-related health problems by severity, diagnosis group, NACE Rev. 1.1 activity and age",ok,sdmx,8,36,0,"",2026-07-25
HSW_HP_SVDWA,"Number of work-related health problems by diagnosis group, severity, activity and employment status of the victim and age",ok,sdmx,8,36,0,"",2026-07-25
HSW_IJ_CLN,"Relative standardised incidence rate of accidental injuries at work by permanency of the job, length of service in the enterprise and NACE Rev. 1.1 activity (mean rate for each Member State = 100)",ok,sdmx,7,44,0,"",2026-07-25
HSW_IJ_EDSE,Relative standardised incidence rate of accidental injuries at work by educational attainment level and sex (mean rate for each Member State = 100),ok,sdmx,6,19,0,"",2026-07-25
HSW_IJ_HJNAS,"Relative incidence rate of accidental injuries at work by working hours, number of job contract, NACE Rev. 1.1 activity, age and sex (EU mean rate = 100)",ok,sdmx,9,41,0,"",2026-07-25
HSW_IJ_INWSA,"Accidental injuries at work by type of injury, work status after the accidental injury and age",ok,sdmx,7,30,0,"",2026-07-25
HSW_IJ_ISNA,Relative incidence rate of accidental injuries at work by occupation and NACE Rev. 1.1 activity (EU mean rate = 100),ok,sdmx,6,33,0,"",2026-07-25
HSW_IJ_NUSE,"Accidental injuries at work in 1999, by sex",ok,sdmx,6,25,0,"",2026-07-25
HSW_IJ_SVCLN,"Relative incidence rate of accidental injuries at work by severity, permanency of the job, length of service in the enterprise and NACE Rev. 1.1 activity (EU mean rate = 100 for each severity)",ok,sdmx,8,35,0,"",2026-07-25
HSW_IJ_SVHOS,"Relative incidence rate of accidental injuries at work by severity, working hours and sex (EU mean rate = 100 for each severity)",ok,sdmx,7,17,0,"",2026-07-25
HSW_IJ_SVINJ,Accidental injuries at work by severity and type of injury,ok,sdmx,6,36,0,"",2026-07-25
HSW_IJ_SVNIA,"Relative incidence rate of accidental injuries at work by severity, frequency of night work and age (EU mean rate = 100 for each severity)",ok,sdmx,7,18,0,"",2026-07-25
HSW_IJ_SVSHA,"Relative incidence rate of accidental injuries at work by severity, frequency of shift work and age (EU mean rate = 100 for each severity)",ok,sdmx,7,18,0,"",2026-07-25
HSW_IND,Indicators on health and safety at work,ok,sdmx,5,50,0,"",2026-07-25
HSW_MI01,"Accidents at work by sex, age and severity (NACE Rev. 2 activity A, C-N)",ok,sdmx,8,74,0,"",2026-07-25
HSW_MI02,"Accidents at work by days lost, sex and age (NACE Rev. 2 activity A, C-N)",ok,sdmx,8,84,0,"",2026-07-25
HSW_MI03,"Accidents at work of employees by sex and age, excluding road traffic accidents and accidents on board of any mean of transport in the course of work (NACE Rev. 2 activity A, C-N excluding H)",ok,sdmx,8,74,0,"",2026-07-25
HSW_MI04,"Accidents at work by size of enterprise (NACE Rev. 2 activity A, C-N)",ok,sdmx,7,67,0,"",2026-07-25
HSW_MI05,"Accidents at work by ISCO (NACE Rev. 2 activity A, C-N)",ok,sdmx,7,73,0,"",2026-07-25
HSW_MI06,"Accidents at work by part of body injured and severity (NACE Rev. 2 activity A, C-N)",ok,sdmx,7,78,0,"",2026-07-25
HSW_MI07,"Accidents at work by type of injury and severity (NACE Rev. 2 activity A, C-N)",ok,sdmx,7,83,0,"",2026-07-25
HSW_MI08,Accidents at work by sex and severity (NACE Rev. 2 activity Total),ok,sdmx,7,59,0,"",2026-07-25
HSW_MI_EMP01,Accidents at work of employees by sex and severity (NACE Rev. 2 activity Total),ok,sdmx,6,58,0,"",2026-07-25
HSW_N2_01,Non-fatal accidents at work by NACE Rev. 2 activity and sex,ok,sdmx,6,171,0,"",2026-07-25
HSW_N2_02,Fatal Accidents at work by NACE Rev. 2 activity,ok,sdmx,5,167,0,"",2026-07-25
HSW_N2_03,Non-fatal accidents at work by NACE Rev. 2 activity and age,ok,sdmx,6,179,0,"",2026-07-25
HSW_N2_04,Accidents at work by days lost and NACE Rev. 2 activity,ok,sdmx,6,179,0,"",2026-07-25
HSW_N2_05,Accidents at work by NACE Rev. 2 activity and size of enterprise,ok,sdmx,7,89,0,"",2026-07-25
HSW_N2_06,Accidents at work by NACE Rev. 2 activity and part of body injured,ok,sdmx,7,91,0,"",2026-07-25
HSW_N2_07,Accidents at work by NACE Rev. 2 activity and type of injury,ok,sdmx,7,96,0,"",2026-07-25
HSW_OCC_CNR,Recognised cases of occupational cancers - experimental statistics,ok,sdmx,5,28,0,"",2026-07-25
HSW_OCC_INA,EU index of occupational diseases (2013=100) - experimental statistics,ok,sdmx,5,35,0,"",2026-07-25
HSW_OCC_ISCO,"Recognised occupational diseases belonging to the short list, by occupation (ISCO) - experimental statistics",ok,sdmx,6,46,0,"",2026-07-25
HSW_OCC_N2,"Recognised occupational diseases belonging to the short list, by economic sector (NACE Rev 2. activity) - experimental statistics",ok,sdmx,6,55,0,"",2026-07-25
HSW_PB1,Persons reporting a work-related health problem by educational attainment level,ok,sdmx,7,54,0,"",2026-07-25
HSW_PB10,Persons reporting a work-related health problem by full-time/part-time employment,ok,sdmx,7,53,0,"",2026-07-25
HSW_PB11,Persons reporting a work-related health problem by country of birth,ok,sdmx,7,55,0,"",2026-07-25
HSW_PB12,Persons reporting a work-related health problem resulting in time off work by country of birth,ok,sdmx,7,56,0,"",2026-07-25
HSW_PB13,Persons reporting a work-related health problem by working from home,ok,sdmx,7,54,0,"",2026-07-25
HSW_PB2,Persons reporting a work-related health problem resulting in time off work by educational attainment level,ok,sdmx,7,55,0,"",2026-07-25
HSW_PB3,Persons reporting a work-related health problem resulting in time off work by period off,ok,sdmx,6,50,0,"",2026-07-25
HSW_PB4,Persons reporting a work-related health problem resulting in limitations of daily activities,ok,sdmx,6,46,0,"",2026-07-25
HSW_PB5,Persons reporting a work-related health problem by type of diagnose,ok,sdmx,7,61,0,"",2026-07-25
HSW_PB6A,Persons reporting a work-related health problem by NACE Rev. 1.1 activity (2007),ok,sdmx,7,50,0,"",2026-07-25
HSW_PB6B,Persons reporting a work-related health problem by NACE Rev. 2 activity,ok,sdmx,7,55,0,"",2026-07-25
HSW_PB7,Persons reporting a work-related health problem by occupation,ok,sdmx,7,55,0,"",2026-07-25
HSW_PB8,Persons reporting a work-related health problem by professional status,ok,sdmx,7,54,0,"",2026-07-25
HSW_PB9,Persons reporting a work-related health problem by size of the local unit,ok,sdmx,7,54,0,"",2026-07-25
HSW_PH3_01,"Accidents at work by sex, age, severity, NACE Rev. 2 activity and workstation",ok,sdmx,9,89,0,"",2026-07-25
HSW_PH3_02,"Accidents at work by sex, age, severity, NACE Rev. 2 activity and working environment",ok,sdmx,9,99,0,"",2026-07-25
HSW_PH3_03,"Accidents at work by sex, age, severity, NACE Rev. 2 activity and working process",ok,sdmx,9,93,0,"",2026-07-25
HSW_PH3_04,"Accidents at work by sex, age, severity, NACE Rev. 2 activity and specific physical activity",ok,sdmx,9,93,0,"",2026-07-25
HSW_PH3_05,"Accidents at work by sex, age, severity, NACE Rev. 2 activity and material agent of specific physical activity",ok,sdmx,9,106,0,"",2026-07-25
HSW_PH3_06,"Accidents at work by sex, age, severity, NACE Rev. 2 activity and deviation",ok,sdmx,9,94,0,"",2026-07-25
HSW_PH3_07,"Accidents at work by sex, age, severity, NACE Rev. 2 activity and material agent of deviation",ok,sdmx,9,106,0,"",2026-07-25
HSW_PH3_08,"Accidents at work by sex, age, severity, NACE Rev. 2 activity and contact mode of injury",ok,sdmx,9,94,0,"",2026-07-25
HSW_PH3_09,"Accidents at work by sex, age, severity, NACE Rev. 2 activity and material agent of contact mode injury",ok,sdmx,9,106,0,"",2026-07-25
HTEC_CIS3,"Innovation in high-tech sectors in SMEs (CIS3), EU Member States and selected countries (2000-2001)",ok,sdmx,6,39,0,"",2026-07-25
HTEC_CIS4,"Innovation in high-tech sectors (CIS 2004), EU Member States and selected countries (2004)",ok,sdmx,6,48,0,"",2026-07-25
HTEC_CIS5,"Innovation in high-tech sectors (CIS 2006), EU Member States and selected countries (2006)",ok,sdmx,6,49,0,"",2026-07-25
HTEC_CIS6,"Innovation in high-tech sectors (CIS 2008, CIS 2010, CIS 2012), EU Member States and selected countries (2008-2012)",ok,sdmx,6,56,0,"",2026-07-25
HTEC_ECO_ENT,Enterprises in high-tech sectors by NACE Rev.1.1 activity (1995-2007),ok,sdmx,5,55,0,"",2026-07-25
HTEC_ECO_ENT2,Enterprises in high-tech sectors by NACE Rev.2 activity,ok,sdmx,5,62,0,"",2026-07-25
HTEC_ECO_SBS,Economic data in high-tech sectors by NACE Rev.1.1 activity (1995-2007),ok,sdmx,6,62,0,"",2026-07-25
HTEC_ECO_SBS2,Economic data in high-tech sectors by NACE Rev.2 activity,ok,sdmx,6,62,0,"",2026-07-25
HTEC_EMP_NAT,Employed persons in technology and knowledge-intensive sectors by NACE Rev. 1.1 activity (1994-2008),ok,sdmx,6,84,0,"",2026-07-25
HTEC_EMP_NAT2,Employed persons in technology and knowledge-intensive sectors by NACE Rev. 2 activity (2008-2026),ok,sdmx,6,95,0,"",2026-07-25
HTEC_EMP_NAT2$DV_1870,Employed persons in technology and knowledge-intensive sectors by NACE Rev. 2 activity (2008-2026),error,"",0,0,1,"HTTPStatusError: Client error '404 Not Found' for url 'https://ec.europa.eu/eurostat/api/dissemination/sdmx/2.1/datastructure/ESTAT/HTEC_EMP_NAT2$DV_1870'
For more information check: https://developer",2026-07-25
HTEC_EMP_NISCED,Employed persons in technology and knowledge-intensive sectors by NACE Rev. 1.1 activity and educational attainment level (1994-2008),ok,sdmx,6,86,0,"",2026-07-25
HTEC_EMP_NISCED2,Employed persons in technology and knowledge-intensive sectors by NACE Rev. 2 activity and educational attainment level (2008-2026),ok,sdmx,6,96,0,"",2026-07-25
HTEC_EMP_NISCO,Employed persons in technology and knowledge-intensive sectors by NACE Rev. 1.1 activity and occupation (1994-2008),ok,sdmx,6,85,0,"",2026-07-25
HTEC_EMP_NISCO2,Employed persons in technology and knowledge-intensive sectors by NACE Rev. 2 activity and occupation (2008-2026),ok,sdmx,6,96,0,"",2026-07-25
HTEC_EMP_REG,Employed persons in technology and knowledge-intensive sectors by NACE Rev. 1.1 activity and NUTS 2 region (1999-2008),ok,sdmx,6,512,0,"",2026-07-25
HTEC_EMP_REG2,Employed persons in technology and knowledge-intensive sectors by NACE Rev. 2 activity and NUTS 2 region (2008-2026),ok,sdmx,6,569,0,"",2026-07-25
HTEC_EMP_RISCED,"Employed persons in technology and knowledge-intensive sectors by NACE Rev. 1.1 activity, NUTS 1 region and educational attainment level (1999-2008)",ok,sdmx,6,201,0,"",2026-07-25
HTEC_EMP_RISCED2,"Employed persons in technology and knowledge-intensive sectors by NACE Rev. 2 activity, NUTS 1 region and educational attainment level (2008-2026)",ok,sdmx,6,219,0,"",2026-07-25
HTEC_EMP_RISCO,"Employed persons in technology and knowledge-intensive sectors by NACE Rev. 1.1 activity, NUTS 1 region and occupation (1999-2008)",ok,sdmx,6,200,0,"",2026-07-25
HTEC_EMP_RISCO2,"Employed persons in technology and knowledge-intensive sectors by NACE Rev. 2 activity, NUTS 1 region and occupation (2008-2026)",ok,sdmx,6,219,0,"",2026-07-25
HTEC_EMP_SBS,"Employment statistics on high-tech industries and Knowledge Intensive Services at the national level (1995-2007, NACE Rev. 1.1)",ok,sdmx,5,58,0,"",2026-07-25
HTEC_EMP_SBS2,"Employment statistics on high-tech industries and Knowledge Intensive Services at the national level (from 2008 onwards, NACE Rev. 2)",ok,sdmx,5,53,0,"",2026-07-25
HTEC_KIA_EMP,Employed persons in knowledge-intensive activities by NACE Rev. 1.1 activity (2000-2008),ok,sdmx,6,52,0,"",2026-07-25
HTEC_KIA_EMP2,Employed persons in knowledge-intensive activities by NACE Rev. 2 activity (2008-2026),ok,sdmx,6,64,0,"",2026-07-25
HTEC_KIA_EMP2$DV_1869,Employed persons in knowledge-intensive activities by NACE Rev. 2 activity (2008-2026),error,"",0,0,1,"HTTPStatusError: Client error '404 Not Found' for url 'https://ec.europa.eu/eurostat/api/dissemination/sdmx/2.1/datastructure/ESTAT/HTEC_KIA_EMP2$DV_1869'
For more information check: https://developer",2026-07-25
HTEC_SI_EXP4,"High-tech exports - Exports of high technology products as a share of total exports (from 2007, SITC Rev. 4)",ok,sdmx,4,49,0,"",2026-07-25
HTEC_STI_EXP,Business enterprise R&D expenditure in high-tech sectors by NACE Rev. 1.1 (1993-2009),ok,sdmx,5,65,0,"",2026-07-25
HTEC_STI_EXP2,Business enterprise R&D expenditure in high-tech sectors by NACE Rev. 2,ok,sdmx,5,75,0,"",2026-07-25
HTEC_STI_PERS,Business enterprise R&D personnel in high-tech sectors by NACE Rev. 1.1 (1993-2009),ok,sdmx,6,68,0,"",2026-07-25
HTEC_STI_PERS2,Business enterprise R&D personnel in high-tech sectors by NACE Rev. 2,ok,sdmx,6,77,0,"",2026-07-25
HTEC_TRD_GROUP4,"High-tech trade by high-tech group of products - million euro (from 2007, SITC Rev. 4)",ok,sdmx,7,64,0,"",2026-07-25
HTEC_TRD_TOT4,"Total high-tech trade - million euro, % of total (from 2007, SITC Rev. 4)",ok,sdmx,6,55,0,"",2026-07-25
ICW_AFF_01,Disposable income of households (with expenditure greater than zero) spent on essential goods and services by income quantiles - experimental statistics,ok,sdmx,6,90,0,"",2026-07-25
ICW_AFF_02,"Disposable income of households (with expenditure greater than zero) spent on essential goods and services by risk of income poverty, level of expenditure and material deprivation - experimental statistics",ok,sdmx,8,83,0,"",2026-07-25
ICW_AFF_03,Disposable income of households (with expenditure greater than zero) spent on essential goods and services by risk of income poverty or social exclusion - experimental statistics,ok,sdmx,6,77,0,"",2026-07-25
ICW_AFF_04,Disposable income of households (with expenditure greater than zero) spent on essential goods and services by household composition - experimental statistics,ok,sdmx,6,81,0,"",2026-07-25
ICW_AFF_05,Disposable income of households (with expenditure greater than zero) spent on essential goods and services by degree of urbanisation - experimental statistics,ok,sdmx,6,78,0,"",2026-07-25
ICW_AFF_06,Disposable income of households (with expenditure greater than zero) spent on essential goods and services by activity status of the reference person - experimental statistics,ok,sdmx,6,82,0,"",2026-07-25
ICW_AFF_07,Disposable income of households (with expenditure greater than zero) spent on essential goods and services by age group of the reference person - experimental statistics,ok,sdmx,6,81,0,"",2026-07-25
ICW_AFF_08,Disposable income of households (with expenditure greater than zero) spent on essential goods and services by educational attainment level of the reference person - experimental statistics,ok,sdmx,6,86,0,"",2026-07-25
ICW_AFF_09,Disposable income of households (with expenditure greater than zero) spent on essential goods and services by overburden status - experimental statistics,ok,sdmx,6,77,0,"",2026-07-25
ICW_CAR_01,Distribution of households by age of the reference person - experimental statistics,ok,sdmx,5,50,0,"",2026-07-25
ICW_CAR_02,Distribution of households by household type - experimental statistics,ok,sdmx,5,44,0,"",2026-07-25
ICW_CAR_03,Distribution of households by educational attainment level of the reference person - experimental statistics,ok,sdmx,5,48,0,"",2026-07-25
ICW_CAR_04,Distribution of households by activity status of the reference person - experimental statistics,ok,sdmx,5,44,0,"",2026-07-25
ICW_POV_01,"Persons with low level of expenditure by risk of income poverty, material deprivation and work intensity - experimental statistics",ok,sdmx,8,49,0,"",2026-07-25
ICW_POV_02,Households at risk of asset-based vulnerability - experimental statistics,ok,sdmx,6,46,0,"",2026-07-25
ICW_POV_03,Proportion of dissaving households - experimental statistics,ok,sdmx,5,39,0,"",2026-07-25
ICW_POV_04,Proportion of dissaving households by level of expenditure and age of the reference person - experimental statistics,ok,sdmx,7,57,0,"",2026-07-25
ICW_POV_05,Proportion of dissaving households by level of expenditure and household type - experimental statistics,ok,sdmx,7,50,0,"",2026-07-25
ICW_POV_06,Proportion of dissaving households by level of expenditure and income quintile - experimental statistics,ok,sdmx,7,49,0,"",2026-07-25
ICW_POV_07,Proportion of dissaving households by level of expenditure and educational attainment level of the reference person - experimental statistics,ok,sdmx,7,54,0,"",2026-07-25
ICW_POV_08,Proportion of dissaving households by level of expenditure and degree of urbanisation - experimental statistics,ok,sdmx,7,46,0,"",2026-07-25
ICW_POV_09,Proportion of dissaving households by level of expenditure and activity status of the household reference person - experimental statistics,ok,sdmx,7,51,0,"",2026-07-25
ICW_POV_10,Persons at two-fold risk of poverty by age and sex - experimental statistics,ok,sdmx,7,50,0,"",2026-07-25
ICW_POV_11,Persons at two-fold risk of poverty by household type - experimental statistics,ok,sdmx,6,47,0,"",2026-07-25
ICW_POV_12,Persons at two-fold risk of poverty by activity status- experimental statistics,ok,sdmx,6,48,0,"",2026-07-25
ICW_RES_01,"Share of households and economic resources by income, consumption and wealth quantiles - experimental statistics",ok,sdmx,8,65,0,"",2026-07-25
ICW_RES_02,"Mean and median economic resources of households by income, consumption and wealth quantiles - experimental statistics",ok,sdmx,9,63,0,"",2026-07-25
ICW_SR_01,Median saving rate by age of the reference person - experimental statistics,ok,sdmx,5,54,0,"",2026-07-25
ICW_SR_02,Median saving rate by household type - experimental statistics,ok,sdmx,5,44,0,"",2026-07-25
ICW_SR_03,Median saving rate by income quintile - experimental statistics,ok,sdmx,5,43,0,"",2026-07-25
ICW_SR_04,Median saving rate by educational attainment level of the reference person - experimental statistics,ok,sdmx,5,49,0,"",2026-07-25
ICW_SR_05,Gini coefficient on household population - experimental statistics,ok,sdmx,5,41,0,"",2026-07-25
ICW_SR_06,Median consumption by income decile - experimental statistics,ok,sdmx,5,48,0,"",2026-07-25
ICW_SR_07,Proportion of consumption decile by income decile - experimental statistics,ok,sdmx,6,57,0,"",2026-07-25
ICW_SR_08,Aggregate propensity to consume by age of the reference person - experimental statistics,ok,sdmx,5,54,0,"",2026-07-25
ICW_SR_09,Aggregate propensity to consume by household type - experimental statistics,ok,sdmx,5,44,0,"",2026-07-25
ICW_SR_10,Aggregate propensity to consume by income quintile - experimental statistics,ok,sdmx,5,43,0,"",2026-07-25
ICW_SR_11,Aggregate propensity to consume by educational attainment level of the reference person - experimental statistics,ok,sdmx,5,49,0,"",2026-07-25
ICW_SR_12,Median saving rate by the self-declared level of difficulty to make ends meet - experimental statistics,ok,sdmx,5,43,0,"",2026-07-25
ICW_SR_13,Median saving rate by degree of urbanisation - experimental statistics,ok,sdmx,5,41,0,"",2026-07-25
ICW_SR_14,Aggregate propensity to consume by degree of urbanisation - experimental statistics,ok,sdmx,5,41,0,"",2026-07-25
ICW_SR_15,Median saving rate by activity status of the reference person - experimental statistics,ok,sdmx,5,45,0,"",2026-07-25
ICW_SR_16,Aggregate propensity to consume by activity status of the reference person - experimental statistics,ok,sdmx,5,45,0,"",2026-07-25
ICW_TAX_01,Distribution of VAT paid by households as a percentage of their gross income by age of the reference person - experimental statistics,ok,sdmx,6,52,0,"",2026-07-25
ICW_TAX_02,Distribution of VAT paid by households as a percentage of their gross income by household type - experimental statistics,ok,sdmx,6,43,0,"",2026-07-25
ICW_TAX_03,Distribution of VAT paid by households as a percentage of their gross income by income quintile - experimental statistics,ok,sdmx,6,42,0,"",2026-07-25
ICW_TAX_04,Distribution of direct taxes paid by households as a percentage of their gross income by age of the reference person - experimental statistics,ok,sdmx,6,68,0,"",2026-07-25
ICW_TAX_05,Distribution of direct taxes paid by households as a percentage of their gross income by household type - experimental statistics,ok,sdmx,6,58,0,"",2026-07-25
ICW_TAX_06,Distribution of direct taxes paid by households as a percentage of their gross income by income quintile - experimental statistics,ok,sdmx,6,57,0,"",2026-07-25
ICW_TAX_07,Distribution of direct and indirect taxes paid by households as a percentage of their gross income by age of the reference person - experimental statistics,ok,sdmx,6,52,0,"",2026-07-25
ICW_TAX_08,Distribution of direct and indirect taxes paid by households as a percentage of their gross income by household type - experimental statistics,ok,sdmx,6,43,0,"",2026-07-25
ICW_TAX_09,Distribution of direct and indirect taxes paid by households as a percentage of their gross income by income quintile - experimental statistics,ok,sdmx,6,42,0,"",2026-07-25
ICW_TAX_10,VAT rate by COICOP consumption purpose - experimental statistics,ok,sdmx,5,103,0,"",2026-07-25
ILC_ATS01,"Children receiving formal childcare services by age, income group and degree of urbanisation (2016)",ok,sdmx,8,53,0,"",2026-07-25
ILC_ATS02,"Children receiving paid formal childcare services by age, household type, income group and contributor (2016)",ok,sdmx,8,60,0,"",2026-07-25
ILC_ATS03,"Children receiving formal childcare services by household type, income group, degree of urbanisation and level of difficulty to afford formal childcare services (2016)",ok,sdmx,8,59,0,"",2026-07-25
ILC_ATS04,"Children by household type, income group, degree of urbanisation and main reason for not meeting needs for formal childcare services (2016)",ok,sdmx,8,60,0,"",2026-07-25
ILC_ATS05,"Persons paying tuition fees by sex, age, income group and cost of tuition (2016)",ok,sdmx,8,56,0,"",2026-07-25
ILC_ATS06,"Persons in formal education by sex, age, income group and contributor (2016)",ok,sdmx,8,60,0,"",2026-07-25
ILC_ATS07,"Persons paying for formal education by household type, income group, degree of urbanisation and level of difficulty to pay (2016)",ok,sdmx,8,69,0,"",2026-07-25
ILC_ATS07$DV_3461,"Persons paying for formal education by household type, income group, degree of urbanisation and level of difficulty to pay (2016)",error,"",0,0,1,"HTTPStatusError: Client error '404 Not Found' for url 'https://ec.europa.eu/eurostat/api/dissemination/sdmx/2.1/datastructure/ESTAT/ILC_ATS07$DV_3461'
For more information check: https://developer.moz",2026-07-25
ILC_ATS08,"Persons by sex, age, household type, income group, degree of urbanisation and main reason for not meeting needs for formal education (2016)",ok,sdmx,10,78,0,"",2026-07-25
ILC_ATS09,"Persons participating in training related to hobbies by sex, age, income group, most frequent activity status and educational attainment level (2016)",ok,sdmx,9,63,0,"",2026-07-25
ILC_ATS10,"Persons participating in training related to professional activity by sex, age, income group, most frequent activity status and educational attainment level (2016)",ok,sdmx,9,63,0,"",2026-07-25
ILC_ATS11,"Persons not participating in training related to professional activity by sex, age, income group, most frequent activity status, educational attainment level and reason of non participation (2016)",ok,sdmx,10,69,0,"",2026-07-25
ILC_ATS12,"Persons using health care services by household type, income group and level of difficulty to afford care services (2016)",ok,sdmx,7,65,0,"",2026-07-25
ILC_ATS14,"Persons using professional homecare services by household type, income group, degree of urbanisation and frequency (2016)",ok,sdmx,8,66,0,"",2026-07-25
ILC_ATS17,"Persons providing or not informal homecare services by sex, age, degree of urbanisation, most frequent activity status and addressee of care (2016)",ok,sdmx,9,66,0,"",2026-07-25
ILC_ATS18,"Persons providing informal care or assistance by sex, age, degree of urbanisation, most frequent activity status and frequency (2016)",ok,sdmx,9,65,0,"",2026-07-25
ILC_ATS19,"Persons in households with at least one user of professional homecare services by degree of urbanisation, risk of poverty threshold and care status",ok,sdmx,8,50,0,"",2026-07-25
ILC_ATS19B,"Persons in households with at least one user of professional homecare services by age, sex, care status and disability (activity limitation)",ok,sdmx,8,56,0,"",2026-07-25
ILC_ATS19C,"Persons in households with at least one user of professional homecare services by age, disability (activity limitation), care status and risk of poverty or social exclusion",ok,sdmx,8,56,0,"",2026-07-25
ILC_ATS20,"Persons in households with at least one person needing professional homecare services by age, reason for not receiving (more) professional homecare services and risk of poverty or social exclusion",ok,sdmx,7,57,0,"",2026-07-25
ILC_ATS20B,"Persons in households with at least one person needing professional homecare services by sex, reason for not receiving (more) professional homecare services and degree of urbanisation",ok,sdmx,7,53,0,"",2026-07-25
ILC_ATS21,Persons in households paying for professional homecare services received within the household by disability (activity limitation) and difficulty to pay professional homecare services,ok,sdmx,6,50,0,"",2026-07-25
ILC_ATS21A,Persons in households paying for professional homecare services received within the household by age and difficulty to pay professional homecare services,ok,sdmx,6,52,0,"",2026-07-25
ILC_ATS22,Persons in households with at least one person that reported a need for long-term care by care status and household composition,ok,sdmx,6,49,0,"",2026-07-25
ILC_ATSB01A,"Employed people entitled or not to unemployment and/or sickness benefits by status in employment, age and sex",ok,sdmx,9,58,0,"",2026-07-25
ILC_ATSB01B,Employed people entitled or not to unemployment and/or sickness benefits by status in employment and disability (activity limitation),ok,sdmx,8,51,0,"",2026-07-25
ILC_ATSB02A,"Employed people entitled or not to unemployment and/or sickness benefits by status in employment, age, sex and working time arrangements",ok,sdmx,10,61,0,"",2026-07-25
ILC_ATSB02B,"Employed people entitled or not to unemployment and/or sickness benefits by status in employment, disability (activity limitation) and working time arrangements",ok,sdmx,9,54,0,"",2026-07-25
ILC_ATSB03A,"Employees entitled or not to unemployment and/or sickness benefits by age, sex and type of contract",ok,sdmx,9,58,0,"",2026-07-25
ILC_ATSB03B,Employees entitled or not to unemployment and/or sickness benefits by disability (activity limitation) and type of contract,ok,sdmx,8,51,0,"",2026-07-25
ILC_ATSC01,"Children receiving formal childcare services by age, risk of poverty threshold and type of cost",ok,sdmx,7,51,0,"",2026-07-25
ILC_ATSC01A,Children receiving formal childcare services by level of difficulty in affording childcare,ok,sdmx,5,47,0,"",2026-07-25
ILC_ATSC01B,"Children receiving formal childcare services by age, degree of urbanisation and type of cost",ok,sdmx,7,50,0,"",2026-07-25
ILC_ATSC01C,"Children receiving formal childcare services by risk of poverty threshold, degree of urbanisation and type of cost",ok,sdmx,8,50,0,"",2026-07-25
ILC_ATSC02,"Unmet needs for formal childcare services by main reason, risk of poverty or social exclusion and household composition",ok,sdmx,7,58,0,"",2026-07-25
ILC_ATSC02A,"Unmet needs for formal childcare services by main reason, risk of poverty or social exclusion and age",ok,sdmx,7,56,0,"",2026-07-25
ILC_ATSD01,"Persons feeling discriminated against by life situation, sex, age, disability (activity limitation), and risk of poverty or social exclusion",ok,sdmx,9,54,0,"",2026-07-25
ILC_ATSD01$DV_3201,"Persons feeling discriminated against by life situation, sex, age, disability (activity limitation), and risk of poverty or social exclusion",error,"",0,0,1,"HTTPStatusError: Client error '404 Not Found' for url 'https://ec.europa.eu/eurostat/api/dissemination/sdmx/2.1/datastructure/ESTAT/ILC_ATSD01$DV_3201'
For more information check: https://developer.mo",2026-07-25
ILC_ATSD02,"Persons feeling discriminated against by life situation, sex and group of country of birth",ok,sdmx,7,50,0,"",2026-07-25
ILC_ATSD02$DV_3202,"Persons feeling discriminated against by life situation, sex and group of country of birth",error,"",0,0,1,"HTTPStatusError: Client error '404 Not Found' for url 'https://ec.europa.eu/eurostat/api/dissemination/sdmx/2.1/datastructure/ESTAT/ILC_ATSD02$DV_3202'
For more information check: https://developer.mo",2026-07-25
ILC_ATST01,"Persons using public transport by frequency, age, sex and risk of poverty or social exclusion",ok,sdmx,8,53,0,"",2026-07-25
ILC_ATST02,"Persons not using public transport regularly by reason, frequency, age, sex and risk of poverty or social exclusion",ok,sdmx,9,58,0,"",2026-07-25
ILC_ATST03,"Persons using public transport by frequency, age, sex and disability (activity limitation)",ok,sdmx,8,52,0,"",2026-07-25
ILC_ATST04,"Persons not using public transport regularly by reason, frequency, age, sex and disability (activity limitation)",ok,sdmx,9,57,0,"",2026-07-25
ILC_ATST05,"Persons using public transport by frequency, degree of urbanization and household composition",ok,sdmx,7,55,0,"",2026-07-25
ILC_ATST06,"Persons not using public transport regularly by reason, frequency, degree of urbanization and household composition",ok,sdmx,8,60,0,"",2026-07-25
ILC_CAINDFORM25,"Children in formal childcare or education by age group, duration and risk of poverty or social exclusion",ok,sdmx,7,62,0,"",2026-07-25
ILC_CAINDFORM25B,"Children in formal childcare or education by age group, duration and risk of poverty or social exclusion - % of children in the respective at risk of poverty or social exclusion situation",ok,sdmx,7,62,0,"",2026-07-25
ILC_CAINDFORM25Q,"Children in formal childcare or education by age group, duration and income quintile",ok,sdmx,7,65,0,"",2026-07-25
ILC_CAINDFORMAL,Children in formal childcare or education by age group and duration - % over the population of each age group,ok,sdmx,6,68,0,"",2026-07-25
ILC_CAINDFORMAL$DV_1905,Children in formal childcare or education by age group and duration - % over the population of each age group,error,"",0,0,1,"HTTPStatusError: Client error '404 Not Found' for url 'https://ec.europa.eu/eurostat/api/dissemination/sdmx/2.1/datastructure/ESTAT/ILC_CAINDFORMAL$DV_1905'
For more information check: https://develop",2026-07-25
ILC_CAINDOTHER,Other types of childcare by age group and duration - % over the population of each age group,ok,sdmx,6,75,0,"",2026-07-25
ILC_CAMDFORG0,Median number of weekly hours of formal care by age group - children with at least 1 hour of formal care,ok,sdmx,4,71,0,"",2026-07-25
ILC_CAMDOTHG0,Median number of weekly hours of other types of care by age group - children with at least one hour of other types of care,ok,sdmx,4,71,0,"",2026-07-25
ILC_CAMNFORALL,Average number of weekly hours of formal care by age group - children with or without formal care,ok,sdmx,4,71,0,"",2026-07-25
ILC_CAMNFORG0,Average number of weekly hours of formal care by age group - children with at least 1 hour of formal care,ok,sdmx,4,71,0,"",2026-07-25
ILC_CAMNOTHALL,Average number of weekly hours of other types of care by age group - children with or without other types of care,ok,sdmx,4,71,0,"",2026-07-25
ILC_CAMNOTHG0,Average number of weekly hours of other types of care by age group - children with at least one hour of other types of care,ok,sdmx,4,71,0,"",2026-07-25
ILC_CAPARENTS,Children cared only by their parents by age group - % over the population of each age group,ok,sdmx,5,72,0,"",2026-07-25
ILC_CHG01,Children with at least one parent born outside the EU by at risk of poverty or social exclusion situation (population aged 0-17),ok,sdmx,5,55,0,"",2026-07-25
ILC_CHG02,Children living in single-parent households by at risk of poverty or social exclusion situation (population aged 0-17),ok,sdmx,5,55,0,"",2026-07-25
ILC_CHG03,Children with at least one parent with disability by at risk of poverty or social exclusion situation (population aged 0-17),ok,sdmx,5,55,0,"",2026-07-25
ILC_CHG04,Children living in households facing housing cost overburden by at risk of poverty or social exclusion situation (population aged 0-17),ok,sdmx,5,55,0,"",2026-07-25
ILC_CHG05,Children living in overcrowded households by at risk of poverty or social exclusion situation (population aged 0-17),ok,sdmx,5,55,0,"",2026-07-25
ILC_CHG06,Children living in households unable to keep home adequately warm by at risk of poverty or social exclusion situation (population aged 0-17),ok,sdmx,5,55,0,"",2026-07-25
ILC_CHMD01,Child specific material deprivation rate by age (children aged less than 16 years),ok,sdmx,5,51,0,"",2026-07-25
ILC_CHMD02,Child specific material deprivation rate by household composition (children aged less than 16 years),ok,sdmx,5,49,0,"",2026-07-25
ILC_CHMD03,Child specific material deprivation rate by educational attainment level of their parents (children aged less than 16 years),ok,sdmx,5,46,0,"",2026-07-25
ILC_CHMD04,Mean number of deprivation items among the children deprived (children aged less than 16 years),ok,sdmx,5,42,0,"",2026-07-25
ILC_CHMD05,Children (aged less than 16) unable to participate in school trips and school events due to financial reasons by risk of poverty or social exclusion,ok,sdmx,5,44,0,"",2026-07-25
ILC_CHMD06,Children (aged less than 16) unable to participate in regular leisure activities due to financial reasons by risk of poverty or social exclusion,ok,sdmx,5,44,0,"",2026-07-25
ILC_CHMD07,Children (aged less than 16) unable to have fresh fruits and vegetables once a day due to financial reasons by risk of poverty or social exclusion,ok,sdmx,5,44,0,"",2026-07-25
ILC_CHMD08,"Children (aged less than 16) unable to have a meal with meat, chicken, fish (or vegetarian equivalent) at least once a day due to financial reasons by risk of poverty or social exclusion",ok,sdmx,5,44,0,"",2026-07-25
ILC_CHSB01,Children having one of their parents living outside the household,ok,sdmx,4,35,0,"",2026-07-25
ILC_CHSB02,Parents spending enough time with children living with them,ok,sdmx,4,35,0,"",2026-07-25
ILC_DI01,Distribution of income by quantiles,ok,sdmx,6,114,0,"",2026-07-25
ILC_DI02,Distribution of income by different income groups,ok,sdmx,6,85,0,"",2026-07-25
ILC_DI03,Mean and median income by age and sex,ok,sdmx,7,111,0,"",2026-07-25
ILC_DI04,Distribution of income by household composition,ok,sdmx,6,102,0,"",2026-07-25
ILC_DI05,Mean and median income by most frequent activity status,ok,sdmx,8,101,0,"",2026-07-25
ILC_DI06,Mean and median income by main source of income (1995-2001),ok,sdmx,6,32,0,"",2026-07-25
ILC_DI07,Distribution of income by work intensity of the houshold (population aged 0 to 64 years),ok,sdmx,9,79,0,"",2026-07-25
ILC_DI07H,Mean and median income by work intensity of the household (1995-2001),ok,sdmx,9,35,0,"",2026-07-25
ILC_DI08,Mean and median income by educational attainment level,ok,sdmx,8,84,0,"",2026-07-25
ILC_DI09,Mean and median income by tenure status,ok,sdmx,8,96,0,"",2026-07-25
ILC_DI10,Mean and median income by ability to make ends meet,ok,sdmx,6,95,0,"",2026-07-25
ILC_DI11,Income quintile share ratio S80/S20 for disposable income by sex and age group,ok,sdmx,6,77,0,"",2026-07-25
ILC_DI11A,Income quintile share ratio S80/S20 for gross market income by sex and age group,ok,sdmx,6,67,0,"",2026-07-25
ILC_DI11B,Income quintile share ratio S80/S20 for net market income by sex and age group,ok,sdmx,6,67,0,"",2026-07-25
ILC_DI11C,Income quintile share ratio S80/S20 for gross total disposable income by sex and age group,ok,sdmx,6,67,0,"",2026-07-25
ILC_DI11D,Income quintile share ratio S80/S50 for disposable income by sex and age group,ok,sdmx,6,67,0,"",2026-07-25
ILC_DI11E,Income quintile share ratio S50/S20 for disposable income by sex and age group,ok,sdmx,6,67,0,"",2026-07-25
ILC_DI11F,Income quintile share ratio S40/S100 for disposable income by sex and age group,ok,sdmx,6,67,0,"",2026-07-25
ILC_DI11G,Effect of taxes on income quintile share ratio S80/S20,ok,sdmx,4,58,0,"",2026-07-25
ILC_DI11H,Effect of social transfers on income quintile share ratio S80/S20,ok,sdmx,4,58,0,"",2026-07-25
ILC_DI11I,Effect of taxes and social transfers on income quintile share ratio S80/S20,ok,sdmx,4,58,0,"",2026-07-25
ILC_DI11_R,Income quintile share ratio S80/S20 by NUTS 2 region,ok,sdmx,4,396,0,"",2026-07-25
ILC_DI12,Gini coefficient of equivalised disposable income by age,ok,sdmx,5,56,0,"",2026-07-25
ILC_DI12B,Gini coefficient of equivalised disposable income before social transfers (pensions included in social transfers),ok,sdmx,4,71,0,"",2026-07-25
ILC_DI12C,Gini coefficient of equivalised disposable income before social transfers (pensions excluded from social transfers),ok,sdmx,4,71,0,"",2026-07-25
ILC_DI13,Mean and median income before social transfers (pensions included in social transfers) by age and sex,ok,sdmx,7,86,0,"",2026-07-25
ILC_DI13B,Distribution of income before social transfers (pensions included in social transfers) by household composition,ok,sdmx,6,81,0,"",2026-07-25
ILC_DI14,Mean and median income before social transfers (pensions excluded from social transfers) by age and sex,ok,sdmx,7,86,0,"",2026-07-25
ILC_DI14B,Distribution of income before social transfers (pensions excluded from social transfers) by household composition,ok,sdmx,6,81,0,"",2026-07-25
ILC_DI15,Mean and median income by group of citizenship (population aged 18 and over),ok,sdmx,8,97,0,"",2026-07-25
ILC_DI15$DV_3562,Mean and median income by group of citizenship (population aged 18 and over),error,"",0,0,1,"HTTPStatusError: Client error '404 Not Found' for url 'https://ec.europa.eu/eurostat/api/dissemination/sdmx/2.1/datastructure/ESTAT/ILC_DI15$DV_3562'
For more information check: https://developer.mozi",2026-07-25
ILC_DI16,Mean and median income by group of country of birth (population aged 18 and over),ok,sdmx,8,97,0,"",2026-07-25
ILC_DI16$DV_1987,Mean and median income by group of country of birth (population aged 18 and over),error,"",0,0,1,"HTTPStatusError: Client error '404 Not Found' for url 'https://ec.europa.eu/eurostat/api/dissemination/sdmx/2.1/datastructure/ESTAT/ILC_DI16$DV_1987'
For more information check: https://developer.mozi",2026-07-25
ILC_DI17,Mean and median income by degree of urbanisation,ok,sdmx,8,85,0,"",2026-07-25
ILC_DI18,Income in real terms (2010 SILC=100),ok,sdmx,5,53,0,"",2026-07-25
ILC_DI20,Share of people having income greater or equal to specific national thresholds by age and sex,ok,sdmx,8,80,0,"",2026-07-25
ILC_DI23,Share of people having income greater or equal to specific national thresholds by degree of urbanisation,ok,sdmx,7,73,0,"",2026-07-25
ILC_DI27,Share of people having income greater or equal to specific national thresholds by educational attainment level,ok,sdmx,7,75,0,"",2026-07-25
ILC_DI30A,Transitions of income within one year by income decile and decile change,ok,sdmx,6,83,0,"",2026-07-25
ILC_DI30B,Transitions of income within two years by income decile and decile change,ok,sdmx,6,82,0,"",2026-07-25
ILC_DI30C,Transitions of income within three years by income decile and decile change,ok,sdmx,6,82,0,"",2026-07-25
ILC_DI31,Distribution of population by income groups,ok,sdmx,7,64,0,"",2026-07-25
ILC_ENEVH_01,"Persons living in dwellings with energy efficiency improvements in last five years by age, tenure status, type of building and risk of poverty or social exclusion",ok,sdmx,9,53,0,"",2026-07-25
ILC_ENEVH_02,Persons unable to keep home adequately warm by year of construction and risk of poverty or social exclusion,ok,sdmx,7,47,0,"",2026-07-25
ILC_ENEVH_03,Persons in households with arrears on utility bills by year of construction and risk of poverty or social exclusion,ok,sdmx,7,47,0,"",2026-07-25
ILC_HCH01,"Persons with financial burden of health care by level of difficulty, type of health care, household composition and risk of poverty threshold",ok,sdmx,8,63,0,"",2026-07-25
ILC_HCH02,"Persons with financial burden of health care by level of difficulty, type of health care, degree of urbanization and income quantile",ok,sdmx,8,58,0,"",2026-07-25
ILC_HCH03,"Persons visiting a doctor in the last 12 months by medical speciality, number of visits, educational attainment level, sex and age",ok,sdmx,9,69,0,"",2026-07-25
ILC_HCH04,"Persons visiting a doctor in the last 12 months by medical speciality, frequency, most frequent activity status, degree of urbanization and income quantile",ok,sdmx,9,66,0,"",2026-07-25
ILC_HCH05,"Persons performing physical activity when working by type of activity, educational attainment level, sex and age (2017)",ok,sdmx,8,60,0,"",2026-07-25
ILC_HCH05B,"Employed persons performing physical activity when working by type of activity, educational attainment level, sex and age",ok,sdmx,8,65,0,"",2026-07-25
ILC_HCH06,"Persons performing physical activity when working by type of activity, most frequent activity status, income quantile and degree of urbanization (2017)",ok,sdmx,8,58,0,"",2026-07-25
ILC_HCH06B,"Employed persons performing physical activity when working by type of activity, income quantile and degree of urbanization",ok,sdmx,7,57,0,"",2026-07-25
ILC_HCH07,"Persons performing physical activity outside working time by duration in a typical week, educational attainment level, sex and age (2017)",ok,sdmx,8,61,0,"",2026-07-25
ILC_HCH07B,"Persons performing physical activity outside working time by frequency in a typical week, educational attainment level, sex and age",ok,sdmx,8,66,0,"",2026-07-25
ILC_HCH08,"Persons performing physical activity outside working time by duration in a typical week, most frequent activity status, income quantile and degree of urbanization (2017)",ok,sdmx,8,59,0,"",2026-07-25
ILC_HCH08B,"Persons performing physical activity outside working time by frequency in a typical week, most frequent activity status, income quantile and degree of urbanization",ok,sdmx,8,62,0,"",2026-07-25
ILC_HCH09,"Persons performing physical activity outside working time by duration in a typical week, body mass index and age (2017)",ok,sdmx,7,59,0,"",2026-07-25
ILC_HCH09B,"Persons performing physical activity outside working time by frequency in a typical week, body mass index and age",ok,sdmx,7,64,0,"",2026-07-25
ILC_HCH10,"Person distribution by body mass index, educational attainment level, sex and age",ok,sdmx,8,67,0,"",2026-07-25
ILC_HCH11,"Persons eating fruit, vegetables or salad by educational attainment level, risk of poverty threshold, most frequent activity status and sex",ok,sdmx,10,68,0,"",2026-07-25
ILC_HCH12,"Children by level of general health, household composition, quantile and age",ok,sdmx,8,66,0,"",2026-07-25
ILC_HCH12A,Children by level of general health and risk of poverty or social exclusion situation,ok,sdmx,6,51,0,"",2026-07-25
ILC_HCH13,"Children with limitation in activities due to health problems, by income group, household composition and age",ok,sdmx,8,61,0,"",2026-07-25
ILC_HCH13$DV_2941,"Children with limitation in activities due to health problems, by income group, household composition and age",error,"",0,0,1,"HTTPStatusError: Client error '404 Not Found' for url 'https://ec.europa.eu/eurostat/api/dissemination/sdmx/2.1/datastructure/ESTAT/ILC_HCH13$DV_2941'
For more information check: https://developer.moz",2026-07-25
ILC_HCH14,"Children with unmet needs for medical examination or treatment by income group, household composition and degree of urbanization",ok,sdmx,8,55,0,"",2026-07-25
ILC_HCH14A,Children with unmet needs for medical examination or treatment by type of health care and risk of poverty or social exclusion,ok,sdmx,6,49,0,"",2026-07-25
ILC_HCH15,Children with unmet needs for medical examination or treatment by specific reason,ok,sdmx,6,52,0,"",2026-07-25
ILC_HCH16,"Persons reporting basic activity difficulty by sex, age, level of difficulty and educational attainment level",ok,sdmx,8,70,0,"",2026-07-25
ILC_HCH16$DV_2262,"Persons reporting basic activity difficulty by sex, age, level of difficulty and educational attainment level",error,"",0,0,1,"HTTPStatusError: Client error '404 Not Found' for url 'https://ec.europa.eu/eurostat/api/dissemination/sdmx/2.1/datastructure/ESTAT/ILC_HCH16$DV_2262'
For more information check: https://developer.moz",2026-07-25
ILC_HCH17,"Persons reporting basic activity difficulty by sex, age, level of difficulty and income quintile",ok,sdmx,8,72,0,"",2026-07-25
ILC_HCH17$DV_2261,"Persons reporting basic activity difficulty by sex, age, level of difficulty and income quintile",error,"",0,0,1,"HTTPStatusError: Client error '404 Not Found' for url 'https://ec.europa.eu/eurostat/api/dissemination/sdmx/2.1/datastructure/ESTAT/ILC_HCH17$DV_2261'
For more information check: https://developer.moz",2026-07-25
ILC_HCH18,"Persons reporting basic activity difficulty by sex, age, level of difficulty and degree of urbanization",ok,sdmx,8,68,0,"",2026-07-25
ILC_HCH18$DV_2263,"Persons reporting basic activity difficulty by sex, age, level of difficulty and degree of urbanization",error,"",0,0,1,"HTTPStatusError: Client error '404 Not Found' for url 'https://ec.europa.eu/eurostat/api/dissemination/sdmx/2.1/datastructure/ESTAT/ILC_HCH18$DV_2263'
For more information check: https://developer.moz",2026-07-25
ILC_HCH19,"Persons reporting basic activity difficulty by sex, age, level of difficulty, type of basic action and risk of poverty threshold",ok,sdmx,9,77,0,"",2026-07-25
ILC_HCH19$DV_2264,"Persons reporting basic activity difficulty by sex, age, level of difficulty, type of basic action and risk of poverty threshold",error,"",0,0,1,"HTTPStatusError: Client error '404 Not Found' for url 'https://ec.europa.eu/eurostat/api/dissemination/sdmx/2.1/datastructure/ESTAT/ILC_HCH19$DV_2264'
For more information check: https://developer.moz",2026-07-25
ILC_HCH20,"Persons visiting a doctor in the last 12 months by sex, age, level of disability (activity limitation), medical specialty and number of visits",ok,sdmx,9,77,0,"",2026-07-25
ILC_HCH21,"Persons with financial burden of health care by sex, age, level of disability (activity limitation), type of health care and level of difficulty",ok,sdmx,9,75,0,"",2026-07-25
ILC_HCH22,"Person distribution by frequency of tobacco consumption, sex, age and risk of poverty or social exclusion situation",ok,sdmx,8,65,0,"",2026-07-25
ILC_HCH23,"Person distribution by frequency of alcohol consumption, sex, age and risk of poverty or social exclusion situation",ok,sdmx,8,65,0,"",2026-07-25
ILC_HCMH01,Average size of dwelling by income quintile and tenure status,ok,sdmx,6,54,0,"",2026-07-25
ILC_HCMH02,Average size of dwelling by household type and degree of urbanisation,ok,sdmx,6,50,0,"",2026-07-25
ILC_HCMP03,Share of population living in a dwelling not comfortably cool during summer time by income quintile and degree of urbanisation,ok,sdmx,6,51,0,"",2026-07-25
ILC_HCMP04,Distribution of population by level of overall satisfaction with the dwelling and household type,ok,sdmx,6,51,0,"",2026-07-25
ILC_HCMP05,Share of population having moved to other dwelling within the last five year period by tenure status and degree of urbanisation,ok,sdmx,6,50,0,"",2026-07-25
ILC_HCMP06,"Distribution of population by level of difficulty in accessing public transport, income quintile and degree of urbanisation",ok,sdmx,7,55,0,"",2026-07-25
ILC_IGTP01,Transition of educational attainment level from parents to current adults (population aged 25 - 59),ok,sdmx,7,56,0,"",2026-07-25
ILC_IGTP02,Transition of ability to make ends meet from childhood to current situation (population aged 25 - 59) (2011),ok,sdmx,7,49,0,"",2026-07-25
ILC_IGTP03,At-risk-of poverty rate for adults (aged 25 to 59 years) by educational attainment level of their parents,ok,sdmx,5,44,0,"",2026-07-25
ILC_IGTP04,At-risk-of poverty rate for adults (aged 25 to 59 years) by level of financial situation of their households when respondent was around 14 years old,ok,sdmx,5,42,0,"",2026-07-25
ILC_IGTP05,Inability to afford basic school needs (books and equipment for school) when respondent was around 14 years old,ok,sdmx,6,56,0,"",2026-07-25
ILC_IGTP06,"Inability to afford a meal with meat, chicken, fish (or vegetarian equivalent) daily when respondent was around 14 years old",ok,sdmx,6,56,0,"",2026-07-25
ILC_IGTP07,Inability to afford one week annual holiday away from home when respondent was around 14 years old,ok,sdmx,6,56,0,"",2026-07-25
ILC_IGTP08,"Persons unable to afford basic school needs when they were around 14 years old by sex, current age and educational attainment level",ok,sdmx,7,59,0,"",2026-07-25
ILC_IW01,In-work at-risk-of-poverty rate by age and sex,ok,sdmx,7,89,0,"",2026-07-25
ILC_IW01$DV_1302,In-work at-risk-of-poverty rate by age and sex,error,"",0,0,1,"HTTPStatusError: Client error '404 Not Found' for url 'https://ec.europa.eu/eurostat/api/dissemination/sdmx/2.1/datastructure/ESTAT/ILC_IW01$DV_1302'
For more information check: https://developer.mozi",2026-07-25
ILC_IW01$DV_1990,In-work at-risk-of-poverty rate by age and sex,error,"",0,0,1,"HTTPStatusError: Client error '404 Not Found' for url 'https://ec.europa.eu/eurostat/api/dissemination/sdmx/2.1/datastructure/ESTAT/ILC_IW01$DV_1990'
For more information check: https://developer.mozi",2026-07-25
ILC_IW02,In-work at-risk-of-poverty rate by household type,ok,sdmx,5,77,0,"",2026-07-25
ILC_IW02$DV_3463,In-work at-risk-of-poverty rate by household type,error,"",0,0,1,"HTTPStatusError: Client error '404 Not Found' for url 'https://ec.europa.eu/eurostat/api/dissemination/sdmx/2.1/datastructure/ESTAT/ILC_IW02$DV_3463'
For more information check: https://developer.mozi",2026-07-25
ILC_IW03,In-work at-risk-of-poverty rate by work intensity of the household (population aged 18 to 64 years),ok,sdmx,6,70,0,"",2026-07-25
ILC_IW04,In-work at-risk-of-poverty rate by educational attainment level,ok,sdmx,5,74,0,"",2026-07-25
ILC_IW05,In-work at-risk-of-poverty rate by type of contract,ok,sdmx,6,76,0,"",2026-07-25
ILC_IW06,In-work at-risk-of-poverty rate by months worked,ok,sdmx,5,73,0,"",2026-07-25
ILC_IW07,In-work at-risk-of-poverty rate by full-/part-time work,ok,sdmx,5,73,0,"",2026-07-25
ILC_IW15,In-work at-risk-of-poverty rate by group of citizenship (population aged 18 and over),ok,sdmx,7,94,0,"",2026-07-25
ILC_IW15$DV_1992,In-work at-risk-of-poverty rate by group of citizenship (population aged 18 and over),error,"",0,0,1,"HTTPStatusError: Client error '404 Not Found' for url 'https://ec.europa.eu/eurostat/api/dissemination/sdmx/2.1/datastructure/ESTAT/ILC_IW15$DV_1992'
For more information check: https://developer.mozi",2026-07-25
ILC_IW16,In-work at-risk-of-poverty rate by group of country of birth (population aged 18 and over),ok,sdmx,7,94,0,"",2026-07-25
ILC_IW16$DV_1991,In-work at-risk-of-poverty rate by group of country of birth (population aged 18 and over),error,"",0,0,1,"HTTPStatusError: Client error '404 Not Found' for url 'https://ec.europa.eu/eurostat/api/dissemination/sdmx/2.1/datastructure/ESTAT/ILC_IW16$DV_1991'
For more information check: https://developer.mozi",2026-07-25
ILC_LI01,At-risk-of-poverty thresholds,ok,sdmx,7,85,0,"",2026-07-25
ILC_LI02,"At-risk-of-poverty rate by poverty threshold, age and sex - EU-SILC and ECHP surveys",ok,sdmx,8,121,0,"",2026-07-25
ILC_LI02$DV_3541,"At-risk-of-poverty rate by poverty threshold, age and sex - EU-SILC and ECHP surveys",error,"",0,0,1,"HTTPStatusError: Client error '404 Not Found' for url 'https://ec.europa.eu/eurostat/api/dissemination/sdmx/2.1/datastructure/ESTAT/ILC_LI02$DV_3541'
For more information check: https://developer.mozi",2026-07-25
ILC_LI02$DV_3542,"At-risk-of-poverty rate by poverty threshold, age and sex - EU-SILC and ECHP surveys",error,"",0,0,1,"HTTPStatusError: Client error '404 Not Found' for url 'https://ec.europa.eu/eurostat/api/dissemination/sdmx/2.1/datastructure/ESTAT/ILC_LI02$DV_3542'
For more information check: https://developer.mozi",2026-07-25
ILC_LI02$DV_3581,"At-risk-of-poverty rate by poverty threshold, age and sex - EU-SILC and ECHP surveys",error,"",0,0,1,"HTTPStatusError: Client error '404 Not Found' for url 'https://ec.europa.eu/eurostat/api/dissemination/sdmx/2.1/datastructure/ESTAT/ILC_LI02$DV_3581'
For more information check: https://developer.mozi",2026-07-25
ILC_LI03,At-risk-of-poverty rate by poverty threshold and household type - EU-SILC and ECHP surveys,ok,sdmx,7,106,0,"",2026-07-25
ILC_LI04,At-risk-of-poverty rate by poverty threshold and most frequent activity in the previous year - EU-SILC and ECHP surveys,ok,sdmx,9,89,0,"",2026-07-25
ILC_LI05,At-risk-of-poverty rate by poverty threshold and main source of income (1995-2001),ok,sdmx,8,42,0,"",2026-07-25
ILC_LI06,"At-risk-of-poverty rate by poverty threshold, work intensity of the household and broad age groups - EU-SILC survey",ok,sdmx,10,88,0,"",2026-07-25
ILC_LI06$DV_3601,"At-risk-of-poverty rate by poverty threshold, work intensity of the household and broad age groups - EU-SILC survey",error,"",0,0,1,"HTTPStatusError: Client error '404 Not Found' for url 'https://ec.europa.eu/eurostat/api/dissemination/sdmx/2.1/datastructure/ESTAT/ILC_LI06$DV_3601'
For more information check: https://developer.mozi",2026-07-25
ILC_LI06H,At-risk-of-poverty rate by poverty threshold and work intensity of the household (1995-2002),ok,sdmx,9,43,0,"",2026-07-25
ILC_LI07,At-risk-of-poverty rate by poverty threshold and educational attainment level - EU-SILC survey,ok,sdmx,9,81,0,"",2026-07-25
ILC_LI08,At-risk-of-poverty rate by poverty threshold and tenure status - EU-SILC and ECHP surveys,ok,sdmx,9,99,0,"",2026-07-25
ILC_LI09,"At-risk-of-poverty rate before social transfers (pensions included in social transfers) by poverty threshold, age and sex - EU-SILC and ECHP surveys",ok,sdmx,8,95,0,"",2026-07-25
ILC_LI09B,At-risk-of-poverty rate before social transfers (pensions included in social transfers) by household type,ok,sdmx,5,90,0,"",2026-07-25
ILC_LI09C,"At-risk-of-poverty rate before social transfers (excluding pensions) by age, sex and group of country of birth",ok,sdmx,9,67,0,"",2026-07-25
ILC_LI09D,"At-risk-of-poverty rate before social transfers (excluding pensions) by age, sex and educational attainment level",ok,sdmx,9,63,0,"",2026-07-25
ILC_LI09F,"At-risk-of-poverty rate before social transfers (excluding pensions) by age, sex, household composition and household work intensity",ok,sdmx,10,69,0,"",2026-07-25
ILC_LI10,"At-risk-of-poverty rate before social transfers (pensions excluded from social transfers) by poverty threshold, age and sex - EU-SILC and ECHP surveys",ok,sdmx,8,95,0,"",2026-07-25
ILC_LI10B,At-risk-of-poverty rate before social transfers (pensions excluded from social transfers) by household type,ok,sdmx,5,90,0,"",2026-07-25
ILC_LI10_R,At-risk-of-poverty rate before social transfers (pensions excluded from social transfers) by NUTS 2 region,ok,sdmx,4,447,0,"",2026-07-25
ILC_LI11,Relative at risk of poverty gap by poverty threshold - EU-SILC and ECHP surveys,ok,sdmx,8,95,0,"",2026-07-25
ILC_LI11$DV_3582,Relative at risk of poverty gap by poverty threshold - EU-SILC and ECHP surveys,error,"",0,0,1,"HTTPStatusError: Client error '404 Not Found' for url 'https://ec.europa.eu/eurostat/api/dissemination/sdmx/2.1/datastructure/ESTAT/ILC_LI11$DV_3582'
For more information check: https://developer.mozi",2026-07-25
ILC_LI11$DV_3602,Relative at risk of poverty gap by poverty threshold - EU-SILC and ECHP surveys,error,"",0,0,1,"HTTPStatusError: Client error '404 Not Found' for url 'https://ec.europa.eu/eurostat/api/dissemination/sdmx/2.1/datastructure/ESTAT/ILC_LI11$DV_3602'
For more information check: https://developer.mozi",2026-07-25
ILC_LI11$DV_3641,Relative at risk of poverty gap by poverty threshold - EU-SILC and ECHP surveys,error,"",0,0,1,"HTTPStatusError: Client error '404 Not Found' for url 'https://ec.europa.eu/eurostat/api/dissemination/sdmx/2.1/datastructure/ESTAT/ILC_LI11$DV_3641'
For more information check: https://developer.mozi",2026-07-25
ILC_LI12,Relative poverty gap by risk of poverty and work intensity of the household,ok,sdmx,7,64,0,"",2026-07-25
ILC_LI13,Relative poverty gap by risk of poverty and work intensity of the households with income from benefits,ok,sdmx,7,57,0,"",2026-07-25
ILC_LI20,"At-risk-of-poverty rate by age and sex, anchored to the 1998 base year (1998–2001)",ok,sdmx,8,38,0,"",2026-07-25
ILC_LI21,Persistent at-risk-of-poverty rate by sex and age - EU-SILC and ECHP surveys,ok,sdmx,8,78,0,"",2026-07-25
ILC_LI21$DV_3603,Persistent at-risk-of-poverty rate by sex and age - EU-SILC and ECHP surveys,error,"",0,0,1,"HTTPStatusError: Client error '404 Not Found' for url 'https://ec.europa.eu/eurostat/api/dissemination/sdmx/2.1/datastructure/ESTAT/ILC_LI21$DV_3603'
For more information check: https://developer.mozi",2026-07-25
ILC_LI22,At-risk-of-poverty rate anchored at a fixed moment in time (2019) by age and sex - EU-SILC survey,ok,sdmx,8,54,0,"",2026-07-25
ILC_LI22$DV_3604,At-risk-of-poverty rate anchored at a fixed moment in time (2019) by age and sex - EU-SILC survey,error,"",0,0,1,"HTTPStatusError: Client error '404 Not Found' for url 'https://ec.europa.eu/eurostat/api/dissemination/sdmx/2.1/datastructure/ESTAT/ILC_LI22$DV_3604'
For more information check: https://developer.mozi",2026-07-25
ILC_LI22B,At-risk-of-poverty rate anchored at a fixed moment in time (2008) by age and sex,ok,sdmx,8,64,0,"",2026-07-25
ILC_LI23,Persistent at-risk-of-poverty rate by household type,ok,sdmx,7,69,0,"",2026-07-25
ILC_LI24,Persistent at-risk-of-poverty rate by educational attainment level,ok,sdmx,8,69,0,"",2026-07-25
ILC_LI31,At-risk-of-poverty rate by group of citizenship (population aged 18 and over),ok,sdmx,7,94,0,"",2026-07-25
ILC_LI31$DV_1981,At-risk-of-poverty rate by group of citizenship (population aged 18 and over),error,"",0,0,1,"HTTPStatusError: Client error '404 Not Found' for url 'https://ec.europa.eu/eurostat/api/dissemination/sdmx/2.1/datastructure/ESTAT/ILC_LI31$DV_1981'
For more information check: https://developer.mozi",2026-07-25
ILC_LI32,"At-risk-of-poverty rate by age, sex and group of country of birth",ok,sdmx,9,82,0,"",2026-07-25
ILC_LI32$DV_3421,"At-risk-of-poverty rate by age, sex and group of country of birth",error,"",0,0,1,"HTTPStatusError: Client error '404 Not Found' for url 'https://ec.europa.eu/eurostat/api/dissemination/sdmx/2.1/datastructure/ESTAT/ILC_LI32$DV_3421'
For more information check: https://developer.mozi",2026-07-25
ILC_LI32$DV_3422,"At-risk-of-poverty rate by age, sex and group of country of birth",error,"",0,0,1,"HTTPStatusError: Client error '404 Not Found' for url 'https://ec.europa.eu/eurostat/api/dissemination/sdmx/2.1/datastructure/ESTAT/ILC_LI32$DV_3422'
For more information check: https://developer.mozi",2026-07-25
ILC_LI33,At-risk-of poverty rate for children by citizenship of their parents (population aged 0 to 17),ok,sdmx,5,73,0,"",2026-07-25
ILC_LI33$DV_1983,At-risk-of poverty rate for children by citizenship of their parents (population aged 0 to 17),error,"",0,0,1,"HTTPStatusError: Client error '404 Not Found' for url 'https://ec.europa.eu/eurostat/api/dissemination/sdmx/2.1/datastructure/ESTAT/ILC_LI33$DV_1983'
For more information check: https://developer.mozi",2026-07-25
ILC_LI34,At-risk-of poverty rate for children by country of birth of their parents (population aged 0 to 17),ok,sdmx,5,73,0,"",2026-07-25
ILC_LI34$DV_1982,At-risk-of poverty rate for children by country of birth of their parents (population aged 0 to 17),error,"",0,0,1,"HTTPStatusError: Client error '404 Not Found' for url 'https://ec.europa.eu/eurostat/api/dissemination/sdmx/2.1/datastructure/ESTAT/ILC_LI34$DV_1982'
For more information check: https://developer.mozi",2026-07-25
ILC_LI41,At-risk-of-poverty rate by NUTS 2 region,ok,sdmx,4,447,0,"",2026-07-25
ILC_LI43,At-risk-of-poverty rate by degree of urbanisation,ok,sdmx,5,72,0,"",2026-07-26
ILC_LI45,At-risk-of-poverty rate after deducting housing costs by age and sex,ok,sdmx,6,79,0,"",2026-07-26
ILC_LI48,At-risk-of-poverty rate after deducting housing costs by degree of urbanisation,ok,sdmx,5,72,0,"",2026-07-26
ILC_LI51,Distribution of population by number of years spent in poverty within a four-year period,ok,sdmx,8,75,0,"",2026-07-26
ILC_LI60,At-risk-of poverty rate for children by educational attainment level of their parents (population aged 0 to 17),ok,sdmx,6,78,0,"",2026-07-26
ILC_LI70,Persons receiving benefits (other than old age benefits) by risk of poverty and work intensity of the household (population aged 18 to 64),ok,sdmx,7,63,0,"",2026-07-26
ILC_LI70B,Persons receiving benefits (other than old age benefits) by sex and most frequent activity status,ok,sdmx,7,58,0,"",2026-07-26
ILC_LI71,"Persons receiving benefits (other than old age benefits) by risk of poverty thresholds, work intensity of the household and percentage of the benefits in total disposable income (population aged 18 to 64)",ok,sdmx,8,57,0,"",2026-07-26
ILC_LI80,"Impact of social transfers (excluding pensions) on poverty reduction by age, sex and group of country of birth",ok,sdmx,9,67,0,"",2026-07-26
ILC_LI80A,"Impact of social transfers (excluding pensions) on poverty reduction by age, sex and educational attainment level",ok,sdmx,9,63,0,"",2026-07-26
ILC_LI80B,"Impact of social transfers (excluding pensions) on poverty reduction by age, sex, household composition and household work intensity",ok,sdmx,10,69,0,"",2026-07-26
ILC_LVHD01,Persons having experienced housing difficulties in their lifetime by sex and current risk of poverty or social exclusion situation,ok,sdmx,6,44,0,"",2026-07-26
ILC_LVHD02,Persons having experienced housing difficulties in their lifetime by sex and type of temporary solution (effect),ok,sdmx,6,45,0,"",2026-07-26
ILC_LVHD03,Persons having experienced housing difficulties in their lifetime by sex and group of country of birth,ok,sdmx,6,45,0,"",2026-07-26
ILC_LVHD04,Persons having experienced housing difficulties in their lifetime by sex and group of current country of citizenship,ok,sdmx,6,45,0,"",2026-07-26
ILC_LVHD05,Persons having experienced housing difficulties in their lifetime by sex and reason,ok,sdmx,6,50,0,"",2026-07-26
ILC_LVHD06,Persons having overcome housing difficulties experienced in their lifetime by sex and reason,ok,sdmx,6,47,0,"",2026-07-26
ILC_LVHD07,"Persons still experiencing housing difficulties by sex, age and risk of poverty or social exclusion situation",ok,sdmx,7,61,0,"",2026-07-26
ILC_LVHD08,"Persons having experienced renting difficulties in the last 12 months by sex, age and risk of poverty or social exclusion situation",ok,sdmx,7,60,0,"",2026-07-26
ILC_LVHD09,"Persons having experienced renting difficulties in the last 12 months by sex, age and group of country of birth",ok,sdmx,7,61,0,"",2026-07-26
ILC_LVHD10,"Persons having experienced renting difficulties in the last 12 months by sex, age and group of country of citizenship",ok,sdmx,7,61,0,"",2026-07-26
ILC_LVHD11,"Persons having experienced renting difficulties in the last 12 months by sex, age and level of disability (activity limitation)",ok,sdmx,7,61,0,"",2026-07-26
ILC_LVHD12,"Persons having experienced renting difficulties in the last 12 months by sex, age and educational attainment",ok,sdmx,7,61,0,"",2026-07-26
ILC_LVHD13,"Persons having experienced renting difficulties in the last 12 months by income quintile, household composition and degree of urbanization",ok,sdmx,7,55,0,"",2026-07-26
ILC_LVHE01,"Persons living in private households by heating system used in the dwelling and sex, age, risk of poverty or social exclusion situation of the person",ok,sdmx,8,58,0,"",2026-07-26
ILC_LVHE02,"Persons living in private households by heating system used in the dwelling, household composition and degree of urbanisation",ok,sdmx,7,64,0,"",2026-07-26
ILC_LVHE03,"Persons living in private households by heating system used in the dwelling and sex, age, level of disability (activity limitation)",ok,sdmx,8,58,0,"",2026-07-26
ILC_LVHE04,"Persons heating their dwelling with district heating by used energy source, household composition and degree of urbanisation",ok,sdmx,7,61,0,"",2026-07-26
ILC_LVHE05,"Persons heating their dwelling with other than district heating by used energy source, household composition and degree of urbanisation",ok,sdmx,7,65,0,"",2026-07-26
ILC_LVHE06,"Persons heating their dwelling with other than district heating by used energy source and sex, age, level of disability (activity limitation)",ok,sdmx,8,60,0,"",2026-07-26
ILC_LVHE07,"Persons heating their dwelling with other than district heating by used energy source and sex, age, risk of poverty or social exclusion situation",ok,sdmx,8,59,0,"",2026-07-26
ILC_LVHE08,"Persons living in dwellings with energy efficiency improvements in last five years by sex, age and risk of poverty or social exclusion",ok,sdmx,8,59,0,"",2026-07-26
ILC_LVHE09,Persons living in dwellings with energy efficiency improvements in last five years by household composition and degree of urbanisation,ok,sdmx,7,64,0,"",2026-07-26
ILC_LVHE10,"Persons living in dwellings with energy efficiency improvements in last five years by sex, age and level of disability (activity limitation)",ok,sdmx,8,61,0,"",2026-07-26
ILC_LVHE11,"Persons living in a dwelling not comfortably warm during winter by sex, age and risk of poverty or social exclusion situation",ok,sdmx,7,51,0,"",2026-07-26
ILC_LVHE12,"Persons living in a dwelling not comfortably warm during winter by sex, household composition and degree of urbanisation",ok,sdmx,7,60,0,"",2026-07-26
ILC_LVHE13,"Persons living in a dwelling not comfortably warm during winter by sex, age and level of disability (activity limitation)",ok,sdmx,7,51,0,"",2026-07-26
ILC_LVHE14,"Persons living in a dwelling not comfortably warm during winter by sex, age and group of country of birth",ok,sdmx,7,52,0,"",2026-07-26
ILC_LVHE15,"Persons living in a dwelling not comfortably warm during winter by sex, age and group of country of citizenship",ok,sdmx,7,52,0,"",2026-07-26
ILC_LVHL01,"Distribution of population aged 18 and over by health status, age group, sex and degree of urbanisation",ok,sdmx,8,83,0,"",2026-07-26
ILC_LVHL02,"Distribution of population over 18 years by most frequent activity status, age group and sex",ok,sdmx,8,88,0,"",2026-07-26
ILC_LVHL03,"Distribution of population aged 18 and over by occupation, income group and sex",ok,sdmx,7,87,0,"",2026-07-26
ILC_LVHL04,"Distribution of population aged 18 and over by part-time or full-time employment, income group and sex",ok,sdmx,7,79,0,"",2026-07-26
ILC_LVHL11,Persons living in households with very low work intensity by age and sex (population aged 0 to 59 years) - EU 2020 strategy,ok,sdmx,6,99,0,"",2026-07-26
ILC_LVHL11N,Persons living in households with very low work intensity by age and sex (population aged 0 to 64 years),ok,sdmx,6,82,0,"",2026-07-26
ILC_LVHL11N$DV_1181,Persons living in households with very low work intensity by age and sex (population aged 0 to 64 years),error,"",0,0,1,"HTTPStatusError: Client error '404 Not Found' for url 'https://ec.europa.eu/eurostat/api/dissemination/sdmx/2.1/datastructure/ESTAT/ILC_LVHL11N$DV_1181'
For more information check: https://developer.m",2026-07-26
ILC_LVHL12,Persons living in households with very low work intensity by most frequent activity status (population aged 18 to 59 years) - EU 2020 strategy,ok,sdmx,7,90,0,"",2026-07-26
ILC_LVHL12N,People living in households with very low work intensity by most frequent activity status (population aged 18 to 64 years),ok,sdmx,7,83,0,"",2026-07-26
ILC_LVHL13,Persons living in households with very low work intensity by income quantile and household composition (population aged 0 to 59 years) - EU 2020 strategy,ok,sdmx,6,92,0,"",2026-07-26
ILC_LVHL13N,People living in households with very low work intensity by income quintile and household type (population aged 0 to 64 years),ok,sdmx,6,86,0,"",2026-07-26
ILC_LVHL14,Persons living in households with very low work intensity by educational attainment level (population aged 18 to 59 years) - EU 2020 strategy,ok,sdmx,7,86,0,"",2026-07-26
ILC_LVHL14N,People living in households with very low work intensity by educational attainment level (population aged 18 to 64 years),ok,sdmx,7,79,0,"",2026-07-26
ILC_LVHL15,Persons living in households with very low work intensity by group of citizenship (population aged 18 to 59 years) - EU 2020 strategy,ok,sdmx,7,89,0,"",2026-07-26
ILC_LVHL15N,People living in households with very low work intensity by group of citizenship (population aged 18 to 64 years),ok,sdmx,7,80,0,"",2026-07-26
ILC_LVHL15N$DV_2000,People living in households with very low work intensity by group of citizenship (population aged 18 to 64 years),error,"",0,0,1,"HTTPStatusError: Client error '404 Not Found' for url 'https://ec.europa.eu/eurostat/api/dissemination/sdmx/2.1/datastructure/ESTAT/ILC_LVHL15N$DV_2000'
For more information check: https://developer.m",2026-07-26
ILC_LVHL16,Persons living in households with very low work intensity by group of country of birth (population aged 18 to 59 years) - EU 2020 strategy,ok,sdmx,7,94,0,"",2026-07-26
ILC_LVHL16N,People living in households with very low work intensity by group of country of birth (population aged 18 to 64 years),ok,sdmx,7,89,0,"",2026-07-26
ILC_LVHL16N$DV_1182,People living in households with very low work intensity by group of country of birth (population aged 18 to 64 years),error,"",0,0,1,"HTTPStatusError: Client error '404 Not Found' for url 'https://ec.europa.eu/eurostat/api/dissemination/sdmx/2.1/datastructure/ESTAT/ILC_LVHL16N$DV_1182'
For more information check: https://developer.m",2026-07-26
ILC_LVHL16N$DV_1999,People living in households with very low work intensity by group of country of birth (population aged 18 to 64 years),error,"",0,0,1,"HTTPStatusError: Client error '404 Not Found' for url 'https://ec.europa.eu/eurostat/api/dissemination/sdmx/2.1/datastructure/ESTAT/ILC_LVHL16N$DV_1999'
For more information check: https://developer.m",2026-07-26
ILC_LVHL17,Persons living in households with very low work intensity by tenure status (population aged 0 to 59 years) - EU 2020 strategy,ok,sdmx,5,77,0,"",2026-07-26
ILC_LVHL17N,People living in households with very low work intensity by tenure status (population aged 0 to 64 years),ok,sdmx,5,65,0,"",2026-07-26
ILC_LVHL21,Persons living in households with very low work intensity by NUTS 2 region (population aged 0 to 59 years) - EU 2020 strategy,ok,sdmx,4,340,0,"",2026-07-26
ILC_LVHL21N,Persons living in households with very low work intensity by NUTS 2 region (population aged 0 to 64 years),ok,sdmx,4,431,0,"",2026-07-26
ILC_LVHL23,Persons living in households with very low work intensity by degree of urbanisation (population aged 0 to 59 years) - EU 2020 strategy,ok,sdmx,5,74,0,"",2026-07-26
ILC_LVHL23N,Persons living in households with very low work intensity by degree of urbanisation (population aged 0 to 64 years) - EU 2030 strategy,ok,sdmx,5,56,0,"",2026-07-26
ILC_LVHL30,Labour transitions by employment status,ok,sdmx,7,80,0,"",2026-07-26
ILC_LVHL30$DV_1323,Labour transitions by employment status,error,"",0,0,1,"HTTPStatusError: Client error '404 Not Found' for url 'https://ec.europa.eu/eurostat/api/dissemination/sdmx/2.1/datastructure/ESTAT/ILC_LVHL30$DV_1323'
For more information check: https://developer.mo",2026-07-26
ILC_LVHL32,Labour transitions by type of contract,ok,sdmx,7,80,0,"",2026-07-26
ILC_LVHL33,Labour transitions - change in employment security compared to previous year by sex and previous employment status,ok,sdmx,7,80,0,"",2026-07-26
ILC_LVHL34,Labour transitions - income decile change compared to previous year by sex and previous income decile,ok,sdmx,7,88,0,"",2026-07-26
ILC_LVHL35,Labour transitions - change in qualification level (employment status and pay level) compared to previous year by sex and previous employment status,ok,sdmx,7,77,0,"",2026-07-26
ILC_LVHL36,Labour transitions from temporary to permanent contracts by sex -3-year average,ok,sdmx,5,68,0,"",2026-07-26
ILC_LVHL60,Children living in households with very low work intensity by educational attainment level of their parents (population aged 0 to 17 years) - EU 2020 strategy,ok,sdmx,6,77,0,"",2026-07-26
ILC_LVHL60N,Children living in households with very low work intensity by educational attainment level of their parents (population aged 0 to 17 years),ok,sdmx,6,66,0,"",2026-07-26
ILC_LVHO01,"Distribution of population by degree of urbanisation, dwelling type and income group",ok,sdmx,7,83,0,"",2026-07-26
ILC_LVHO01$DV_3503,"Distribution of population by degree of urbanisation, dwelling type and income group",error,"",0,0,1,"HTTPStatusError: Client error '404 Not Found' for url 'https://ec.europa.eu/eurostat/api/dissemination/sdmx/2.1/datastructure/ESTAT/ILC_LVHO01$DV_3503'
For more information check: https://developer.mo",2026-07-26
ILC_LVHO02,"Distribution of population by tenure status, type of household and income group",ok,sdmx,7,98,0,"",2026-07-26
ILC_LVHO02$DV_3561,"Distribution of population by tenure status, type of household and income group",error,"",0,0,1,"HTTPStatusError: Client error '404 Not Found' for url 'https://ec.europa.eu/eurostat/api/dissemination/sdmx/2.1/datastructure/ESTAT/ILC_LVHO02$DV_3561'
For more information check: https://developer.mo",2026-07-26
ILC_LVHO03,Average number of rooms per person by tenure status and dwelling type from 2003 onwards,ok,sdmx,6,78,0,"",2026-07-26
ILC_LVHO03H,Average number of rooms per person by tenure status and dwelling type until 2001,ok,sdmx,5,33,0,"",2026-07-26
ILC_LVHO04,Average number of rooms per person by type of household and income group from 2003,ok,sdmx,6,91,0,"",2026-07-26
ILC_LVHO04D,Average number of rooms per person by degree of urbanization,ok,sdmx,5,72,0,"",2026-07-26
ILC_LVHO04H,Average number of rooms per person by type of household and income group until 2001,ok,sdmx,5,42,0,"",2026-07-26
ILC_LVHO04N,Average number of rooms per person by NUTS 2 region,ok,sdmx,4,313,0,"",2026-07-26
ILC_LVHO05A,"Overcrowding rate by age, sex and poverty status - total population",ok,sdmx,7,93,0,"",2026-07-26
ILC_LVHO05A$DV_2685,"Overcrowding rate by age, sex and poverty status - total population",error,"",0,0,1,"HTTPStatusError: Client error '404 Not Found' for url 'https://ec.europa.eu/eurostat/api/dissemination/sdmx/2.1/datastructure/ESTAT/ILC_LVHO05A$DV_2685'
For more information check: https://developer.m",2026-07-26
ILC_LVHO05A$DV_3563,"Overcrowding rate by age, sex and poverty status - total population",error,"",0,0,1,"HTTPStatusError: Client error '404 Not Found' for url 'https://ec.europa.eu/eurostat/api/dissemination/sdmx/2.1/datastructure/ESTAT/ILC_LVHO05A$DV_3563'
For more information check: https://developer.m",2026-07-26
ILC_LVHO05B,Overcrowding rate by household type - total population,ok,sdmx,5,89,0,"",2026-07-26
ILC_LVHO05C,Overcrowding rate by tenure status - total population,ok,sdmx,5,75,0,"",2026-07-26
ILC_LVHO05D,Overcrowding rate by degree of urbanisation - total population,ok,sdmx,5,71,0,"",2026-07-26
ILC_LVHO05Q,Overcrowding rate by income quintile - total population,ok,sdmx,5,77,0,"",2026-07-26
ILC_LVHO06,"Overcrowding rate by age, sex and poverty status - population without single-person households",ok,sdmx,7,93,0,"",2026-07-26
ILC_LVHO06Q,Overcrowding rate by income quintile - population without single-person households,ok,sdmx,5,77,0,"",2026-07-26
ILC_LVHO07A,"Housing cost overburden rate by age, sex and poverty status",ok,sdmx,7,94,0,"",2026-07-26
ILC_LVHO07A$DV_1186,"Housing cost overburden rate by age, sex and poverty status",error,"",0,0,1,"HTTPStatusError: Client error '404 Not Found' for url 'https://ec.europa.eu/eurostat/api/dissemination/sdmx/2.1/datastructure/ESTAT/ILC_LVHO07A$DV_1186'
For more information check: https://developer.m",2026-07-26
ILC_LVHO07A$DV_2003,"Housing cost overburden rate by age, sex and poverty status",error,"",0,0,1,"HTTPStatusError: Client error '404 Not Found' for url 'https://ec.europa.eu/eurostat/api/dissemination/sdmx/2.1/datastructure/ESTAT/ILC_LVHO07A$DV_2003'
For more information check: https://developer.m",2026-07-26
ILC_LVHO07A$DV_2682,"Housing cost overburden rate by age, sex and poverty status",error,"",0,0,1,"HTTPStatusError: Client error '404 Not Found' for url 'https://ec.europa.eu/eurostat/api/dissemination/sdmx/2.1/datastructure/ESTAT/ILC_LVHO07A$DV_2682'
For more information check: https://developer.m",2026-07-26
ILC_LVHO07B,Housing cost overburden rate by income quintile,ok,sdmx,5,77,0,"",2026-07-26
ILC_LVHO07C,Housing cost overburden rate by tenure status,ok,sdmx,5,76,0,"",2026-07-26
ILC_LVHO07C$DV_3481,Housing cost overburden rate by tenure status,error,"",0,0,1,"HTTPStatusError: Client error '404 Not Found' for url 'https://ec.europa.eu/eurostat/api/dissemination/sdmx/2.1/datastructure/ESTAT/ILC_LVHO07C$DV_3481'
For more information check: https://developer.m",2026-07-26
ILC_LVHO07D,Housing cost overburden rate by degree of urbanisation,ok,sdmx,5,72,0,"",2026-07-26
ILC_LVHO07E,Housing cost overburden rate by household type,ok,sdmx,5,90,0,"",2026-07-26
ILC_LVHO07_R,Housing cost overburden rate by NUTS 2 region,ok,sdmx,4,340,0,"",2026-07-26
ILC_LVHO08A,"Median of the housing cost burden distribution by age, sex and poverty status",ok,sdmx,7,81,0,"",2026-07-26
ILC_LVHO08B,Median of the housing cost burden distribution by degree of urbanisation,ok,sdmx,5,71,0,"",2026-07-26
ILC_LVHO15,"Overcrowding rate by age, sex and group of citizenship (total population aged 18 and over)",ok,sdmx,7,94,0,"",2026-07-26
ILC_LVHO16,"Overcrowding rate by age, sex and group of country of birth (total population aged 18 and over)",ok,sdmx,7,94,0,"",2026-07-26
ILC_LVHO25,"Housing cost overburden rate by age, sex and group of citizenship (total population aged 18 and over)",ok,sdmx,7,94,0,"",2026-07-26
ILC_LVHO25$DV_2022,"Housing cost overburden rate by age, sex and group of citizenship (total population aged 18 and over)",error,"",0,0,1,"HTTPStatusError: Client error '404 Not Found' for url 'https://ec.europa.eu/eurostat/api/dissemination/sdmx/2.1/datastructure/ESTAT/ILC_LVHO25$DV_2022'
For more information check: https://developer.mo",2026-07-26
ILC_LVHO26,"Housing cost overburden rate by age, sex and group of country of birth (total population aged 18 and over)",ok,sdmx,7,94,0,"",2026-07-26
ILC_LVHO26$DV_2021,"Housing cost overburden rate by age, sex and group of country of birth (total population aged 18 and over)",error,"",0,0,1,"HTTPStatusError: Client error '404 Not Found' for url 'https://ec.europa.eu/eurostat/api/dissemination/sdmx/2.1/datastructure/ESTAT/ILC_LVHO26$DV_2021'
For more information check: https://developer.mo",2026-07-26
ILC_LVHO27,Distribution of population by housing cost burden and sex,ok,sdmx,6,79,0,"",2026-07-26
ILC_LVHO28,Distribution of population by housing cost burden and tenure status,ok,sdmx,6,80,0,"",2026-07-26
ILC_LVHO29,Distribution of population by housing cost burden and degree of urbanisation,ok,sdmx,6,76,0,"",2026-07-26
ILC_LVHO30,Distribution of population by housing cost burden and household type,ok,sdmx,6,80,0,"",2026-07-26
ILC_LVHO31,Average size of dwelling by household composition and degree of urbanisation,ok,sdmx,6,50,0,"",2026-07-26
ILC_LVHO32,Average size of dwelling by income quintile and tenure status,ok,sdmx,6,50,0,"",2026-07-26
ILC_LVHO50A,"Share of people living in under-occupied dwellings by age, sex and poverty status - total population",ok,sdmx,7,81,0,"",2026-07-26
ILC_LVHO50B,Share of people living in under-occupied dwellings by household type and income quintile - total population,ok,sdmx,6,86,0,"",2026-07-26
ILC_LVHO50C,Share of people living in under-occupied dwellings by tenure status - total population,ok,sdmx,5,74,0,"",2026-07-26
ILC_LVHO50D,Share of people living in under-occupied dwellings by degree of urbanisation - total population,ok,sdmx,5,71,0,"",2026-07-26
ILC_LVPH01,Average household size,ok,sdmx,4,71,0,"",2026-07-26
ILC_LVPH02,Distribution of households by household type from 2003 onwards,ok,sdmx,5,88,0,"",2026-07-26
ILC_LVPH02H,Distribution of households by household type until 2001,ok,sdmx,5,33,0,"",2026-07-26
ILC_LVPH03,Distribution of households by household size,ok,sdmx,5,77,0,"",2026-07-26
ILC_LVPH04,Distribution of households by household type and income level,ok,sdmx,6,91,0,"",2026-07-26
ILC_LVPH04$DV_2602,Distribution of households by household type and income level,error,"",0,0,1,"HTTPStatusError: Client error '404 Not Found' for url 'https://ec.europa.eu/eurostat/api/dissemination/sdmx/2.1/datastructure/ESTAT/ILC_LVPH04$DV_2602'
For more information check: https://developer.mo",2026-07-26
ILC_LVPH05,Distribution of households with children by number of children,ok,sdmx,5,75,0,"",2026-07-26
ILC_LVPS01,Distribution of population by sex and age,ok,sdmx,6,89,0,"",2026-07-26
ILC_LVPS02,Distribution of population by household type and income group,ok,sdmx,6,91,0,"",2026-07-26
ILC_LVPS03,Distribution of population by work intensity of the household (population aged 0 to 64 years),ok,sdmx,8,74,0,"",2026-07-26
ILC_LVPS04,Distribution of population aged 18 and over by educational attainment level and age group,ok,sdmx,7,80,0,"",2026-07-26
ILC_LVPS08,Persons living with their parents or contributing/benefiting from the household income (population aged 18 to 34 years),ok,sdmx,6,83,0,"",2026-07-26
ILC_LVPS08$DV_1041,Persons living with their parents or contributing/benefiting from the household income (population aged 18 to 34 years),error,"",0,0,1,"HTTPStatusError: Client error '404 Not Found' for url 'https://ec.europa.eu/eurostat/api/dissemination/sdmx/2.1/datastructure/ESTAT/ILC_LVPS08$DV_1041'
For more information check: https://developer.mo",2026-07-26
ILC_LVPS09,Share of young adults aged 18-34 living with their parents by self-defined current economic status,ok,sdmx,6,79,0,"",2026-07-26
ILC_LVPS10,Share of young adults aged 18-34 living with their parents by type of contract,ok,sdmx,6,75,0,"",2026-07-26
ILC_LVPS15,Distribution of population by group of citizenship and tenure status (population aged 18 and over),ok,sdmx,8,95,0,"",2026-07-26
ILC_LVPS16,Distribution of population by group of country of birth and tenure status (population aged 18 and over),ok,sdmx,8,95,0,"",2026-07-26
ILC_LVPS20,Share of children (aged less than 18) living with their parents by type of household,ok,sdmx,5,75,0,"",2026-07-26
ILC_LVPS25,Distribution of children (aged less than 18) by educational attainment level of their parents and income group,ok,sdmx,7,81,0,"",2026-07-26
ILC_LVPS30,Distribution of population aged 65 and over by type of household,ok,sdmx,6,78,0,"",2026-07-26
ILC_MDDD01,"Material deprivation for the 'Economic strain' dimension, by number of item of deprivation",ok,sdmx,7,97,0,"",2026-07-26
ILC_MDDD02,"Material deprivation for the 'Durables' dimension, by number of item of deprivation",ok,sdmx,7,92,0,"",2026-07-26
ILC_MDDD03,"Material deprivation for the 'Economic strain' and 'Durables' dimensions, by number of item of deprivation",ok,sdmx,7,92,0,"",2026-07-26
ILC_MDDD04A,"Material deprivation for the 'Housing' dimension, by household type, poverty status and by number of items of deprivation",ok,sdmx,7,92,0,"",2026-07-26
ILC_MDDD04B,"Material deprivation for the 'Housing' dimension, by age, sex and by number of item of deprivation",ok,sdmx,7,79,0,"",2026-07-26
ILC_MDDD04B$DV_2721,"Material deprivation for the 'Housing' dimension, by age, sex and by number of item of deprivation",error,"",0,0,1,"HTTPStatusError: Client error '404 Not Found' for url 'https://ec.europa.eu/eurostat/api/dissemination/sdmx/2.1/datastructure/ESTAT/ILC_MDDD04B$DV_2721'
For more information check: https://developer.m",2026-07-26
ILC_MDDD05,"Material deprivation for the 'Environment' dimension, by number of item of deprivation",ok,sdmx,7,91,0,"",2026-07-26
ILC_MDDD11,Severe material deprivation rate by age and sex,ok,sdmx,6,103,0,"",2026-07-26
ILC_MDDD11$DV_655,Severe material deprivation rate by age and sex,error,"",0,0,1,"HTTPStatusError: Client error '404 Not Found' for url 'https://ec.europa.eu/eurostat/api/dissemination/sdmx/2.1/datastructure/ESTAT/ILC_MDDD11$DV_655'
For more information check: https://developer.moz",2026-07-26
ILC_MDDD12,Severe material deprivation rate by most frequent activity status (population aged 18 and over),ok,sdmx,7,91,0,"",2026-07-26
ILC_MDDD13,Severe material deprivation rate by income quintile and household type,ok,sdmx,6,90,0,"",2026-07-26
ILC_MDDD14,Severe material deprivation rate by educational attainment level (population aged 18 and over),ok,sdmx,7,87,0,"",2026-07-26
ILC_MDDD15,Severe material deprivation rate by group of citizenship (population aged 18 and over),ok,sdmx,7,88,0,"",2026-07-26
ILC_MDDD16,Severe material deprivation rate by group of country of birth (population aged 18 and over),ok,sdmx,7,93,0,"",2026-07-26
ILC_MDDD17,Severe material deprivation rate by tenure status,ok,sdmx,5,70,0,"",2026-07-26
ILC_MDDD21,Severe material deprivation rate by NUTS 2 region,ok,sdmx,4,315,0,"",2026-07-26
ILC_MDDD23,Severe material deprivation rate by degree of urbanisation,ok,sdmx,5,72,0,"",2026-07-26
ILC_MDDD60,Severe material deprivation rate for children by educational attainment level of their parents (population aged 0 to 17 years),ok,sdmx,6,72,0,"",2026-07-26
ILC_MDDU01,Persons who cannot afford a telephone,ok,sdmx,6,88,0,"",2026-07-26
ILC_MDDU02,Persons who cannot afford a colour TV,ok,sdmx,6,88,0,"",2026-07-26
ILC_MDDU03,Persons who cannot afford a computer,ok,sdmx,6,91,0,"",2026-07-26
ILC_MDDU03A,"Persons who cannot afford a computer by sex, age, degree of urbanisation and educational attainment",ok,sdmx,8,81,0,"",2026-07-26
ILC_MDDU03B,"Persons who cannot afford a computer by sex, age and a risk of poverty or social exclusion situation",ok,sdmx,7,79,0,"",2026-07-26
ILC_MDDU03C,"Persons not having a computer for other reasons than affordability by sex, age and at risk of poverty threshold",ok,sdmx,7,79,0,"",2026-07-26
ILC_MDDU03D,"Persons not having a computer for other reasons than affordability by sex, age, degree of urbanisation and educational attainment",ok,sdmx,8,81,0,"",2026-07-26
ILC_MDDU03E,"Persons not having a computer for other reasons than affordability by sex, age and a risk of poverty or social exclusion situation",ok,sdmx,7,79,0,"",2026-07-26
ILC_MDDU03F,"Persons who cannot afford a computer by sex, age, and risk of poverty threshold",ok,sdmx,7,79,0,"",2026-07-26
ILC_MDDU04,Persons who cannot afford a washing machine,ok,sdmx,6,88,0,"",2026-07-26
ILC_MDDU05,Persons who cannot afford a personal car,ok,sdmx,6,93,0,"",2026-07-26
ILC_MDDU05A,"Persons who cannot afford a personal car by sex, age and degree of urbanisation",ok,sdmx,7,77,0,"",2026-07-26
ILC_MDDU05B,"Persons who cannot afford a personal car by sex, age and risk of poverty threshold",ok,sdmx,7,79,0,"",2026-07-26
ILC_MDDU05C,Persons who cannot afford a personal car by household composition,ok,sdmx,5,72,0,"",2026-07-26
ILC_MDDU06A,"Persons who cannot afford to replace worn-out clothes by some new (not second-hand) ones by age, sex and income group",ok,sdmx,7,87,0,"",2026-07-26
ILC_MDDU06B,Persons who cannot afford to replace worn-out clothes by some new (not second-hand) ones by employment status and income quintile,ok,sdmx,6,74,0,"",2026-07-26
ILC_MDDU07A,"Persons who cannot afford internet connection for personal use at home by age, sex and income group",ok,sdmx,7,87,0,"",2026-07-26
ILC_MDDU07B,Persons who cannot afford internet connection for personal use at home by employment status and income quintile,ok,sdmx,6,74,0,"",2026-07-26
ILC_MDDU07C,"Persons who cannot afford internet connection for personal use at home by sex, age, degree of urbanisation and educational attainment",ok,sdmx,8,81,0,"",2026-07-26
ILC_MDDU07D,"Persons who cannot afford internet connection for personal use at home by sex, age and a risk of poverty or social exclusion situation",ok,sdmx,7,79,0,"",2026-07-26
ILC_MDDU07E,"Persons not having internet connection for personal use at home for other reasons than affordability by sex, age and at risk of poverty threshold",ok,sdmx,7,79,0,"",2026-07-26
ILC_MDDU07F,"Persons not having internet connection for personal use at home for other reasons than affordability by sex, age, degree of urbanisation and educational attainment",ok,sdmx,8,81,0,"",2026-07-26
ILC_MDDU07G,"Persons not having internet connection for personal use at home for other reasons than affordability by sex, age and a risk of poverty or social exclusion situation",ok,sdmx,7,79,0,"",2026-07-26
ILC_MDDU08A,"Persons who cannot afford two pairs of properly fitting shoes by age, sex and risk of poverty threshold",ok,sdmx,8,77,0,"",2026-07-26
ILC_MDDU08B,Persons who cannot afford two pairs of properly fitting shoes by most frequent activity status and income quantile,ok,sdmx,6,67,0,"",2026-07-26
ILC_MDDW01,Noise from neighbours or from the street,ok,sdmx,6,86,0,"",2026-07-26
ILC_MDDW02,"Pollution, grime or other environmental problems",ok,sdmx,6,86,0,"",2026-07-26
ILC_MDDW03,"Crime, violence or vandalism in the area",ok,sdmx,6,86,0,"",2026-07-26
ILC_MDDW04,Noise from neighbours or from the street by degree of urbanisation,ok,sdmx,6,69,0,"",2026-07-26
ILC_MDDW05,"Pollution, grime or other environmental problems by degree of urbanisation",ok,sdmx,6,69,0,"",2026-07-26
ILC_MDDW06,"Crime, violence or vandalism in the area by degree of urbanisation",ok,sdmx,6,69,0,"",2026-07-26
ILC_MDED01,"Share of housing costs in disposable household income, by type of household and income group",ok,sdmx,6,91,0,"",2026-07-26
ILC_MDED02,"Share of rent related to occupied dwelling in disposable household income, by type of household and income group",ok,sdmx,6,91,0,"",2026-07-26
ILC_MDED03,Total housing costs in pps,ok,sdmx,7,94,0,"",2026-07-26
ILC_MDED04,Financial burden of the total housing cost,ok,sdmx,7,90,0,"",2026-07-26
ILC_MDED05,Financial burden of the repayment of debts from hire purchases or loans,ok,sdmx,7,94,0,"",2026-07-26
ILC_MDES01,Inability to keep home adequately warm,ok,sdmx,6,91,0,"",2026-07-26
ILC_MDES01_R,Inability to keep home adequately warm by NUTS 2 region,ok,sdmx,4,375,0,"",2026-07-26
ILC_MDES02,Inability to afford paying for one week annual holiday away from home,ok,sdmx,6,93,0,"",2026-07-26
ILC_MDES03,"Inability to afford a meal with meat, chicken, fish (or vegetarian equivalent) every second day",ok,sdmx,6,93,0,"",2026-07-26
ILC_MDES03$DV_2702,"Inability to afford a meal with meat, chicken, fish (or vegetarian equivalent) every second day",error,"",0,0,1,"HTTPStatusError: Client error '404 Not Found' for url 'https://ec.europa.eu/eurostat/api/dissemination/sdmx/2.1/datastructure/ESTAT/ILC_MDES03$DV_2702'
For more information check: https://developer.mo",2026-07-26
ILC_MDES03_R,"Inability to afford a meal with meat, chicken, fish (or vegetarian equivalent) every second day by NUTS 2 region",ok,sdmx,4,380,0,"",2026-07-26
ILC_MDES04,Inability to face unexpected financial expenses,ok,sdmx,6,93,0,"",2026-07-26
ILC_MDES04_R,Inability to face unexpected financial expenses by NUTS 2 region,ok,sdmx,4,392,0,"",2026-07-26
ILC_MDES05,"Arrears (mortgage or rent, utility bills or hire purchase) from 2003 onwards",ok,sdmx,6,93,0,"",2026-07-26
ILC_MDES05H,"Arrears (mortgage or rent, utility bills or hire purchase) until 2001",ok,sdmx,7,46,0,"",2026-07-26
ILC_MDES05_R,"Arrears (mortgage or rent, utility bills or hire purchase) by NUTS 2 region",ok,sdmx,4,380,0,"",2026-07-26
ILC_MDES06,Arrears on mortgage or rent payments,ok,sdmx,6,91,0,"",2026-07-26
ILC_MDES07,Arrears on utility bills,ok,sdmx,6,91,0,"",2026-07-26
ILC_MDES08,Arrears on hire purchase instalments or other loan payments,ok,sdmx,6,91,0,"",2026-07-26
ILC_MDES09,Inability to make ends meet,ok,sdmx,7,99,0,"",2026-07-26
ILC_MDES10A,"Persons who cannot afford to get-together with friends or family (relatives) for a drink or meal at least once a month by age, sex and income group",ok,sdmx,7,86,0,"",2026-07-26
ILC_MDES10B,Persons who cannot afford to get-together with friends or family (relatives) for a drink or meal at least once a month by employment status and income quintile,ok,sdmx,6,74,0,"",2026-07-26
ILC_MDES11A,"Persons who cannot afford to regularly participate in a leisure activity by age, sex and income group",ok,sdmx,7,86,0,"",2026-07-26
ILC_MDES11B,Persons who cannot afford to regularly participate in a leisure activity by employment status and income quintile,ok,sdmx,6,74,0,"",2026-07-26
ILC_MDES12A,"Persons who cannot afford to spend a small amount of money each week on themselves by age, sex and income group",ok,sdmx,7,84,0,"",2026-07-26
ILC_MDES12B,Persons who cannot afford to spend a small amount of money each week on themselves by employment status and income quintile,ok,sdmx,6,74,0,"",2026-07-26
ILC_MDES13A,"Persons who cannot afford a regular use of public transport by age, sex and income group",ok,sdmx,7,70,0,"",2026-07-26
ILC_MDES13B,Persons who cannot afford a regular use of public transport by employment status and income quintile,ok,sdmx,6,60,0,"",2026-07-26
ILC_MDHO01,"Total population living in a dwelling with a leaking roof, damp walls, floors or foundation, or rot in window frames or floor",ok,sdmx,8,93,0,"",2026-07-26
ILC_MDHO01C,"Children (aged 0 to 17) living in a dwelling with a leaking roof, damp walls, floors or foundation, or rot in window frames or floor",ok,sdmx,6,73,0,"",2026-07-26
ILC_MDHO02,"Total population having neither a bath, nor a shower in their dwelling",ok,sdmx,8,92,0,"",2026-07-26
ILC_MDHO02C,"Children (aged 0 to 17) having neither a bath, nor a shower in their dwelling",ok,sdmx,6,71,0,"",2026-07-26
ILC_MDHO03,Total population not having indoor flushing toilet for the sole use of their household,ok,sdmx,8,92,0,"",2026-07-26
ILC_MDHO03C,Children (aged 0 to 17) not having indoor flushing toilet for the sole use of their household,ok,sdmx,6,71,0,"",2026-07-26
ILC_MDHO04,Total population considering their dwelling as too dark,ok,sdmx,8,93,0,"",2026-07-26
ILC_MDHO04C,Children (aged 0 to 17) living in households considering their dwelling as too dark,ok,sdmx,6,73,0,"",2026-07-26
ILC_MDHO05,"Total population having neither a bath, nor a shower, nor indoor flushing toilet in their household",ok,sdmx,8,93,0,"",2026-07-26
ILC_MDHO06A,"Severe housing deprivation rate by age, sex and poverty status",ok,sdmx,7,88,0,"",2026-07-26
ILC_MDHO06A$DV_1184,"Severe housing deprivation rate by age, sex and poverty status",error,"",0,0,1,"HTTPStatusError: Client error '404 Not Found' for url 'https://ec.europa.eu/eurostat/api/dissemination/sdmx/2.1/datastructure/ESTAT/ILC_MDHO06A$DV_1184'
For more information check: https://developer.m",2026-07-26
ILC_MDHO06A$DV_2701,"Severe housing deprivation rate by age, sex and poverty status",error,"",0,0,1,"HTTPStatusError: Client error '404 Not Found' for url 'https://ec.europa.eu/eurostat/api/dissemination/sdmx/2.1/datastructure/ESTAT/ILC_MDHO06A$DV_2701'
For more information check: https://developer.m",2026-07-26
ILC_MDHO06B,Severe housing deprivation rate by household type,ok,sdmx,5,84,0,"",2026-07-26
ILC_MDHO06C,Severe housing deprivation rate by tenure status,ok,sdmx,6,73,0,"",2026-07-26
ILC_MDHO06D,Severe housing deprivation rate by degree of urbanisation,ok,sdmx,5,66,0,"",2026-07-26
ILC_MDHO06Q,Severe housing deprivation rate by income quintile,ok,sdmx,5,72,0,"",2026-07-26
ILC_MDHO07,Persons who cannot afford to replace worn-out furniture by income group and type of household,ok,sdmx,6,80,0,"",2026-07-26
ILC_MDSD01,"Material and social deprivation rate by age, sex and most frequent activity status",ok,sdmx,7,97,0,"",2026-07-26
ILC_MDSD02,Material and social deprivation rate by income quintile and household type,ok,sdmx,6,85,0,"",2026-07-26
ILC_MDSD03,"Material and social deprivation rate by age, sex and educational attainment level",ok,sdmx,7,94,0,"",2026-07-26
ILC_MDSD03$DV_1165,"Material and social deprivation rate by age, sex and educational attainment level",error,"",0,0,1,"HTTPStatusError: Client error '404 Not Found' for url 'https://ec.europa.eu/eurostat/api/dissemination/sdmx/2.1/datastructure/ESTAT/ILC_MDSD03$DV_1165'
For more information check: https://developer.mo",2026-07-26
ILC_MDSD04,"Material and social deprivation rate by age, sex and group of citizenship",ok,sdmx,7,96,0,"",2026-07-26
ILC_MDSD05,"Material and social deprivation rate by age, sex and group of country of birth",ok,sdmx,7,96,0,"",2026-07-26
ILC_MDSD05$DV_1166,"Material and social deprivation rate by age, sex and group of country of birth",error,"",0,0,1,"HTTPStatusError: Client error '404 Not Found' for url 'https://ec.europa.eu/eurostat/api/dissemination/sdmx/2.1/datastructure/ESTAT/ILC_MDSD05$DV_1166'
For more information check: https://developer.mo",2026-07-26
ILC_MDSD06,Material and social deprivation rate by tenure status,ok,sdmx,5,65,0,"",2026-07-26
ILC_MDSD07,Material and social deprivation rate by age and sex,ok,sdmx,6,103,0,"",2026-07-26
ILC_MDSD07$DV_2621,Material and social deprivation rate by age and sex,error,"",0,0,1,"HTTPStatusError: Client error '404 Not Found' for url 'https://ec.europa.eu/eurostat/api/dissemination/sdmx/2.1/datastructure/ESTAT/ILC_MDSD07$DV_2621'
For more information check: https://developer.mo",2026-07-26
ILC_MDSD08,Material and social deprivation rate by NUTS 2 region,ok,sdmx,4,301,0,"",2026-07-26
ILC_MDSD09,Material and social deprivation rate by degree of urbanisation,ok,sdmx,5,61,0,"",2026-07-26
ILC_MDSD10,Material and social deprivation rate for children by age and educational attainment level of their parents,ok,sdmx,6,71,0,"",2026-07-26
ILC_MDSD11,Severe material and social deprivation rate by age and sex,ok,sdmx,6,103,0,"",2026-07-26
ILC_MDSD11$DV_1994,Severe material and social deprivation rate by age and sex,error,"",0,0,1,"HTTPStatusError: Client error '404 Not Found' for url 'https://ec.europa.eu/eurostat/api/dissemination/sdmx/2.1/datastructure/ESTAT/ILC_MDSD11$DV_1994'
For more information check: https://developer.mo",2026-07-26
ILC_MDSD12,"Severe material and social deprivation by age, sex and most frequent activity status",ok,sdmx,7,91,0,"",2026-07-26
ILC_MDSD13,Severe material and social deprivation by income quantile and household composition,ok,sdmx,6,79,0,"",2026-07-26
ILC_MDSD14,"Severe material and social deprivation by age, sex and educational attainment level",ok,sdmx,7,87,0,"",2026-07-26
ILC_MDSD15,"Severe material and social deprivation by age, sex and group of citizenship",ok,sdmx,7,91,0,"",2026-07-26
ILC_MDSD15$DV_1995,"Severe material and social deprivation by age, sex and group of citizenship",error,"",0,0,1,"HTTPStatusError: Client error '404 Not Found' for url 'https://ec.europa.eu/eurostat/api/dissemination/sdmx/2.1/datastructure/ESTAT/ILC_MDSD15$DV_1995'
For more information check: https://developer.mo",2026-07-26
ILC_MDSD16,"Severe material and social deprivation by age, sex and group of country of birth",ok,sdmx,7,91,0,"",2026-07-26
ILC_MDSD16$DV_1996,"Severe material and social deprivation by age, sex and group of country of birth",error,"",0,0,1,"HTTPStatusError: Client error '404 Not Found' for url 'https://ec.europa.eu/eurostat/api/dissemination/sdmx/2.1/datastructure/ESTAT/ILC_MDSD16$DV_1996'
For more information check: https://developer.mo",2026-07-26
ILC_MDSD17,Severe material and social deprivation by tenure status,ok,sdmx,5,58,0,"",2026-07-26
ILC_MDSD18,Severe material and social deprivation by NUTS 2 region,ok,sdmx,4,431,0,"",2026-07-26
ILC_MDSD19,Severe material and social deprivation by degree of urbanization,ok,sdmx,5,54,0,"",2026-07-26
ILC_MDSD20,Severe material and social deprivation of children by educational attainment level of their parents,ok,sdmx,6,63,0,"",2026-07-26
ILC_MDSD21,"Severe material and social deprivation by age, sex and work intensity of the household",ok,sdmx,7,66,0,"",2026-07-26
ILC_ODBT01,Arrears on non-housing bills by risk of poverty threshold,ok,sdmx,6,42,0,"",2026-07-26
ILC_ODBT02,Arrears on non-housing bills by income quintile,ok,sdmx,5,44,0,"",2026-07-26
ILC_ODBT03,Loans (excluding mortgages on purchase of main residence) by risk of poverty threshold,ok,sdmx,6,42,0,"",2026-07-26
ILC_ODBT04,Loans (excluding mortgages on purchase of main residence) by income quintile,ok,sdmx,5,44,0,"",2026-07-26
ILC_ODBT05,Persons with loans for property purposes by risk of poverty threshold,ok,sdmx,6,42,0,"",2026-07-26
ILC_ODBT06,Persons with loans for transport purposes by risk of poverty threshold,ok,sdmx,6,42,0,"",2026-07-26
ILC_ODBT07,Persons with loans for education purposes by risk of poverty threshold,ok,sdmx,6,42,0,"",2026-07-26
ILC_ODBT08,Persons with loans to cover daily living expenses by risk of poverty threshold,ok,sdmx,6,42,0,"",2026-07-26
ILC_ODBT09,"Persons with loans for purposes other than property, transport, education and daily living expenses by risk of poverty threshold",ok,sdmx,6,42,0,"",2026-07-26
ILC_ODBT10,Savings in a typical month by household habits and risk of poverty threshold,ok,sdmx,7,47,0,"",2026-07-26
ILC_ODBT11,Savings in a typical month by household habits and income quintile,ok,sdmx,6,49,0,"",2026-07-26
ILC_ODBT12,Persons owning real estate other than main residence by risk of poverty threshold,ok,sdmx,6,43,0,"",2026-07-26
ILC_ODBT13,Persons owning real estate other than main residence by income quantile,ok,sdmx,5,45,0,"",2026-07-26
ILC_ODBT14,Households maintaining the same standard of living using savings by duration and risk of poverty threshold,ok,sdmx,7,46,0,"",2026-07-26
ILC_ODBT15,Households maintaining the same standard of living using savings by duration and income quintile,ok,sdmx,6,48,0,"",2026-07-26
ILC_PECS01,Persons at risk of poverty or social exclusion - EU2030 target,ok,sdmx,5,57,0,"",2026-07-26
ILC_PEES01,"Persons by risk of poverty, material deprivation, work intensity of the household, age and sex of the person - intersections of EU 2020 Strategy poverty target indicators",ok,sdmx,9,81,0,"",2026-07-26
ILC_PEES01N,"Persons by risk of poverty, material deprivation, work intensity of the household, age and sex of the person - intersections of EU 2030 poverty target indicators",ok,sdmx,9,79,0,"",2026-07-26
ILC_PEES02,"Persons by risk of poverty, material deprivation, work intensity of the household and most frequent activity status (population aged 18 and over) - intersections of EU 2020 Strategy poverty target indicators",ok,sdmx,8,74,0,"",2026-07-26
ILC_PEES03,"Persons by risk of poverty, material deprivation, work intensity of the household and income quantile - intersections of EU 2020 Strategy poverty target indicators",ok,sdmx,8,72,0,"",2026-07-26
ILC_PEES04,"Persons by risk of poverty, material deprivation, work intensity of the household and household composition - intersections of EU 2020 Strategy poverty target indicators",ok,sdmx,8,74,0,"",2026-07-26
ILC_PEES05,"Persons by risk of poverty, material deprivation, work intensity of the household and educational attainment level (population aged 18 and over) - intersections of EU 2020 Strategy poverty target indicators",ok,sdmx,8,69,0,"",2026-07-26
ILC_PEES06,"Persons by risk of poverty, material deprivation, work intensity of the household and citizenship (population aged 18 and over) - intersections of EU 2020 Strategy poverty target indicators",ok,sdmx,8,74,0,"",2026-07-26
ILC_PEES07,"Persons by risk of poverty, material deprivation, work intensity of the household and country of birth (population aged 18 and over) - intersections of EU 2020 Strategy poverty target indicators",ok,sdmx,8,74,0,"",2026-07-26
ILC_PEES08,"Persons by risk of poverty, material deprivation, work intensity of the household and tenure status - intersections of EU 2020 Strategy poverty target indicators",ok,sdmx,8,68,0,"",2026-07-26
ILC_PEPS01,Persons at risk of poverty or social exclusion by age and sex - EU 2020 strategy,ok,sdmx,6,104,0,"",2026-07-26
ILC_PEPS01N,Persons at risk of poverty or social exclusion by age and sex,ok,sdmx,6,96,0,"",2026-07-26
ILC_PEPS01N$DV_1161,Persons at risk of poverty or social exclusion by age and sex,error,"",0,0,1,"HTTPStatusError: Client error '404 Not Found' for url 'https://ec.europa.eu/eurostat/api/dissemination/sdmx/2.1/datastructure/ESTAT/ILC_PEPS01N$DV_1161'
For more information check: https://developer.m",2026-07-26
ILC_PEPS01N$DV_1944,Persons at risk of poverty or social exclusion by age and sex,error,"",0,0,1,"HTTPStatusError: Client error '404 Not Found' for url 'https://ec.europa.eu/eurostat/api/dissemination/sdmx/2.1/datastructure/ESTAT/ILC_PEPS01N$DV_1944'
For more information check: https://developer.m",2026-07-26
ILC_PEPS02,Persons at risk of poverty or social exclusion by most frequent activity status (population aged 18 and over) - EU 2020 strategy,ok,sdmx,7,91,0,"",2026-07-26
ILC_PEPS02N,Persons at risk of poverty or social exclusion by most frequent activity status (population aged 18 and over),ok,sdmx,7,86,0,"",2026-07-26
ILC_PEPS03,Persons at risk of poverty or social exclusion by income quantile and household composition - EU 2020 strategy,ok,sdmx,6,90,0,"",2026-07-26
ILC_PEPS03N,Persons at risk of poverty or social exclusion by income quantile and household composition,ok,sdmx,6,85,0,"",2026-07-26
ILC_PEPS04,Persons at risk of poverty or social exclusion by educational attainment level (population aged 18 and over) - EU 2020 strategy,ok,sdmx,7,87,0,"",2026-07-26
ILC_PEPS04N,Persons at risk of poverty or social exclusion by educational attainment level (population aged 18 and over),ok,sdmx,7,82,0,"",2026-07-26
ILC_PEPS05,Persons at risk of poverty or social exclusion by group of citizenship (population aged 18 and over) - EU 2020 strategy,ok,sdmx,7,88,0,"",2026-07-26
ILC_PEPS05N,Persons at risk of poverty or social exclusion by group of citizenship (population aged 18 and over),ok,sdmx,7,81,0,"",2026-07-26
ILC_PEPS05N$DV_1962,Persons at risk of poverty or social exclusion by group of citizenship (population aged 18 and over),error,"",0,0,1,"HTTPStatusError: Client error '404 Not Found' for url 'https://ec.europa.eu/eurostat/api/dissemination/sdmx/2.1/datastructure/ESTAT/ILC_PEPS05N$DV_1962'
For more information check: https://developer.m",2026-07-26
ILC_PEPS06,Persons at risk of poverty or social exclusion by group of country of birth (population aged 18 and over) - EU 2020 strategy,ok,sdmx,7,93,0,"",2026-07-27
ILC_PEPS06N,Persons at risk of poverty or social exclusion by group of country of birth (population aged 18 and over),ok,sdmx,7,88,0,"",2026-07-27
ILC_PEPS06N$DV_1162,Persons at risk of poverty or social exclusion by group of country of birth (population aged 18 and over),error,"",0,0,1,"HTTPStatusError: Client error '404 Not Found' for url 'https://ec.europa.eu/eurostat/api/dissemination/sdmx/2.1/datastructure/ESTAT/ILC_PEPS06N$DV_1162'
For more information check: https://developer.m",2026-07-27
ILC_PEPS06N$DV_1961,Persons at risk of poverty or social exclusion by group of country of birth (population aged 18 and over),error,"",0,0,1,"HTTPStatusError: Client error '404 Not Found' for url 'https://ec.europa.eu/eurostat/api/dissemination/sdmx/2.1/datastructure/ESTAT/ILC_PEPS06N$DV_1961'
For more information check: https://developer.m",2026-07-27
ILC_PEPS07,Persons at risk of poverty or social exclusion by tenure status - EU 2020 strategy,ok,sdmx,5,69,0,"",2026-07-27
ILC_PEPS07N,Persons at risk of poverty or social exclusion by tenure status,ok,sdmx,5,65,0,"",2026-07-27
ILC_PEPS11,Persons at risk of poverty or social exclusion by NUTS 2 region - EU 2020 strategy,ok,sdmx,4,353,0,"",2026-07-27
ILC_PEPS11N,Persons at risk of poverty or social exclusion by NUTS 2 region,ok,sdmx,4,430,0,"",2026-07-27
ILC_PEPS13,Persons at risk of poverty or social exclusion by degree of urbanisation - EU 2020 strategy,ok,sdmx,5,72,0,"",2026-07-27
ILC_PEPS13N,Persons at risk of poverty or social exclusion by degree of urbanisation,ok,sdmx,5,60,0,"",2026-07-27
ILC_PEPS60,Children at risk of poverty or social exclusion by educational attainment level of their parents (population aged 0 to 17 years) - EU 2020 strategy,ok,sdmx,6,71,0,"",2026-07-27
ILC_PEPS60N,Children at risk of poverty or social exclusion by educational attainment level of their parents (population aged 0 to 17 years),ok,sdmx,6,65,0,"",2026-07-27
ILC_PNP1,At-risk-of-poverty rate of older people by sex and selected age groups - EU-SILC and ECHP surveys,ok,sdmx,8,82,0,"",2026-07-27
ILC_PNP10,Gender differences in the relative median income ratio (65+),ok,sdmx,7,72,0,"",2026-07-27
ILC_PNP11,Gender differences in the aggregate replacement ratio for pensions (excluding other social benefits),ok,sdmx,4,58,0,"",2026-07-27
ILC_PNP12,Gender differences in the at-risk-of-poverty rate by age,ok,sdmx,5,73,0,"",2026-07-27
ILC_PNP13,Average gender pension gap by age group,ok,sdmx,6,57,0,"",2026-07-27
ILC_PNP13M,Median gender pension gap by age group,ok,sdmx,6,57,0,"",2026-07-27
ILC_PNP14,Gender coverage rate in pension by age group,ok,sdmx,5,74,0,"",2026-07-27
ILC_PNP2,Relative median income ratio (65+) - EU-SILC and ECHP surveys,ok,sdmx,6,77,0,"",2026-07-27
ILC_PNP2$DV_3583,Relative median income ratio (65+) - EU-SILC and ECHP surveys,error,"",0,0,1,"HTTPStatusError: Client error '404 Not Found' for url 'https://ec.europa.eu/eurostat/api/dissemination/sdmx/2.1/datastructure/ESTAT/ILC_PNP2$DV_3583'
For more information check: https://developer.mozi",2026-07-27
ILC_PNP3,Aggregate replacement ratio for pensions (excluding other social benefits) by sex,ok,sdmx,5,61,0,"",2026-07-27
ILC_PNP9,At-risk-of-poverty rate of persons living in single-person households below-above 65 years by sex,ok,sdmx,6,76,0,"",2026-07-27
ILC_PNS1,"At-risk-of-poverty rate of older people, by age and sex - EU-SILC and ECHP surveys",ok,sdmx,8,83,0,"",2026-07-27
ILC_PNS11,Gender differences in the relative median income ratio (60+),ok,sdmx,7,75,0,"",2026-07-27
ILC_PNS2,Relative median income ratio (60+),ok,sdmx,6,70,0,"",2026-07-27
ILC_PNS4,Inequality of income distribution S80/S20 income quintile share ratio - EU-SILC and ECHP surveys,ok,sdmx,6,74,0,"",2026-07-27
ILC_PNS5,Relative median at-risk-of-poverty gap of elderly people - EU-SILC and ECHP surveys,ok,sdmx,8,79,0,"",2026-07-27
ILC_PNS6,At-risk-of-poverty rate for pensioners - EU-SILC and ECHP surveys,ok,sdmx,9,69,0,"",2026-07-27
ILC_PNS7,At-risk-of-poverty rate of older people by tenure status - EU-SILC and ECHP surveys,ok,sdmx,9,84,0,"",2026-07-27
ILC_PNS8,Dispersion around the at-risk-of-poverty threshold by sex and selected age groups - EU-SILC and ECHP surveys,ok,sdmx,8,83,0,"",2026-07-27
ILC_PW01,"Overall life satisfaction by sex, age and educational attainment",ok,sdmx,9,71,0,"",2026-07-27
ILC_PW01$DV_2761,"Overall life satisfaction by sex, age and educational attainment",error,"",0,0,1,"HTTPStatusError: Client error '404 Not Found' for url 'https://ec.europa.eu/eurostat/api/dissemination/sdmx/2.1/datastructure/ESTAT/ILC_PW01$DV_2761'
For more information check: https://developer.mozi",2026-07-27
ILC_PW01B,"Life satisfaction by sex, age, educational attainment and domain",ok,sdmx,9,74,0,"",2026-07-27
ILC_PW01B$DV_2749,"Life satisfaction by sex, age, educational attainment and domain",error,"",0,0,1,"HTTPStatusError: Client error '404 Not Found' for url 'https://ec.europa.eu/eurostat/api/dissemination/sdmx/2.1/datastructure/ESTAT/ILC_PW01B$DV_2749'
For more information check: https://developer.moz",2026-07-27
ILC_PW01B$DV_2751,"Life satisfaction by sex, age, educational attainment and domain",error,"",0,0,1,"HTTPStatusError: Client error '404 Not Found' for url 'https://ec.europa.eu/eurostat/api/dissemination/sdmx/2.1/datastructure/ESTAT/ILC_PW01B$DV_2751'
For more information check: https://developer.moz",2026-07-27
ILC_PW01B$DV_2781,"Life satisfaction by sex, age, educational attainment and domain",error,"",0,0,1,"HTTPStatusError: Client error '404 Not Found' for url 'https://ec.europa.eu/eurostat/api/dissemination/sdmx/2.1/datastructure/ESTAT/ILC_PW01B$DV_2781'
For more information check: https://developer.moz",2026-07-27
ILC_PW02,"Overall life satisfaction by income quintile, household composition and degree of urbanisation",ok,sdmx,9,64,0,"",2026-07-27
ILC_PW02B,"Life satisfaction by income quintile, household composition, degree of urbanisation and domain",ok,sdmx,9,67,0,"",2026-07-27
ILC_PW03,"Trust in others by sex, age and educational attainment",ok,sdmx,9,71,0,"",2026-07-27
ILC_PW03$DV_2762,"Trust in others by sex, age and educational attainment",error,"",0,0,1,"HTTPStatusError: Client error '404 Not Found' for url 'https://ec.europa.eu/eurostat/api/dissemination/sdmx/2.1/datastructure/ESTAT/ILC_PW03$DV_2762'
For more information check: https://developer.mozi",2026-07-27
ILC_PW03B,"Level of trust by sex, age, educational attainment and domain (2013)",ok,sdmx,9,61,0,"",2026-07-27
ILC_PW03B$DV_2763,"Level of trust by sex, age, educational attainment and domain (2013)",error,"",0,0,1,"HTTPStatusError: Client error '404 Not Found' for url 'https://ec.europa.eu/eurostat/api/dissemination/sdmx/2.1/datastructure/ESTAT/ILC_PW03B$DV_2763'
For more information check: https://developer.moz",2026-07-27
ILC_PW04,"Trust in others by income quintile, household composition and degree of urbanisation",ok,sdmx,9,64,0,"",2026-07-27
ILC_PW04B,"Level of trust by income quintile, household composition, degree of urbanisation and domain (2013)",ok,sdmx,9,56,0,"",2026-07-27
ILC_PW05,"Overall life satisfaction by level of satisfaction, age and educational attainment",ok,sdmx,9,73,0,"",2026-07-27
ILC_PW05$DV_2768,"Overall life satisfaction by level of satisfaction, age and educational attainment",error,"",0,0,1,"HTTPStatusError: Client error '404 Not Found' for url 'https://ec.europa.eu/eurostat/api/dissemination/sdmx/2.1/datastructure/ESTAT/ILC_PW05$DV_2768'
For more information check: https://developer.mozi",2026-07-27
ILC_PW05B,"Persons rating their life satisfaction as high, medium or low by sex, age, educational attainment and domain",ok,sdmx,9,74,0,"",2026-07-27
ILC_PW05B$DV_2764,"Persons rating their life satisfaction as high, medium or low by sex, age, educational attainment and domain",error,"",0,0,1,"HTTPStatusError: Client error '404 Not Found' for url 'https://ec.europa.eu/eurostat/api/dissemination/sdmx/2.1/datastructure/ESTAT/ILC_PW05B$DV_2764'
For more information check: https://developer.moz",2026-07-27
ILC_PW05B$DV_2766,"Persons rating their life satisfaction as high, medium or low by sex, age, educational attainment and domain",error,"",0,0,1,"HTTPStatusError: Client error '404 Not Found' for url 'https://ec.europa.eu/eurostat/api/dissemination/sdmx/2.1/datastructure/ESTAT/ILC_PW05B$DV_2766'
For more information check: https://developer.moz",2026-07-27
ILC_PW06,"Persons having someone to rely on in case of need by sex, age and educational attainment",ok,sdmx,7,59,0,"",2026-07-27
ILC_PW07,"Persons having someone to rely on in case of need by income quintile, degree of urbanisation and household composition",ok,sdmx,7,57,0,"",2026-07-27
ILC_PW08,"Persons being happy in the last 4 weeks by sex, age, educational attainment and frequency",ok,sdmx,8,68,0,"",2026-07-27
ILC_PW08$DV_426,"Persons being happy in the last 4 weeks by sex, age, educational attainment and frequency",error,"",0,0,1,"HTTPStatusError: Client error '404 Not Found' for url 'https://ec.europa.eu/eurostat/api/dissemination/sdmx/2.1/datastructure/ESTAT/ILC_PW08$DV_426'
For more information check: https://developer.mozil",2026-07-27
ILC_PW09,"Persons being happy in the last 4 weeks by income quintile, degree of urbanisation, household composition and frequency",ok,sdmx,8,63,0,"",2026-07-27
ILC_PW10,"Persons feeling left out from society by sex, age and educational attainment",ok,sdmx,7,52,0,"",2026-07-27
ILC_PW11,"Persons feeling left out from society by income quintile, degree of urbanisation and household composition",ok,sdmx,7,52,0,"",2026-07-27
ILC_PW12,"Persons feeling left out from society by sex, age and level of disability (activity limitation)",ok,sdmx,7,53,0,"",2026-07-27
ILC_PW12$DV_2547,"Persons feeling left out from society by sex, age and level of disability (activity limitation)",error,"",0,0,1,"HTTPStatusError: Client error '404 Not Found' for url 'https://ec.europa.eu/eurostat/api/dissemination/sdmx/2.1/datastructure/ESTAT/ILC_PW12$DV_2547'
For more information check: https://developer.mozi",2026-07-27
ILC_PW13,"Persons feeling left out from society by sex, age and risk of poverty threshold",ok,sdmx,7,51,0,"",2026-07-27
ILC_PW14,Satisfaction with the job by risk of poverty threshold and level of disability (activity limitation),ok,sdmx,7,47,0,"",2026-07-27
ILC_PW15,"Satisfaction with the job by sex, age and educational attainment",ok,sdmx,8,66,0,"",2026-07-27
ILC_PW15$DV_2750,"Satisfaction with the job by sex, age and educational attainment",error,"",0,0,1,"HTTPStatusError: Client error '404 Not Found' for url 'https://ec.europa.eu/eurostat/api/dissemination/sdmx/2.1/datastructure/ESTAT/ILC_PW15$DV_2750'
For more information check: https://developer.mozi",2026-07-27
ILC_PW16,"Satisfaction with the dwelling by level of satisfaction, risk of poverty threshold and level of disability (activity limitation)",ok,sdmx,7,48,0,"",2026-07-27
ILC_PW17,"Satisfaction with the dwelling by level of satisfaction, sex, age and educational attainment",ok,sdmx,8,66,0,"",2026-07-27
ILC_SBJP01,Subjective poverty by sex and age,ok,sdmx,6,65,0,"",2026-07-27
ILC_SBJP02,Subjective poverty by educational attainment level (population aged 18 and over),ok,sdmx,5,62,0,"",2026-07-27
ILC_SBJP03,Subjective poverty by most frequent activity status (population aged 18 and over),ok,sdmx,5,66,0,"",2026-07-27
ILC_SBJP04,Subjective poverty by tenure status,ok,sdmx,5,63,0,"",2026-07-27
ILC_SBJP05,Subjective poverty by degree of urbanization,ok,sdmx,5,58,0,"",2026-07-27
ILC_SCP01,"Persons participating in any cultural or sport activities in the last 12 months by sex, age and educational attainment",ok,sdmx,8,71,0,"",2026-07-27
ILC_SCP01$DV_1061,"Persons participating in any cultural or sport activities in the last 12 months by sex, age and educational attainment",error,"",0,0,1,"HTTPStatusError: Client error '404 Not Found' for url 'https://ec.europa.eu/eurostat/api/dissemination/sdmx/2.1/datastructure/ESTAT/ILC_SCP01$DV_1061'
For more information check: https://developer.moz",2026-07-27
ILC_SCP02,"Persons participating in any cultural or sport activities in the last 12 months by income quintile, household composition, degree of urbanisation and frequency",ok,sdmx,8,60,0,"",2026-07-27
ILC_SCP03,"Persons participating in cultural or sport activities in the last 12 months by sex, age, educational attainment, activity type and frequency",ok,sdmx,9,79,0,"",2026-07-27
ILC_SCP03$DV_1062,"Persons participating in cultural or sport activities in the last 12 months by sex, age, educational attainment, activity type and frequency",error,"",0,0,1,"HTTPStatusError: Client error '404 Not Found' for url 'https://ec.europa.eu/eurostat/api/dissemination/sdmx/2.1/datastructure/ESTAT/ILC_SCP03$DV_1062'
For more information check: https://developer.moz",2026-07-27
ILC_SCP03$DV_550,"Persons participating in cultural or sport activities in the last 12 months by sex, age, educational attainment, activity type and frequency",error,"",0,0,1,"HTTPStatusError: Client error '404 Not Found' for url 'https://ec.europa.eu/eurostat/api/dissemination/sdmx/2.1/datastructure/ESTAT/ILC_SCP03$DV_550'
For more information check: https://developer.mozi",2026-07-27
ILC_SCP03$DV_551,"Persons participating in cultural or sport activities in the last 12 months by sex, age, educational attainment, activity type and frequency",error,"",0,0,1,"HTTPStatusError: Client error '404 Not Found' for url 'https://ec.europa.eu/eurostat/api/dissemination/sdmx/2.1/datastructure/ESTAT/ILC_SCP03$DV_551'
For more information check: https://developer.mozi",2026-07-27
ILC_SCP03$DV_552,"Persons participating in cultural or sport activities in the last 12 months by sex, age, educational attainment, activity type and frequency",error,"",0,0,1,"HTTPStatusError: Client error '404 Not Found' for url 'https://ec.europa.eu/eurostat/api/dissemination/sdmx/2.1/datastructure/ESTAT/ILC_SCP03$DV_552'
For more information check: https://developer.mozi",2026-07-27
ILC_SCP04,"Persons participating in in cultural or sport activities in the last 12 months by income quintile, household composition, degree of urbanisation, activity type and frequency",ok,sdmx,9,67,0,"",2026-07-27
ILC_SCP04$DV_2341,"Persons participating in in cultural or sport activities in the last 12 months by income quintile, household composition, degree of urbanisation, activity type and frequency",error,"",0,0,1,"HTTPStatusError: Client error '404 Not Found' for url 'https://ec.europa.eu/eurostat/api/dissemination/sdmx/2.1/datastructure/ESTAT/ILC_SCP04$DV_2341'
For more information check: https://developer.moz",2026-07-27
ILC_SCP04$DV_2401,"Persons participating in in cultural or sport activities in the last 12 months by income quintile, household composition, degree of urbanisation, activity type and frequency",error,"",0,0,1,"HTTPStatusError: Client error '404 Not Found' for url 'https://ec.europa.eu/eurostat/api/dissemination/sdmx/2.1/datastructure/ESTAT/ILC_SCP04$DV_2401'
For more information check: https://developer.moz",2026-07-27
ILC_SCP04$DV_2741,"Persons participating in in cultural or sport activities in the last 12 months by income quintile, household composition, degree of urbanisation, activity type and frequency",error,"",0,0,1,"HTTPStatusError: Client error '404 Not Found' for url 'https://ec.europa.eu/eurostat/api/dissemination/sdmx/2.1/datastructure/ESTAT/ILC_SCP04$DV_2741'
For more information check: https://developer.moz",2026-07-27
ILC_SCP05,"Persons not participating in cultural or sport activities in the last 12 months by sex, age, educational attainment, activity type and reasons",ok,sdmx,9,80,0,"",2026-07-27
ILC_SCP05$DV_1063,"Persons not participating in cultural or sport activities in the last 12 months by sex, age, educational attainment, activity type and reasons",error,"",0,0,1,"HTTPStatusError: Client error '404 Not Found' for url 'https://ec.europa.eu/eurostat/api/dissemination/sdmx/2.1/datastructure/ESTAT/ILC_SCP05$DV_1063'
For more information check: https://developer.moz",2026-07-27
ILC_SCP05$DV_561,"Persons not participating in cultural or sport activities in the last 12 months by sex, age, educational attainment, activity type and reasons",error,"",0,0,1,"HTTPStatusError: Client error '404 Not Found' for url 'https://ec.europa.eu/eurostat/api/dissemination/sdmx/2.1/datastructure/ESTAT/ILC_SCP05$DV_561'
For more information check: https://developer.mozi",2026-07-27
ILC_SCP05$DV_562,"Persons not participating in cultural or sport activities in the last 12 months by sex, age, educational attainment, activity type and reasons",error,"",0,0,1,"HTTPStatusError: Client error '404 Not Found' for url 'https://ec.europa.eu/eurostat/api/dissemination/sdmx/2.1/datastructure/ESTAT/ILC_SCP05$DV_562'
For more information check: https://developer.mozi",2026-07-27
ILC_SCP05$DV_563,"Persons not participating in cultural or sport activities in the last 12 months by sex, age, educational attainment, activity type and reasons",error,"",0,0,1,"HTTPStatusError: Client error '404 Not Found' for url 'https://ec.europa.eu/eurostat/api/dissemination/sdmx/2.1/datastructure/ESTAT/ILC_SCP05$DV_563'
For more information check: https://developer.mozi",2026-07-27
ILC_SCP06,"Persons not participating in cultural or sport activities in the last 12 months by income quintile, household composition, degree of urbanisation, activity type and reasons",ok,sdmx,9,69,0,"",2026-07-27
ILC_SCP06$DV_2361,"Persons not participating in cultural or sport activities in the last 12 months by income quintile, household composition, degree of urbanisation, activity type and reasons",error,"",0,0,1,"HTTPStatusError: Client error '404 Not Found' for url 'https://ec.europa.eu/eurostat/api/dissemination/sdmx/2.1/datastructure/ESTAT/ILC_SCP06$DV_2361'
For more information check: https://developer.moz",2026-07-27
ILC_SCP06$DV_2402,"Persons not participating in cultural or sport activities in the last 12 months by income quintile, household composition, degree of urbanisation, activity type and reasons",error,"",0,0,1,"HTTPStatusError: Client error '404 Not Found' for url 'https://ec.europa.eu/eurostat/api/dissemination/sdmx/2.1/datastructure/ESTAT/ILC_SCP06$DV_2402'
For more information check: https://developer.moz",2026-07-27
ILC_SCP06$DV_2742,"Persons not participating in cultural or sport activities in the last 12 months by income quintile, household composition, degree of urbanisation, activity type and reasons",error,"",0,0,1,"HTTPStatusError: Client error '404 Not Found' for url 'https://ec.europa.eu/eurostat/api/dissemination/sdmx/2.1/datastructure/ESTAT/ILC_SCP06$DV_2742'
For more information check: https://developer.moz",2026-07-27
ILC_SCP07,"Persons practicing artistic activities by sex, age, educational attainment and frequency",ok,sdmx,8,75,0,"",2026-07-27
ILC_SCP07$DV_101,"Persons practicing artistic activities by sex, age, educational attainment and frequency",error,"",0,0,1,"HTTPStatusError: Client error '404 Not Found' for url 'https://ec.europa.eu/eurostat/api/dissemination/sdmx/2.1/datastructure/ESTAT/ILC_SCP07$DV_101'
For more information check: https://developer.mozi",2026-07-27
ILC_SCP07$DV_1064,"Persons practicing artistic activities by sex, age, educational attainment and frequency",error,"",0,0,1,"HTTPStatusError: Client error '404 Not Found' for url 'https://ec.europa.eu/eurostat/api/dissemination/sdmx/2.1/datastructure/ESTAT/ILC_SCP07$DV_1064'
For more information check: https://developer.moz",2026-07-27
ILC_SCP08,"Persons practicing artistic activities by income quintile, household composition, degree of urbanisation and frequency",ok,sdmx,8,64,0,"",2026-07-27
ILC_SCP08$DV_2362,"Persons practicing artistic activities by income quintile, household composition, degree of urbanisation and frequency",error,"",0,0,1,"HTTPStatusError: Client error '404 Not Found' for url 'https://ec.europa.eu/eurostat/api/dissemination/sdmx/2.1/datastructure/ESTAT/ILC_SCP08$DV_2362'
For more information check: https://developer.moz",2026-07-27
ILC_SCP09,"Persons getting together with family (relatives) or friends by sex, age, educational attainment and frequency",ok,sdmx,9,73,0,"",2026-07-27
ILC_SCP09$DV_2743,"Persons getting together with family (relatives) or friends by sex, age, educational attainment and frequency",error,"",0,0,1,"HTTPStatusError: Client error '404 Not Found' for url 'https://ec.europa.eu/eurostat/api/dissemination/sdmx/2.1/datastructure/ESTAT/ILC_SCP09$DV_2743'
For more information check: https://developer.moz",2026-07-27
ILC_SCP10,"Persons getting together with family and relatives or friends by income quintile, household composition, degree of urbanisation and frequency",ok,sdmx,9,66,0,"",2026-07-27
ILC_SCP10$DV_2744,"Persons getting together with family and relatives or friends by income quintile, household composition, degree of urbanisation and frequency",error,"",0,0,1,"HTTPStatusError: Client error '404 Not Found' for url 'https://ec.europa.eu/eurostat/api/dissemination/sdmx/2.1/datastructure/ESTAT/ILC_SCP10$DV_2744'
For more information check: https://developer.moz",2026-07-27
ILC_SCP11,"Persons having contacts with family (relatives) or friends by sex, age, educational attainment and frequency",ok,sdmx,9,74,0,"",2026-07-27
ILC_SCP11$DV_2745,"Persons having contacts with family (relatives) or friends by sex, age, educational attainment and frequency",error,"",0,0,1,"HTTPStatusError: Client error '404 Not Found' for url 'https://ec.europa.eu/eurostat/api/dissemination/sdmx/2.1/datastructure/ESTAT/ILC_SCP11$DV_2745'
For more information check: https://developer.moz",2026-07-27
ILC_SCP12,"Persons having contacts with family and relatives or friends by income quintile, household composition, degree of urbanisation and frequency",ok,sdmx,9,67,0,"",2026-07-27
ILC_SCP12$DV_2746,"Persons having contacts with family and relatives or friends by income quintile, household composition, degree of urbanisation and frequency",error,"",0,0,1,"HTTPStatusError: Client error '404 Not Found' for url 'https://ec.europa.eu/eurostat/api/dissemination/sdmx/2.1/datastructure/ESTAT/ILC_SCP12$DV_2746'
For more information check: https://developer.moz",2026-07-27
ILC_SCP13,"Persons communicating via social media by sex, age, educational attainment and frequency",ok,sdmx,8,59,0,"",2026-07-27
ILC_SCP14,"Persons communicating via social media by income quintile, household composition, degree of urbanisation and frequency",ok,sdmx,8,59,0,"",2026-07-27
ILC_SCP15,"Persons having someone to ask for help by sex, age and educational attainment",ok,sdmx,7,53,0,"",2026-07-27
ILC_SCP15$DV_433,"Persons having someone to ask for help by sex, age and educational attainment",error,"",0,0,1,"HTTPStatusError: Client error '404 Not Found' for url 'https://ec.europa.eu/eurostat/api/dissemination/sdmx/2.1/datastructure/ESTAT/ILC_SCP15$DV_433'
For more information check: https://developer.mozi",2026-07-27
ILC_SCP16,"Persons having someone to ask for help by income quintile, household composition and degree of urbanisation",ok,sdmx,7,53,0,"",2026-07-27
ILC_SCP17,"Persons having someone to discuss personal matters by sex, age and educational attainment",ok,sdmx,7,54,0,"",2026-07-27
ILC_SCP17$DV_434,"Persons having someone to discuss personal matters by sex, age and educational attainment",error,"",0,0,1,"HTTPStatusError: Client error '404 Not Found' for url 'https://ec.europa.eu/eurostat/api/dissemination/sdmx/2.1/datastructure/ESTAT/ILC_SCP17$DV_434'
For more information check: https://developer.mozi",2026-07-27
ILC_SCP18,"Persons having someone to discuss personal matters by income quintile, household composition and degree of urbanisation",ok,sdmx,7,54,0,"",2026-07-27
ILC_SCP19,"Persons participating in formal/informal voluntary activities or active citizenship by sex, age and educational attainment",ok,sdmx,8,73,0,"",2026-07-27
ILC_SCP19$DV_1042,"Persons participating in formal/informal voluntary activities or active citizenship by sex, age and educational attainment",error,"",0,0,1,"HTTPStatusError: Client error '404 Not Found' for url 'https://ec.europa.eu/eurostat/api/dissemination/sdmx/2.1/datastructure/ESTAT/ILC_SCP19$DV_1042'
For more information check: https://developer.moz",2026-07-27
ILC_SCP19$DV_312,"Persons participating in formal/informal voluntary activities or active citizenship by sex, age and educational attainment",error,"",0,0,1,"HTTPStatusError: Client error '404 Not Found' for url 'https://ec.europa.eu/eurostat/api/dissemination/sdmx/2.1/datastructure/ESTAT/ILC_SCP19$DV_312'
For more information check: https://developer.mozi",2026-07-27
ILC_SCP19$DV_313,"Persons participating in formal/informal voluntary activities or active citizenship by sex, age and educational attainment",error,"",0,0,1,"HTTPStatusError: Client error '404 Not Found' for url 'https://ec.europa.eu/eurostat/api/dissemination/sdmx/2.1/datastructure/ESTAT/ILC_SCP19$DV_313'
For more information check: https://developer.mozi",2026-07-27
ILC_SCP20,"Persons participating in formal/informal voluntary activities or active citizenship by income quintile, household composition and degree of urbanisation",ok,sdmx,8,62,0,"",2026-07-27
ILC_SCP20$DV_2747,"Persons participating in formal/informal voluntary activities or active citizenship by income quintile, household composition and degree of urbanisation",error,"",0,0,1,"HTTPStatusError: Client error '404 Not Found' for url 'https://ec.europa.eu/eurostat/api/dissemination/sdmx/2.1/datastructure/ESTAT/ILC_SCP20$DV_2747'
For more information check: https://developer.moz",2026-07-27
ILC_SCP21,"Persons not participating in formal/informal voluntary activities or active citizenship in the last 12 months by sex, age, educational attainment and reasons",ok,sdmx,9,62,0,"",2026-07-27
ILC_SCP21$DV_436,"Persons not participating in formal/informal voluntary activities or active citizenship in the last 12 months by sex, age, educational attainment and reasons",error,"",0,0,1,"HTTPStatusError: Client error '404 Not Found' for url 'https://ec.europa.eu/eurostat/api/dissemination/sdmx/2.1/datastructure/ESTAT/ILC_SCP21$DV_436'
For more information check: https://developer.mozi",2026-07-27
ILC_SCP22,"Persons not participating in formal/informal voluntary activities or active citizenship in the last 12 months by income quintile, household composition, degree of urbanisation and reasons",ok,sdmx,9,62,0,"",2026-07-27
ILC_SCP22$DV_2441,"Persons not participating in formal/informal voluntary activities or active citizenship in the last 12 months by income quintile, household composition, degree of urbanisation and reasons",error,"",0,0,1,"HTTPStatusError: Client error '404 Not Found' for url 'https://ec.europa.eu/eurostat/api/dissemination/sdmx/2.1/datastructure/ESTAT/ILC_SCP22$DV_2441'
For more information check: https://developer.moz",2026-07-27
ILC_SCP23,"Persons participating in formal voluntary activities by sex, age, educational attainment and type of organisation",ok,sdmx,8,67,0,"",2026-07-27
ILC_SCP23$DV_2363,"Persons participating in formal voluntary activities by sex, age, educational attainment and type of organisation",error,"",0,0,1,"HTTPStatusError: Client error '404 Not Found' for url 'https://ec.europa.eu/eurostat/api/dissemination/sdmx/2.1/datastructure/ESTAT/ILC_SCP23$DV_2363'
For more information check: https://developer.moz",2026-07-27
ILC_SCP23$DV_2403,"Persons participating in formal voluntary activities by sex, age, educational attainment and type of organisation",error,"",0,0,1,"HTTPStatusError: Client error '404 Not Found' for url 'https://ec.europa.eu/eurostat/api/dissemination/sdmx/2.1/datastructure/ESTAT/ILC_SCP23$DV_2403'
For more information check: https://developer.moz",2026-07-27
ILC_SCP24,"Persons participating in formal voluntary activities by income quintile, household composition and type of organisation",ok,sdmx,8,61,0,"",2026-07-27
ILC_SCP24$DV_2364,"Persons participating in formal voluntary activities by income quintile, household composition and type of organisation",error,"",0,0,1,"HTTPStatusError: Client error '404 Not Found' for url 'https://ec.europa.eu/eurostat/api/dissemination/sdmx/2.1/datastructure/ESTAT/ILC_SCP24$DV_2364'
For more information check: https://developer.moz",2026-07-27
ILC_SCP24$DV_2404,"Persons participating in formal voluntary activities by income quintile, household composition and type of organisation",error,"",0,0,1,"HTTPStatusError: Client error '404 Not Found' for url 'https://ec.europa.eu/eurostat/api/dissemination/sdmx/2.1/datastructure/ESTAT/ILC_SCP24$DV_2404'
For more information check: https://developer.moz",2026-07-27
ILC_SCP25,"Persons not participating in active citizenship by sex, age, educational attainment level and reasons",ok,sdmx,8,63,0,"",2026-07-27
ILC_SCP26,"Persons not participating in active citizenship by income quintile, household composition, degree of urbanization and reasons",ok,sdmx,8,58,0,"",2026-07-27
ILC_SCP27,"Persons reading books in the last 12 months by sex, age, educational attainment and number of books",ok,sdmx,8,66,0,"",2026-07-27
ILC_SCP27$DV_2365,"Persons reading books in the last 12 months by sex, age, educational attainment and number of books",error,"",0,0,1,"HTTPStatusError: Client error '404 Not Found' for url 'https://ec.europa.eu/eurostat/api/dissemination/sdmx/2.1/datastructure/ESTAT/ILC_SCP27$DV_2365'
For more information check: https://developer.moz",2026-07-27
ILC_SCP28,"Persons reading books in the last 12 months by risk of poverty threshold, household composition, degree of urbanization and number of books",ok,sdmx,8,57,0,"",2026-07-27
ILC_SCP28$DV_2366,"Persons reading books in the last 12 months by risk of poverty threshold, household composition, degree of urbanization and number of books",error,"",0,0,1,"HTTPStatusError: Client error '404 Not Found' for url 'https://ec.europa.eu/eurostat/api/dissemination/sdmx/2.1/datastructure/ESTAT/ILC_SCP28$DV_2366'
For more information check: https://developer.moz",2026-07-27
ILC_SCP29,"Persons not reading books in the last 12 months by sex, age, educational attainment and reasons",ok,sdmx,8,67,0,"",2026-07-27
ILC_SCP29$DV_2381,"Persons not reading books in the last 12 months by sex, age, educational attainment and reasons",error,"",0,0,1,"HTTPStatusError: Client error '404 Not Found' for url 'https://ec.europa.eu/eurostat/api/dissemination/sdmx/2.1/datastructure/ESTAT/ILC_SCP29$DV_2381'
For more information check: https://developer.moz",2026-07-27
ILC_SCP30,"Persons not reading books in the last 12 months by risk of poverty threshold, household composition, degree of urbanization and reasons",ok,sdmx,8,58,0,"",2026-07-27
ILC_SCP30$DV_2382,"Persons not reading books in the last 12 months by risk of poverty threshold, household composition, degree of urbanization and reasons",error,"",0,0,1,"HTTPStatusError: Client error '404 Not Found' for url 'https://ec.europa.eu/eurostat/api/dissemination/sdmx/2.1/datastructure/ESTAT/ILC_SCP30$DV_2382'
For more information check: https://developer.moz",2026-07-27
ILC_SCP31,"Persons reading books in the last 12 months by sex, age, risk of poverty or social exclusion situation and number of books",ok,sdmx,8,65,0,"",2026-07-27
ILC_SCP31$DV_2383,"Persons reading books in the last 12 months by sex, age, risk of poverty or social exclusion situation and number of books",error,"",0,0,1,"HTTPStatusError: Client error '404 Not Found' for url 'https://ec.europa.eu/eurostat/api/dissemination/sdmx/2.1/datastructure/ESTAT/ILC_SCP31$DV_2383'
For more information check: https://developer.moz",2026-07-27
ILC_SCP32,"Persons not reading books in the last 12 months by sex, age, risk of poverty or social exclusion situation and reasons",ok,sdmx,8,66,0,"",2026-07-27
ILC_SCP32$DV_2384,"Persons not reading books in the last 12 months by sex, age, risk of poverty or social exclusion situation and reasons",error,"",0,0,1,"HTTPStatusError: Client error '404 Not Found' for url 'https://ec.europa.eu/eurostat/api/dissemination/sdmx/2.1/datastructure/ESTAT/ILC_SCP32$DV_2384'
For more information check: https://developer.moz",2026-07-27
ILC_SCP33,"Persons reading books in the last 12 months by sex, age, level of disability (activity limitation) and number of books",ok,sdmx,8,67,0,"",2026-07-27
ILC_SCP33$DV_2385,"Persons reading books in the last 12 months by sex, age, level of disability (activity limitation) and number of books",error,"",0,0,1,"HTTPStatusError: Client error '404 Not Found' for url 'https://ec.europa.eu/eurostat/api/dissemination/sdmx/2.1/datastructure/ESTAT/ILC_SCP33$DV_2385'
For more information check: https://developer.moz",2026-07-27
ILC_SCP33$DV_2541,"Persons reading books in the last 12 months by sex, age, level of disability (activity limitation) and number of books",error,"",0,0,1,"HTTPStatusError: Client error '404 Not Found' for url 'https://ec.europa.eu/eurostat/api/dissemination/sdmx/2.1/datastructure/ESTAT/ILC_SCP33$DV_2541'
For more information check: https://developer.moz",2026-07-27
ILC_SCP34,"Persons not reading books in the last 12 months by sex, age, level of disability (activity limitation) and reasons",ok,sdmx,8,68,0,"",2026-07-27
ILC_SCP34$DV_2386,"Persons not reading books in the last 12 months by sex, age, level of disability (activity limitation) and reasons",error,"",0,0,1,"HTTPStatusError: Client error '404 Not Found' for url 'https://ec.europa.eu/eurostat/api/dissemination/sdmx/2.1/datastructure/ESTAT/ILC_SCP34$DV_2386'
For more information check: https://developer.moz",2026-07-27
ILC_SCP34$DV_2542,"Persons not reading books in the last 12 months by sex, age, level of disability (activity limitation) and reasons",error,"",0,0,1,"HTTPStatusError: Client error '404 Not Found' for url 'https://ec.europa.eu/eurostat/api/dissemination/sdmx/2.1/datastructure/ESTAT/ILC_SCP34$DV_2542'
For more information check: https://developer.moz",2026-07-27
ILC_SCP35,"Persons getting together with family (relatives) or friends by sex, age, level of disability (activity limitation) and frequency",ok,sdmx,9,69,0,"",2026-07-27
ILC_SCP35$DV_2545,"Persons getting together with family (relatives) or friends by sex, age, level of disability (activity limitation) and frequency",error,"",0,0,1,"HTTPStatusError: Client error '404 Not Found' for url 'https://ec.europa.eu/eurostat/api/dissemination/sdmx/2.1/datastructure/ESTAT/ILC_SCP35$DV_2545'
For more information check: https://developer.moz",2026-07-27
ILC_SCP36,"Persons having contacts with family (relatives) or friends by sex, age, level of disability (activity limitation) and frequency",ok,sdmx,9,71,0,"",2026-07-27
ILC_SCP36$DV_2546,"Persons having contacts with family (relatives) or friends by sex, age, level of disability (activity limitation) and frequency",error,"",0,0,1,"HTTPStatusError: Client error '404 Not Found' for url 'https://ec.europa.eu/eurostat/api/dissemination/sdmx/2.1/datastructure/ESTAT/ILC_SCP36$DV_2546'
For more information check: https://developer.moz",2026-07-27
ILC_SCP37,"Persons participating in cultural or sport activities by sex, age, level of disability (activity limitation), activity type and frequency",ok,sdmx,9,70,0,"",2026-07-27
ILC_SCP37$DV_2387,"Persons participating in cultural or sport activities by sex, age, level of disability (activity limitation), activity type and frequency",error,"",0,0,1,"HTTPStatusError: Client error '404 Not Found' for url 'https://ec.europa.eu/eurostat/api/dissemination/sdmx/2.1/datastructure/ESTAT/ILC_SCP37$DV_2387'
For more information check: https://developer.moz",2026-07-27
ILC_SCP37$DV_2405,"Persons participating in cultural or sport activities by sex, age, level of disability (activity limitation), activity type and frequency",error,"",0,0,1,"HTTPStatusError: Client error '404 Not Found' for url 'https://ec.europa.eu/eurostat/api/dissemination/sdmx/2.1/datastructure/ESTAT/ILC_SCP37$DV_2405'
For more information check: https://developer.moz",2026-07-27
ILC_SCP37$DV_2543,"Persons participating in cultural or sport activities by sex, age, level of disability (activity limitation), activity type and frequency",error,"",0,0,1,"HTTPStatusError: Client error '404 Not Found' for url 'https://ec.europa.eu/eurostat/api/dissemination/sdmx/2.1/datastructure/ESTAT/ILC_SCP37$DV_2543'
For more information check: https://developer.moz",2026-07-27
ILC_SCP38,"Persons not participating in cultural or sport activities in the last 12 months by sex, age, level of disability (activity limitation), activity type and reasons",ok,sdmx,9,71,0,"",2026-07-27
ILC_SCP38$DV_2388,"Persons not participating in cultural or sport activities in the last 12 months by sex, age, level of disability (activity limitation), activity type and reasons",error,"",0,0,1,"HTTPStatusError: Client error '404 Not Found' for url 'https://ec.europa.eu/eurostat/api/dissemination/sdmx/2.1/datastructure/ESTAT/ILC_SCP38$DV_2388'
For more information check: https://developer.moz",2026-07-27
ILC_SCP38$DV_2406,"Persons not participating in cultural or sport activities in the last 12 months by sex, age, level of disability (activity limitation), activity type and reasons",error,"",0,0,1,"HTTPStatusError: Client error '404 Not Found' for url 'https://ec.europa.eu/eurostat/api/dissemination/sdmx/2.1/datastructure/ESTAT/ILC_SCP38$DV_2406'
For more information check: https://developer.moz",2026-07-27
ILC_SCP38$DV_2544,"Persons not participating in cultural or sport activities in the last 12 months by sex, age, level of disability (activity limitation), activity type and reasons",error,"",0,0,1,"HTTPStatusError: Client error '404 Not Found' for url 'https://ec.europa.eu/eurostat/api/dissemination/sdmx/2.1/datastructure/ESTAT/ILC_SCP38$DV_2544'
For more information check: https://developer.moz",2026-07-27
ILC_SCP39,"Persons participating in formal/informal voluntary activities or active citizenship by sex, age, level of disability (activity limitation) and activity type",ok,sdmx,8,66,0,"",2026-07-27
ILC_SCP39$DV_2548,"Persons participating in formal/informal voluntary activities or active citizenship by sex, age, level of disability (activity limitation) and activity type",error,"",0,0,1,"HTTPStatusError: Client error '404 Not Found' for url 'https://ec.europa.eu/eurostat/api/dissemination/sdmx/2.1/datastructure/ESTAT/ILC_SCP39$DV_2548'
For more information check: https://developer.moz",2026-07-27
ILC_SCP40,"Persons not participating in active citizenship by sex, age and level of disability (activity limitation)",ok,sdmx,8,64,0,"",2026-07-27
ILC_SCP40$DV_2549,"Persons not participating in active citizenship by sex, age and level of disability (activity limitation)",error,"",0,0,1,"HTTPStatusError: Client error '404 Not Found' for url 'https://ec.europa.eu/eurostat/api/dissemination/sdmx/2.1/datastructure/ESTAT/ILC_SCP40$DV_2549'
For more information check: https://developer.moz",2026-07-27
ILC_SIP8,Material and social deprivation rate by number of items of deprivation,ok,sdmx,7,92,0,"",2026-07-27
ILC_SIS4,Mean number of deprivation items among the deprived,ok,sdmx,6,67,0,"",2026-07-27
INN_BAS,Basic economic information on the enterprises (2000),ok,sdmx,8,67,0,"",2026-07-27
INN_C1011,"Number of innovating enterprises supported by government, by NACE Rev. 1.1 (1996)",ok,sdmx,6,42,0,"",2026-07-27
INN_C1012,"Number of innovating enterprises supported by government, by size class (1996)",ok,sdmx,7,32,0,"",2026-07-27
INN_C1021,"Number of innovating enterprises having applied for a patent, by NACE Rev. 1.1 (1996)",ok,sdmx,6,43,0,"",2026-07-27
INN_C1022,"Number of innovating enterprises having applied for a patent, by size class (1996)",ok,sdmx,7,31,0,"",2026-07-27
INN_C11,"Enterprises in the population and realised sample, by NACE Rev. 1.1 (1996)",ok,sdmx,6,43,0,"",2026-07-27
INN_C12,"Enterprises in the population and realised sample, by size class (1996)",ok,sdmx,7,31,0,"",2026-07-27
INN_C13,"Enterprises in the population and realised sample in manufacturing sector, by sector of technology (1996)",ok,sdmx,7,31,0,"",2026-07-27
INN_C211,"Number of enterprises with innovation activity, by NACE Rev. 1.1 (1996)",ok,sdmx,6,49,0,"",2026-07-27
INN_C212,"Number of enterprises with innovation activity, by size class (1996)",ok,sdmx,7,37,0,"",2026-07-27
INN_C213,"Number of enterprises with innovation activity in manufacturing sector, by sector of technology (1996)",ok,sdmx,7,35,0,"",2026-07-27
INN_C214,"Innovating firms' level of export intensity, by size class (1996)",ok,sdmx,7,39,0,"",2026-07-27
INN_C215,"Innovating firms' type (independent or non-independent), by size class (1996)",ok,sdmx,7,36,0,"",2026-07-27
INN_C221,Who developed the innovation activity by NACE Rev. 1.1 (1996),ok,sdmx,6,54,0,"",2026-07-27
INN_C222,Who developed the innovation activity by size class (1996),ok,sdmx,7,42,0,"",2026-07-27
INN_C31,"Turnover due to innovating products, by NACE Rev. 1.1 (1996)",ok,sdmx,6,41,0,"",2026-07-27
INN_C32,"Turnover due to innovating products, by size class (1996)",ok,sdmx,7,35,0,"",2026-07-27
INN_C33,"Turnover due to innovating products in manufacturing sector, by sector of technology (1996)",ok,sdmx,7,35,0,"",2026-07-27
INN_C411,"Innovation intensity, by NACE Rev. 1.1 (1996)",ok,sdmx,6,41,0,"",2026-07-27
INN_C412,"Innovation intensity, by size class (1996)",ok,sdmx,7,33,0,"",2026-07-27
INN_C413,"Innovation intensity in manufacturing sector, by sector of technology (1996)",ok,sdmx,7,31,0,"",2026-07-27
INN_C421,"Innovation expenditures, by NACE Rev. 1.1 (1996)",ok,sdmx,6,47,0,"",2026-07-27
INN_C422,"Innovation expenditures, by size class (1996)",ok,sdmx,7,37,0,"",2026-07-27
INN_C511,"Type of innovating firms' engagement in R&D, by NACE Rev. 1.1 (1996)",ok,sdmx,6,46,0,"",2026-07-27
INN_C512,"Type of innovating firms' engagement in R&D, by size class (1996)",ok,sdmx,7,34,0,"",2026-07-27
INN_C521,"Innovating firms' level of R&D intensity, by size class (1996)",ok,sdmx,7,34,0,"",2026-07-27
INN_C611,"Number of innovating enterprises considering the following objectives as very important, by NACE Rev. 1.1 (1996)",ok,sdmx,6,53,0,"",2026-07-27
INN_C612,"Number of innovating enterprises considering the following objectives as very important, by size class (1996)",ok,sdmx,7,41,0,"",2026-07-27
INN_C621,"Number of innovating enterprises considering the different listed objectives as not relevant, by NACE Rev. 1.1 (1996)",ok,sdmx,6,53,0,"",2026-07-27
INN_C622,"Number of innovating enterprises considering the different listed objectives as not relevant, by size class (1996)",ok,sdmx,7,41,0,"",2026-07-27
INN_C711,Number of innovating enterprises considering the listed sources of information as very important by NACE Rev. 1.1 (1996),ok,sdmx,6,55,0,"",2026-07-27
INN_C712,"Number of innovating enterprises considering the listed sources of information as very important, by size class (1996)",ok,sdmx,7,43,0,"",2026-07-27
INN_C721,Number of innovating enterprises considering the listed sources of information as not relevant by NACE Rev. 1.1 (1996),ok,sdmx,6,55,0,"",2026-07-27
INN_C722,"Number of innovating enterprises considering the listed sources of information as not relevant, by size class (1996)",ok,sdmx,7,43,0,"",2026-07-27
INN_C811,"Number of innovating enterprises with innovation cooperation, by NACE Rev. 1.1 (1996)",ok,sdmx,6,44,0,"",2026-07-27
INN_C812,"Number of innovating enterprises with innovation cooperation, by size class (1996)",ok,sdmx,7,32,0,"",2026-07-27
INN_C821,"Type of partner chosen, by NACE Rev. 1.1 (1996)",ok,sdmx,6,50,0,"",2026-07-27
INN_C822,"Type of partner chosen, by size class (1996)",ok,sdmx,7,38,0,"",2026-07-27
INN_C831,"Location of partner, by NACE Rev. 1.1 (1996)",ok,sdmx,6,48,0,"",2026-07-27
INN_C832,"Location of partner, by size class (1996)",ok,sdmx,7,36,0,"",2026-07-27
INN_C911,"Number of innovating enterprises with progress problems, by NACE Rev. 1.1 (1996)",ok,sdmx,6,45,0,"",2026-07-27
INN_C912,"Number of innovating enterprises with progress problems, by size class (1996)",ok,sdmx,7,33,0,"",2026-07-27
INN_C921,"Hampering factors for innovating enterprises with seriously delayed projects, by NACE Rev. 1.1 (1996)",ok,sdmx,6,51,0,"",2026-07-27
INN_C922,"Hampering factors for innovating enterprises with seriously delayed projects, by size class (1996)",ok,sdmx,7,39,0,"",2026-07-27
INN_C931,"Hampering factors for innovating enterprises with abolished projects, by NACE Rev. 1.1 (1996)",ok,sdmx,6,51,0,"",2026-07-27
INN_C932,"Hampering factors for innovating enterprises with abolished projects, by size class (1996)",ok,sdmx,7,39,0,"",2026-07-27
INN_C941,"Hampering factors for innovating enterprises with not even started projects, by NACE Rev. 1.1 (1996)",ok,sdmx,6,51,0,"",2026-07-27
INN_C942,"Hampering factors for innovating enterprises with not even started projects, by size class (1996)",ok,sdmx,7,39,0,"",2026-07-27
INN_CHA,Other important strategic and organizational changes (2000),ok,sdmx,8,71,0,"",2026-07-27
INN_CIS10_BAS,Basic economic information on the enterprises by NACE Rev. 2 activity and size class (2016),ok,sdmx,8,156,0,"",2026-07-27
INN_CIS10_COOP,"Product and/or process innovative enterprises engaged in co-operation by co-operation partner, NACE Rev. 2 activity and size class (2016)",ok,sdmx,7,156,0,"",2026-07-27
INN_CIS10_EDUC,"Enterprises by percentage of employees with university education, by NACE Rev. 2 activity and size class (2016)",ok,sdmx,8,143,0,"",2026-07-27
INN_CIS10_EXP,"Expenditures in product and/or process innovative enterprises by area of expenditure, NACE Rev. 2 activity and size class (2016)",ok,sdmx,7,148,0,"",2026-07-27
INN_CIS10_GEN,"Enterprise by administrative state of the enterprise, NACE Rev. 2 activity and size class (2016)",ok,sdmx,8,144,0,"",2026-07-27
INN_CIS10_HAM,"Innovative enterprises by hampering factor for innovation activities, level of importance of the hampering factor, NACE Rev. 2 activity and size class (2016)",ok,sdmx,8,144,0,"",2026-07-27
INN_CIS10_IACT,"Product and/or process innovative enterprises by type of innovation activity, NACE Rev. 2 activity and size class (2016)",ok,sdmx,7,150,0,"",2026-07-27
INN_CIS10_IPR,"Enterprises by intellectual property rights (IPRs) and licensing in the enterprise, NACE Rev. 2 activity and size class (2016)",ok,sdmx,8,144,0,"",2026-07-27
INN_CIS10_LEGIS,"Innovative enterprises whose innovation activities have been affected, or not affected, by legislation or regulations, by type of effect, NACE Rev.2 activity and size class (2016)",ok,sdmx,8,132,0,"",2026-07-27
INN_CIS10_LEGIST,"Innovative enterprises whose innovation activities have been affected by legislation or regulations by subject of the regulation/legislation, type of effect, NACE Rev. 2 activity and size class (2016)",ok,sdmx,8,138,0,"",2026-07-27
INN_CIS10_LOGEXP,"Enterprises with expenditures for innovation in logistics by size classes of expenditure, NACE Rev. 2 activity and size class (2016)",ok,sdmx,7,142,0,"",2026-07-27
INN_CIS10_LOGIN,"Enterprise that introduced innovation in logistics by type of innovation, NACE Rev. 2 activity and size class (2016)",ok,sdmx,7,140,0,"",2026-07-27
INN_CIS10_LOGINR,"Enterprises which introduced innovations in logistics by reason of the introduction, level of importance of the reason, NACE Rev. 2 activity and size class (2016)",ok,sdmx,8,137,0,"",2026-07-27
INN_CIS10_LOGNOIN,"Enterprises that did not introduce innovation in logistics by barrier, NACE Rev. 2 activity and size class (2016)",ok,sdmx,7,135,0,"",2026-07-27
INN_CIS10_MO,"Product and/or process innovative enterprises that have introduced organisational and/or marketing innovation by type of innovation, NACE Rev. 2 activity and size class (2016)",ok,sdmx,7,143,0,"",2026-07-27
INN_CIS10_MRK,"Enterprise by place where goods and/or services are sold, and place of largest market in terms of turnover, by NACE Rev. 2 activity and size class (2016)",ok,sdmx,9,147,0,"",2026-07-27
INN_CIS10_NOIN,"Non- innovative enterprises by barrier against innovation activities, level of importance of the barrier, NACE Rev. 2 activity and size class (2016)",ok,sdmx,8,156,0,"",2026-07-27
INN_CIS10_PROD,"Product and process innovative enterprises which introduced innovation by type of innovation, innovation developer, NACE Rev.2 activity and size class (2016)",ok,sdmx,9,161,0,"",2026-07-27
INN_CIS10_PRODN,Product innovative enterprises that have introduced new or significantly improved products by NACE Rev. 2 activity and size class (2016),ok,sdmx,7,143,0,"",2026-07-27
INN_CIS10_PRODT,"Turnover of product innovative enterprises from new or significantly improved products, by NACE Rev. 2 activity and size class (2016)",ok,sdmx,7,141,0,"",2026-07-27
INN_CIS10_PUB,"Product and/or process innovative enterprises that received public funding for innovation activities by source of funding, NACE Rev. 2 activity and size class (2016)",ok,sdmx,7,140,0,"",2026-07-27
INN_CIS10_SOU,"Product and/or process innovative enterprises which used information for their innovation activities, by source of information, level of importance of the source, NACE Rev. 2 activity and size class (2016)",ok,sdmx,8,145,0,"",2026-07-27
INN_CIS10_SPEC,"Enterprises that introduced innovation of specific types by type of the innovation, NACE Rev. 2 activity and size class (2016)",ok,sdmx,8,155,0,"",2026-07-27
INN_CIS10_STRAT,"Innovative and non-innovative enterprises by type of business strategy applied, importance of the strategy, NACE Rev. 2 activity and size class (2016)",ok,sdmx,9,139,0,"",2026-07-27
INN_CIS10_TYPE,Enterprises by NACE Rev. 2 activity and size class (2016),ok,sdmx,7,164,0,"",2026-07-27
INN_CIS11_BAS,"Enterprises, employed persons and turnover by type of enterprise, NACE Rev. 2 activity and size class (2018)",ok,sdmx,8,159,0,"",2026-07-27
INN_CIS11_CO,"Enterprises that co-operated on business activities with other enterprises or organisations by field of activities, NACE Rev. 2 activity and size class (2018)",ok,sdmx,8,153,0,"",2026-07-27
INN_CIS11_COOP,"Enterprises that co-operated on R&D and other innovation activities with other enterprises or organisations, by kind and location of co-operation partner, NACE Rev. 2 activity and size class (2018)",ok,sdmx,9,165,0,"",2026-07-27
INN_CIS11_EDUC,"Enterprises by percentage of persons employed with university education, NACE Rev. 2 activity and size class (2018)",ok,sdmx,8,139,0,"",2026-07-27
INN_CIS11_EXP,"Expenditures of enterprises by area of expenditure, NACE Rev. 2 activity and size class (2018)",ok,sdmx,8,162,0,"",2026-07-27
INN_CIS11_FIN,"Enterprises that tried to obtain funding for research and development (R&D) or other innovation activities, by type of finance and effect, NACE Rev. 2 activity and size class (2018)",ok,sdmx,9,143,0,"",2026-07-27
INN_CIS11_FINRD,Enterprises that obtained debt or equity finance for R&D or other innovation activities by NACE Rev. 2 activity and size class (2018),ok,sdmx,7,138,0,"",2026-07-27
INN_CIS11_GEN,"Enterprises by their belonging to an enterprise group, NACE Rev. 2 activity and size class (2018)",ok,sdmx,8,144,0,"",2026-07-27
INN_CIS11_GS,"Enterprises that offered standardised, customised or co-created goods or services by type of goods and services, NACE Rev. 2 activity and size class (2018)",ok,sdmx,8,139,0,"",2026-07-27
INN_CIS11_GSCO,"Enterprises that offered co-created or customised goods or services by type of cooperation partner, NACE Rev. 2 activity and size class (2018)",ok,sdmx,8,138,0,"",2026-07-27
INN_CIS11_GSCOT,"Enterprises by percentage of turnover from customised or co-created goods or services, NACE Rev. 2 activity and size class (2018)",ok,sdmx,8,130,0,"",2026-07-27
INN_CIS11_HAM,"Enterprises by hampering factor for innovation activities, level of importance of the hampering factor, NACE Rev. 2 activity and size class (2018)",ok,sdmx,9,155,0,"",2026-07-27
INN_CIS11_IGL,"Enterprises that tried to obtain intra-group loans within the enterprise group by outcome, NACE Rev. 2 activity and size class (2018)",ok,sdmx,7,129,0,"",2026-07-27
INN_CIS11_IGLRD,Enterprises that obtained intra-group loans for R&D or other innovation activities within the enterprise group by NACE Rev. 2 activity and size class (2018),ok,sdmx,6,127,0,"",2026-07-27
INN_CIS11_INACT,Enterprises with innovation activities during 2016 and 2018 by NACE Rev. 2 activity and size class (2018),ok,sdmx,7,149,0,"",2026-07-27
INN_CIS11_INEX,"Innovative enterprises by level of meeting expectations towards innovation, NACE Rev. 2 activity and size class (2018)",ok,sdmx,8,139,0,"",2026-07-27
INN_CIS11_INRD,Enterprises with research and development (R&D) activities during 2016 and 2018 by NACE Rev. 2 activity and size class (2018),ok,sdmx,7,151,0,"",2026-07-27
INN_CIS11_IPR,"Enterprises that applied for a patent, registered an industrial design, trade mark or used trade secrets, by NACE Rev. 2 activity and size class (2018)",ok,sdmx,8,146,0,"",2026-07-27
INN_CIS11_IPRIN,"Enterprises that purchased or licensed in intellectual property rights by type of issuing organisation, NACE Rev. 2 activity and size class (2018)",ok,sdmx,8,143,0,"",2026-07-27
INN_CIS11_IPROUT,"Enterprises that licenced out, sold, exchanged intellectual property rights by type of transaction, NACE Rev. 2 activity and size class (2018)",ok,sdmx,8,144,0,"",2026-07-27
INN_CIS11_LEGIST,"Enterprises whose innovation activities have been affected by legislation or regulations by subject of the regulation/legislation, effect, NACE Rev. 2 activity and size class (2018)",ok,sdmx,9,142,0,"",2026-07-27
INN_CIS11_MRK,"Enterprises by market place, NACE Rev. 2 activity and size class (2018)",ok,sdmx,9,143,0,"",2026-07-27
INN_CIS11_MRKT,"Turnover of enterprises by market place, NACE Rev. 2 activity and size class (2018)",ok,sdmx,9,142,0,"",2026-07-27
INN_CIS11_PF_BAS,"Enterprises, employed persons and turnover by innovation profile, NACE Rev. 2 activity and size class (2018)",ok,sdmx,8,56,0,"",2026-07-27
INN_CIS11_PF_CO,"Enterprises that co-operated on R&D and other innovation activities by innovation profile, NACE Rev. 2 activity and size class (2018)",ok,sdmx,8,53,0,"",2026-07-27
INN_CIS11_PF_FIN,"Enterprises that tried to obtain funding for research and development (R&D) or other innovation activities by innovation profile, type of finance and effect, NACE Rev. 2 activity and size class (2018)",ok,sdmx,9,56,0,"",2026-07-27
INN_CIS11_PF_IPR,"Enterprises that applied for a patent, registered an industrial design, trade mark or used trade secrets, by innovation profile, NACE Rev. 2 activity and size class (2018)",ok,sdmx,8,57,0,"",2026-07-27
INN_CIS11_PF_MRKT,"Turnover of enterprises by innovation profile, market place, NACE Rev. 2 activity and size class (2018)",ok,sdmx,8,52,0,"",2026-07-27
INN_CIS11_PF_PRODT,"Turnover of enterprises from new or significantly improved products, by innovation profile, NACE Rev. 2 activity and size class (2018)",ok,sdmx,8,53,0,"",2026-07-27
INN_CIS11_PF_PUB,"Enterprises that received public funding for research and development (R&D) or other innovation activities, by innovation profile, NACE Rev. 2 activity and size class (2018)",ok,sdmx,8,52,0,"",2026-07-27
INN_CIS11_PF_PURMES,"Enterprises that purchased machinery, equipment or software by innovation profile, NACE Rev. 2 activity and size class (2018)",ok,sdmx,8,50,0,"",2026-07-27
INN_CIS11_PF_STRAT,"Enterprises attaching high importance to business strategies by innovation profile, NACE Rev. 2 activity and size class (2018)",ok,sdmx,8,60,0,"",2026-07-27
INN_CIS11_PROD,"Enterprises that introduced an innovation by type of innovation, developer, NACE Rev.2 activity and size class (2018)",ok,sdmx,8,154,0,"",2026-07-27
INN_CIS11_PRODN,"Product innovative enterprises that have introduced at least one new or significantly improved product by type of innovation, NACE Rev. 2 activity and size class (2018)",ok,sdmx,7,151,0,"",2026-07-27
INN_CIS11_PRODT,"Turnover of enterprises from new or significantly improved products, by NACE Rev. 2 activity and size class (2018)",ok,sdmx,7,148,0,"",2026-07-27
INN_CIS11_PUB,"Enterprises that received public funding for research and development (R&D) or other innovation activities, by source of funding, NACE Rev. 2 activity and size class (2018)",ok,sdmx,8,151,0,"",2026-07-27
INN_CIS11_PURMES,"Enterprises that purchased machinery, equipment or software by NACE Rev. 2 activity and size class (2018)",ok,sdmx,8,138,0,"",2026-07-27
INN_CIS11_PURTS,"Enterprises that purchased technical services by cooperation partner, NACE Rev. 2 activity and size class (2018)",ok,sdmx,8,134,0,"",2026-07-27
INN_CIS11_SOU,"Enterprises by kind of channels to acquire information relevant for innovation, NACE Rev. 2 activity and size class (2018)",ok,sdmx,8,141,0,"",2026-07-27
INN_CIS11_SPEC,"Enterprises that introduced new or improved processes by type of innovation, NACE Rev. 2 activity and size class (2018)",ok,sdmx,7,153,0,"",2026-07-27
INN_CIS11_SRC,"Enterprises that acquiesce or transfer resources and business activities within the enterprise group, NACE Rev. 2 activity and size class (2018)",ok,sdmx,8,138,0,"",2026-07-27
INN_CIS11_STRAT,"Enterprises by type of business strategy applied, importance of the strategy, NACE Rev. 2 activity and size class (2018)",ok,sdmx,9,153,0,"",2026-07-27
INN_CIS11_TXAL,Enterprises that use tax incentives or allowances for innovative activities and research and development (R&D) by NACE Rev. 2 activity and size class (2018),ok,sdmx,8,138,0,"",2026-07-27
INN_CIS11_WORG,"Enterprises by level of importance of work organization methods, NACE Rev. 2 activity and size class (2018)",ok,sdmx,9,137,0,"",2026-07-27
INN_CIS11_YREG,"Enterprises by year of registration and by type of enterprise, NACE Rev. 2 activity and size class (2018)",ok,sdmx,8,140,0,"",2026-07-27
INN_CIS12_BAS,"Enterprises, employed persons and turnover by type of enterprise, NACE Rev. 2 activity and size class (2020)",ok,sdmx,8,160,0,"",2026-07-27
INN_CIS12_CLIM,"Enterprises by type and importance of factors related to climate change, NACE Rev.2 activity and size class (2020)",ok,sdmx,9,146,0,"",2026-07-27
INN_CIS12_CO,"Enterprises that co-operated on business activities with other enterprises or organisations by field of activities, NACE Rev. 2 activity and size class (2020)",ok,sdmx,8,154,0,"",2026-07-27
INN_CIS12_COND,"Enterprises by type and importance of market conditions, NACE Rev.2 activity and size class (2020)",ok,sdmx,9,146,0,"",2026-07-27
INN_CIS12_COOP,"Innovative enterprises that co-operated on R&D and other innovation activities with other enterprises or organisations, by kind and location of co-operation partner, NACE Rev. 2 activity and size class (2020)",ok,sdmx,8,163,0,"",2026-07-27
INN_CIS12_EDUC,"Enterprises by percentage of employees with university education, NACE Rev. 2 activity and size class (2020)",ok,sdmx,8,141,0,"",2026-07-27
INN_CIS12_ENVE,"Enterprises by type and importance of environmental benefits obtained within the enterprise by introducing business process innovation, by NACE Rev.2 activity and size class (2020)",ok,sdmx,8,145,0,"",2026-07-27
INN_CIS12_ENVF,"Enterprises by type and importance of factors driving environmental innovations, NACE Rev.2 activity and size class (2020)",ok,sdmx,8,146,0,"",2026-07-27
INN_CIS12_ENVU,"Enterprises by type and importance of environmental benefits obtained during the consumption or use of an innovative product of the enterprise, by NACE Rev.2 activity and size class (2020)",ok,sdmx,8,143,0,"",2026-07-27
INN_CIS12_EXP,"Enterprises and expenditure of enterprises on innovation activities by area of expenditure, NACE Rev. 2 activity and size class (2020)",ok,sdmx,8,156,0,"",2026-07-27
INN_CIS12_EXPT,"Enterprises and total expenditure of enterprises by area of expenditure, NACE Rev. 2 activity and size class (2020)",ok,sdmx,9,140,0,"",2026-07-27
INN_CIS12_FIN,"Enterprises that tried to obtain funding for research and development (R&D) or other innovation activities, by type of finance and effect, NACE Rev. 2 activity and size class (2020)",ok,sdmx,9,142,0,"",2026-07-27
INN_CIS12_FINRD,Enterprises that obtained debt or equity finance for R&D or other innovation activities by NACE Rev. 2 activity and size class (2020),ok,sdmx,8,141,0,"",2026-07-27
INN_CIS12_GEN,"Enterprises by their belonging to an enterprise group, NACE Rev. 2 activity and size class (2020)",ok,sdmx,8,144,0,"",2026-07-27
INN_CIS12_GS,"Enterprises that offered standardised, customised or co-created goods or services by type of goods and services, NACE Rev. 2 activity and size class (2020)",ok,sdmx,8,138,0,"",2026-07-27
INN_CIS12_HAM,"Enterprises by hampering factor for innovation activities, level of importance of the hampering factor, NACE Rev. 2 activity and size class (2020)",ok,sdmx,9,154,0,"",2026-07-28
INN_CIS12_IGL,"Enterprises that tried to obtain intra-group loans within the enterprise group by outcome, NACE Rev. 2 activity and size class (2020)",ok,sdmx,7,126,0,"",2026-07-28
INN_CIS12_IGLRD,Enterprises that obtained intra-group loans for R&D or other innovation activities within the enterprise group by NACE Rev. 2 activity and size class (2020),ok,sdmx,6,125,0,"",2026-07-28
INN_CIS12_INACT,Enterprises with innovation activities during 2018 and 2020 by NACE Rev. 2 activity and size class (2020),ok,sdmx,7,151,0,"",2026-07-28
INN_CIS12_INRD,Enterprises with research and development (R&D) activities during 2018 and 2020 by NACE Rev. 2 activity and size class (2020),ok,sdmx,7,152,0,"",2026-07-28
INN_CIS12_IPR,"Enterprises that applied for a patent, registered an industrial design, trade mark or used trade secrets, by NACE Rev. 2 activity and size class (2020)",ok,sdmx,8,145,0,"",2026-07-28
INN_CIS12_IPRIN,"Enterprises that purchased or licensed in intellectual property rights by type of issuing organisation, NACE Rev. 2 activity and size class (2020)",ok,sdmx,8,140,0,"",2026-07-28
INN_CIS12_IPROUT,"Enterprises that licenced out, sold, exchanged intellectual property rights by type of transaction, NACE Rev. 2 activity and size class (2020)",ok,sdmx,8,140,0,"",2026-07-28
INN_CIS12_LEGIST,"Enterprises whose innovation activities have been affected by legislation or regulations by subject of the regulation/legislation, effect, NACE Rev. 2 activity and size class (2020)",ok,sdmx,9,139,0,"",2026-07-28
INN_CIS12_MRK,"Enterprises by market place, NACE Rev. 2 activity and size class (2020)",ok,sdmx,8,143,0,"",2026-07-28
INN_CIS12_MRKT,"Turnover of enterprises by market place, NACE Rev. 2 activity and size class (2020)",ok,sdmx,8,143,0,"",2026-07-28
INN_CIS12_PF_BAS,"Enterprises, employed persons and turnover by innovation profile, NACE Rev. 2 activity and size class (2020)",ok,sdmx,8,55,0,"",2026-07-28
INN_CIS12_PF_CO,"Enterprises that co-operated on R&D and other innovation activities by innovation profile, NACE Rev. 2 activity and size class (2020)",ok,sdmx,8,52,0,"",2026-07-28
INN_CIS12_PF_FIN,"Enterprises that tried to obtain funding for research and development (R&D) or other innovation activities by innovation profile, type of finance and effect, NACE Rev. 2 activity and size class (2020)",ok,sdmx,9,53,0,"",2026-07-28
INN_CIS12_PF_IPR,"Enterprises that applied for a patent, registered an industrial design, trade mark or used trade secrets, by innovation profile, NACE Rev. 2 activity and size class (2020)",ok,sdmx,8,54,0,"",2026-07-28
INN_CIS12_PF_MRKT,"Turnover of enterprises by innovation profile, market place, NACE Rev. 2 activity and size class (2020)",ok,sdmx,8,52,0,"",2026-07-28
INN_CIS12_PF_PRODT,"Turnover of enterprises from new or significantly improved products, by innovation profile, NACE Rev. 2 activity and size class (2020)",ok,sdmx,8,52,0,"",2026-07-28
INN_CIS12_PF_PUB,"Enterprises that received public funding for research and development (R&D) or other innovation activities, by innovation profile, NACE Rev. 2 activity and size class (2020)",ok,sdmx,8,52,0,"",2026-07-28
INN_CIS12_PF_PURMES,"Enterprises that purchased machinery, equipment or software by innovation profile, NACE Rev. 2 activity and size class (2020)",ok,sdmx,8,48,0,"",2026-07-28
INN_CIS12_PF_STRAT,"Enterprises attaching high importance to business strategies by innovation profile, NACE Rev. 2 activity and size class (2020)",ok,sdmx,8,58,0,"",2026-07-28
INN_CIS12_PROD,"Enterprises that introduced an innovation by type of innovation, developer, NACE Rev.2 activity and size class (2020)",ok,sdmx,8,155,0,"",2026-07-28
INN_CIS12_PRODN,"Product innovative enterprises that have introduced at least one new or significantly improved product by type of innovation, NACE Rev. 2 activity and size class (2020)",ok,sdmx,7,152,0,"",2026-07-28
INN_CIS12_PRODT,"Turnover of enterprises from new or significantly improved products, by NACE Rev. 2 activity and size class (2020)",ok,sdmx,7,149,0,"",2026-07-28
INN_CIS12_PUB,"Enterprises that received public funding for research and development (R&D) or other innovation activities, by source of funding, NACE Rev. 2 activity and size class (2020)",ok,sdmx,8,153,0,"",2026-07-28
INN_CIS12_PURMES,"Enterprises that purchased machinery, equipment or software by NACE Rev. 2 activity and size class (2020)",ok,sdmx,8,138,0,"",2026-07-28
INN_CIS12_SPEC,"Enterprises that introduced new or improved processes by type of innovation, NACE Rev. 2 activity and size class (2020)",ok,sdmx,7,154,0,"",2026-07-28
INN_CIS12_SRC,"Enterprises that acquiesce or transfer resources and business activities within the enterprise group, NACE Rev. 2 activity and size class (2020)",ok,sdmx,8,135,0,"",2026-07-28
INN_CIS12_STRAT,"Enterprises by type of business strategy applied, importance of the strategy, NACE Rev. 2 activity and size class (2020)",ok,sdmx,9,153,0,"",2026-07-28
INN_CIS12_TXAL,Enterprises that use tax incentives or allowances for innovative activities and research and development (R&D) by NACE Rev. 2 activity and size class (2020),ok,sdmx,8,138,0,"",2026-07-28
INN_CIS12_YREG,"Enterprises by year of registration and by type of enterprise, NACE Rev.2 activity and size class (2020)",ok,sdmx,8,140,0,"",2026-07-28
INN_CIS13_BAS,"Enterprises, employed persons and turnover by innovation status, NACE Rev. 2 activity and size class (CIS2022)",ok,sdmx,8,155,0,"",2026-07-28
INN_CIS13_BAS_IP,"Enterprises, employed persons and turnover by innovation profile, NACE Rev. 2 activity and size class (CIS2022)",ok,sdmx,8,71,0,"",2026-07-28
INN_CIS13_BAS_IP_R,Enterprises and employed persons by innovation capabilities and NUTS 2 region (CIS2022),ok,sdmx,8,209,0,"",2026-07-28
INN_CIS13_BAS_R,"Enterprises, employed persons and turnover by innovation status and NUTS 2 region (CIS2022)",ok,sdmx,8,214,0,"",2026-07-28
INN_CIS13_BMOD,"Enterprises that implemented fundamental changes to their business model, by NACE Rev. 2 activity and size class (CIS2022)",ok,sdmx,8,129,0,"",2026-07-28
INN_CIS13_CLIM,"Enterprises by type and importance of factors related to climate change, NACE Rev. 2 activity and size class (CIS2022)",ok,sdmx,9,137,0,"",2026-07-28
INN_CIS13_CO,"Enterprises that co-operated on business activities with other entities by innovation status, NACE Rev. 2 activity and size class (CIS2022)",ok,sdmx,8,150,0,"",2026-07-28
INN_CIS13_COND,"Enterprises by type and importance of market conditions, NACE Rev.2 activity and size class (CIS2022)",ok,sdmx,9,139,0,"",2026-07-28
INN_CIS13_COOP,"Innovation active enterprises that co-operated with other entities, by kind and location of co-operation partner, NACE Rev. 2 and size class (CIS2022)",ok,sdmx,8,159,0,"",2026-07-28
INN_CIS13_COOP_IP,"Innovation-active enterprises that co-operated with other entities, by innovation profile, kind and location of co-operation partner, NACE Rev. 2 and size class (CIS2022)",ok,sdmx,9,80,0,"",2026-07-28
INN_CIS13_CO_IP,"Enterprises that co-operated on business activities with other entities, by innovation profile, NACE Rev. 2 activity and size class (CIS2022)",ok,sdmx,8,72,0,"",2026-07-28
INN_CIS13_CO_R,Enterprises that co-operated on innovation activities with other entities by NUTS 2 region (CIS2022),ok,sdmx,8,207,0,"",2026-07-28
INN_CIS13_ECO,"Innovation active enterprises that introduced innovations with environmental benefits within the enterprise, by type of contribution and effect, NACE Rev. 2 activity and size class (CIS2022)",ok,sdmx,8,152,0,"",2026-07-28
INN_CIS13_ECO_IP,"Innovation-active enterprises that introduced innovations with environmental benefits within the enterprise, by innovation profile, type of contribution and effect, NACE Rev. 2 activity and size class (CIS2022)",ok,sdmx,9,71,0,"",2026-07-28
INN_CIS13_EDUC,"Enterprises by percentage of employees with university education, NACE Rev. 2 activity and size class (CIS2022)",ok,sdmx,8,134,0,"",2026-07-28
INN_CIS13_ENV,"Innovation active enterprise by type and importance of environmental benefits obtained during the consumption or use of a good or service by the end user, by NACE Rev. 2 activity and size class (CIS2022)",ok,sdmx,8,150,0,"",2026-07-28
INN_CIS13_ENVF,"Innovation active enterprises by type and importance of factors driving environmental innovations, NACE Rev. 2 activity and size class (CIS2022)",ok,sdmx,9,142,0,"",2026-07-28
INN_CIS13_ENV_IP,"Innovation-active enterprise by type and importance of environmental benefits obtained during the consumption or use of a good or service by the end user, by innovation profile, NACE Rev. 2 activity and size class (CIS2022)",ok,sdmx,9,69,0,"",2026-07-28
INN_CIS13_EXP,"Innovation active enterprises' expenditure on R&D and innovation by type, NACE Rev. 2 activity and size class (CIS2022)",ok,sdmx,7,153,0,"",2026-07-28
INN_CIS13_EXPT,"Enterprises' expenditure by area, innovations status, NACE Rev. 2 activity and size class (CIS2022)",ok,sdmx,8,129,0,"",2026-07-28
INN_CIS13_EXP_R,Innovation active enterprises' expenditure on R&D and innovation by type and NUTS 2 region (CIS2022),ok,sdmx,7,209,0,"",2026-07-28
INN_CIS13_FIN,"Enterprises by access to private funding, type of private funding and effect, NACE Rev. 2 activity and size class (CIS2022)",ok,sdmx,9,149,0,"",2026-07-28
INN_CIS13_FINRD,"Enterprises that obtained private funding by usage for R&D or other innovation activities, type of private funding, NACE Rev. 2 activity and size class (CIS2022)",ok,sdmx,8,149,0,"",2026-07-28
INN_CIS13_FINRD_IP,"Enterprises that obtained private funding by usage for R&D or other innovation activities, by innovation profile, type of private funding, NACE Rev. 2 activity and size class (CIS2022)",ok,sdmx,8,71,0,"",2026-07-28
INN_CIS13_FIN_IP,"Enterprises by access to private funding, innovation profile, type of private funding and effect, NACE Rev. 2 activity and size class (CIS2022)",ok,sdmx,9,71,0,"",2026-07-28
INN_CIS13_GEN,"Enterprises by their belonging to an enterprise group, NACE Rev. 2 activity and size class (CIS2022)",ok,sdmx,8,136,0,"",2026-07-28
INN_CIS13_GS,"Enterprises that offered standardised, customised or co-created goods or services by type of goods and services, NACE Rev. 2 activity and size class (CIS2022)",ok,sdmx,8,128,0,"",2026-07-28
INN_CIS13_IGL,"Enterprises that tried to obtain intra-group loans within the enterprise group by outcome, NACE Rev. 2 activity and size class (CIS2022)",ok,sdmx,8,121,0,"",2026-07-28
INN_CIS13_IGLRD,Enterprises that obtained intra-group loans for R&D or other innovation activities within the enterprise group by NACE Rev. 2 activity and size class (CIS2022),ok,sdmx,7,120,0,"",2026-07-28
INN_CIS13_INACT,Innovation active enterprises without implemented innovation by NACE Rev. 2 activity and size class (CIS2022),ok,sdmx,7,145,0,"",2026-07-28
INN_CIS13_INRD,Innovation active enterprise with research and development (R&D) activities by NACE Rev. 2 activity and size class (CIS2022),ok,sdmx,7,147,0,"",2026-07-28
INN_CIS13_IPR,"Enterprises that applied for a patent, registered an industrial design, trade mark or used trade secrets, by NACE Rev. 2 activity and size class (CIS2022)",ok,sdmx,8,137,0,"",2026-07-28
INN_CIS13_IPROUT,"Enterprises that licenced out, sold, exchanged intellectual property rights by type of transaction, NACE Rev. 2 activity and size class (CIS2022)",ok,sdmx,8,134,0,"",2026-07-28
INN_CIS13_MRK,"Enterprises by market place, NACE Rev. 2 activity and size class (CIS2022)",ok,sdmx,8,135,0,"",2026-07-28
INN_CIS13_MRKT,"Turnover of enterprises by market place, NACE Rev. 2 activity and size class (CIS2022)",ok,sdmx,8,135,0,"",2026-07-28
INN_CIS13_PROD,"Enterprises that introduced an innovation by type of innovation, developer, NACE Rev.2 activity and size class (CIS2022)",ok,sdmx,8,147,0,"",2026-07-28
INN_CIS13_PRODN,"Enterprises that introduced new or significantly improved products by type of innovation, NACE Rev. 2 activity and size class (CIS2022)",ok,sdmx,7,148,0,"",2026-07-28
INN_CIS13_PRODT,Turnover from new or significantly improved products by NACE Rev. 2 activity and size class (CIS2022),ok,sdmx,7,145,0,"",2026-07-28
INN_CIS13_PRODT_IP,"Turnover from new or significantly improved products, by innovation profile, NACE Rev. 2 activity and size class (CIS2022)",ok,sdmx,8,66,0,"",2026-07-28
INN_CIS13_PRODT_R,Turnover from new or significantly improved products by NUTS 2 region (CIS2022),ok,sdmx,7,208,0,"",2026-07-28
INN_CIS13_PUB,"Enterprises by access to public funding, type of public funding and effect, NACE Rev. 2 activity and size class (CIS2022)",ok,sdmx,8,155,0,"",2026-07-28
INN_CIS13_PUB_IP,"Enterprises by access to public funding, innovation profile, type of public funding and effect, NACE Rev. 2 activity and size class (CIS2022)",ok,sdmx,8,77,0,"",2026-07-28
INN_CIS13_PURMES,"Enterprises that purchased machinery, equipment or software by NACE Rev. 2 activity and size class (CIS2022)",ok,sdmx,8,131,0,"",2026-07-28
INN_CIS13_REAS,"Enterprises by reason why they did not have any (or not more) innovation activities, by NACE Rev. 2 activity and size class (CIS2022)",ok,sdmx,8,147,0,"",2026-07-28
INN_CIS13_REAS_IP,"Enterprises by reason why they did not have any (or not more) innovation activities, by innovation profile, NACE Rev. 2 activity and size class (CIS2022)",ok,sdmx,9,71,0,"",2026-07-28
INN_CIS13_SPEC,"Enterprises that introduced new or improved business processes by type of innovation, NACE Rev. 2 activity and size class (CIS2022)",ok,sdmx,7,150,0,"",2026-07-28
INN_CIS13_SRC,"Enterprises that acquiesce or transfer resources and business activities within the enterprise group, by NACE Rev. 2 activity and size class (CIS2022)",ok,sdmx,9,131,0,"",2026-07-28
INN_CIS13_STRAT,"Enterprises by type of business strategy applied, importance of the strategy, NACE Rev.2 activity and size class (CIS2022)",ok,sdmx,9,146,0,"",2026-07-28
INN_CIS13_TXAL,Enterprises that use tax incentives or allowances for innovative activities and research and development (R&D) by NACE Rev. 2 activity and size class (CIS2022),ok,sdmx,8,131,0,"",2026-07-28
INN_CIS13_YREG,"Enterprises by age and innovation status, NACE Rev.2 activity and size class (CIS2022)",ok,sdmx,8,146,0,"",2026-07-28
INN_CIS13_YREG_IP,"Enterprises by age and innovation profile, NACE Rev. 2 activity and size class (CIS2022)",ok,sdmx,8,68,0,"",2026-07-28
INN_CIS14_BAS,"Enterprises, employed persons and turnover by innovation status, NACE Rev. 2 activity and size class (CIS2024)",ok,sdmx,8,42,0,"",2026-07-28
INN_CIS14_CO,"Enterprises that co-operated on business activities with other entities by innovation status, NACE Rev. 2 activity and size class (CIS2024)",ok,sdmx,8,36,0,"",2026-07-28
INN_CIS14_EXP,"Innovation active enterprises' expenditure on research and development (R&D) and innovation by type, NACE Rev. 2 activity and size class (CIS2024)",ok,sdmx,7,35,0,"",2026-07-28
INN_CIS4_BAS,Basic economic information on the enterprises (2004),ok,sdmx,8,108,0,"",2026-07-28
INN_CIS4_COOP,Innovation co-operation during 2002-2004 (2004),ok,sdmx,8,118,0,"",2026-07-28
INN_CIS4_EFF,Highly important effects of innovation during 2002-2004 (2004),ok,sdmx,8,109,0,"",2026-07-28
INN_CIS4_EXP,Innovation activity and expenditure (2004),ok,sdmx,8,114,0,"",2026-07-28
INN_CIS4_GEN,General information about the enterprises (2004),ok,sdmx,8,101,0,"",2026-07-28
INN_CIS4_HAM,Hampered innovation activities (2004),ok,sdmx,8,115,0,"",2026-07-28
INN_CIS4_MO,Organisational and marketing innovations (2004),ok,sdmx,8,98,0,"",2026-07-28
INN_CIS4_OREF,Highly important effects of organisational innovation (2004),ok,sdmx,8,97,0,"",2026-07-28
INN_CIS4_PAT,Patents and other protection methods (2004),ok,sdmx,8,99,0,"",2026-07-28
INN_CIS4_PROD,Product and process innovation (2004),ok,sdmx,8,120,0,"",2026-07-28
INN_CIS4_PUB,Public funding of innovation (2004),ok,sdmx,8,99,0,"",2026-07-28
INN_CIS4_SOU,Highly important source of information for innovation during 2002-2004 (2004),ok,sdmx,8,104,0,"",2026-07-28
INN_CIS5_BAS,Basic economic information on the enterprises (2006),ok,sdmx,8,117,0,"",2026-07-28
INN_CIS5_COOP,Innovation co-operation during 2004-2006 (2006),ok,sdmx,8,129,0,"",2026-07-28
INN_CIS5_EFF,Highly important effects of innovation during 2004-2006 (2006),ok,sdmx,8,112,0,"",2026-07-28
INN_CIS5_EXP,Innovation activity and expenditure (2006),ok,sdmx,8,120,0,"",2026-07-28
INN_CIS5_GEN,General information about the enterprises (2006),ok,sdmx,8,111,0,"",2026-07-28
INN_CIS5_HAM,Hampered innovation activities (2006),ok,sdmx,8,118,0,"",2026-07-28
INN_CIS5_MO,Organisational and marketing innovations (2006),ok,sdmx,8,105,0,"",2026-07-28
INN_CIS5_OREF,Highly important effects of organisational innovation (2006),ok,sdmx,8,101,0,"",2026-07-28
INN_CIS5_PAT,Patents and other protection methods (2006),ok,sdmx,8,106,0,"",2026-07-28
INN_CIS5_PROD,Product and process innovation (2006),ok,sdmx,8,145,0,"",2026-07-28
INN_CIS5_PUB,Public funding of innovation (2006),ok,sdmx,8,106,0,"",2026-07-28
INN_CIS5_SOU,Highly important source of information for innovation during 2004-2006 (2006),ok,sdmx,8,110,0,"",2026-07-28
INN_CIS6_BAS,Basic economic information on the enterprises (2008),ok,sdmx,8,150,0,"",2026-07-28
INN_CIS6_COOP,Innovation co-operation during 2006-2008 (2008),ok,sdmx,8,161,0,"",2026-07-28
INN_CIS6_ECO,Innovations with environmental benefits (2008),ok,sdmx,8,143,0,"",2026-07-28
INN_CIS6_ECOMOT,Motivation to introduce an environmental innovation (2008),ok,sdmx,8,138,0,"",2026-07-28
INN_CIS6_ECOPRO,Enterprises with procedures in place to regularly identify and reduce environmental impacts (2008),ok,sdmx,8,137,0,"",2026-07-28
INN_CIS6_EXP,Innovation activity and expenditure in 2008 (2008),ok,sdmx,8,152,0,"",2026-07-28
INN_CIS6_GEN,General information about the enterprises (2008),ok,sdmx,8,150,0,"",2026-07-28
INN_CIS6_MKOBJ,Highly important objectives of marketing innovation (2008),ok,sdmx,8,140,0,"",2026-07-28
INN_CIS6_MKTYPE,Implementation type of a new marketing method (2008),ok,sdmx,8,142,0,"",2026-07-28
INN_CIS6_MO,Organisational and marketing innovations (2008),ok,sdmx,8,145,0,"",2026-07-28
INN_CIS6_OBJ,Highly important innovation objectives during 2006-2008 (2008),ok,sdmx,8,150,0,"",2026-07-28
INN_CIS6_OROBJ,Highly important objectives of organisational innovation (2008),ok,sdmx,8,142,0,"",2026-07-28
INN_CIS6_ORTYPE,Implementation type of a new organisational method (2008),ok,sdmx,8,141,0,"",2026-07-28
INN_CIS6_PROD,Product and process innovation (2008),ok,sdmx,8,175,0,"",2026-07-28
INN_CIS6_PUB,Public funding of innovation (2008),ok,sdmx,8,139,0,"",2026-07-28
INN_CIS6_SOU,Highly important source of information for innovation during 2006-2008 (2008),ok,sdmx,8,143,0,"",2026-07-28
INN_CIS6_TYPE,Enterprises by type of innovation activity (2008),ok,sdmx,8,154,0,"",2026-07-28
INN_CIS7_BAS,Basic economic information on the enterprises (2010),ok,sdmx,8,159,0,"",2026-07-28
INN_CIS7_COOP,Types of co-operation partner for product and process innovation (2010),ok,sdmx,8,160,0,"",2026-07-28
INN_CIS7_CSK,In-house and external skills available in the enterprises (2010),ok,sdmx,8,168,0,"",2026-07-28
INN_CIS7_EXP,Innovation activities and expenditures (2010),ok,sdmx,8,155,0,"",2026-07-28
INN_CIS7_GEN,General information about the enterprises (2010),ok,sdmx,8,152,0,"",2026-07-28
INN_CIS7_HAM,Hampered innovation activities (2010),ok,sdmx,8,150,0,"",2026-07-28
INN_CIS7_MKOBJ,Highly important objectives for marketing innovation (2010),ok,sdmx,8,140,0,"",2026-07-28
INN_CIS7_MKTYPE,Implementation type of a new marketing method (2010),ok,sdmx,8,145,0,"",2026-07-28
INN_CIS7_MO,Organisational and marketing innovation (2010),ok,sdmx,8,148,0,"",2026-07-28
INN_CIS7_OBJ,Highly important objectives for product and process innovation (2010),ok,sdmx,8,147,0,"",2026-07-28
INN_CIS7_OROBJ,Highly important objectives for organisational innovation (2010),ok,sdmx,8,142,0,"",2026-07-28
INN_CIS7_ORTYPE,Implementation type of a new organisational method (2010),ok,sdmx,8,144,0,"",2026-07-28
INN_CIS7_PROD,Product and process innovation (2010),ok,sdmx,8,179,0,"",2026-07-28
INN_CIS7_PUB,Public funding for innovation activities (2010),ok,sdmx,8,140,0,"",2026-07-28
INN_CIS7_SOU,Highly important sources of information for product and process innovation (2010),ok,sdmx,8,144,0,"",2026-07-28
INN_CIS7_SUCMET,Methods stimulating new ideas or creativity (2010),ok,sdmx,8,142,0,"",2026-07-28
INN_CIS7_TYPE,Enterprises by type of innovation (2010),ok,sdmx,8,157,0,"",2026-07-28
INN_CIS8_BAS,Basic economic information on the enterprises by NACE Rev. 2 activity and size class (2012),ok,sdmx,8,159,0,"",2026-07-28
INN_CIS8_COMP,Methods for maintaining or increasing the competitiveness in the enterprises - as highly important and not used - by NACE Rev. 2 activity and size class (2012),ok,sdmx,8,146,0,"",2026-07-28
INN_CIS8_COOP,Types of co-operation of the enterprises by NACE Rev. 2 activity and size class (2012),ok,sdmx,8,160,0,"",2026-07-28
INN_CIS8_EXP,Innovation activities and expenditures in 2012 in the enterprises by NACE Rev. 2 activity and size class (2012),ok,sdmx,8,154,0,"",2026-07-28
INN_CIS8_GEN,General information on the enterprises by NACE Rev. 2 activity and size class (2012),ok,sdmx,8,150,0,"",2026-07-28
INN_CIS8_GOALS,Goals of innovative and non-innovative enterprises - as highly important and not relevant - by NACE Rev. 2 activity and size class (2012),ok,sdmx,8,137,0,"",2026-07-28
INN_CIS8_MO,Organisational and marketing innovation in product and process innovative enterprises by NACE Rev. 2 activity and size class (2012),ok,sdmx,8,139,0,"",2026-07-28
INN_CIS8_OBST,Obstacles of innovative and non-innovative enterprises - as highly important and not relevant - by NACE Rev. 2 activity and size class (2012),ok,sdmx,8,146,0,"",2026-07-28
INN_CIS8_PROC,Public sector procurement and innovation in the enterprises by NACE Rev. 2 activity and size class (2012),ok,sdmx,8,142,0,"",2026-07-28
INN_CIS8_PROD,Product and process innovative enterprises by NACE Rev. 2 activity and size class (2012),ok,sdmx,8,180,0,"",2026-07-28
INN_CIS8_PUB,Public funding in the enterprises by NACE Rev. 2 activity and size class (2012),ok,sdmx,8,137,0,"",2026-07-28
INN_CIS8_SOU,Sources of information for enterprises - as highly important and not used - by NACE Rev. 2 activity and size class (2012),ok,sdmx,8,149,0,"",2026-07-28
INN_CIS8_SPEC,"Enterprises by specific types of innovation, NACE Rev. 2 activity and size class (2012)",ok,sdmx,8,151,0,"",2026-07-28
INN_CIS8_STRAT,Strategies of innovative and non-innovative enterprises - as highly important and not relevant - by NACE Rev. 2 activity and size class (2012),ok,sdmx,8,144,0,"",2026-07-28
INN_CIS8_TYPE,"Enterprises by main types of innovation, NACE Rev. 2 activity and size class (2012)",ok,sdmx,8,160,0,"",2026-07-28
INN_CIS9_BAS,Basic economic information on the enterprises by NACE Rev. 2 activity and size class (2014),ok,sdmx,8,163,0,"",2026-07-28
INN_CIS9_COOP,Types of co-operation of the enterprises by NACE Rev. 2 activity and size class (2014),ok,sdmx,8,167,0,"",2026-07-28
INN_CIS9_ECODR,"Importance of the drivers to introduce innovations with environmental benefits and procedures to reduce environmental impacts in the enterprises, by NACE Rev. 2 activity and size class (2014)",ok,sdmx,8,155,0,"",2026-07-28
INN_CIS9_ENV,Environmental benefits due to innovation in the enterprises by NACE Rev. 2 activity and size class (2014),ok,sdmx,8,153,0,"",2026-07-28
INN_CIS9_EXP,Innovation activities and expenditures in the enterprises by NACE Rev. 2 activity and size class (2014),ok,sdmx,8,159,0,"",2026-07-28
INN_CIS9_GEN,General information on the enterprises by NACE Rev. 2 activity and size class (2014),ok,sdmx,8,152,0,"",2026-07-28
INN_CIS9_IPR,Intellectual property rights and licensing in the enterprises by NACE Rev. 2 activity and size class (2014),ok,sdmx,8,144,0,"",2026-07-28
INN_CIS9_MO,Organisational and marketing innovation in product and process innovative enterprises by NACE Rev. 2 activity and size class (2014),ok,sdmx,8,143,0,"",2026-07-28
INN_CIS9_NOIN,Importance of the reasons to not innovate and of the barriers to innovation in the enterprises by NACE Rev. 2 activity and size class (2014),ok,sdmx,8,155,0,"",2026-07-28
INN_CIS9_PROC,Public sector procurement and innovation in the enterprises by NACE Rev. 2 activity and size class (2014),ok,sdmx,8,144,0,"",2026-07-28
INN_CIS9_PROD,Product and process innovative enterprises by NACE Rev. 2 activity and size class (2014),ok,sdmx,8,181,0,"",2026-07-28
INN_CIS9_PUB,Public funding in the enterprises by NACE Rev. 2 activity and size class (2014),ok,sdmx,8,141,0,"",2026-07-28
INN_CIS9_SPEC,"Enterprises by specific types of innovation, NACE Rev. 2 activity and size class (2014)",ok,sdmx,8,153,0,"",2026-07-28
INN_CIS9_TYPE,"Enterprises by main types of innovation, NACE Rev. 2 activity and size class (2014)",ok,sdmx,8,163,0,"",2026-07-28
INN_CISL,The first community innovation light survey - CIS light (2002-2003),ok,sdmx,8,38,0,"",2026-07-28
INN_COAB,Innovation co-operation during 1998-2000 - absolute value (2000),ok,sdmx,8,222,0,"",2026-07-28
INN_COPC,Innovation co-operation during 1998-2000 - % (2000),ok,sdmx,8,222,0,"",2026-07-28
INN_EFF,Effects of innovation during 1998-2000 (2000),ok,sdmx,8,99,0,"",2026-07-28
INN_EXP,Innovation activity and expenditure (2000),ok,sdmx,8,93,0,"",2026-07-28
INN_GEN,General information about the enterprises (2000),ok,sdmx,8,82,0,"",2026-07-28
INN_HAM,Hampered innovation activities (2000),ok,sdmx,8,120,0,"",2026-07-28
INN_IRD,Intramural R&D (2000),ok,sdmx,8,49,0,"",2026-07-28
INN_PAT,Patents and other protection methods (2000),ok,sdmx,8,81,0,"",2026-07-28
INN_PROD,Product and process innovation (2000),ok,sdmx,8,93,0,"",2026-07-28
INN_PUB,Public funding of innovation (2000),ok,sdmx,8,67,0,"",2026-07-28
INN_SCO,The European Innovation scoreboard indicators (2000),ok,sdmx,8,52,0,"",2026-07-28
INN_SOU,Source of information for innovation during 1998-2000 (2000),ok,sdmx,8,100,0,"",2026-07-28
IRT_EURYLD_A,Euro yield curves - annual data,ok,sdmx,6,59,0,"",2026-07-28
IRT_EURYLD_D,Euro yield curves - daily data,ok,sdmx,6,5946,0,"",2026-07-28
IRT_EURYLD_M,Euro yield curves - monthly data,ok,sdmx,6,299,0,"",2026-07-28
IRT_EURYLD_Q,Euro yield curves - quarterly data,ok,sdmx,6,125,0,"",2026-07-28
IRT_H_CGBY_A,Central government bond yields - annual data,ok,sdmx,4,44,0,"",2026-07-28
IRT_H_CGBY_M,Central government bond yields - monthly data,ok,sdmx,4,330,0,"",2026-07-28
IRT_H_CGBY_Q,Central government bond yields - quarterly data,ok,sdmx,4,122,0,"",2026-07-28
IRT_H_DDMR_A,Day-to-day rates for euro area countries - annual data,ok,sdmx,4,66,0,"",2026-07-28
IRT_H_DDMR_M,Day-to-day rates for euro area countries - monthly data,ok,sdmx,4,694,0,"",2026-07-28
IRT_H_DDMR_Q,Day-to-day rates for euro area countries - quarterly data,ok,sdmx,4,201,0,"",2026-07-28
IRT_H_EURCOE_D,Euro yields - coefficients - daily data,ok,sdmx,5,1670,0,"",2026-07-28
IRT_H_EURYLD_A,Euro yield curves - annual data,ok,sdmx,5,42,0,"",2026-07-28
IRT_H_EURYLD_D,Euro yield curves - daily data,ok,sdmx,5,1699,0,"",2026-07-28
IRT_H_EURYLD_M,Euro yield curves - monthly data,ok,sdmx,5,115,0,"",2026-07-28
IRT_H_EURYLD_Q,Euro yield curves - quarterly data,ok,sdmx,5,62,0,"",2026-07-28
IRT_H_MR3_A,3-month rates for euro area countries - annual data,ok,sdmx,4,66,0,"",2026-07-28
IRT_H_MR3_M,3-month rates for euro area countries - monthly data,ok,sdmx,4,560,0,"",2026-07-28
IRT_H_MR3_Q,3-month rates for euro area countries - quarterly data,ok,sdmx,4,201,0,"",2026-07-28
IRT_LT_GBY10_A,"Government bond yields, 10 years' maturity - annual data",ok,sdmx,4,69,0,"",2026-07-28
IRT_LT_GBY10_M,"Government bond yields, 10 years' maturity - monthly data",ok,sdmx,4,923,0,"",2026-07-28
IRT_LT_MCBY_A,EMU convergence criterion series - annual data,ok,sdmx,4,109,0,"",2026-07-28
IRT_LT_MCBY_M,EMU convergence criterion series - monthly data,ok,sdmx,4,590,0,"",2026-07-28
IRT_LT_MCBY_Q,EMU convergence criterion series - quarterly data,ok,sdmx,4,218,0,"",2026-07-28
IRT_ST_A,Money market interest rates - annual data,ok,sdmx,4,77,0,"",2026-07-28
IRT_ST_M,Money market interest rates - monthly data,ok,sdmx,4,700,0,"",2026-07-28
IRT_ST_Q,Money market interest rates - quarterly data,ok,sdmx,4,247,0,"",2026-07-28
ISOC_AI_IAIU,Individuals - use of generative AI tools,ok,sdmx,6,150,0,"",2026-07-28
ISOC_AI_IAIU$DV_3341,Individuals - use of generative AI tools,error,"",0,0,1,"HTTPStatusError: Client error '404 Not Found' for url 'https://ec.europa.eu/eurostat/api/dissemination/sdmx/2.1/datastructure/ESTAT/ISOC_AI_IAIU$DV_3341'
For more information check: https://developer.",2026-07-28
ISOC_AI_IAIUXR,Individuals - reasons for not using generative AI tools,ok,sdmx,6,152,0,"",2026-07-28
ISOC_AI_IAIUXR$DV_3342,Individuals - reasons for not using generative AI tools,error,"",0,0,1,"HTTPStatusError: Client error '404 Not Found' for url 'https://ec.europa.eu/eurostat/api/dissemination/sdmx/2.1/datastructure/ESTAT/ISOC_AI_IAIUXR$DV_3342'
For more information check: https://develope",2026-07-28
ISOC_BDE15AG,Percentage of the ICT sector in Gross value added,ok,sdmx,4,57,0,"",2026-07-28
ISOC_BDE15AP,Percentage of the ICT sector personnel in total employment,ok,sdmx,4,57,0,"",2026-07-28
ISOC_BDE15AR2,Business expenditure on R&D (BERD) in ICT sector as % of total R&D expenditure by NACE Rev. 2 activity,ok,sdmx,5,77,0,"",2026-07-28
ISOC_BDE15AV,Percentage change of value added by ICT sector at current prices,ok,sdmx,4,56,0,"",2026-07-28
ISOC_CBS,Broadband internet coverage by speed,ok,sdmx,6,53,0,"",2026-07-28
ISOC_CBT,Broadband internet coverage by technology,ok,sdmx,6,70,0,"",2026-07-28
ISOC_CICCE_USE,Cloud computing services by size class of enterprise,ok,sdmx,7,100,0,"",2026-07-28
ISOC_CICCE_USEN2,Cloud computing services by NACE Rev. 2 activity,ok,sdmx,7,140,0,"",2026-07-28
ISOC_CICCI_USE,Individuals - use of cloud services (2014-2020),ok,sdmx,6,175,0,"",2026-07-28
ISOC_CICCI_USE$DV_514,Individuals - use of cloud services (2014-2020),error,"",0,0,1,"HTTPStatusError: Client error '404 Not Found' for url 'https://ec.europa.eu/eurostat/api/dissemination/sdmx/2.1/datastructure/ESTAT/ISOC_CICCI_USE$DV_514'
For more information check: https://developer",2026-07-28
ISOC_CIEGI_AC,E-government activities of individuals via websites,ok,sdmx,6,263,0,"",2026-07-28
ISOC_CIEGI_AC$DV_1461,E-government activities of individuals via websites,error,"",0,0,1,"HTTPStatusError: Client error '404 Not Found' for url 'https://ec.europa.eu/eurostat/api/dissemination/sdmx/2.1/datastructure/ESTAT/ISOC_CIEGI_AC$DV_1461'
For more information check: https://developer",2026-07-28
ISOC_CIEGI_AC$DV_515,E-government activities of individuals via websites,error,"",0,0,1,"HTTPStatusError: Client error '404 Not Found' for url 'https://ec.europa.eu/eurostat/api/dissemination/sdmx/2.1/datastructure/ESTAT/ISOC_CIEGI_AC$DV_515'
For more information check: https://developer.",2026-07-28
ISOC_CIEGI_PB22,Problems experienced when using e-government websites (from 2022 onwards),ok,sdmx,6,167,0,"",2026-07-28
ISOC_CIEGI_RTX,Reasons for not submitting completed forms to public authorities' websites,ok,sdmx,6,230,0,"",2026-07-28
ISOC_CIEGI_RTX$DV_516,Reasons for not submitting completed forms to public authorities' websites,error,"",0,0,1,"HTTPStatusError: Client error '404 Not Found' for url 'https://ec.europa.eu/eurostat/api/dissemination/sdmx/2.1/datastructure/ESTAT/ISOC_CIEGI_RTX$DV_516'
For more information check: https://developer",2026-07-28
ISOC_CIMOBE_USE,Use of mobile connections to the internet by size class of enterprise,ok,sdmx,7,69,0,"",2026-07-28
ISOC_CIMOBE_USEN2,Use of mobile connections to the internet by NACE Rev. 2 activity,ok,sdmx,7,109,0,"",2026-07-28
ISOC_CIMOBP_USE,Use of mobile connections to the internet by employees by size class of enterprise,ok,sdmx,7,66,0,"",2026-07-28
ISOC_CIMOBP_USEN2,Use of mobile connections to the internet by employees by NACE Rev. 2 activity,ok,sdmx,7,106,0,"",2026-07-28
ISOC_CISCE_IC,Security incidents and consequences by size class of enterprise,ok,sdmx,7,66,0,"",2026-07-28
ISOC_CISCE_ICN2,Security incidents and consequences by NACE Rev.2 activity,ok,sdmx,7,109,0,"",2026-07-28
ISOC_CISCE_RA,"Security policy, measures, risks and staff awareness by size class of enterprise",ok,sdmx,7,95,0,"",2026-07-28
ISOC_CISCE_RAN2,"Security policy, measures, risks and staff awareness by NACE Rev.2 activity",ok,sdmx,7,135,0,"",2026-07-28
ISOC_CISCI_ACFAS,Management of accounts of a free app or service,ok,sdmx,6,165,0,"",2026-07-28
ISOC_CISCI_AX,Activities via internet not done because of security concerns (2010-2019),ok,sdmx,6,147,0,"",2026-07-28
ISOC_CISCI_AX$DV_534,Activities via internet not done because of security concerns (2010-2019),error,"",0,0,1,"HTTPStatusError: Client error '404 Not Found' for url 'https://ec.europa.eu/eurostat/api/dissemination/sdmx/2.1/datastructure/ESTAT/ISOC_CISCI_AX$DV_534'
For more information check: https://developer.",2026-07-28
ISOC_CISCI_F,Safety copies and back up files (2007-2019),ok,sdmx,6,147,0,"",2026-07-28
ISOC_CISCI_F$DV_536,Safety copies and back up files (2007-2019),error,"",0,0,1,"HTTPStatusError: Client error '404 Not Found' for url 'https://ec.europa.eu/eurostat/api/dissemination/sdmx/2.1/datastructure/ESTAT/ISOC_CISCI_F$DV_536'
For more information check: https://developer.m",2026-07-28
ISOC_CISCI_IP,Identification procedures used for online services (2018),ok,sdmx,6,137,0,"",2026-07-28
ISOC_CISCI_IP20,Identification procedures used for online services (2020 onwards),ok,sdmx,6,135,0,"",2026-07-28
ISOC_CISCI_IP20$DV_2901,Identification procedures used for online services (2020 onwards),error,"",0,0,1,"HTTPStatusError: Client error '404 Not Found' for url 'https://ec.europa.eu/eurostat/api/dissemination/sdmx/2.1/datastructure/ESTAT/ISOC_CISCI_IP20$DV_2901'
For more information check: https://develop",2026-07-28
ISOC_CISCI_PB,Security related problems experienced when using the internet (2004-2019),ok,sdmx,6,176,0,"",2026-07-28
ISOC_CISCI_PB$DV_538,Security related problems experienced when using the internet (2004-2019),error,"",0,0,1,"HTTPStatusError: Client error '404 Not Found' for url 'https://ec.europa.eu/eurostat/api/dissemination/sdmx/2.1/datastructure/ESTAT/ISOC_CISCI_PB$DV_538'
For more information check: https://developer.",2026-07-28
ISOC_CISCI_PRV,Privacy and protection of personal information (2015-2016),ok,sdmx,6,142,0,"",2026-07-28
ISOC_CISCI_PRV20,Privacy and protection of personal data (2020 onwards),ok,sdmx,6,157,0,"",2026-07-28
ISOC_CISCI_SP,"Trust, security and privacy - smartphones (2018)",ok,sdmx,6,138,0,"",2026-07-28
ISOC_CISCI_SP20,"Trust, security and privacy - smartphones (2020 onwards)",ok,sdmx,6,136,0,"",2026-07-28
ISOC_CISCI_SP20$DV_2902,"Trust, security and privacy - smartphones (2020 onwards)",error,"",0,0,1,"HTTPStatusError: Client error '404 Not Found' for url 'https://ec.europa.eu/eurostat/api/dissemination/sdmx/2.1/datastructure/ESTAT/ISOC_CISCI_SP20$DV_2902'
For more information check: https://develop",2026-07-28
ISOC_CISMP,Social media use by purpose and size class of enterprise,ok,sdmx,7,75,0,"",2026-07-28
ISOC_CISMPN2,Social media use by purpose and NACE Rev. 2 activity,ok,sdmx,7,115,0,"",2026-07-28
ISOC_CISMT,"Social media use by type, internet advertising and size class of enterprise",ok,sdmx,7,86,0,"",2026-07-28
ISOC_CISMTN2,"Social media use by type, internet advertising and NACE Rev. 2 activity",ok,sdmx,7,126,0,"",2026-07-28
ISOC_CIWEB,Websites and functionalities by size class of enterprise,ok,sdmx,7,94,0,"",2026-07-28
ISOC_CIWEBN2,Websites and functionalities by NACE Rev. 2 activity,ok,sdmx,7,135,0,"",2026-07-28
ISOC_CI_AC_I,Individuals - internet activities,ok,sdmx,6,311,0,"",2026-07-28
ISOC_CI_AC_I$DV_1043,Individuals - internet activities,error,"",0,0,1,"HTTPStatusError: Client error '404 Not Found' for url 'https://ec.europa.eu/eurostat/api/dissemination/sdmx/2.1/datastructure/ESTAT/ISOC_CI_AC_I$DV_1043'
For more information check: https://developer.",2026-07-28
ISOC_CI_AC_I$DV_1122,Individuals - internet activities,error,"",0,0,1,"HTTPStatusError: Client error '404 Not Found' for url 'https://ec.europa.eu/eurostat/api/dissemination/sdmx/2.1/datastructure/ESTAT/ISOC_CI_AC_I$DV_1122'
For more information check: https://developer.",2026-07-28
ISOC_CI_AC_I$DV_2801,Individuals - internet activities,error,"",0,0,1,"HTTPStatusError: Client error '404 Not Found' for url 'https://ec.europa.eu/eurostat/api/dissemination/sdmx/2.1/datastructure/ESTAT/ISOC_CI_AC_I$DV_2801'
For more information check: https://developer.",2026-07-28
ISOC_CI_AC_I$DV_645,Individuals - internet activities,error,"",0,0,1,"HTTPStatusError: Client error '404 Not Found' for url 'https://ec.europa.eu/eurostat/api/dissemination/sdmx/2.1/datastructure/ESTAT/ISOC_CI_AC_I$DV_645'
For more information check: https://developer.m",2026-07-28
ISOC_CI_AC_I$DV_649,Individuals - internet activities,error,"",0,0,1,"HTTPStatusError: Client error '404 Not Found' for url 'https://ec.europa.eu/eurostat/api/dissemination/sdmx/2.1/datastructure/ESTAT/ISOC_CI_AC_I$DV_649'
For more information check: https://developer.m",2026-07-28
ISOC_CI_CE_I,Individuals - use of collaborative economy (2017-2019),ok,sdmx,6,157,0,"",2026-07-28
ISOC_CI_CFP_CU,Individuals - computer use (2002-2017),ok,sdmx,6,173,0,"",2026-07-28
ISOC_CI_CFP_CU$DV_633,Individuals - computer use (2002-2017),error,"",0,0,1,"HTTPStatusError: Client error '404 Not Found' for url 'https://ec.europa.eu/eurostat/api/dissemination/sdmx/2.1/datastructure/ESTAT/ISOC_CI_CFP_CU$DV_633'
For more information check: https://developer",2026-07-28
ISOC_CI_CFP_FU,Individuals - frequency of computer use (2003-2017),ok,sdmx,6,172,0,"",2026-07-28
ISOC_CI_CFP_FU$DV_284,Individuals - frequency of computer use (2003-2017),error,"",0,0,1,"HTTPStatusError: Client error '404 Not Found' for url 'https://ec.europa.eu/eurostat/api/dissemination/sdmx/2.1/datastructure/ESTAT/ISOC_CI_CFP_FU$DV_284'
For more information check: https://developer",2026-07-28
ISOC_CI_CM_H,Households - availability of computers (2006-2017),ok,sdmx,6,72,0,"",2026-07-28
ISOC_CI_CM_H$DV_507,Households - availability of computers (2006-2017),error,"",0,0,1,"HTTPStatusError: Client error '404 Not Found' for url 'https://ec.europa.eu/eurostat/api/dissemination/sdmx/2.1/datastructure/ESTAT/ISOC_CI_CM_H$DV_507'
For more information check: https://developer.m",2026-07-28
ISOC_CI_CM_PN2,Use of computers and the internet by employees by NACE Rev. 2 activity,ok,sdmx,7,118,0,"",2026-07-28
ISOC_CI_CM_PS,Use of computers and the internet by employees by size class of enterprise,ok,sdmx,7,77,0,"",2026-07-28
ISOC_CI_DEV_I,Individuals - devices used to access the internet,ok,sdmx,6,161,0,"",2026-07-28
ISOC_CI_DEV_I$DV_2883,Individuals - devices used to access the internet,error,"",0,0,1,"HTTPStatusError: Client error '404 Not Found' for url 'https://ec.europa.eu/eurostat/api/dissemination/sdmx/2.1/datastructure/ESTAT/ISOC_CI_DEV_I$DV_2883'
For more information check: https://developer",2026-07-28
ISOC_CI_HM,Individuals - encountering hostile or degrading online messages,ok,sdmx,6,151,0,"",2026-07-28
ISOC_CI_IFP_FU,Individuals - frequency of internet use,ok,sdmx,6,258,0,"",2026-07-28
ISOC_CI_IFP_FU$DV_281,Individuals - frequency of internet use,error,"",0,0,1,"HTTPStatusError: Client error '404 Not Found' for url 'https://ec.europa.eu/eurostat/api/dissemination/sdmx/2.1/datastructure/ESTAT/ISOC_CI_IFP_FU$DV_281'
For more information check: https://developer",2026-07-28
ISOC_CI_IFP_IU,Individuals - internet use,ok,sdmx,6,260,0,"",2026-07-28
ISOC_CI_IFP_IU$DV_628,Individuals - internet use,error,"",0,0,1,"HTTPStatusError: Client error '404 Not Found' for url 'https://ec.europa.eu/eurostat/api/dissemination/sdmx/2.1/datastructure/ESTAT/ISOC_CI_IFP_IU$DV_628'
For more information check: https://developer",2026-07-28
ISOC_CI_IFP_PU,Individuals - places of internet use (2002-2019),ok,sdmx,6,195,0,"",2026-07-28
ISOC_CI_IFP_PU$DV_509,Individuals - places of internet use (2002-2019),error,"",0,0,1,"HTTPStatusError: Client error '404 Not Found' for url 'https://ec.europa.eu/eurostat/api/dissemination/sdmx/2.1/datastructure/ESTAT/ISOC_CI_IFP_PU$DV_509'
For more information check: https://developer",2026-07-28
ISOC_CI_IM_I,Individuals - mobile internet access (2011-2019),ok,sdmx,6,167,0,"",2026-07-28
ISOC_CI_IM_I$DV_510,Individuals - mobile internet access (2011-2019),error,"",0,0,1,"HTTPStatusError: Client error '404 Not Found' for url 'https://ec.europa.eu/eurostat/api/dissemination/sdmx/2.1/datastructure/ESTAT/ISOC_CI_IM_I$DV_510'
For more information check: https://developer.m",2026-07-28
ISOC_CI_IN_EN2,Internet access by NACE Rev. 2 activity,ok,sdmx,7,120,0,"",2026-07-28
ISOC_CI_IN_ES,Internet access by size class of enterprise,ok,sdmx,7,79,0,"",2026-07-28
ISOC_CI_IN_H,Households - level of internet access,ok,sdmx,5,88,0,"",2026-07-28
ISOC_CI_IN_H$DV_512,Households - level of internet access,error,"",0,0,1,"HTTPStatusError: Client error '404 Not Found' for url 'https://ec.europa.eu/eurostat/api/dissemination/sdmx/2.1/datastructure/ESTAT/ISOC_CI_IN_H$DV_512'
For more information check: https://developer.m",2026-07-28
ISOC_CI_IT_EN2,Type of connections to the internet by NACE Rev. 2 activity,ok,sdmx,7,133,0,"",2026-07-28
ISOC_CI_IT_ES,Type of connections to the internet by size class of enterprise,ok,sdmx,7,93,0,"",2026-07-28
ISOC_CI_IT_H,Households - type of connection to the internet (2003-2021),ok,sdmx,6,93,0,"",2026-07-28
ISOC_CI_IT_H$DV_513,Households - type of connection to the internet (2003-2021),error,"",0,0,1,"HTTPStatusError: Client error '404 Not Found' for url 'https://ec.europa.eu/eurostat/api/dissemination/sdmx/2.1/datastructure/ESTAT/ISOC_CI_IT_H$DV_513'
For more information check: https://developer.m",2026-07-28
ISOC_CI_MVIN2,Meetings via the internet by NACE Rev. 2 activity,ok,sdmx,7,96,0,"",2026-07-28
ISOC_CI_MVIS,Meetings via the internet by size class of enterprise,ok,sdmx,7,54,0,"",2026-07-28
ISOC_CI_RAN2,Remote access by NACE Rev. 2 activity,ok,sdmx,7,119,0,"",2026-07-28
ISOC_CI_RAS,Remote access by size class of enterprise,ok,sdmx,7,79,0,"",2026-07-28
ISOC_CI_STV_I,Individuals - internet activities using smart TV (2016),ok,sdmx,6,121,0,"",2026-07-28
ISOC_EB_AI,Artificial intelligence by size class of enterprise,ok,sdmx,7,119,0,"",2026-07-28
ISOC_EB_AIN2,Artificial intelligence by NACE Rev. 2 activity,ok,sdmx,7,161,0,"",2026-07-28
ISOC_EB_BD,Big data analysis by size class of enterprise,ok,sdmx,7,85,0,"",2026-07-29
ISOC_EB_BDN2,Big data analysis by NACE Rev. 2 activity,ok,sdmx,7,110,0,"",2026-07-29
ISOC_EB_DAN2,Data analytics by NACE Rev. 2 activity,ok,sdmx,7,127,0,"",2026-07-29
ISOC_EB_DAS,Data analytics by size class of enterprise,ok,sdmx,7,85,0,"",2026-07-29
ISOC_EB_ICS,"Integration with customers/suppliers, supply chain management by size class of enterprise",ok,sdmx,7,80,0,"",2026-07-29
ISOC_EB_ICSN2,"Integration with customers/suppliers, supply chain management by NACE Rev. 2 activity",ok,sdmx,7,121,0,"",2026-07-29
ISOC_EB_IIP,Integration of internal processes by size class of enterprise,ok,sdmx,7,88,0,"",2026-07-29
ISOC_EB_IIPN2,Integration of internal processes by NACE Rev. 2 activity,ok,sdmx,7,129,0,"",2026-07-29
ISOC_EB_IOT,Internet of Things by size class of enterprise,ok,sdmx,7,73,0,"",2026-07-29
ISOC_EB_IOTN2,Internet of Things by NACE Rev. 2 activity,ok,sdmx,7,116,0,"",2026-07-29
ISOC_EB_P3D,3D printing and robotics by size class of enterprise,ok,sdmx,7,91,0,"",2026-07-29
ISOC_EB_P3DN2,3D printing and robotics by NACE Rev. 2 activity,ok,sdmx,7,134,0,"",2026-07-29
ISOC_ECO_DD,Disposal of ICT devices no longer in use,ok,sdmx,6,178,0,"",2026-07-29
ISOC_ECO_IC,Important characteristics when buying ICT devices,ok,sdmx,6,161,0,"",2026-07-29
ISOC_EC_CE_I,Internet purchases - collaborative economy (2020 onwards),ok,sdmx,6,180,0,"",2026-07-29
ISOC_EC_EBUYN2,E-commerce purchases by NACE Rev. 2 activity,ok,sdmx,7,97,0,"",2026-07-29
ISOC_EC_EBUYS,E-commerce purchases by size class of enterprise,ok,sdmx,7,71,0,"",2026-07-29
ISOC_EC_ESELN2,E-commerce sales of enterprises by NACE Rev. 2 activity,ok,sdmx,7,144,0,"",2026-07-29
ISOC_EC_ESELS,E-commerce sales of enterprises by size class of enterprise,ok,sdmx,7,103,0,"",2026-07-29
ISOC_EC_EVALN2,Value of e-commerce sales by NACE Rev. 2 activity,ok,sdmx,7,127,0,"",2026-07-29
ISOC_EC_EVALN2M,Monetary value of e-commerce sales by NACE Rev. 2 activity,ok,sdmx,7,108,0,"",2026-07-29
ISOC_EC_EVALS,Value of e-commerce sales by size class of enterprise,ok,sdmx,7,86,0,"",2026-07-29
ISOC_EC_EVALSM,Monetary value of e-commerce sales by size class of enterprise,ok,sdmx,7,65,0,"",2026-07-29
ISOC_EC_IB20,Internet purchases by individuals (2020 onwards),ok,sdmx,6,211,0,"",2026-07-29
ISOC_EC_IBGS,Internet purchases - goods or services (2020 onwards),ok,sdmx,6,220,0,"",2026-07-29
ISOC_EC_IBGS$DV_901,Internet purchases - goods or services (2020 onwards),error,"",0,0,1,"HTTPStatusError: Client error '404 Not Found' for url 'https://ec.europa.eu/eurostat/api/dissemination/sdmx/2.1/datastructure/ESTAT/ISOC_EC_IBGS$DV_901'
For more information check: https://developer.m",2026-07-29
ISOC_EC_IBM,Internet purchases - money spent (2020-2021),ok,sdmx,6,140,0,"",2026-07-29
ISOC_EC_IBOS,Internet purchases - origin of sellers (2020-2023),ok,sdmx,6,162,0,"",2026-07-29
ISOC_EC_IBUY,Internet purchases by individuals (2002-2019),ok,sdmx,6,249,0,"",2026-07-29
ISOC_EC_IBUY$DV_308,Internet purchases by individuals (2002-2019),error,"",0,0,1,"HTTPStatusError: Client error '404 Not Found' for url 'https://ec.europa.eu/eurostat/api/dissemination/sdmx/2.1/datastructure/ESTAT/ISOC_EC_IBUY$DV_308'
For more information check: https://developer.m",2026-07-29
ISOC_EC_IBUY$DV_314,Internet purchases by individuals (2002-2019),error,"",0,0,1,"HTTPStatusError: Client error '404 Not Found' for url 'https://ec.europa.eu/eurostat/api/dissemination/sdmx/2.1/datastructure/ESTAT/ISOC_EC_IBUY$DV_314'
For more information check: https://developer.m",2026-07-29
ISOC_EC_IFI,Financial activities over the internet (2016-2019),ok,sdmx,6,139,0,"",2026-07-29
ISOC_EC_IFI20,Financial activities over the internet (2020 onwards),ok,sdmx,6,174,0,"",2026-07-29
ISOC_EC_IFI20$DV_2903,Financial activities over the internet (2020 onwards),error,"",0,0,1,"HTTPStatusError: Client error '404 Not Found' for url 'https://ec.europa.eu/eurostat/api/dissemination/sdmx/2.1/datastructure/ESTAT/ISOC_EC_IFI20$DV_2903'
For more information check: https://developer",2026-07-29
ISOC_EC_INB,Perceived barriers to buying/ordering over the internet (2002-2019),ok,sdmx,6,165,0,"",2026-07-29
ISOC_EC_INB$DV_540,Perceived barriers to buying/ordering over the internet (2002-2019),error,"",0,0,1,"HTTPStatusError: Client error '404 Not Found' for url 'https://ec.europa.eu/eurostat/api/dissemination/sdmx/2.1/datastructure/ESTAT/ISOC_EC_INB$DV_540'
For more information check: https://developer.mo",2026-07-29
ISOC_EC_INB21,Internet purchases - perceived barriers (2021),ok,sdmx,6,132,0,"",2026-07-29
ISOC_EC_IPRB,Problems encountered by individuals when buying/ordering over the internet (2002-2019),ok,sdmx,6,171,0,"",2026-07-29
ISOC_EC_IPRB$DV_541,Problems encountered by individuals when buying/ordering over the internet (2002-2019),error,"",0,0,1,"HTTPStatusError: Client error '404 Not Found' for url 'https://ec.europa.eu/eurostat/api/dissemination/sdmx/2.1/datastructure/ESTAT/ISOC_EC_IPRB$DV_541'
For more information check: https://developer.m",2026-07-29
ISOC_EC_IPRB21,Internet purchases - problems encountered (2021 onwards),ok,sdmx,6,153,0,"",2026-07-29
ISOC_EC_WSOBS,Obstacles for web sales by size class of enterprise,ok,sdmx,7,65,0,"",2026-07-29
ISOC_EC_WSOBSN2,Obstacles for web sales by NACE Rev. 2 activity,ok,sdmx,7,108,0,"",2026-07-29
ISOC_EID_IEID,Use of electronic identification (eID),ok,sdmx,6,163,0,"",2026-07-29
ISOC_ENV_ICT_AE,Air emissions from the ICT sector by NACE Rev. 2 activity,ok,sdmx,6,76,0,"",2026-07-29
ISOC_ENV_ICT_AEC,Contribution of the ICT sector to the air emissions in the economy by NACE Rev. 2 activity,ok,sdmx,6,73,0,"",2026-07-29
ISOC_ENV_ICT_AED,Distribution of air emissions from the ICT sector by NACE Rev. 2 activity,ok,sdmx,6,72,0,"",2026-07-29
ISOC_ENV_ICT_NRG,Data centres' electricity consumption,ok,sdmx,6,51,0,"",2026-07-29
ISOC_E_CVD,Covid-19 Impact on ICT usage by size class of enterprise,ok,sdmx,7,59,0,"",2026-07-29
ISOC_E_CVDN2,Covid-19 Impact on ICT usage by NACE Rev. 2 activity,ok,sdmx,7,101,0,"",2026-07-29
ISOC_E_DII,Digital Intensity by size class of enterprise,ok,sdmx,7,82,0,"",2026-07-29
ISOC_E_DIIN2,Digital Intensity by NACE Rev. 2 activity,ok,sdmx,7,122,0,"",2026-07-29
ISOC_E_ENVN2,ICT and environment by NACE Rev. 2 activity,ok,sdmx,7,103,0,"",2026-07-29
ISOC_E_ENVS,ICT and environment by size class of enterprise,ok,sdmx,7,61,0,"",2026-07-29
ISOC_IC_BIPER2,R&D personnel in ICT sector as % of total R&D personnel by NACE Rev. 2 activity,ok,sdmx,5,74,0,"",2026-07-29
ISOC_IIOT_BX,Internet of Things - barriers to use,ok,sdmx,6,187,0,"",2026-07-29
ISOC_IIOT_USE,Internet of Things - use,ok,sdmx,6,184,0,"",2026-07-29
ISOC_IIU_IUPRB,Individuals - difficulties encountered when using the internet,ok,sdmx,6,140,0,"",2026-07-29
ISOC_IIU_IUXR,Individuals - reasons for not using the internet,ok,sdmx,6,139,0,"",2026-07-29
ISOC_IT_ICT_GD,International trade in ICT goods,ok,sdmx,7,303,0,"",2026-07-29
ISOC_IT_ICT_GS,Share of ICT goods in total international trade in goods,ok,sdmx,7,304,0,"",2026-07-29
ISOC_IT_ICT_SS,Share of ICT services in total international trade in services,ok,sdmx,7,177,0,"",2026-07-29
ISOC_IW_AP,Use of ICT at work and activities performed (2018),ok,sdmx,6,156,0,"",2026-07-29
ISOC_IW_HEM,"Work from home, from an external site or on the move (2018)",ok,sdmx,6,160,0,"",2026-07-29
ISOC_IW_IMP,Impact of ICT on tasks and skills (2018),ok,sdmx,6,171,0,"",2026-07-29
ISOC_PBO,Mobile and fixed broadband internet prices by type of offer (least expensive),ok,sdmx,5,96,0,"",2026-07-29
ISOC_PIBI_RNI,Households - reasons for not having internet access at home (2005-2019),ok,sdmx,6,91,0,"",2026-07-29
ISOC_PIBI_RNI$DV_543,Households - reasons for not having internet access at home (2005-2019),error,"",0,0,1,"HTTPStatusError: Client error '404 Not Found' for url 'https://ec.europa.eu/eurostat/api/dissemination/sdmx/2.1/datastructure/ESTAT/ISOC_PIBI_RNI$DV_543'
For more information check: https://developer.",2026-07-29
ISOC_R_BLT12_I,Individuals who ordered goods or services over the internet for private use,ok,sdmx,5,424,0,"",2026-07-29
ISOC_R_BROAD_H,Households with broadband access,ok,sdmx,4,380,0,"",2026-07-29
ISOC_R_CICCE_USEN2,Cloud computing services by NACE Rev. 2 activity and NUTS 2 region,ok,sdmx,7,200,0,"",2026-07-29
ISOC_R_CISCE_ICN2,Security incidents and consequences by NACE Rev. 2 activity and NUTS 2 region,ok,sdmx,7,165,0,"",2026-07-29
ISOC_R_CISCE_RAN2,"Security policy, measures, risks and staff awareness by NACE Rev. 2 activity and NUTS 2 region",ok,sdmx,7,159,0,"",2026-07-29
ISOC_R_CI_CM_PN2,"Use of computers and the internet by employees, by NACE Rev. 2 activity and NUTS 2 region",ok,sdmx,7,199,0,"",2026-07-29
ISOC_R_CI_IN_EN2,Internet access by NACE Rev. 2 activity and NUTS 2 region,ok,sdmx,7,202,0,"",2026-07-29
ISOC_R_CI_IT_EN2,Type of connections to the internet by NACE Rev. 2 activity and NUTS 2 region,ok,sdmx,7,208,0,"",2026-07-29
ISOC_R_CUX_I,Individuals who have never used a computer (2006-2017),ok,sdmx,4,363,0,"",2026-07-29
ISOC_R_DSKL_I,Individuals' level of digital skills by NUTS 1 region (from 2025 onwards),ok,sdmx,5,152,0,"",2026-07-29
ISOC_R_EB_AIN2,Artificial intelligence by NACE Rev. 2 activity and NUTS 2 region,ok,sdmx,7,212,0,"",2026-07-29
ISOC_R_EB_DAN2,Data analytics by NACE Rev. 2 activity and NUTS 2 region,ok,sdmx,7,202,0,"",2026-07-29
ISOC_R_EB_ICSN2,"Integration with customers/suppliers, supply chain management by NACE Rev. 2 activity and NUTS 2 region",ok,sdmx,7,156,0,"",2026-07-29
ISOC_R_EB_IIPN2,Integration of internal processes by NACE Rev. 2 activity and NUTS 2 region,ok,sdmx,7,202,0,"",2026-07-29
ISOC_R_EC_ESELN2,E-commerce sales of enterprises by NACE Rev. 2 activity and NUTS 2 region,ok,sdmx,7,200,0,"",2026-07-29
ISOC_R_EC_EVALN2,Value of e-commerce sales by NACE Rev. 2 activity and NUTS 2 region,ok,sdmx,7,197,0,"",2026-07-29
ISOC_R_GOV_I,Individuals who used the internet for interaction with public authorities,ok,sdmx,5,413,0,"",2026-07-29
ISOC_R_IACC_H,Households with access to the internet at home,ok,sdmx,4,413,0,"",2026-07-29
ISOC_R_IUMD_I,Individuals who accessed the internet away from home or work (2012-2019),ok,sdmx,4,368,0,"",2026-07-29
ISOC_R_IUSE_I,"Individuals who used the internet, frequency of use and activities",ok,sdmx,5,423,0,"",2026-07-29
ISOC_R_SKE_ITSPEN2,Enterprises that employ ICT specialists by NACE Rev.2 activity and NUTS 2 region,ok,sdmx,7,154,0,"",2026-07-29
ISOC_SKE_FCT,Enterprises - ICT functions performed by size class of enterprise,ok,sdmx,7,85,0,"",2026-07-29
ISOC_SKE_FCTN2,Enterprises - ICT functions performed by NACE Rev.2 activity,ok,sdmx,7,125,0,"",2026-07-29
ISOC_SKE_ITRCRN2,Enterprises that recruited or tried to recruit ICT specialists by NACE Rev.2 activity,ok,sdmx,7,116,0,"",2026-07-29
ISOC_SKE_ITRCRS,Enterprises that recruited or tried to recruit ICT specialists by size class of enterprise,ok,sdmx,7,76,0,"",2026-07-29
ISOC_SKE_ITSPE,Enterprises that employ ICT specialists by size class of enterprise,ok,sdmx,7,67,0,"",2026-07-29
ISOC_SKE_ITSPEN2,Enterprises that employ ICT specialists by NACE Rev.2 activity,ok,sdmx,7,107,0,"",2026-07-29
ISOC_SKE_ITTN2,Enterprises that provided training to develop/upgrade ICT skills of their personnel by NACE Rev.2 activity,ok,sdmx,7,111,0,"",2026-07-29
ISOC_SKE_ITTS,Enterprises that provided training to develop/upgrade ICT skills of their personnel by size class of enterprise,ok,sdmx,7,71,0,"",2026-07-29
ISOC_SKI_ITAGE,Employed persons with information and communications technology (ICT) education by age,ok,sdmx,5,67,0,"",2026-07-29
ISOC_SKI_ITEDU,Employed persons with information and communications technology (ICT) education by educational attainment level,ok,sdmx,5,67,0,"",2026-07-29
ISOC_SKI_ITEMP,Persons with information and communications technology (ICT) education by labour status,ok,sdmx,5,67,0,"",2026-07-29
ISOC_SKI_ITSEX,Employed persons with information and communications technology (ICT) education by sex,ok,sdmx,5,67,0,"",2026-07-29
ISOC_SKS_ITSPA,Employed information and communications technology (ICT) specialists by age,ok,sdmx,5,64,0,"",2026-07-29
ISOC_SKS_ITSPA$DV_1847,Employed information and communications technology (ICT) specialists by age,error,"",0,0,1,"HTTPStatusError: Client error '404 Not Found' for url 'https://ec.europa.eu/eurostat/api/dissemination/sdmx/2.1/datastructure/ESTAT/ISOC_SKS_ITSPA$DV_1847'
For more information check: https://develope",2026-07-29
ISOC_SKS_ITSPE,Employed information and communications technology (ICT) specialists by educational attainment level,ok,sdmx,5,65,0,"",2026-07-29
ISOC_SKS_ITSPN2,Employed information and communications technology (ICT) specialists by NACE Rev. 2 activity (2008-2026),ok,sdmx,5,99,0,"",2026-07-29
ISOC_SKS_ITSPS,Employed information and communications technology (ICT) specialists by sex,ok,sdmx,5,64,0,"",2026-07-29
ISOC_SKS_ITSPS$DV_1846,Employed information and communications technology (ICT) specialists by sex,error,"",0,0,1,"HTTPStatusError: Client error '404 Not Found' for url 'https://ec.europa.eu/eurostat/api/dissemination/sdmx/2.1/datastructure/ESTAT/ISOC_SKS_ITSPS$DV_1846'
For more information check: https://develope",2026-07-29
ISOC_SKS_ITSPT,Employed information and communications technology (ICT) specialists,ok,sdmx,4,62,0,"",2026-07-29
ISOC_SK_CSKL_I,Individuals' level of computer skills (2003-2019),ok,sdmx,6,214,0,"",2026-07-29
ISOC_SK_CSKL_I$DV_266,Individuals' level of computer skills (2003-2019),error,"",0,0,1,"HTTPStatusError: Client error '404 Not Found' for url 'https://ec.europa.eu/eurostat/api/dissemination/sdmx/2.1/datastructure/ESTAT/ISOC_SK_CSKL_I$DV_266'
For more information check: https://developer",2026-07-29
ISOC_SK_CSKL_I21,Individuals' level of computer skills (2021 onwards),ok,sdmx,6,163,0,"",2026-07-29
ISOC_SK_DSKL_I,Individuals' level of digital skills (2015-2019),ok,sdmx,6,183,0,"",2026-07-29
ISOC_SK_DSKL_I$DV_317,Individuals' level of digital skills (2015-2019),error,"",0,0,1,"HTTPStatusError: Client error '404 Not Found' for url 'https://ec.europa.eu/eurostat/api/dissemination/sdmx/2.1/datastructure/ESTAT/ISOC_SK_DSKL_I$DV_317'
For more information check: https://developer",2026-07-29
ISOC_SK_DSKL_I21,Individuals' level of digital skills (from 2021 onwards),ok,sdmx,6,208,0,"",2026-07-29
ISOC_SK_DSKL_I21$DV_2882,Individuals' level of digital skills (from 2021 onwards),error,"",0,0,1,"HTTPStatusError: Client error '404 Not Found' for url 'https://ec.europa.eu/eurostat/api/dissemination/sdmx/2.1/datastructure/ESTAT/ISOC_SK_DSKL_I21$DV_2882'
For more information check: https://develo",2026-07-29
ISOC_SK_EDIC_I21,"Evaluating data, information and digital content (2021 onwards)",ok,sdmx,6,163,0,"",2026-07-29
ISOC_SK_HOW_I,Way of obtaining ICT skills (2005-2018),ok,sdmx,6,193,0,"",2026-07-29
ISOC_SK_HOW_I$DV_264,Way of obtaining ICT skills (2005-2018),error,"",0,0,1,"HTTPStatusError: Client error '404 Not Found' for url 'https://ec.europa.eu/eurostat/api/dissemination/sdmx/2.1/datastructure/ESTAT/ISOC_SK_HOW_I$DV_264'
For more information check: https://developer.",2026-07-29
ISOC_SK_OJA1,"Labour market demand for ICT specialists in online job advertisements, by NUTS 2 region - experimental statistics",ok,sdmx,4,359,0,"",2026-07-29
ISOC_SK_OJA2,Distribution by occupation (ISCO-08) of the labour market demand for ICT specialists in online job advertisements - experimental statistics,ok,sdmx,5,68,0,"",2026-07-29
ISOC_SK_OJA3,"Percentage change in the number of online job advertisements for ICT specialists, by NUTS 2 region - experimental statistics",ok,sdmx,4,353,0,"",2026-07-29
ISOC_TF,Fixed broadband internet traffic,ok,sdmx,4,47,0,"",2026-07-29
ISOC_TMI,Mobile broadband internet traffic (within the country),ok,sdmx,4,55,0,"",2026-07-29
ISOC_TMO,Mobile broadband internet traffic (outside the country),ok,sdmx,4,41,0,"",2026-07-29
ISS_11ACTRL,Enterprises by control of foreign affiliates and economic activity - experimental statistics,ok,sdmx,7,41,0,"",2026-07-29
ISS_11ADEVEMP,Development of employment in foreign affiliates by business function and economic activity (2009-2011) - experimental statistics,ok,sdmx,8,37,0,"",2026-07-29
ISS_11AESTEMP,"Control of foreign affiliates and estimated employment by business function, country location of affiliates and economic activity - experimental statistics",ok,sdmx,8,47,0,"",2026-07-29
ISS_11DDEVEMP,"Development of employment of the enterprise by business function, sourcing status and economic activity (2009-2011) - experimental statistics",ok,sdmx,9,42,0,"",2026-07-29
ISS_11DESTEMP,Estimated employment by business function and economic activity - experimental statistics,ok,sdmx,7,35,0,"",2026-07-29
ISS_11GENTGI,Enterprises by enterprise group identification and economic activity - experimental statistics,ok,sdmx,7,46,0,"",2026-07-29
ISS_11GENTGISS,"Enterprises by enterprise group identification, sourcing status and economic activity - experimental statistics",ok,sdmx,8,33,0,"",2026-07-29
ISS_11SBBAR,Barriers considered for international sourcing by sourcing status and economic activity (2009-2011) - experimental statistics,ok,sdmx,9,45,0,"",2026-07-29
ISS_11SBGRID,"Enterprises by enterprise group identification, motivation for international sourcing and economic activity (2009-2011) - experimental statistics",ok,sdmx,9,42,0,"",2026-07-29
ISS_11SBMOT,Motivation factors for international sourcing by economic activity (2009-2011) - experimental statistics,ok,sdmx,8,39,0,"",2026-07-29
ISS_11SBPROX,"Importance of physical proximity of support business functions to the core business function by business function, sourcing status and economic activity - experimental statistics",ok,sdmx,9,39,0,"",2026-07-29
ISS_11SFDEST,Country destination of international sourcing by business function and economic activity (2009-2011) - experimental statistics,ok,sdmx,8,46,0,"",2026-07-29
ISS_11SFJOB,Jobs lost by business function and economic activity (2009-2011) - experimental statistics,ok,sdmx,7,34,0,"",2026-07-29
ISS_11SFPART,Kind of business partner by business function and economic activity (2009-2011) - experimental statistics,ok,sdmx,8,37,0,"",2026-07-29
ISS_11SFSOUR,Sourcing status by business function and economic activity (2009-2011) - experimental statistics,ok,sdmx,8,39,0,"",2026-07-29
ISS_11SRENTBCK,Enterprises by backsourcing status (2009-2011) - experimental statistics,ok,sdmx,7,28,0,"",2026-07-29
ISS_11SRENTLOC,Enterprises by relocation status (2009-2011) - experimental statistics,ok,sdmx,7,28,0,"",2026-07-29
ISS_11SRMOT,Motivation factors for backsourcing (2009-2011) - experimental statistics,ok,sdmx,8,36,0,"",2026-07-29
ISS_18BFBCK,Enterprises by movement of business functions from abroad and by NACE Rev.2 activity - experimental statistics,ok,sdmx,7,28,0,"",2026-07-29
ISS_18BFMMAG,Enterprises by type of movement of business functions from abroad and by NACE Rev.2 activity - experimental statistics,ok,sdmx,7,30,0,"",2026-07-29
ISS_18BFMOT,Enterprises by motivation factors for moving business functions from abroad and by NACE Rev.2 activity - experimental statistics,ok,sdmx,8,39,0,"",2026-07-29
ISS_18BFMOVE,"Enterprises by status of movement of business functions from abroad, business function and NACE Rev.2 activity - experimental statistics",ok,sdmx,8,29,0,"",2026-07-29
ISS_18EMBF,Estimated employment by business function and by NACE Rev.2 activity - experimental statistics,ok,sdmx,7,35,0,"",2026-07-29
ISS_18GENEG,Enterprises by enterprise group identification and by NACE Rev.2 activity - experimental statistics,ok,sdmx,7,45,0,"",2026-07-29
ISS_18GENENS,"Enterprises by enterprise group identification, sourcing status and NACE Rev.2 activity - experimental statistics",ok,sdmx,8,32,0,"",2026-07-29
ISS_18MEG,"Enterprises by enterprise group identification, motivation for international sourcing and NACE Rev.2 activity - experimental statistics",ok,sdmx,9,41,0,"",2026-07-29
ISS_18MSO,Enterprises by motivation factors for international sourcing and by NACE Rev.2 activity - experimental statistics,ok,sdmx,8,38,0,"",2026-07-29
ISS_18SOBAR,"Enterprises by barriers considered for international sourcing, sourcing status and NACE Rev.2 activity - experimental statistics",ok,sdmx,9,43,0,"",2026-07-29
ISS_18SOBFEC,Enterprises by sourcing status and by NACE Rev.2 activity - experimental statistics,ok,sdmx,7,41,0,"",2026-07-29
ISS_18SODEST,"Enterprises by country destination of international sourcing, business function and NACE Rev.2 activity - experimental statistics",ok,sdmx,8,45,0,"",2026-07-29
ISS_18SOJOBL,Jobs relocated abroad by business functions and by NACE Rev.2 activity - experimental statistics,ok,sdmx,7,35,0,"",2026-07-29
ISS_18SOJOBN,Jobs created by NACE Rev.2 activity - experimental statistics,ok,sdmx,6,25,0,"",2026-07-29
ISS_18SOPART,"Enterprises by business partner, business function and NACE Rev.2 activity - experimental statistics",ok,sdmx,8,40,0,"",2026-07-29
ISS_21COVB,"Enterprises by type of trade barrier due to COVID-19, level of impact of COVID-19 and NACE Rev.2 activity aggregate - experimental statistics",ok,sdmx,8,37,0,"",2026-07-29
ISS_21COVIS,Enterprises by type of COVID-19 impact on international sourcing - experimental statistics,ok,sdmx,7,34,0,"",2026-07-29
ISS_21COVT,Enterprises by impact of COVID-19 on turnover and NACE rev.2 activity aggregate - experimental statistics,ok,sdmx,8,25,0,"",2026-07-29
ISS_21EMBF,"Employees and self-employed persons by business function, NACE Rev.2 activity aggregate and size class - experimental statistics",ok,sdmx,8,39,0,"",2026-07-29
ISS_21GVCBA,Enterprises by type of buyer power asymmetry in the global value chain and NACE rev.2 activity aggregate - experimental statistics,ok,sdmx,7,18,0,"",2026-07-29
ISS_21GVCMS,Enterprises by means of services supply and NACE rev.2 activity aggregate - experimental statistics,ok,sdmx,7,20,0,"",2026-07-29
ISS_21GVCPG,"Enterprises purchasing goods from abroad by type of goods, business partner and trade region - experimental statistics",ok,sdmx,9,42,0,"",2026-07-29
ISS_21GVCPS,"Enterprises purchasing services from abroad by type of services, business partner and trade region - experimental statistics",ok,sdmx,9,43,0,"",2026-07-29
ISS_21GVCSA,Enterprises by type of supplier power asymmetry in the global value chain and NACE rev.2 activity aggregate - experimental statistics,ok,sdmx,7,18,0,"",2026-07-29
ISS_21GVCSG,"Enterprises supplying goods abroad by type of goods, business partner and trade region - experimental statistics",ok,sdmx,9,42,0,"",2026-07-29
ISS_21GVCSS,"Enterprises supplying services abroad by type of services, business partner and trade region - experimental statistics",ok,sdmx,9,43,0,"",2026-07-29
ISS_21MSO,"Enterprises by motivation factors for international sourcing, level of importance of motivation factors and NACE Rev.2 activity aggregate - experimental statistics",ok,sdmx,8,39,0,"",2026-07-29
ISS_21SOBAR,"Enterprises by barriers considered for international sourcing, level of importance of barriers and NACE Rev.2 activity aggregate - experimental statistics",ok,sdmx,8,41,0,"",2026-07-29
ISS_21SOBFEC,Enterprises by international sourcing status and NACE Rev.2 activity - experimental statistics,ok,sdmx,7,45,0,"",2026-07-29
ISS_21SODEST,"Enterprises by NACE Rev.2 activity aggregate, destination of international sourcing and type of business functions - experimental statistics",ok,sdmx,8,49,0,"",2026-07-29
ISS_21SOJOBL,"Jobs lost or relocated abroad as a result of international sourcing by NACE Rev.2 activity aggregate, business function and job skill requirement - experimental statistics",ok,sdmx,8,39,0,"",2026-07-29
ISS_21SOJOBN,"Jobs created as a result of international sourcing by NACE Rev.2 activity aggregate, business function and job skill requirement - experimental statistics",ok,sdmx,8,39,0,"",2026-07-29
ISS_21SOPART,"Enterprises sourcing business functions abroad by NACE Rev.2 activity aggregate, type of business function and business partner - experimental statistics",ok,sdmx,9,43,0,"",2026-07-29
ISS_21SOPREF,Enterprises by international sourcing status prior to the reference period and NACE Rev.2 activity aggregate - experimental statistics,ok,sdmx,7,16,0,"",2026-07-29
ISS_21SOPTC,"Enterprises sourcing complete business functions abroad by NACE Rev.2 activity aggregate, type of business function and business partner - experimental statistics",ok,sdmx,9,43,0,"",2026-07-29
ISS_21SOPTCD,"Enterprises sourcing complete business functions domestically by NACE Rev.2 activity aggregate, type of business function and business partner - experimental statistics",ok,sdmx,9,31,0,"",2026-07-29
ISS_21SOPTD,"Enterprises sourcing business functions domestically by NACE Rev.2 activity aggregate, type of business function and business partner - experimental statistics",ok,sdmx,9,31,0,"",2026-07-29
ISS_BARR,Importance of barriers met for engaging in international sourcing of activities by sourcing status and economic activity (figures and %) - collection round 2007 - experimental statistics,ok,sdmx,8,54,0,"",2026-07-29
ISS_CTRY,Country destination for international sourcing by enterprises currently planning to engage in international sourcing by business functions and economic activity (figures and %) - collection round 2007 - experimental statistics,ok,sdmx,8,53,0,"",2026-07-29
ISS_DEST,Destination country of international sourcing by business functions and economic activity - collection round 2007 - experimental statistics,ok,sdmx,7,53,0,"",2026-07-29
ISS_ECON,Enterprises by sourcing and economic activity - collection round 2007 - experimental statistics,ok,sdmx,6,36,0,"",2026-07-29
ISS_EMPL,Level of expected impact on employment of international sourcing by enterprises currently engaged or planning to engage in international sourcing by sourcing status and economic activity (figures and %) - collection round 2007 - experimental statistics,ok,sdmx,8,43,0,"",2026-07-29
ISS_FAC,Importance of motivation factors for international sourcing by economic activity - collection round 2007 - experimental statistics,ok,sdmx,7,46,0,"",2026-07-29
ISS_FUNC,Domestic or international sourcing of different business functions by economic activity - collection round 2007 - experimental statistics,ok,sdmx,7,47,0,"",2026-07-29
ISS_IMP,Impact level of international sourcing activities by economic activity - collection round 2007 - experimental statistics,ok,sdmx,7,44,0,"",2026-07-29
ISS_JOB,Job loss and creation as a result of international sourcing activity by economic activity - collection round 2007 - experimental statistics,ok,sdmx,6,41,0,"",2026-07-29
ISS_PART,Kind of business partners engaged in international sourcing by business function and economic activity - collection round 2007 - experimental statistics,ok,sdmx,7,48,0,"",2026-07-29
ISS_PLAN,Importance of motivation factors for international sourcing by enterprises currently planning to engage in international sourcing by economic activity (figures and %) - collection round 2007 - experimental statistics,ok,sdmx,8,47,0,"",2026-07-29
ISS_STAT,Enterprises by sourcing status and enterprise group identification - collection round 2007 - experimental statistics,ok,sdmx,6,28,0,"",2026-07-29
IWW_AC_NBAC,Accidents in inland waterway transport,ok,sdmx,5,44,0,"",2026-07-29
IWW_EC_EMPLOY,Employment in inland waterways transport enterprises by number of vessels in enterprises (1990 - 2012),ok,sdmx,5,49,0,"",2026-07-29
IWW_EC_EMPSEX,Employment in inland waterways transport enterprises by sex (1990 - 2012),ok,sdmx,5,44,0,"",2026-07-29
IWW_EC_ENT_C,Carrying capacity of the inland waterway transport enterprises vessels by number of vessels in enterprises (1990 - 2012),ok,sdmx,5,50,0,"",2026-07-29
IWW_EC_ENT_N,Inland waterway transport enterprises by number of vessels (1990 - 2012),ok,sdmx,5,52,0,"",2026-07-29
IWW_EC_INVEST,Expenditure on inland waterway transport infrastructure and freight vessels,ok,sdmx,5,67,0,"",2026-07-29
IWW_EQ_AGE,"Self-propelled vessels, tugs and pushers and their power by year of construction",ok,sdmx,6,74,0,"",2026-07-29
IWW_EQ_AGE_LOA,Load capacity of self-propelled vessels by year of construction,ok,sdmx,5,66,0,"",2026-07-29
IWW_EQ_LOADCAP,"Self-propelled vessels, dumb and pushed vessels by load capacity",ok,sdmx,6,77,0,"",2026-07-29
IWW_EQ_POWER_LO,Power of self-propelled vessels by load capacity,ok,sdmx,5,66,0,"",2026-07-29
IWW_GO_ACSIZE,Container transport by size of container,ok,sdmx,7,58,0,"",2026-07-29
IWW_GO_ACTYGF07,Container transport by type of goods and country/region of loading and unloading (2007),ok,sdmx,7,81,0,"",2026-07-29
IWW_GO_ACTYGO,Container transport by type of goods and coverage (from 2007 onwards),ok,sdmx,6,138,0,"",2026-07-29
IWW_GO_ACTYGO07,Container transport by type of goods and coverage (2007),ok,sdmx,6,40,0,"",2026-07-29
IWW_GO_ACTYGOFL,Container transport by type of goods and country/region of loading and unloading (from 2007 onwards),ok,sdmx,7,574,0,"",2026-07-29
IWW_GO_ADAGO,Inland waterway transport of dangerous goods,ok,sdmx,6,51,0,"",2026-07-29
IWW_GO_ANAVE,Inland waterway transport by nationality of vessel and coverage,ok,sdmx,6,159,0,"",2026-07-29
IWW_GO_ANAVEF06,Inland waterway transport by nationality of vessel and country/region of loading and unloading (1982-2006),ok,sdmx,7,363,0,"",2026-07-29
IWW_GO_ANAVEFL,Inland waterway transport by nationality of vessel and country/region of loading and unloading (2007 onwards),ok,sdmx,7,858,0,"",2026-07-29
IWW_GO_APORT,Freight loaded and unloaded in ports for inland waterway transport,ok,sdmx,5,777,0,"",2026-07-29
IWW_GO_ATYCA,"Inland waterway transport by type of cargo, type of goods and coverage",ok,sdmx,7,139,0,"",2026-07-29
IWW_GO_ATYCAFL,Inland waterway transport by type of cargo and country/region of loading and unloading,ok,sdmx,7,658,0,"",2026-07-29
IWW_GO_ATYGO,Transport by type of good (from 2007 onwards with NST2007),ok,sdmx,7,155,0,"",2026-07-29
IWW_GO_ATYGO07,Transport by type of good (1982-2007),ok,sdmx,7,86,0,"",2026-07-29
IWW_GO_ATYGOF07,Inland waterway transport by type of goods and country/region of loading and unloading (1982-2007),ok,sdmx,7,435,0,"",2026-07-29
IWW_GO_ATYGOFL,Transport by type of good (country/regional flows from 2007 onwards),ok,sdmx,7,873,0,"",2026-07-29
IWW_GO_ATYVE,Transport by type of vessel,ok,sdmx,6,80,0,"",2026-07-29
IWW_GO_ATYVEFL,Transport by type of vessel (country/regional flows),ok,sdmx,7,783,0,"",2026-07-29
IWW_GO_QCNAVE,"Container transport by nationality of vessel, loading status and coverage - quarterly data",ok,sdmx,7,150,0,"",2026-07-29
IWW_GO_QNAVE,Inland waterway transport by nationality of vessel and coverage - quarterly data,ok,sdmx,6,294,0,"",2026-07-29
IWW_IF_HORDIM,"Navigable inland waterways, by horizontal dimensions of vessels and pushed convoys",ok,sdmx,5,75,0,"",2026-07-29
IWW_IF_INFRASTR,Length of navigable inland waterways by waterway type,ok,sdmx,5,73,0,"",2026-07-29
IWW_TF_VETF,Vessel traffic,ok,sdmx,6,35,0,"",2026-07-29
JVS_A_ISCO3_R1,Job vacancy statistics by occupation and NUTS 1 region (OJA breakdowns) - annual data – experimental statistics,ok,sdmx,6,241,0,"",2026-07-29
JVS_A_NACE1,"Job vacancy statistics by occupation, NUTS 2 region and NACE Rev. 1.1 activity - annual data (2000-2008)",ok,sdmx,7,249,0,"",2026-07-29
JVS_A_NACE2,"Job vacancy statistics by occupation, NUTS 2 region and NACE Rev. 2 activity - annual data (2008-2015)",ok,sdmx,7,199,0,"",2026-07-29
JVS_A_R21,Job vacancy rate by NACE Rev. 2.1 activity - annual data,ok,sdmx,6,89,0,"",2026-07-29
JVS_A_RATE_R2,Job vacancy rate by NACE Rev. 2 activity - annual data (2008-2025),ok,sdmx,6,91,0,"",2026-07-29
JVS_Q_ISCO_R2,"Job vacancy statistics by NACE Rev. 2 activity, occupation and NUTS 2 region - quarterly data (2001-2025)",ok,sdmx,8,257,0,"",2026-07-29
JVS_Q_ISCO_R21,"Job vacancy statistics by NACE Rev. 2.1 activity, occupation and NUTS 2 region - quarterly data",ok,sdmx,8,244,0,"",2026-07-29
JVS_Q_NACE1,Job vacancy statistics by NACE Rev. 1.1 activity - quarterly data (2001Q1-2009Q4),ok,sdmx,7,94,0,"",2026-07-29
JVS_Q_NACE2,Job vacancy statistics by NACE Rev. 2 activity - quarterly data (2001-2025),ok,sdmx,7,175,0,"",2026-07-29
JVS_Q_R21,Job vacancy statistics by NACE Rev. 2.1 activity - quarterly data (from 2001 onwards),ok,sdmx,7,178,0,"",2026-07-29
LAN_LCV_ART,Land covered by artificial surfaces by NUTS 2 region,ok,sdmx,5,476,0,"",2026-07-29
LAN_LCV_ARTI,Land covered by artificial surfaces - index,ok,sdmx,4,43,0,"",2026-07-29
LAN_LCV_FAO,Land cover for FAO Forest categories by NUTS 2 region,ok,sdmx,5,469,0,"",2026-07-29
LAN_LCV_OVW,Land cover overview by NUTS 2 region,ok,sdmx,5,557,0,"",2026-07-29
LAN_SETTL,Settlement area,ok,sdmx,4,47,0,"",2026-07-29
LAN_USE_OVW,Land use overview by NUTS 2 region,ok,sdmx,5,484,0,"",2026-07-29
LC_AN_COSTH,Hourly labour costs by NACE Rev. 1.1 activity,ok,sdmx,5,68,0,"",2026-07-29
LC_AN_COSTM,Monthly labour costs by NACE Rev. 1.1 activity,ok,sdmx,5,67,0,"",2026-07-29
LC_AN_COST_R2,Labour costs by NACE Rev. 2 activity,ok,sdmx,7,83,0,"",2026-07-29
LC_AN_STRUC,Structure of labour cost by NACE Rev. 1.1 activity,ok,sdmx,6,70,0,"",2026-07-29
LC_AN_STRUC_R2,Structure of labour cost by NACE Rev. 2 activity,ok,sdmx,7,81,0,"",2026-07-29
LC_LCI_LEV,Labour cost levels by NACE Rev. 2 activity,ok,sdmx,6,89,0,"",2026-07-29
LC_LCI_R1_A,"Labour cost index by NACE Rev. 1.1 activity - nominal value, annual data",ok,sdmx,6,77,0,"",2026-07-29
LC_LCI_R1_COW,Labour cost index by NACE Rev. 1.1 activity - country weights,ok,sdmx,4,50,0,"",2026-07-29
LC_LCI_R1_ITW,Labour cost index by NACE Rev. 1.1 activity - item weights,ok,sdmx,5,62,0,"",2026-07-29
LC_LCI_R1_Q,"Labour cost index by NACE Rev. 1.1 activity - nominal value, quarterly data",ok,sdmx,7,119,0,"",2026-07-29
LC_LCI_R2_A,"Labour cost index by NACE Rev. 2 activity - nominal value, annual data",ok,sdmx,6,103,0,"",2026-07-29
LC_LCI_R2_COW,Labour cost index by NACE Rev. 2 activity - country weights,ok,sdmx,4,61,0,"",2026-07-29
LC_LCI_R2_ITW,Labour cost index by NACE Rev. 2 activity - item weights,ok,sdmx,6,101,0,"",2026-07-29
LC_LCI_R2_Q,"Labour cost index by NACE Rev. 2 activity - nominal value, quarterly data",ok,sdmx,7,198,0,"",2026-07-29
LC_N00COST,"Labour cost, wages and salaries, direct remuneration by NACE Rev. 1.1 activity - LCS survey 2000",ok,sdmx,8,126,0,"",2026-07-29
LC_N00HOUR,"Hours worked compared to hours paid, by NACE Rev. 1.1 activity - LCS survey 2000",ok,sdmx,5,105,0,"",2026-07-29
LC_N00NUM1,"Number of employees, hours worked and paid, by working time and NACE Rev. 1.1 activity - LCS survey 2000",ok,sdmx,8,121,0,"",2026-07-29
LC_N00NUM2,"Average hours worked and paid per employee, by working time and NACE Rev. 1.1 activity - LCS survey 2000",ok,sdmx,8,121,0,"",2026-07-29
LC_N00STRUC,"Structure of labour cost by NACE Rev. 1.1 activity - % of total cost, LCS survey 2000",ok,sdmx,6,139,0,"",2026-07-29
LC_N00STU,"Number of statistical units selected for the survey, by NACE Rev. 1.1 activity - LCS survey 2000",ok,sdmx,7,111,0,"",2026-07-29
LC_N00TEMP,"Temporary staff: labour cost, number of employees and number of hours worked by NACE Rev. 1.1 activity - LCS survey 2000",ok,sdmx,5,87,0,"",2026-07-29
LC_N04COST,"Labour cost, wages and salaries, direct remuneration by NACE Rev. 1.1 activity - LCS survey 2004",ok,sdmx,8,141,0,"",2026-07-29
LC_N04HOUR,"Hours worked compared to hours paid, by NACE Rev. 1.1 activity - LCS survey 2004",ok,sdmx,6,123,0,"",2026-07-29
LC_N04NUM1,"Number of employees, hours worked and paid, by working time and NACE Rev. 1.1 activity - LCS survey 2004",ok,sdmx,8,138,0,"",2026-07-29
LC_N04NUM2,"Average hours worked and paid per employee, by working time and NACE Rev. 1.1 activity - LCS survey 2004",ok,sdmx,8,138,0,"",2026-07-29
LC_N04STRUC,"Structure of labour cost by NACE Rev. 1.1 activity - % of total cost, LCS survey 2004",ok,sdmx,7,158,0,"",2026-07-29
LC_N04STU,"Number of statistical units selected for the survey, by NACE Rev. 1.1 activity - LCS survey 2004",ok,sdmx,7,125,0,"",2026-07-29
LC_N08COST_R1,"Labour cost, wages and salaries, direct remuneration by NACE Rev. 1.1 activity - LCS survey 2008",ok,sdmx,8,135,0,"",2026-07-29
LC_N08HOUR_R1,"Hours worked compared to hours paid, by NACE Rev. 1.1 activity - LCS survey 2008",ok,sdmx,6,125,0,"",2026-07-29
LC_N08NUM1_R1,"Number of employees, hours worked and paid, by working time and NACE Rev. 1.1 activity - LCS survey 2008",ok,sdmx,8,134,0,"",2026-07-29
LC_N08NUM2_R1,"Average hours worked and paid per employee, by working time and NACE Rev. 1.1 activity - LCS survey 2008",ok,sdmx,8,132,0,"",2026-07-29
LC_N08STRUC_R1,"Structure of labour cost by NACE Rev. 1.1 activity - % of total cost, LCS survey 2008",ok,sdmx,7,152,0,"",2026-07-29
LC_N08STU_R1,"Number of statistical units selected for the survey, by NACE Rev. 1.1 activity - LCS survey 2008",ok,sdmx,7,126,0,"",2026-07-29
LC_NCOSTOT_R2,"Labour cost, wages and salaries (including apprentices) by NACE Rev. 2 activity",ok,sdmx,8,179,0,"",2026-07-29
LC_NCOST_R2,"Labour cost, wages and salaries, direct remuneration (excluding apprentices) by NACE Rev. 2 activity",ok,sdmx,8,185,0,"",2026-07-29
LC_NHOUR_R2,"Hours worked compared to hours paid, by NACE Rev. 2 activity",ok,sdmx,6,170,0,"",2026-07-29
LC_NNUM1_R2,"Number of employees, hours worked and paid, by working time and NACE Rev. 2 activity",ok,sdmx,8,186,0,"",2026-07-29
LC_NNUM2_R2,"Average hours worked and paid per employee, by working time and NACE Rev. 2 activity",ok,sdmx,8,184,0,"",2026-07-29
LC_NSTRUC_R2,Structure of labour cost by NACE Rev. 2 activity - % of total cost,ok,sdmx,7,204,0,"",2026-07-29
LC_NSTU_R2,"Number of statistical units selected for the survey, by NACE Rev. 2 activity",ok,sdmx,7,178,0,"",2026-07-29
LC_R00COST,"Labour cost, wages and salaries, direct remuneration by NACE Rev. 1.1 activity and NUTS 1 region - LCS survey 2000",ok,sdmx,8,164,0,"",2026-07-29
LC_R00NUM1,"Number of employees and hours worked, by working time, NACE Rev. 1.1 activity and NUTS 1 region - LCS survey 2000",ok,sdmx,8,162,0,"",2026-07-29
LC_R00NUM2,"Average hours worked per employee, by working time, NACE Rev. 1.1 activity and NUTS 1 region - LCS survey 2000",ok,sdmx,8,159,0,"",2026-07-29
LC_R00STRUC,"Structure of labour cost by NACE Rev. 1.1 activity and NUTS 1 region - % of total cost, LCS survey 2000",ok,sdmx,6,205,0,"",2026-07-29
LC_R00STU,"Number of statistical units selected for the survey, by NACE Rev. 1.1 activity and NUTS 1 region - LCS survey 2000",ok,sdmx,7,133,0,"",2026-07-29
LC_R04COST,"Labour cost, wages and salaries, direct remuneration by NACE Rev. 1.1 activity and NUTS 1 region - LCS survey 2004",ok,sdmx,8,172,0,"",2026-07-29
LC_R04NUM1,"Number of employees and hours worked, by working time, NACE Rev. 1.1 activity and NUTS 1 region - LCS survey 2004",ok,sdmx,8,171,0,"",2026-07-29
LC_R04NUM2,"Average hours worked per employee, by working time, NACE Rev. 1.1 activity and NUTS 1 region - LCS survey 2004",ok,sdmx,8,168,0,"",2026-07-29
LC_R04STRUC,"Structure of labour cost by NACE Rev. 1.1 activity and NUTS 1 region - % of total cost, LCS survey 2004",ok,sdmx,7,178,0,"",2026-07-29
LC_R04STU,"Number of statistical units selected for the survey, by NACE Rev. 1.1 activity and NUTS 1 region - LCS survey 2004",ok,sdmx,7,154,0,"",2026-07-29
LC_RCOST_R2,"Labour cost, wages and salaries, direct remuneration by NACE Rev. 2 activity and NUTS 1 region",ok,sdmx,8,249,0,"",2026-07-29
LC_RNUM1_R2,"Number of employees and hours worked, by working time, NACE Rev. 2 activity and NUTS 1 region",ok,sdmx,8,251,0,"",2026-07-29
LC_RNUM2_R2,"Average hours worked per employee, by working time, NACE Rev. 2 activity and NUTS 1 region",ok,sdmx,8,247,0,"",2026-07-29
LC_RSTRUC_R2,Structure of labour cost by NACE Rev. 2 activity and NUTS 1 region - % of total cost,ok,sdmx,7,257,0,"",2026-07-29
LC_RSTU_R2,"Number of statistical units, by NACE Rev. 2 activity and NUTS 1 region",ok,sdmx,7,243,0,"",2026-07-29
LFSA_AGAED,Labour force by educational attainment level,ok,sdmx,7,122,0,"",2026-07-29
LFSA_AGAN,Labour force by citizenship,ok,sdmx,7,116,0,"",2026-07-29
LFSA_ARGACOB,Labour force participation rates by country of birth,ok,sdmx,7,117,0,"",2026-07-29
LFSA_ARGAED,Labour force participation rates by educational attainment level,ok,sdmx,7,124,0,"",2026-07-29
LFSA_ARGAEDCOB,Labour force participation rates by educational attainment level and country of birth,ok,sdmx,8,106,0,"",2026-07-29
LFSA_ARGAEDDL,Labour force participation rates by level of disability (activity limitation) and educational attainment level,ok,sdmx,8,77,0,"",2026-07-29
LFSA_ARGAEDN,Labour force participation rates by educational attainment level and citizenship,ok,sdmx,8,107,0,"",2026-07-30
LFSA_ARGAN,Labour force participation rates by citizenship,ok,sdmx,7,119,0,"",2026-07-30
LFSA_ARGANEDM,"Labour force participation rates by migration status, citizenship and educational attainment level",ok,sdmx,9,79,0,"",2026-07-30
LFSA_E2GED,Persons having a second job by educational attainment level,ok,sdmx,7,99,0,"",2026-07-30
LFSA_E2GIS,Persons having a second job by occupation in the first job,ok,sdmx,7,104,0,"",2026-07-30
LFSA_E2GPS,Persons having a second job by professional status of both jobs,ok,sdmx,8,108,0,"",2026-07-30
LFSA_EEGAED,Employees by educational attainment level,ok,sdmx,7,111,0,"",2026-07-30
LFSA_EEGAIS,Employees by occupation,ok,sdmx,7,122,0,"",2026-07-30
LFSA_EEGAN2,Employees by economic activity (NACE Rev. 2) (2008-2026),ok,sdmx,7,108,0,"",2026-07-30
LFSA_EEGANA,Employees by economic activity (NACE Rev. 1.1) (1992-2008),ok,sdmx,7,106,0,"",2026-07-30
LFSA_EEGATM,Employees by migration status and employment contract,ok,sdmx,8,68,0,"",2026-07-30
LFSA_EETPGAR,Employees who could not find a permanent or full-time job,ok,sdmx,7,97,0,"",2026-07-30
LFSA_EFTPT,Employed persons by professional status and full-time/part-time employment,ok,sdmx,8,121,0,"",2026-07-30
LFSA_EGAD,Employed persons by job tenure,ok,sdmx,7,92,0,"",2026-07-30
LFSA_EGAD$DV_1742,Employed persons by job tenure,error,"",0,0,1,"HTTPStatusError: Client error '404 Not Found' for url 'https://ec.europa.eu/eurostat/api/dissemination/sdmx/2.1/datastructure/ESTAT/LFSA_EGAD$DV_1742'
For more information check: https://developer.moz",2026-07-30
LFSA_EGAED,Employed persons by educational attainment level,ok,sdmx,7,122,0,"",2026-07-30
LFSA_EGAFTSM,"Employed persons by migration status, professional status and full-time/part-time employment",ok,sdmx,9,73,0,"",2026-07-30
LFSA_EGAI2D,Employed persons by detailed occupation (ISCO-08 two digit level),ok,sdmx,7,117,0,"",2026-07-30
LFSA_EGAIDL,Employed persons by level of disability (activity limitation) and occupation,ok,sdmx,8,82,0,"",2026-07-30
LFSA_EGAIS,Employed persons by professional status and occupation,ok,sdmx,8,125,0,"",2026-07-30
LFSA_EGAIS$DV_574,Employed persons by professional status and occupation,error,"",0,0,1,"HTTPStatusError: Client error '404 Not Found' for url 'https://ec.europa.eu/eurostat/api/dissemination/sdmx/2.1/datastructure/ESTAT/LFSA_EGAIS$DV_574'
For more information check: https://developer.moz",2026-07-30
LFSA_EGAISEDM,"Employed persons by migration status, occupation and educational attainment level",ok,sdmx,9,83,0,"",2026-07-30
LFSA_EGAN,Employed persons by citizenship,ok,sdmx,7,116,0,"",2026-07-30
LFSA_EGAN2,Employed persons by economic activity (NACE Rev. 2) (2008-2026),ok,sdmx,7,106,0,"",2026-07-30
LFSA_EGAN2$DV_3148,Employed persons by economic activity (NACE Rev. 2) (2008-2026),error,"",0,0,1,"HTTPStatusError: Client error '404 Not Found' for url 'https://ec.europa.eu/eurostat/api/dissemination/sdmx/2.1/datastructure/ESTAT/LFSA_EGAN2$DV_3148'
For more information check: https://developer.mo",2026-07-30
LFSA_EGAN22D,Employed persons by detailed economic activity (NACE Rev. 2 two-digit level) (2008-2026),ok,sdmx,7,174,0,"",2026-07-30
LFSA_EGAN22D$DV_3149,Employed persons by detailed economic activity (NACE Rev. 2 two-digit level) (2008-2026),error,"",0,0,1,"HTTPStatusError: Client error '404 Not Found' for url 'https://ec.europa.eu/eurostat/api/dissemination/sdmx/2.1/datastructure/ESTAT/LFSA_EGAN22D$DV_3149'
For more information check: https://developer.",2026-07-30
LFSA_EGANA,Employed persons by economic activity (NACE Rev. 1.1) (1992-2008),ok,sdmx,7,104,0,"",2026-07-30
LFSA_EGANA2D,Employed persons by detailed economic activity (NACE Rev. 1.1 two-digit level) (1992-2008),ok,sdmx,7,143,0,"",2026-07-30
LFSA_EGAPS,Employed persons by professional status,ok,sdmx,7,130,0,"",2026-07-30
LFSA_EGASDL,Employed persons by level of disability (activity limitation) and professional status,ok,sdmx,8,77,0,"",2026-07-30
LFSA_EGASJT,Employed persons by professional status and job tenure,ok,sdmx,7,93,0,"",2026-07-30
LFSA_EGDN2,Employed persons by job tenure and economic activity (NACE Rev. 2) (2008-2026),ok,sdmx,8,98,0,"",2026-07-30
LFSA_EGISED,Employed persons by occupation and educational attainment level,ok,sdmx,8,107,0,"",2026-07-30
LFSA_EHOMP,Employed persons working from home by professional status - % of total employment,ok,sdmx,8,113,0,"",2026-07-30
LFSA_EISN2,Employed persons by occupation and economic activity (NACE Rev. 2) (2008-2026),ok,sdmx,8,98,0,"",2026-07-30
LFSA_ENEWASC,Newly employed by professional status and country of birth - % of persons in current job for 12 months or less in total employment,ok,sdmx,7,88,0,"",2026-07-30
LFSA_ENEWASN,Newly employed by professional status and citizenship - % of persons in current job for 12 months or less in total employment,ok,sdmx,7,89,0,"",2026-07-30
LFSA_EOQGAC,Over-qualification rates by country of birth,ok,sdmx,7,87,0,"",2026-07-30
LFSA_EOQGAC$DV_1882,Over-qualification rates by country of birth,error,"",0,0,1,"HTTPStatusError: Client error '404 Not Found' for url 'https://ec.europa.eu/eurostat/api/dissemination/sdmx/2.1/datastructure/ESTAT/LFSA_EOQGAC$DV_1882'
For more information check: https://developer.m",2026-07-30
LFSA_EOQGAN,Over-qualification rates by citizenship,ok,sdmx,7,88,0,"",2026-07-30
LFSA_EOQGAN$DV_1881,Over-qualification rates by citizenship,error,"",0,0,1,"HTTPStatusError: Client error '404 Not Found' for url 'https://ec.europa.eu/eurostat/api/dissemination/sdmx/2.1/datastructure/ESTAT/LFSA_EOQGAN$DV_1881'
For more information check: https://developer.m",2026-07-30
LFSA_EOQGAN2,Over-qualification rates by economic activity (NACE Rev. 2),ok,sdmx,7,91,0,"",2026-07-30
LFSA_EPGAED,Persons in full-time/part-time employment by educational attainment level,ok,sdmx,8,115,0,"",2026-07-30
LFSA_EPGAIS,Persons in full-time/part-time employment by occupation,ok,sdmx,8,113,0,"",2026-07-30
LFSA_EPGAN2,Persons in full-time/part-time employment by economic activity (NACE Rev. 2) (2008-2026),ok,sdmx,7,88,0,"",2026-07-30
LFSA_EPGAN6,"Persons in full-time/part-time employment by economic activity (NACE Rev. 1.1, A6) (1992-2008)",ok,sdmx,8,94,0,"",2026-07-30
LFSA_EPGANA,Persons in full-time/part-time employment by economic activity (NACE Rev. 1.1) (1992-2008),ok,sdmx,7,86,0,"",2026-07-30
LFSA_EPGAR,Persons in part-time employment by main reason,ok,sdmx,7,118,0,"",2026-07-30
LFSA_EPGAR$DV_575,Persons in part-time employment by main reason,error,"",0,0,1,"HTTPStatusError: Client error '404 Not Found' for url 'https://ec.europa.eu/eurostat/api/dissemination/sdmx/2.1/datastructure/ESTAT/LFSA_EPGAR$DV_575'
For more information check: https://developer.moz",2026-07-30
LFSA_EPGN62,"Persons in full-time/part-time employment by economic activity (NACE Rev. 2, A10) (2008-2026)",ok,sdmx,8,101,0,"",2026-07-30
LFSA_EPPGA,Persons in part-time employment by age - % of total employment,ok,sdmx,6,110,0,"",2026-07-30
LFSA_EPPGACOB,Persons in part-time employment by country of birth - % of total employment,ok,sdmx,7,88,0,"",2026-07-30
LFSA_EPPGAI,Persons in involuntary part-time employment - % of total part-time employment,ok,sdmx,6,110,0,"",2026-07-30
LFSA_EPPGAI$DV_577,Persons in involuntary part-time employment - % of total part-time employment,error,"",0,0,1,"HTTPStatusError: Client error '404 Not Found' for url 'https://ec.europa.eu/eurostat/api/dissemination/sdmx/2.1/datastructure/ESTAT/LFSA_EPPGAI$DV_577'
For more information check: https://developer.mo",2026-07-30
LFSA_EPPGAN,Persons in part-time employment by citizenship - % of total employment,ok,sdmx,7,89,0,"",2026-07-30
LFSA_EPPGAN$DV_1907,Persons in part-time employment by citizenship - % of total employment,error,"",0,0,1,"HTTPStatusError: Client error '404 Not Found' for url 'https://ec.europa.eu/eurostat/api/dissemination/sdmx/2.1/datastructure/ESTAT/LFSA_EPPGAN$DV_1907'
For more information check: https://developer.m",2026-07-30
LFSA_ERGACOB,Employment rates by country of birth,ok,sdmx,7,117,0,"",2026-07-30
LFSA_ERGACOB$DV_1741,Employment rates by country of birth,error,"",0,0,1,"HTTPStatusError: Client error '404 Not Found' for url 'https://ec.europa.eu/eurostat/api/dissemination/sdmx/2.1/datastructure/ESTAT/LFSA_ERGACOB$DV_1741'
For more information check: https://developer.",2026-07-30
LFSA_ERGAED,Employment rates by educational attainment level,ok,sdmx,7,126,0,"",2026-07-30
LFSA_ERGAED$DV_319,Employment rates by educational attainment level,error,"",0,0,1,"HTTPStatusError: Client error '404 Not Found' for url 'https://ec.europa.eu/eurostat/api/dissemination/sdmx/2.1/datastructure/ESTAT/LFSA_ERGAED$DV_319'
For more information check: https://developer.mo",2026-07-30
LFSA_ERGAEDCOB,Employment rates by educational attainment level and country of birth,ok,sdmx,8,106,0,"",2026-07-30
LFSA_ERGAEDN,Employment rates by educational attainment level and citizenship,ok,sdmx,8,108,0,"",2026-07-30
LFSA_ERGAN,Employment rates by citizenship,ok,sdmx,7,118,0,"",2026-07-30
LFSA_ERGAN$DV_1908,Employment rates by citizenship,error,"",0,0,1,"HTTPStatusError: Client error '404 Not Found' for url 'https://ec.europa.eu/eurostat/api/dissemination/sdmx/2.1/datastructure/ESTAT/LFSA_ERGAN$DV_1908'
For more information check: https://developer.mo",2026-07-30
LFSA_ERGANEDM,"Employment rates by migration status, citizenship and educational attainment level",ok,sdmx,9,80,0,"",2026-07-30
LFSA_ERGANEDM$DV_1721,"Employment rates by migration status, citizenship and educational attainment level",error,"",0,0,1,"HTTPStatusError: Client error '404 Not Found' for url 'https://ec.europa.eu/eurostat/api/dissemination/sdmx/2.1/datastructure/ESTAT/LFSA_ERGANEDM$DV_1721'
For more information check: https://developer",2026-07-30
LFSA_ESEGA,Employed persons by European socio-economic group and age,ok,sdmx,6,124,0,"",2026-07-30
LFSA_ESEGATYP,Employed persons working at atypical working time by European socio-economic group - % of total employment,ok,sdmx,6,106,0,"",2026-07-30
LFSA_ESEGED,Employed persons by European socio-economic group and educational attainment level,ok,sdmx,7,115,0,"",2026-07-30
LFSA_ESEGG,Employed persons by European socio-economic group and sex,ok,sdmx,7,111,0,"",2026-07-30
LFSA_ESEGN2,Employed persons by European socio-economic group and NACE Rev. 2 activity (2008-2026),ok,sdmx,7,93,0,"",2026-07-30
LFSA_ESEGP,Employed persons by European socio-economic group and working time,ok,sdmx,7,112,0,"",2026-07-30
LFSA_ESEGT,Employees by European socio-economic group and employment contract,ok,sdmx,7,105,0,"",2026-07-30
LFSA_ESGACOB,Self-employed persons by country of birth,ok,sdmx,8,120,0,"",2026-07-30
LFSA_ESGAED,Self-employed persons by educational attainment level,ok,sdmx,8,115,0,"",2026-07-30
LFSA_ESGAED$DV_581,Self-employed persons by educational attainment level,error,"",0,0,1,"HTTPStatusError: Client error '404 Not Found' for url 'https://ec.europa.eu/eurostat/api/dissemination/sdmx/2.1/datastructure/ESTAT/LFSA_ESGAED$DV_581'
For more information check: https://developer.mo",2026-07-30
LFSA_ESGAIS,Self-employed persons by occupation,ok,sdmx,8,125,0,"",2026-07-30
LFSA_ESGAN,Self-employed persons by citizenship,ok,sdmx,8,121,0,"",2026-07-30
LFSA_ESGAN2,Self-employed persons by economic activity (NACE Rev. 2) (2008-2026),ok,sdmx,8,98,0,"",2026-07-30
LFSA_ESGANA,Self-employed persons by economic activity (NACE Rev. 1.1) (1992-2008),ok,sdmx,8,96,0,"",2026-07-30
LFSA_ETGADC,Temporary employees by duration of the employment contract,ok,sdmx,7,129,0,"",2026-07-30
LFSA_ETGAED,Temporary employees by educational attainment level,ok,sdmx,7,113,0,"",2026-07-30
LFSA_ETGAIS,Temporary employees by occupation,ok,sdmx,7,124,0,"",2026-07-30
LFSA_ETGAN2,Temporary employees by economic activity (NACE Rev. 2) (2008-2026),ok,sdmx,7,110,0,"",2026-07-30
LFSA_ETGANA,Temporary employees by economic activity (NACE Rev. 1.1) (1992-2008),ok,sdmx,7,108,0,"",2026-07-30
LFSA_ETGAR,Temporary employees by main reason,ok,sdmx,7,122,0,"",2026-07-30
LFSA_ETGAR$DV_1081,Temporary employees by main reason,error,"",0,0,1,"HTTPStatusError: Client error '404 Not Found' for url 'https://ec.europa.eu/eurostat/api/dissemination/sdmx/2.1/datastructure/ESTAT/LFSA_ETGAR$DV_1081'
For more information check: https://developer.mo",2026-07-30
LFSA_ETGAR$DV_1873,Temporary employees by main reason,error,"",0,0,1,"HTTPStatusError: Client error '404 Not Found' for url 'https://ec.europa.eu/eurostat/api/dissemination/sdmx/2.1/datastructure/ESTAT/LFSA_ETGAR$DV_1873'
For more information check: https://developer.mo",2026-07-30
LFSA_ETGAR$DV_601,Temporary employees by main reason,error,"",0,0,1,"HTTPStatusError: Client error '404 Not Found' for url 'https://ec.europa.eu/eurostat/api/dissemination/sdmx/2.1/datastructure/ESTAT/LFSA_ETGAR$DV_601'
For more information check: https://developer.moz",2026-07-30
LFSA_ETGAR$DV_622,Temporary employees by main reason,error,"",0,0,1,"HTTPStatusError: Client error '404 Not Found' for url 'https://ec.europa.eu/eurostat/api/dissemination/sdmx/2.1/datastructure/ESTAT/LFSA_ETGAR$DV_622'
For more information check: https://developer.moz",2026-07-30
LFSA_ETPGACOB,Temporary employees by country of birth - % of total employees,ok,sdmx,7,90,0,"",2026-07-30
LFSA_ETPGACOB$DV_1886,Temporary employees by country of birth - % of total employees,error,"",0,0,1,"HTTPStatusError: Client error '404 Not Found' for url 'https://ec.europa.eu/eurostat/api/dissemination/sdmx/2.1/datastructure/ESTAT/LFSA_ETPGACOB$DV_1886'
For more information check: https://developer",2026-07-30
LFSA_ETPGAN,Temporary employees by citizenship - % of total employees,ok,sdmx,7,91,0,"",2026-07-30
LFSA_ETPGAN$DV_1885,Temporary employees by citizenship - % of total employees,error,"",0,0,1,"HTTPStatusError: Client error '404 Not Found' for url 'https://ec.europa.eu/eurostat/api/dissemination/sdmx/2.1/datastructure/ESTAT/LFSA_ETPGAN$DV_1885'
For more information check: https://developer.m",2026-07-30
LFSA_EWH2N2,"Average actual weekly hours worked in the second job of persons who worked in this job during the reference week by professional status, economic activity and full-time/part-time employment in the first job (NACE Rev. 2) (2008-2026)",ok,sdmx,9,107,0,"",2026-07-30
LFSA_EWH2NA,"Average actual weekly hours worked in the second job of persons who worked in this job during the reference week by professional status, economic activity and full-time/part-time employment in the first job (NACE Rev. 1.1) (1992-2008)",ok,sdmx,9,105,0,"",2026-07-30
LFSA_EWHAIS,"Average actual weekly hours worked in the main job of persons who worked in this job during the reference week by professional status, full-time/part-time employment and occupation",ok,sdmx,9,121,0,"",2026-07-30
LFSA_EWHAN2,"Average actual weekly hours worked in the main job of persons who worked in this job during the reference week by professional status, full-time/part-time employment and economic activity (NACE Rev. 2) (2008-2026)",ok,sdmx,9,107,0,"",2026-07-30
LFSA_EWHANA,"Average actual weekly hours worked in the main job of persons who worked in this job during the reference week by professional status, full-time/part-time employment and economic activity (NACE Rev. 1.1) (1992-2008)",ok,sdmx,9,105,0,"",2026-07-30
LFSA_EWHUIS,"Average usual weekly hours worked in the main job by professional status, full-time/part-time employment and occupation",ok,sdmx,9,121,0,"",2026-07-30
LFSA_EWHUN2,"Average usual weekly hours worked in the main job by professional status, full-time/part-time employment and economic activity (NACE Rev. 2) (2008-2026)",ok,sdmx,9,107,0,"",2026-07-30
LFSA_EWHUNA,"Average usual weekly hours worked in the main job by professional status, full-time/part-time employment and economic activity (NACE Rev. 1.1) (1992-2008)",ok,sdmx,9,105,0,"",2026-07-30
LFSA_EWPEVE,Employed persons working in the evenings by professional status - % of total employment,ok,sdmx,8,114,0,"",2026-07-30
LFSA_EWPEVE$DV_604,Employed persons working in the evenings by professional status - % of total employment,error,"",0,0,1,"HTTPStatusError: Client error '404 Not Found' for url 'https://ec.europa.eu/eurostat/api/dissemination/sdmx/2.1/datastructure/ESTAT/LFSA_EWPEVE$DV_604'
For more information check: https://developer.mo",2026-07-30
LFSA_EWPNIG,Employed persons working at nights by professional status - % of total employment,ok,sdmx,8,114,0,"",2026-07-30
LFSA_EWPNIG$DV_605,Employed persons working at nights by professional status - % of total employment,error,"",0,0,1,"HTTPStatusError: Client error '404 Not Found' for url 'https://ec.europa.eu/eurostat/api/dissemination/sdmx/2.1/datastructure/ESTAT/LFSA_EWPNIG$DV_605'
For more information check: https://developer.mo",2026-07-30
LFSA_EWPSAT,Employed persons working on Saturdays by professional status - % of total employment,ok,sdmx,8,114,0,"",2026-07-30
LFSA_EWPSAT$DV_606,Employed persons working on Saturdays by professional status - % of total employment,error,"",0,0,1,"HTTPStatusError: Client error '404 Not Found' for url 'https://ec.europa.eu/eurostat/api/dissemination/sdmx/2.1/datastructure/ESTAT/LFSA_EWPSAT$DV_606'
For more information check: https://developer.mo",2026-07-30
LFSA_EWPSHI,Employees working shifts - % of total employees,ok,sdmx,6,102,0,"",2026-07-30
LFSA_EWPSUN,Employed persons working on Sundays by professional status - % of total employment,ok,sdmx,8,114,0,"",2026-07-30
LFSA_EWPSUN$DV_607,Employed persons working on Sundays by professional status - % of total employment,error,"",0,0,1,"HTTPStatusError: Client error '404 Not Found' for url 'https://ec.europa.eu/eurostat/api/dissemination/sdmx/2.1/datastructure/ESTAT/LFSA_EWPSUN$DV_607'
For more information check: https://developer.mo",2026-07-30
LFSA_IGAED,Persons outside the labour force by educational attainment level,ok,sdmx,7,112,0,"",2026-07-30
LFSA_IGAN,Persons outside the labour force by citizenship,ok,sdmx,7,116,0,"",2026-07-30
LFSA_IGAR,Persons outside the labour force not seeking employment by main reason,ok,sdmx,7,109,0,"",2026-07-30
LFSA_IGAR$DV_1902,Persons outside the labour force not seeking employment by main reason,error,"",0,0,1,"HTTPStatusError: Client error '404 Not Found' for url 'https://ec.europa.eu/eurostat/api/dissemination/sdmx/2.1/datastructure/ESTAT/LFSA_IGAR$DV_1902'
For more information check: https://developer.moz",2026-07-30
LFSA_IGAWW,Persons outside the labour force not seeking employment by willingness to work,ok,sdmx,7,110,0,"",2026-07-30
LFSA_IPGA,Persons outside the labour force - % of total population in private households,ok,sdmx,6,121,0,"",2026-07-30
LFSA_IPGA$DV_610,Persons outside the labour force - % of total population in private households,error,"",0,0,1,"HTTPStatusError: Client error '404 Not Found' for url 'https://ec.europa.eu/eurostat/api/dissemination/sdmx/2.1/datastructure/ESTAT/LFSA_IPGA$DV_610'
For more information check: https://developer.mozi",2026-07-30
LFSA_IPGAEDDL,Persons outside the labour force by level of disability (activity limitation) and educational attainment level - % of total population in private households,ok,sdmx,8,77,0,"",2026-07-30
LFSA_PFGACEDM,"Foreign-born population in private households by main reason for migrating, country of birth and educational attainment level",ok,sdmx,9,74,0,"",2026-07-30
LFSA_PFGANWSM,"Foreign-born population in private households by main reason for migrating, citizenship and labour status",ok,sdmx,9,71,0,"",2026-07-30
LFSA_PGACCPM,"Population in private households by migration status, country of birth and country of birth of parents",ok,sdmx,9,76,0,"",2026-07-30
LFSA_PGACCPM$DV_1802,"Population in private households by migration status, country of birth and country of birth of parents",error,"",0,0,1,"HTTPStatusError: Client error '404 Not Found' for url 'https://ec.europa.eu/eurostat/api/dissemination/sdmx/2.1/datastructure/ESTAT/LFSA_PGACCPM$DV_1802'
For more information check: https://developer.",2026-07-30
LFSA_PGACWS,Population in private households by country of birth and labour status,ok,sdmx,8,119,0,"",2026-07-30
LFSA_PGAED,Population in private households by educational attainment level,ok,sdmx,7,123,0,"",2026-07-30
LFSA_PGAIED,Population in private households by participation in education and training (last 4 weeks),ok,sdmx,7,108,0,"",2026-07-30
LFSA_PGANEDM,"Population in private households by migration status, citizenship and educational attainment level",ok,sdmx,9,79,0,"",2026-07-30
LFSA_PGANEDM$DV_1806,"Population in private households by migration status, citizenship and educational attainment level",error,"",0,0,1,"HTTPStatusError: Client error '404 Not Found' for url 'https://ec.europa.eu/eurostat/api/dissemination/sdmx/2.1/datastructure/ESTAT/LFSA_PGANEDM$DV_1806'
For more information check: https://developer.",2026-07-30
LFSA_PGANWS,Population in private households by citizenship and labour status,ok,sdmx,8,121,0,"",2026-07-30
LFSA_PGAUWS,Population in private households by degree of urbanisation and labour status,ok,sdmx,8,129,0,"",2026-07-30
LFSA_QOE_3A2,Long working hours in the main job by professional status and occupation,ok,sdmx,8,91,0,"",2026-07-30
LFSA_QOE_3A2$DV_608,Long working hours in the main job by professional status and occupation,error,"",0,0,1,"HTTPStatusError: Client error '404 Not Found' for url 'https://ec.europa.eu/eurostat/api/dissemination/sdmx/2.1/datastructure/ESTAT/LFSA_QOE_3A2$DV_608'
For more information check: https://developer.m",2026-07-30
LFSA_QOE_3A4,Weekly working hours by professional status and occupation,ok,sdmx,9,104,0,"",2026-07-30
LFSA_QOE_3B3,Work on weekends by professional status and occupation,ok,sdmx,8,88,0,"",2026-07-30
LFSA_QOE_4A2,Job tenure by professional status and occupation,ok,sdmx,9,94,0,"",2026-07-30
LFSA_QOE_4A6R1,Temporary employment agency workers by NACE Rev. 1.1 activity (2006-2008),ok,sdmx,7,51,0,"",2026-07-30
LFSA_QOE_4A6R2,Temporary employment agency workers by NACE Rev. 2 activity (2008-2026),ok,sdmx,7,70,0,"",2026-07-30
LFSA_QOE_4AX1R1,Precarious employment by NACE Rev. 1.1 activity (2000-2008),ok,sdmx,7,60,0,"",2026-07-30
LFSA_QOE_4AX1R2,Precarious employment by NACE Rev. 2 activity (2008-2026),ok,sdmx,7,72,0,"",2026-07-30
LFSA_SUP_AGE,Supplementary indicators on labour market slack by age,ok,sdmx,7,77,0,"",2026-07-30
LFSA_SUP_COB,Supplementary indicators on labour market slack by country of birth,ok,sdmx,8,75,0,"",2026-07-30
LFSA_SUP_DL,Supplementary indicators on labour market slack by level of disability (activity limitation),ok,sdmx,8,55,0,"",2026-07-30
LFSA_SUP_EDU,Supplementary indicators on labour market slack by educational attainment level,ok,sdmx,8,77,0,"",2026-07-30
LFSA_SUP_NAT,Supplementary indicators on labour market slack by citizenship,ok,sdmx,8,76,0,"",2026-07-30
LFSA_UGAD,Unemployed persons by duration of unemployment,ok,sdmx,7,115,0,"",2026-07-30
LFSA_UGADRA,Unemployed persons by duration of unemployment and distinction registration/benefits,ok,sdmx,8,123,0,"",2026-07-30
LFSA_UGAN,Unemployed persons by citizenship,ok,sdmx,7,111,0,"",2026-07-30
LFSA_UGATES,Unemployed persons by type of employment sought,ok,sdmx,7,105,0,"",2026-07-30
LFSA_UGMSW,Unemployed persons by methods used for seeking work - % of total unemployment,ok,sdmx,6,72,0,"",2026-07-30
LFSA_UGPIS,Unemployed persons by previous occupation,ok,sdmx,6,90,0,"",2026-07-30
LFSA_UPGACOB,Persons in long-term unemployment (12 months or more) by country of birth - % of total unemployment,ok,sdmx,7,116,0,"",2026-07-30
LFSA_UPGACOB$DV_1842,Persons in long-term unemployment (12 months or more) by country of birth - % of total unemployment,error,"",0,0,1,"HTTPStatusError: Client error '404 Not Found' for url 'https://ec.europa.eu/eurostat/api/dissemination/sdmx/2.1/datastructure/ESTAT/LFSA_UPGACOB$DV_1842'
For more information check: https://developer.",2026-07-30
LFSA_UPGADL,Persons in long-term unemployment (12 months or more) by level of disability (activity limitation) - % of total unemployment,ok,sdmx,7,69,0,"",2026-07-30
LFSA_UPGAN,Persons in long-term unemployment (12 months or more) by citizenship - % of total unemployment,ok,sdmx,7,119,0,"",2026-07-30
LFSA_UPGAN$DV_1822,Persons in long-term unemployment (12 months or more) by citizenship - % of total unemployment,error,"",0,0,1,"HTTPStatusError: Client error '404 Not Found' for url 'https://ec.europa.eu/eurostat/api/dissemination/sdmx/2.1/datastructure/ESTAT/LFSA_UPGAN$DV_1822'
For more information check: https://developer.mo",2026-07-30
LFSA_URGACOB,Unemployment rates by country of birth,ok,sdmx,7,111,0,"",2026-07-30
LFSA_URGACOB$DV_1762,Unemployment rates by country of birth,error,"",0,0,1,"HTTPStatusError: Client error '404 Not Found' for url 'https://ec.europa.eu/eurostat/api/dissemination/sdmx/2.1/datastructure/ESTAT/LFSA_URGACOB$DV_1762'
For more information check: https://developer.",2026-07-30
LFSA_URGAED,Unemployment rates by educational attainment level,ok,sdmx,7,123,0,"",2026-07-30
LFSA_URGAED$DV_611,Unemployment rates by educational attainment level,error,"",0,0,1,"HTTPStatusError: Client error '404 Not Found' for url 'https://ec.europa.eu/eurostat/api/dissemination/sdmx/2.1/datastructure/ESTAT/LFSA_URGAED$DV_611'
For more information check: https://developer.mo",2026-07-30
LFSA_URGAEDDL,Unemployment rates by level of disability (activity limitation) and educational attainment level,ok,sdmx,8,77,0,"",2026-07-30
LFSA_URGAN,Unemployment rates by citizenship,ok,sdmx,7,116,0,"",2026-07-30
LFSA_URGAN$DV_1909,Unemployment rates by citizenship,error,"",0,0,1,"HTTPStatusError: Client error '404 Not Found' for url 'https://ec.europa.eu/eurostat/api/dissemination/sdmx/2.1/datastructure/ESTAT/LFSA_URGAN$DV_1909'
For more information check: https://developer.mo",2026-07-30
LFSA_URGANEDM,"Unemployment rates by migration status, citizenship and educational attainment level",ok,sdmx,9,79,0,"",2026-07-30
LFSA_URGANEDM$DV_1763,"Unemployment rates by migration status, citizenship and educational attainment level",error,"",0,0,1,"HTTPStatusError: Client error '404 Not Found' for url 'https://ec.europa.eu/eurostat/api/dissemination/sdmx/2.1/datastructure/ESTAT/LFSA_URGANEDM$DV_1763'
For more information check: https://developer",2026-07-30
LFSI_ABS_Q_H,Absences from work by main reason - quarterly data (2006–2020),ok,sdmx,8,109,0,"",2026-07-30
LFSI_ABS_W,Weekly absences from work - experimental statistics (2015-2022),ok,sdmx,6,458,0,"",2026-07-30
LFSI_ABT_Q,Absences from work by sex and age - quarterly data,ok,sdmx,7,119,0,"",2026-07-30
LFSI_AHW_Q,Actual hours worked in the main job - index (2021 = 100) - quarterly data,ok,sdmx,7,116,0,"",2026-07-30
LFSI_AHW_Q_H,Actual hours worked in the main job - index (2006 = 100) - quarterly data (2006–2020),ok,sdmx,7,102,0,"",2026-07-30
LFSI_DWL_A,Duration of working life,ok,sdmx,5,68,0,"",2026-07-30
LFSI_EDUC_A,Employment by educational attainment level - annual data,ok,sdmx,7,71,0,"",2026-07-30
LFSI_EDUC_A_H,Employment by educational attainment level - annual data (1998–2020),ok,sdmx,7,80,0,"",2026-07-30
LFSI_EDUC_Q,Employment by educational attainment level - quarterly data,ok,sdmx,8,128,0,"",2026-07-30
LFSI_EDUC_Q_H,Employment by educational attainment level - quarterly data (1998–2020),ok,sdmx,8,152,0,"",2026-07-30
LFSI_EMP_A,Employment and labour force by sex and age - annual data,ok,sdmx,7,75,0,"",2026-07-30
LFSI_EMP_A$DV_1906,Employment and labour force by sex and age - annual data,error,"",0,0,1,"HTTPStatusError: Client error '404 Not Found' for url 'https://ec.europa.eu/eurostat/api/dissemination/sdmx/2.1/datastructure/ESTAT/LFSI_EMP_A$DV_1906'
For more information check: https://developer.mo",2026-07-30
LFSI_EMP_A_H,Employment and labour force by sex and age - annual data (1992–2020),ok,sdmx,7,86,0,"",2026-07-30
LFSI_EMP_Q,Employment and labour force by sex and age - quarterly data,ok,sdmx,8,149,0,"",2026-07-30
LFSI_EMP_Q_H,Employment and labour force by sex and age - quarterly data (1989–2020),ok,sdmx,8,188,0,"",2026-07-30
LFSI_HWA_A,Employed persons by actual hours worked in main and second job during the reference week - annual data,ok,sdmx,7,58,0,"",2026-07-30
LFSI_HWA_Q,Employed persons by actual hours worked in main and second job during the reference week - quarterly data,ok,sdmx,8,77,0,"",2026-07-30
LFSI_HWU_A,Employed persons by usual weekly hours of work in main and second job - annual data,ok,sdmx,7,57,0,"",2026-07-30
LFSI_HWU_Q,Employed persons by usual weekly hours of work in main and second job - quarterly data,ok,sdmx,8,76,0,"",2026-07-30
LFSI_JHH_A,Population in jobless private households - % of persons living in private households where no-one is employed,ok,sdmx,5,62,0,"",2026-07-30
LFSI_LEA_Q,Recent job leavers by sex and age - quarterly data,ok,sdmx,7,119,0,"",2026-07-30
LFSI_LONG_A,Labour market transitions - annual data,ok,sdmx,6,77,0,"",2026-07-30
LFSI_LONG_E01,"Transition from unemployment to employment by duration of unemployment (annual averages of quarterly transitions, estimated probabilities) - experimental statistics",ok,sdmx,7,63,0,"",2026-07-30
LFSI_LONG_E02,"Transition from unemployment to employment by previous work experience (annual averages of quarterly transitions, estimated probabilities) - experimental statistics",ok,sdmx,7,62,0,"",2026-07-30
LFSI_LONG_E03,"Transition from unemployment to employment by degree of urbanisation (annual averages of quarterly transitions, estimated probabilities) - experimental statistics",ok,sdmx,6,59,0,"",2026-07-30
LFSI_LONG_E04,"Transition from employment to unemployment by degree of urbanisation (annual averages of quarterly transitions, estimated probabilities) - experimental statistics",ok,sdmx,6,58,0,"",2026-07-30
LFSI_LONG_E06,"Transition from outside the labour force to employment by labour market attachment (annual averages of quarterly transitions, estimated probabilities) - experimental statistics",ok,sdmx,7,62,0,"",2026-07-30
LFSI_LONG_E07,"Job-to-job transitions (annual averages of quarterly transitions, estimated probabilities) - experimental statistics",ok,sdmx,6,59,0,"",2026-07-30
LFSI_LONG_E08,"Transition from part-time work to full-time work (annual averages of quarterly transitions, estimated probabilities) - experimental statistics",ok,sdmx,6,59,0,"",2026-07-30
LFSI_LONG_E09,"Transition from fixed term contracts to permanent contracts (annual averages of quarterly transitions, estimated probabilities) - experimental statistics",ok,sdmx,6,58,0,"",2026-07-30
LFSI_LONG_Q,Labour market transitions - quarterly data,ok,sdmx,7,148,0,"",2026-07-30
LFSI_NEET_A,Young persons neither in employment nor in education and training (NEET rates) - annual data,ok,sdmx,6,69,0,"",2026-07-30
LFSI_NEET_A_H,Young persons neither in employment nor in education and training (NEET rates) - annual data (2006–2020),ok,sdmx,6,65,0,"",2026-07-30
LFSI_NEET_Q,Young persons neither in employment nor in education and training (NEET rates) - quarterly data,ok,sdmx,7,142,0,"",2026-07-30
LFSI_NEET_Q_H,Young persons neither in employment nor in education and training (NEET rates) - quarterly data (2006–2020),ok,sdmx,7,113,0,"",2026-07-30
LFSI_PT_A,Part-time employment and temporary contracts - annual data,ok,sdmx,7,77,0,"",2026-07-30
LFSI_PT_A$DV_921,Part-time employment and temporary contracts - annual data,error,"",0,0,1,"HTTPStatusError: Client error '404 Not Found' for url 'https://ec.europa.eu/eurostat/api/dissemination/sdmx/2.1/datastructure/ESTAT/LFSI_PT_A$DV_921'
For more information check: https://developer.mozi",2026-07-30
LFSI_PT_A_H,Part-time employment and temporary contracts - annual data (1993–2020),ok,sdmx,7,85,0,"",2026-07-30
LFSI_PT_Q,Part-time employment and temporary contracts - quarterly data,ok,sdmx,8,151,0,"",2026-07-30
LFSI_PT_Q_H,Part-time employment and temporary contracts - quarterly data (1992–2020),ok,sdmx,8,174,0,"",2026-07-30
LFSI_SIZ_M,"Realised sample size - monthly data, experimental statistics (2011-2022)",ok,sdmx,4,179,0,"",2026-07-30
LFSI_SLA_A,Labour market slack by sex and age - annual data,ok,sdmx,7,79,0,"",2026-07-30
LFSI_SLA_A_H,Labour market slack by sex and age - annual data (1992–2020),ok,sdmx,7,88,0,"",2026-07-30
LFSI_SLA_Q,Labour market slack by sex and age - quarterly data,ok,sdmx,8,152,0,"",2026-07-30
LFSI_SLA_Q_H,Labour market slack by sex and age - quarterly data (1992–2020),ok,sdmx,8,178,0,"",2026-07-30
LFSI_STA_Q,Recent job starters by sex and age - quarterly data,ok,sdmx,7,119,0,"",2026-07-30
LFSI_SUP_A,Supplementary indicators to unemployment - annual data,ok,sdmx,7,79,0,"",2026-07-30
LFSI_SUP_A_H,Supplementary indicators to unemployment - annual data (1992–2020),ok,sdmx,7,88,0,"",2026-07-30
LFSI_SUP_Q,Supplementary indicators to unemployment - quarterly data,ok,sdmx,8,152,0,"",2026-07-30
LFSI_SUP_Q_H,Supplementary indicators to unemployment - quarterly data (1992–2020),ok,sdmx,8,178,0,"",2026-07-30
LFSO_04ANWKISNA,"Number of employees having annualised working hours by sex, age, occupation and economic activity",ok,sdmx,8,63,0,"",2026-07-30
LFSO_04AVOVISCO,"Average number of overtime hours of employees, by sex, age and occupation",ok,sdmx,6,52,0,"",2026-07-30
LFSO_04AVOVNA11,"Average number of overtime hours of employees, by sex, age and economic activity",ok,sdmx,6,50,0,"",2026-07-30
LFSO_04AVPOISCO,"Average number of paid overtime hours of employees, by sex, age and occupation",ok,sdmx,6,52,0,"",2026-07-30
LFSO_04AVPONA11,"Average number of paid overtime hours of employees, by sex, age and economic activity",ok,sdmx,6,50,0,"",2026-07-30
LFSO_04ONCWISNA,"Number of employees working on call by sex, age, occupation and economic activity",ok,sdmx,8,63,0,"",2026-07-30
LFSO_04OWNMISCO,"Number of self-employed persons who can control their own work methods and schedule, by sex, age and occupation",ok,sdmx,7,59,0,"",2026-07-30
LFSO_04PEOVISCO,"Percentage of employees working overtime, by sex, age and occupation",ok,sdmx,6,52,0,"",2026-07-30
LFSO_04PEOVNA11,"Percentage of employees working overtime, by sex, age and economic activity",ok,sdmx,6,50,0,"",2026-07-30
LFSO_04PEPOISCO,"Percentage of employees working paid overtime, by sex, age and occupation",ok,sdmx,6,51,0,"",2026-07-30
LFSO_04PEPONA11,"Percentage of employees working paid overtime, by sex, age and economic activity",ok,sdmx,6,49,0,"",2026-07-30
LFSO_04SHIPISCO,"Shift work patterns used by employees, by sex, age and occupation",ok,sdmx,7,61,0,"",2026-07-30
LFSO_04SHIPNA11,"Shift work patterns used by employees, by sex, age and economic activity",ok,sdmx,7,59,0,"",2026-07-30
LFSO_04SINCNA11,"Number of self-employed persons who work for one single client or customer, by sex, age and economic activity",ok,sdmx,7,55,0,"",2026-07-30
LFSO_04VAHRHWUS,"Average usual working hours of employees, by possibility to work variable hours in the reference week, sex and age",ok,sdmx,6,54,0,"",2026-07-30
LFSO_04VAHRISCO,"Number of employees with the possibility to work variable hours in the reference week, by sex, age and occupation",ok,sdmx,7,62,0,"",2026-07-30
LFSO_04VAWKHWUS,"Average usual working hours of employees, by possibility to have variable working hours, sex and age",ok,sdmx,6,54,0,"",2026-07-30
LFSO_04VAWKISCO,"Number of employees with variable working hours, by sex, age and occupation",ok,sdmx,7,62,0,"",2026-07-30
LFSO_04VAWKNA11,"Number of employees with variable working hours, by sex, age and economic activity",ok,sdmx,7,60,0,"",2026-07-30
LFSO_04WK1PISCO,"Number of employees finding it convenient for personal life to do shift work or on-call work, by sex, age and occupation",ok,sdmx,7,58,0,"",2026-07-30
LFSO_04WK1PNA11,"Number of employees finding it convenient for personal life to do shift work or on-call work, by sex, age and economic activity",ok,sdmx,7,56,0,"",2026-07-30
LFSO_04WK2PISCO,"Number of employees finding it convenient for personal life to work in the evening, or at night, or during weekends, by sex, age and occupation",ok,sdmx,7,53,0,"",2026-07-30
LFSO_04WK2PNA11,"Number of employees finding it convenient for personal life to work in the evening, or at night, or during weekends, by sex, age and economic activity",ok,sdmx,7,51,0,"",2026-07-30
LFSO_04WKTPISCO,"Number of part-time employees, by working time pattern compared with 'full-timers', sex, age and occupation",ok,sdmx,7,61,0,"",2026-07-30
LFSO_04WKTPNA11,"Number of part-time employees by working time pattern compared with 'full-timers', sex, age and economic activity",ok,sdmx,7,59,0,"",2026-07-30
LFSO_05CHANGE,Number of employed persons between 15 and 64 years old wishing to change the organisation of their working life and care responsibilities,ok,sdmx,8,60,0,"",2026-07-30
LFSO_05CHANGH,Average usual working hours of employed persons between 15 and 64 years old by wish to change the organisation of their working life and care responsibilities,ok,sdmx,8,60,0,"",2026-07-30
LFSO_05CHANGP,Number of persons between 15 and 64 years old wishing to change the organisation of their working life and care responsibilities,ok,sdmx,7,56,0,"",2026-07-30
LFSO_05NOWRE1,"Main reasons (linked with care of other people in need of care) given by employed persons between 15 and 64 years old for not working or not working more, by working time pattern",ok,sdmx,8,64,0,"",2026-07-30
LFSO_05NOWRE2,"Main reasons (linked with care of other people in need of care) given by employed persons between 15 and 64 years old for not working or not working more, by occupation",ok,sdmx,8,72,0,"",2026-07-30
LFSO_05NOWREE,Main childcare-related reasons given by employed persons between 15 and 64 years old for not working or not working more,ok,sdmx,8,63,0,"",2026-07-30
LFSO_05NOWREH,Average usual working hours of employed persons between 15 and 64 years old by main childcare-related reasons given for not working or not working more,ok,sdmx,8,63,0,"",2026-07-30
LFSO_05NOWREP,Main childcare-related reasons given by persons between 15 and 64 years old for not working or not working more,ok,sdmx,7,59,0,"",2026-07-30
LFSO_05POSOE1,"Number of employed persons between 15 and 64 years old who can take whole days off for family reasons, by economic activity",ok,sdmx,8,79,0,"",2026-07-30
LFSO_05POSOE2,"Number of employed persons between 15 and 64 years old who can take whole days off for family reasons, by occupation",ok,sdmx,8,66,0,"",2026-07-30
LFSO_05POSSE1,"Number of employed persons between 15 and 64 years old who can vary start/end of working day for family reasons, by economic activity",ok,sdmx,8,79,0,"",2026-07-30
LFSO_05POSSE2,"Number of employed persons between 15 and 64 years old who can vary start/end of working day for family reasons, by occupation",ok,sdmx,8,66,0,"",2026-07-30
LFSO_05REDUC1,"Number of employed persons between 15 and 64 years old having to make working time arrangements over the last 12 months to care for children, by working time pattern",ok,sdmx,8,64,0,"",2026-07-30
LFSO_05REDUC2,"Number of employed persons between 15 and 64 years old having to make working time arrangements over the last 12 months to care for children, by occupation",ok,sdmx,8,72,0,"",2026-07-30
LFSO_05REGCE,Number of employed persons between 15 and 64 years old regularly taking care of other children or people in need of care,ok,sdmx,8,61,0,"",2026-07-30
LFSO_05REGCH,Average usual working hours of employed persons between 15 and 64 years old by regular care of other children or people in need of care,ok,sdmx,7,55,0,"",2026-07-30
LFSO_05REGCP,Number of persons between 15 and 64 years old regularly taking care of other children up to 14 or people older than 15 in need of care,ok,sdmx,7,56,0,"",2026-07-30
LFSO_05TIMEE1,"Number of employed persons between 15 and 64 years old taking time off over the last 12 months for family sickness or emergencies, by educational attainment level",ok,sdmx,8,60,0,"",2026-07-30
LFSO_05TIMEE2,"Number of employed persons between 15 and 64 years old taking time off over the last 12 months for family sickness or emergencies, by economic activity",ok,sdmx,8,80,0,"",2026-07-30
LFSO_05TIMEE3,"Number of employed persons between 15 and 64 years old taking time off over the last 12 months for family sickness or emergencies, by occupation",ok,sdmx,8,67,0,"",2026-07-30
LFSO_05TYPECE,Main type of childcare used by employed persons between 15 and 64 years old for own/spouse's children up to 14 while working,ok,sdmx,8,62,0,"",2026-07-30
LFSO_05TYPECH,Average usual working hours of employed persons between 15 and 64 years old by main type of childcare used for own/spouse's children up to 14 while working,ok,sdmx,7,56,0,"",2026-07-30
LFSO_06FINIAGPS,Average age at which employed persons started receiving a retirement pension - by sex and main financial incentive to stay at work,ok,sdmx,6,45,0,"",2026-07-30
LFSO_06FINIISCO,Main financial incentives for employed persons who are entitled to receive an individual retirement pension to stay at work - by sex and occupation (1 000),ok,sdmx,7,54,0,"",2026-07-30
LFSO_06FINIYRSP,Average number of years spent working - by sex and main financial incentive to stay at work,ok,sdmx,6,46,0,"",2026-07-30
LFSO_06FLEXISCO,Number of employed persons who would stay longer at work (or not) if more flexible working time arrangements were available - by sex and occupation (1 000),ok,sdmx,7,52,0,"",2026-07-30
LFSO_06FLEXISPR,Number of not employed persons who would have stayed longer at work (or not) if more flexible working time arrangements had been available - by sex and occupation (previous job) (1 000),ok,sdmx,7,54,0,"",2026-07-30
LFSO_06HLSAISCO,Number of employed persons who would stay longer at work (or not) if their workplace was healthier and/or safer - by sex and occupation (1 000),ok,sdmx,7,52,0,"",2026-07-30
LFSO_06HLSAISPR,Number of not employed persons who would have stayed longer at work (or not) if their workplace had been healthier and/or safer - by sex and occupation (previous job) (1 000),ok,sdmx,7,54,0,"",2026-07-30
LFSO_06OPSKISCO,Number of employed persons who would stay longer at work (or not) if they could update their skills - by sex and occupation (1 000),ok,sdmx,7,52,0,"",2026-07-30
LFSO_06OPSKISPR,Number of not employed persons who would have stayed longer at work (or not) if they had had more opportunities to update their skills - by sex and occupation (previous job) (1 000),ok,sdmx,7,54,0,"",2026-07-30
LFSO_06OTBNAGPS,Average age at which not employed persons started receiving a retirement pension - by granting of other individual benefits and sex,ok,sdmx,6,47,0,"",2026-07-30
LFSO_06OTBNYRSP,"Not employed persons, average number of years spent working - by granting of other individual benefits and sex",ok,sdmx,6,47,0,"",2026-07-30
LFSO_06PLAGFTPT,"Number of employed persons - by planned age for stopping work, sex and full time/part time work (1 000)",ok,sdmx,7,51,0,"",2026-07-30
LFSO_06REASAGPS,Average age at which not employed persons started receiving a retirement pension - by sex and main reason for retirement or early retirement,ok,sdmx,6,46,0,"",2026-07-30
LFSO_06REASSTAF,Main reasons for retirement or early retirement - by sex and main labour status just after leaving last job (1 000),ok,sdmx,7,53,0,"",2026-07-30
LFSO_06REDEFTPT,"Number of employed persons who reduced their working hours in a move to full retirement - by sex, age and full time/part time work (1 000)",ok,sdmx,8,51,0,"",2026-07-30
LFSO_06REDNSAGE,Number of not employed persons having reduced their working hours in a move to full retirement - by sex and age (1 000),ok,sdmx,7,48,0,"",2026-07-30
LFSO_06STAFAGPS,Average age at which not employed persons started receiving a retirement pension - by sex and main labour status just after leaving last job,ok,sdmx,6,46,0,"",2026-07-30
LFSO_06YRSPISCO,"Employed persons, average number of years spent working of employed persons - by sex and occupation",ok,sdmx,6,48,0,"",2026-07-30
LFSO_06YRSPISPR,"Not employed persons, average number of years spent working - by sex and occupation (previous job)",ok,sdmx,6,49,0,"",2026-07-30
LFSO_06YRSPNA11,"Employed persons, average number of years spent working, by sex and economic activity (NACE Rev. 1.1)",ok,sdmx,6,46,0,"",2026-07-30
LFSO_06YRSPNAPR,"Not employed persons, average number of years spent working, by sex and economic activity (previous job, NACE Rev. 1.1)",ok,sdmx,6,47,0,"",2026-07-30
LFSO_08COBR,Migrants by main reason for migration and country of birth - % of total migrants (2008),ok,sdmx,7,40,0,"",2026-07-30
LFSO_08COBSMF,"Population in private households by country of birth, country of birth of mother and father (2008)",ok,sdmx,8,63,0,"",2026-07-30
LFSO_08COBSP,"Population in private households by country of birth, country of birth of parents and labour status (2008)",ok,sdmx,8,56,0,"",2026-07-30
LFSO_08COBSPED,"Population in private households by country of birth, country of birth of parents, educational attainment level and labour status (2008)",ok,sdmx,9,61,0,"",2026-07-30
LFSO_08RESR,Migrants by main reason for migration and years of residence - % of total migrants (2008),ok,sdmx,7,37,0,"",2026-07-30
LFSO_10CCHILDC,Persons making weekly use of childcare services for their youngest child (2010),ok,sdmx,9,62,0,"",2026-07-30
LFSO_10CNOWCAR,Persons by main care related reasons for not working or working part-time (2010),ok,sdmx,9,60,0,"",2026-07-30
LFSO_10CNOWCHI,Persons by main childcare related reasons for not working or working part-time (2010),ok,sdmx,9,60,0,"",2026-07-30
LFSO_10CREGCAR,Persons taking care of other children or persons in need of care (2010),ok,sdmx,9,59,0,"",2026-07-30
LFSO_10FPOSORG,Employees who can take a whole day off for family reasons by occupation (2010),ok,sdmx,8,61,0,"",2026-07-30
LFSO_10FPOSSTE,Employees by their perceived possibility to vary start and/or stop of the working day for family reasons (2010),ok,sdmx,9,83,0,"",2026-07-30
LFSO_10FVARECO,Employees by flexibility of their working schedule and economic activity (2010),ok,sdmx,9,77,0,"",2026-07-30
LFSO_10FVAREDU,Employees by flexibility of their working schedule and educational attainment level (2010),ok,sdmx,9,59,0,"",2026-07-30
LFSO_10LPARLEA,Persons who took parental leave to care for their youngest child aged less than eight by duration of parental leave (2010),ok,sdmx,8,57,0,"",2026-07-30
LFSO_10LREDWOR,Persons who reduced their working time to care for their youngest child aged less than eight (2010),ok,sdmx,8,53,0,"",2026-07-30
LFSO_10LSTOPWO,Persons who stopped work to care for their youngest child aged less than eight by duration of absence (2010),ok,sdmx,8,57,0,"",2026-07-30
LFSO_12AGEPENS,Age at which the person first received an old-age pension (2012),ok,sdmx,7,43,0,"",2026-07-30
LFSO_12EARLYRET,Early retirement among persons who receive an old-age pension (2012),ok,sdmx,7,42,0,"",2026-07-31
LFSO_12PENSION,Persons who receive a pension (2012),ok,sdmx,8,52,0,"",2026-07-31
LFSO_12PENSTYP,Persons who receive a pension by type (2012),ok,sdmx,6,41,0,"",2026-07-31
LFSO_12REASNOT,Persons outside the labour force who receive a pension by reason to quit working (2012),ok,sdmx,7,50,0,"",2026-07-31
LFSO_12REDUCHRS,Persons who reduced their working hours in a move towards retirement (2012),ok,sdmx,7,41,0,"",2026-07-31
LFSO_12STAYWORK,Persons who receive a pension by reason to continue working (2012),ok,sdmx,7,46,0,"",2026-07-31
LFSO_12WORKLONG,Persons outside the labour force who receive a pension who would have wished to stay longer in employment (2012),ok,sdmx,6,41,0,"",2026-07-31
LFSO_14B1DR,"First generation of immigrants by citizenship, duration and reason for migration (2014)",ok,sdmx,8,55,0,"",2026-07-31
LFSO_14BEDUC,"Population in private households by educational attainment level, migration status and educational attainment level of parents (ISCED11F) (2014)",ok,sdmx,9,60,0,"",2026-07-31
LFSO_14BLANG,"Immigrants by skills in host country language, migration status and citizenship (2014)",ok,sdmx,7,50,0,"",2026-07-31
LFSO_14HHCOMPCOB,"Private households by migration status, country of birth of parents and household composition (2014)",ok,sdmx,7,53,0,"",2026-07-31
LFSO_14HHWKCOB,"Private households by country of birth of parents, labour status and years of residence (2014)",ok,sdmx,7,46,0,"",2026-07-31
LFSO_14HHWKMG,"Private households by migration status, labour status and years of residence (2014)",ok,sdmx,7,47,0,"",2026-07-31
LFSO_14L1EMPR,Employment rate of first generation of immigrants by years of residence and reason for migration (2014),ok,sdmx,8,53,0,"",2026-07-31
LFSO_14LACTR,"Labour force participation rate by migration status, citizenship and educational attainment level (2014)",ok,sdmx,9,63,0,"",2026-07-31
LFSO_14LEECM,"Employees by methods to find current job, migration status, educational attainment level and type of contract (2014)",ok,sdmx,8,60,0,"",2026-07-31
LFSO_14LEEOW,"Employees by migration status, educational attainment level, occupation and working time (2014)",ok,sdmx,8,61,0,"",2026-07-31
LFSO_14LEL,"Population in private households by labour status, migration status and educational attainment level (2014)",ok,sdmx,9,58,0,"",2026-07-31
LFSO_14LEMP,"Employed persons by migration status, professional status, type of contract and full-time/part-time employment (2014)",ok,sdmx,8,54,0,"",2026-07-31
LFSO_14LEMPR,"Employment rate by migration status, citizenship and educational attainment level (2014)",ok,sdmx,9,63,0,"",2026-07-31
LFSO_14LOQ,Self-declared over-qualified employees by migration status and educational attainment level - % of total employees (2014),ok,sdmx,8,54,0,"",2026-07-31
LFSO_14LUNER,"Unemployment rate by migration status, citizenship and educational attainment level (2014)",ok,sdmx,9,63,0,"",2026-07-31
LFSO_14OCITI,"Persons not in employment or over-qualified for their job by obstacles to getting a suitable job, migration status, labour status and citizenship (2014)",ok,sdmx,8,52,0,"",2026-07-31
LFSO_14OEDUC,"Persons not in employment or over-qualified for their job by obstacles to getting a suitable job, migration status, labour status and educational attainment level (2014)",ok,sdmx,8,49,0,"",2026-07-31
LFSO_14PCITI,Population in private households by migration status and citizenship (2014),ok,sdmx,8,61,0,"",2026-07-31
LFSO_14PCITIRK,Ranking of citizenship by migration status (2014),ok,sdmx,8,138,0,"",2026-07-31
LFSO_14PCOB,Population in private households by migration status and country of birth (2014),ok,sdmx,8,61,0,"",2026-07-31
LFSO_14PCOBP,"Population in private households by migration status, country of birth and country of birth of parents (2014)",ok,sdmx,9,70,0,"",2026-07-31
LFSO_14PCOBRK,Ranking of country of birth of first generation of immigrants (2014),ok,sdmx,7,109,0,"",2026-07-31
LFSO_14PURB,Population in private households by migration status and degree of urbanisation (2014),ok,sdmx,8,53,0,"",2026-07-31
LFSO_16AGENCY,Temporary employment agency workers by educational attainment level and work experience while studying - % of total employees (2016),ok,sdmx,8,56,0,"",2026-07-31
LFSO_16CMT4J,"Population in private households ready to have more than one hour travel time each way to work by educational attainment level, work experience while studying and labour status (2016)",ok,sdmx,10,71,0,"",2026-07-31
LFSO_16ELVNCOM,Early leavers from education and training who started but never completed upper secondary education by reason (2016),ok,sdmx,7,48,0,"",2026-07-31
LFSO_16ELVNSTA,Early leavers from education and training who never started upper secondary education by reason (2016),ok,sdmx,7,49,0,"",2026-07-31
LFSO_16EMPRT,Employment rate by educational attainment level and work experience while studying (2016),ok,sdmx,8,63,0,"",2026-07-31
LFSO_16FEDUC,"Population in private households by educational attainment level, work experience while studying and participation in formal education (2016)",ok,sdmx,9,70,0,"",2026-07-31
LFSO_16FINDMET,"Employees by educational attainment level, work experience while studying and method used for finding current job (2016)",ok,sdmx,9,70,0,"",2026-07-31
LFSO_16HUSUW,"Employed persons by educational attainment level, work experience while studying and usual weekly hours worked (2016)",ok,sdmx,9,71,0,"",2026-07-31
LFSO_16INART,Labour force non-participation rate by educational attainment level and work experience while studying (2016),ok,sdmx,8,63,0,"",2026-07-31
LFSO_16INVPT,Persons in involuntary part-time employment by educational attainment level and work experience while studying - % of total part-time employment (2016),ok,sdmx,8,60,0,"",2026-07-31
LFSO_16INVTEMP,Employees with involuntary temporary contracts by educational attainment level and work experience while studying - % of total employees with temporary contracts (2016),ok,sdmx,8,60,0,"",2026-07-31
LFSO_16JOBTEN,"Employed persons by educational attainment level, work experience while studying and job tenure (2016)",ok,sdmx,9,66,0,"",2026-07-31
LFSO_16LONGW,Employed persons with long working hours in the main job by educational attainment level and work experience while studying - % of total employment (2016),ok,sdmx,8,60,0,"",2026-07-31
LFSO_16MOVE4J,"Population in private households ready to move residence to find a job by educational attainment level, work experience while studying and labour status (2016)",ok,sdmx,10,73,0,"",2026-07-31
LFSO_16NFEDUC,"Population in private households by educational attainment level, work experience while studying and participation in non-formal education and training (2016)",ok,sdmx,9,70,0,"",2026-07-31
LFSO_16OKLEV,"Employed persons by educational attainment level, work experience while studying and match between education and job (2016)",ok,sdmx,9,69,0,"",2026-07-31
LFSO_16PRECEMP,Employees in precarious employment by educational attainment level and work experience while studying - % of total employees (2016),ok,sdmx,8,60,0,"",2026-07-31
LFSO_16SHIFTW,Employees working shifts by educational attainment level and work experience while studying - % of total employees (2016),ok,sdmx,8,60,0,"",2026-07-31
LFSO_16SUPEMP,"Employed persons by educational attainment level, work experience while studying and type of assistance for finding current job (2016)",ok,sdmx,9,67,0,"",2026-07-31
LFSO_16SUPNEMP,"Persons not in employment by educational attainment level, work experience while studying and type of assistance for finding a job (2016)",ok,sdmx,9,66,0,"",2026-07-31
LFSO_16UNERT,Unemployment rate by educational attainment level and work experience while studying (2016),ok,sdmx,8,63,0,"",2026-07-31
LFSO_16WKENDW,Employed persons working on weekends by educational attainment level and work experience while studying - % of total employment (2016),ok,sdmx,8,60,0,"",2026-07-31
LFSO_16WORKEXP,Population in private households by educational attainment level and work experience while studying (2016),ok,sdmx,8,64,0,"",2026-07-31
LFSO_16YMGHIED,Population in private households in tertiary education by educational attainment level and work experience while studying (2016),ok,sdmx,8,54,0,"",2026-07-31
LFSO_16YMGNEDNC,"Population in private households with medium educational attainment not in formal education who started but never completed tertiary education by reason, educational attainment level and work experience while studying (2016)",ok,sdmx,9,62,0,"",2026-07-31
LFSO_16YMGNEDNS,"Population in private households with medium educational attainment not in formal education who never started tertiary education by reason, educational attainment level and work experience while studying (2016)",ok,sdmx,9,63,0,"",2026-07-31
LFSO_17CS2J,Persons having a second job by professional status in the main job and professional status in the second job (2017),ok,sdmx,7,57,0,"",2026-07-31
LFSO_17CSAG,"Employed persons by professional status, educational attainment level and age (2017)",ok,sdmx,8,67,0,"",2026-07-31
LFSO_17CSCB,"Employed persons by professional status, educational attainment level and country of birth (2017)",ok,sdmx,8,62,0,"",2026-07-31
LFSO_17CSNA,"Employed persons by professional status, educational attainment level and economic activity (2017)",ok,sdmx,8,79,0,"",2026-07-31
LFSO_17CSNJ,"Employed persons by professional status, educational attainment level and number of jobs (2017)",ok,sdmx,8,60,0,"",2026-07-31
LFSO_17CSOC,"Employed persons by professional status, educational attainment level and occupation (2017)",ok,sdmx,8,68,0,"",2026-07-31
LFSO_17CSPWT,"Employed persons by professional status, educational attainment level and preferred working time (2017)",ok,sdmx,8,61,0,"",2026-07-31
LFSO_17CSUR,"Employed persons by professional status, educational attainment level and degree of urbanisation (2017)",ok,sdmx,8,61,0,"",2026-07-31
LFSO_17CSWEW,Employed persons who work on weekends by professional status and educational attainment level (2017),ok,sdmx,8,61,0,"",2026-07-31
LFSO_17CSWWH,"Employed persons by professional status, educational attainment level and usual weekly hours worked (2017)",ok,sdmx,8,63,0,"",2026-07-31
LFSO_17JSAUT,Employed persons by job autonomy and professional status (2017),ok,sdmx,7,57,0,"",2026-07-31
LFSO_17JSCB,"Employed persons by job satisfaction, professional status and country of birth (2017)",ok,sdmx,8,63,0,"",2026-07-31
LFSO_17JSED,"Employed persons by job satisfaction, professional status and educational attainment level (2017)",ok,sdmx,8,62,0,"",2026-07-31
LFSO_17JSOC,"Employed persons by job satisfaction, professional status and occupation (2017)",ok,sdmx,8,69,0,"",2026-07-31
LFSO_17PSCB,Employed persons by current and preferred professional status and country of birth (2017),ok,sdmx,8,62,0,"",2026-07-31
LFSO_17PSED,Employed persons by current and preferred professional status and educational attainment level (2017),ok,sdmx,8,61,0,"",2026-07-31
LFSO_17PSOBST,Employees and family workers who wish to be self-employed by main reason for not being self-employed (2017),ok,sdmx,6,48,0,"",2026-07-31
LFSO_17SEBUSP,Self-employed persons by business partners and professional status (2017),ok,sdmx,7,53,0,"",2026-07-31
LFSO_17SECLNT,Self-employed persons by number and importance of clients in the last 12 months (2017),ok,sdmx,6,49,0,"",2026-07-31
LFSO_17SEDIFF,Self-employed persons by main difficulty as self-employed and professional status (2017),ok,sdmx,7,58,0,"",2026-07-31
LFSO_17SENEES,Self-employed persons without employees by main reason for not having employees and country of birth (2017),ok,sdmx,7,58,0,"",2026-07-31
LFSO_17SEPHIR,Self-employed persons by planned hiring of employees or subcontractors and professional status (2017),ok,sdmx,7,55,0,"",2026-07-31
LFSO_17SEREAS,Self-employed persons by main reason for becoming self-employed and professional status (2017),ok,sdmx,7,57,0,"",2026-07-31
LFSO_17SEWORG,Self-employed persons having at least one client in the last 12 months by control over working time (2017),ok,sdmx,6,46,0,"",2026-07-31
LFSO_18CEFFDU,Employed persons with childcare responsibilities by effect on employment and degree of urbanisation (2018),ok,sdmx,8,65,0,"",2026-07-31
LFSO_18CEFFDU$DV_1901,Employed persons with childcare responsibilities by effect on employment and degree of urbanisation (2018),error,"",0,0,1,"HTTPStatusError: Client error '404 Not Found' for url 'https://ec.europa.eu/eurostat/api/dissemination/sdmx/2.1/datastructure/ESTAT/LFSO_18CEFFDU$DV_1901'
For more information check: https://developer",2026-07-31
LFSO_18CEFFED,Employed persons with childcare responsibilities by effect on employment and educational attainment level (2018),ok,sdmx,8,65,0,"",2026-07-31
LFSO_18COBS,Population in private households not using childcare services by main reason (2018),ok,sdmx,8,64,0,"",2026-07-31
LFSO_18CRESCB,Population in private households by care responsibilities and country of birth (2018),ok,sdmx,8,71,0,"",2026-07-31
LFSO_18CRESDU,Population in private households by care responsibilities and degree of urbanisation (2018),ok,sdmx,8,68,0,"",2026-07-31
LFSO_18CRESED,Population in private households by care responsibilities and educational attainment level (2018),ok,sdmx,8,68,0,"",2026-07-31
LFSO_18CRESHC,Population in private households by care responsibilities and household composition (2018),ok,sdmx,8,67,0,"",2026-07-31
LFSO_18CRESLS,Population in private households by care responsibilities and labour status (2018),ok,sdmx,8,68,0,"",2026-07-31
LFSO_18CRESNAT,Population in private households by care responsibilities and citizenship (2018),ok,sdmx,8,71,0,"",2026-07-31
LFSO_18CUSECB,Population in private households with childcare responsibilities by use of childcare services and country of birth (2018),ok,sdmx,9,67,0,"",2026-07-31
LFSO_18CUSEDU,Population in private households with childcare responsibilities by use of childcare services and degree of urbanisation (2018),ok,sdmx,9,64,0,"",2026-07-31
LFSO_18CUSEED,Population in private households with childcare responsibilities by use of childcare services and educational attainment level (2018),ok,sdmx,9,64,0,"",2026-07-31
LFSO_18CUSEFP,Population in private households with childcare responsibilities by use of childcare services and full-time/part-time employment (2018),ok,sdmx,9,63,0,"",2026-07-31
LFSO_18CUSELS,Population in private households with childcare responsibilities by use of childcare services and labour status (2018),ok,sdmx,9,64,0,"",2026-07-31
LFSO_18CUSENAT,Population in private households with childcare responsibilities by use of childcare services and citizenship (2018),ok,sdmx,9,67,0,"",2026-07-31
LFSO_18CUSEPS,Population in private households with childcare responsibilities by use of childcare services and professional status (2018),ok,sdmx,9,65,0,"",2026-07-31
LFSO_18PARLVED,Population in private households with work interruption for childcare by type of leave and educational attainment level (2018),ok,sdmx,8,61,0,"",2026-07-31
LFSO_18POSEEDU,"Employees with care responsibilities by working time flexibility for care, educational attainment level and degree of urbanisation (2018)",ok,sdmx,9,66,0,"",2026-07-31
LFSO_18POSEI,Employees with care responsibilities by working time flexibility for care and occupation (2018),ok,sdmx,8,68,0,"",2026-07-31
LFSO_18POWTEDU,"Employees with care responsibilities by flexibility for taking whole days off for care, educational attainment level and degree of urbanisation (2018)",ok,sdmx,9,66,0,"",2026-07-31
LFSO_18POWTI,Employees with care responsibilities by flexibility for taking whole days off for care and occupation (2018),ok,sdmx,8,68,0,"",2026-07-31
LFSO_18REDSTED,Persons in employment or with previous employment experience by effects of care of incapacitated relatives on employment and educational attainment level (2018),ok,sdmx,8,62,0,"",2026-07-31
LFSO_18STLENED,Population in private households with work interruption for childcare by duration of interruption and educational attainment level (2018),ok,sdmx,8,63,0,"",2026-07-31
LFSO_18STWKCB,Population in private households by effects of childcare on employment and country of birth (2018),ok,sdmx,8,66,0,"",2026-07-31
LFSO_18STWKCB$DV_1989,Population in private households by effects of childcare on employment and country of birth (2018),error,"",0,0,1,"HTTPStatusError: Client error '404 Not Found' for url 'https://ec.europa.eu/eurostat/api/dissemination/sdmx/2.1/datastructure/ESTAT/LFSO_18STWKCB$DV_1989'
For more information check: https://developer",2026-07-31
LFSO_18STWKED,Population in private households by effects of childcare on employment and educational attainment level (2018),ok,sdmx,8,63,0,"",2026-07-31
LFSO_18STWKNAT,Population in private households by effects of childcare on employment and citizenship (2018),ok,sdmx,8,66,0,"",2026-07-31
LFSO_18WOBSDU,Employed persons with care responsibilities by main obstacle at work for reconciliation and degree of urbanisation (2018),ok,sdmx,8,65,0,"",2026-07-31
LFSO_18WOBSED,Employed persons with care responsibilities by main obstacle at work for reconciliation and educational attainment level (2018),ok,sdmx,8,65,0,"",2026-07-31
LFSO_19FXWT01,"Employed persons by working time flexibility, educational attainment level and professional status (2019)",ok,sdmx,9,63,0,"",2026-07-31
LFSO_19FXWT02,"Employees by working time flexibility, type of employment contract and size of the local unit (2019)",ok,sdmx,9,66,0,"",2026-07-31
LFSO_19FXWT02$DV_1871,"Employees by working time flexibility, type of employment contract and size of the local unit (2019)",error,"",0,0,1,"HTTPStatusError: Client error '404 Not Found' for url 'https://ec.europa.eu/eurostat/api/dissemination/sdmx/2.1/datastructure/ESTAT/LFSO_19FXWT02$DV_1871'
For more information check: https://developer",2026-07-31
LFSO_19FXWT03,"Employed persons by working time flexibility, economic activity (NACE Rev. 2) and occupation (2019)",ok,sdmx,9,72,0,"",2026-07-31
LFSO_19FXWT04,"Employed persons by level of difficulty to take one or two hours off at short notice, educational attainment level and professional status (2019)",ok,sdmx,9,66,0,"",2026-07-31
LFSO_19FXWT05,"Employed persons by level of difficulty to take one or two hours off at short notice, household composition and working from home (2019)",ok,sdmx,9,68,0,"",2026-07-31
LFSO_19FXWT06,"Employed persons by level of difficulty to take one or two hours off at short notice, economic activity (NACE Rev. 2) and occupation (2019)",ok,sdmx,9,75,0,"",2026-07-31
LFSO_19FXWT07,"Employed persons by level of difficulty to take one or two days of leave at short notice, educational attainment level and professional status (2019)",ok,sdmx,9,66,0,"",2026-07-31
LFSO_19FXWT08,"Employees by level of difficulty to take one or two days of leave at short notice, type of employment contract and size of the local unit (2019)",ok,sdmx,9,69,0,"",2026-07-31
LFSO_19FXWT09,"Employed persons by level of difficulty to take one or two days of leave at short notice, household composition and working from home (2019)",ok,sdmx,9,68,0,"",2026-07-31
LFSO_19FXWT10,"Employed persons by level of difficulty to take one or two days of leave at short notice, economic activity (NACE Rev. 2) and occupation (2019)",ok,sdmx,9,75,0,"",2026-07-31
LFSO_19FXWT11,"Employed persons by frequency of adapting working time to fulfil work tasks, educational attainment level and professional status (2019)",ok,sdmx,9,63,0,"",2026-07-31
LFSO_19FXWT12,"Employees by frequency of adapting working time to fulfil work tasks, type of employment contract and size of the local unit (2019)",ok,sdmx,9,66,0,"",2026-07-31
LFSO_19FXWT13,"Employed persons by frequency of adapting working time to fulfil work tasks, economic activity (NACE Rev. 2) and occupation (2019)",ok,sdmx,9,72,0,"",2026-07-31
LFSO_19FXWT14,"Employed persons by frequency of work-related contacts during leisure time (in last two months), educational attainment level and professional status (2019)",ok,sdmx,9,66,0,"",2026-07-31
LFSO_19FXWT15,"Employees by frequency of work-related contacts during leisure time (in last two months), type of employment contract and size of the local unit (2019)",ok,sdmx,9,69,0,"",2026-07-31
LFSO_19FXWT16,"Employed persons by frequency of work-related contacts during leisure time (in last two months), economic activity (NACE Rev. 2) and occupation (2019)",ok,sdmx,9,75,0,"",2026-07-31
LFSO_19MTWK17,"Employees by recording presence or working hours, educational attainment level and size of the local unit (2019)",ok,sdmx,9,64,0,"",2026-07-31
LFSO_19MTWK18,"Employees by recording presence or working hours, economic activity (NACE Rev. 2) and occupation (2019)",ok,sdmx,9,75,0,"",2026-07-31
LFSO_19MTWK19,"Employed persons by frequency of working under time pressure, educational attainment level and professional status (2019)",ok,sdmx,9,66,0,"",2026-07-31
LFSO_19MTWK20,"Employed persons by frequency of working under time pressure, size of the local unit and atypical working time (2019)",ok,sdmx,9,62,0,"",2026-07-31
LFSO_19MTWK21,"Employed persons by frequency of working under time pressure, economic activity (NACE Rev. 2) and occupation (2019)",ok,sdmx,9,75,0,"",2026-07-31
LFSO_19MTWK22,Average usual weekly hours worked in the main job by frequency of working under time pressure and frequency of work-related contacts during leisure time (in last two months) (2019),ok,sdmx,8,62,0,"",2026-07-31
LFSO_19MTWK23,"Employed persons by job autonomy, educational attainment level and professional status (2019)",ok,sdmx,9,64,0,"",2026-07-31
LFSO_19MTWK24,"Employed persons by job autonomy, economic activity (NACE Rev. 2) and occupation (2019)",ok,sdmx,9,73,0,"",2026-07-31
LFSO_19PLWK25,"Employed persons by main place of work, educational attainment level and degree of urbanisation (2019)",ok,sdmx,9,62,0,"",2026-07-31
LFSO_19PLWK26,"Employed persons by main place of work, frequency of working at other locations and working from home (2019)",ok,sdmx,9,64,0,"",2026-07-31
LFSO_19PLWK27,"Employed persons by main place of work, economic activity (NACE Rev. 2) and occupation (2019)",ok,sdmx,9,73,0,"",2026-07-31
LFSO_19PLWK28,"Employed persons by commuting time, educational attainment level and degree of urbanisation (2019)",ok,sdmx,9,71,0,"",2026-07-31
LFSO_19PLWK29,"Employed persons by commuting time, household composition and working from home (2019)",ok,sdmx,9,75,0,"",2026-07-31
LFSO_19PLWK30,"Employed persons by commuting time, economic activity (NACE Rev. 2) and occupation (2019)",ok,sdmx,9,75,0,"",2026-07-31
LFSO_21DISC01,"Employed persons by reason for discrimination in the current job, country of birth and educational attainment level (2021)",ok,sdmx,9,66,0,"",2026-07-31
LFSO_21DISC02,"Employed persons by reason for discrimination in the current job, migration status and professional status (2021)",ok,sdmx,9,65,0,"",2026-07-31
LFSO_21DISC02$DV_1912,"Employed persons by reason for discrimination in the current job, migration status and professional status (2021)",error,"",0,0,1,"HTTPStatusError: Client error '404 Not Found' for url 'https://ec.europa.eu/eurostat/api/dissemination/sdmx/2.1/datastructure/ESTAT/LFSO_21DISC02$DV_1912'
For more information check: https://developer",2026-07-31
LFSO_21DISC03,"Employed persons by reason for discrimination in the current job, citizenship and occupation (2021)",ok,sdmx,9,69,0,"",2026-07-31
LFSO_21DISC03$DV_1910,"Employed persons by reason for discrimination in the current job, citizenship and occupation (2021)",error,"",0,0,1,"HTTPStatusError: Client error '404 Not Found' for url 'https://ec.europa.eu/eurostat/api/dissemination/sdmx/2.1/datastructure/ESTAT/LFSO_21DISC03$DV_1910'
For more information check: https://developer",2026-07-31
LFSO_21DISC04,"Employed persons by reason for discrimination in the current job, size of the local unit and economic activity (2021)",ok,sdmx,9,80,0,"",2026-07-31
LFSO_21EDUC01,"Population in private households by country where the highest level of education was successfully completed, country of birth and educational attainment level (2021)",ok,sdmx,9,63,0,"",2026-07-31
LFSO_21EDUC02,"Population in private households with the highest level of education obtained abroad by application for formal recognition of the education in the host country, country of educational attainment level and country of birth (2021)",ok,sdmx,9,59,0,"",2026-07-31
LFSO_21EDUC03,"Population in private households with the highest level of education obtained abroad by outcome of applying for recognition of the education in the host country, educational attainment level and country of educational attainment level (2021)",ok,sdmx,9,54,0,"",2026-07-31
LFSO_21EDUC04,"Population in private households with the highest level of education obtained abroad by reason for not applying for recognition of the education in the host country, educational attainment level and country of educational attainment level (2021)",ok,sdmx,9,56,0,"",2026-07-31
LFSO_21EDUC05,"Employed foreign-born by change in skill level from last job before migrating to current job, country of birth and educational attainment level (2021)",ok,sdmx,9,60,0,"",2026-07-31
LFSO_21EDUC06,"Employed foreign-born by change in skill level from last job before migrating to current job, country of birth and professional status (2021)",ok,sdmx,9,61,0,"",2026-07-31
LFSO_21EDUC07,Employed foreign-born by change in skill level from last job before migrating to current job and main reason for migrating (2021),ok,sdmx,8,58,0,"",2026-07-31
LFSO_21EDUC08,"Population in private households by educational attainment level of the parents, migration status and educational attainment level (2021)",ok,sdmx,9,68,0,"",2026-07-31
LFSO_21EDUC09,"Population in private households by educational attainment level of the parents, country of birth and labour status (2021)",ok,sdmx,9,64,0,"",2026-07-31
LFSO_21JSAT01,"Employed persons by job satisfaction, country of birth and educational attainment level (2021)",ok,sdmx,9,63,0,"",2026-07-31
LFSO_21JSAT02,"Employed persons by job satisfaction, size of the local unit and economic activity (2021)",ok,sdmx,9,77,0,"",2026-07-31
LFSO_21JSAT03,"Employed persons by job satisfaction, citizenship and occupation (2021)",ok,sdmx,9,66,0,"",2026-07-31
LFSO_21JSAT04,"Employed persons by job satisfaction, working from home and working time flexibility (2021)",ok,sdmx,9,58,0,"",2026-07-31
LFSO_21JSAT05,"Employed persons by job satisfaction, migration status and professional status (2021)",ok,sdmx,9,62,0,"",2026-07-31
LFSO_21JSAT06,"Employees by job satisfaction, supervisory responsibilities and type of employment contract (2021)",ok,sdmx,9,55,0,"",2026-07-31
LFSO_21LANG01,"Foreign-born population in private households by level of skills in the main host country language before migrating, country of birth and educational attainment level (2021)",ok,sdmx,9,62,0,"",2026-07-31
LFSO_21LANG02,"Foreign-born population in private households by level of current skills in the main host country language, country of birth and educational attainment level (2021)",ok,sdmx,9,61,0,"",2026-07-31
LFSO_21LANG03,"Foreign-born population in private households by level of current skills in the main host country language, citizenship and labour status (2021)",ok,sdmx,9,64,0,"",2026-07-31
LFSO_21LANG04,"Foreign-born population in private households by participation in a course for the main host country language after migrating, country of birth and educational attainment level (2021)",ok,sdmx,9,54,0,"",2026-07-31
LFSO_21LANG05,"Foreign-born population in private households by reason for not participating in a course for the main host country language after migrating, country of birth and educational attainment level (2021)",ok,sdmx,9,55,0,"",2026-07-31
LFSO_21OBST01,"Foreign-born population in private households by main obstacle to get a suitable job, country of birth and educational attainment level (2021)",ok,sdmx,9,65,0,"",2026-07-31
LFSO_21OBST02,"Foreign-born population in private households by main obstacle to get a suitable job, citizenship and labour status (2021)",ok,sdmx,9,63,0,"",2026-07-31
LFSO_21OBST03,"Foreign-born population in private households by main obstacle to get a suitable job, country of birth and main reason for migrating (2021)",ok,sdmx,9,66,0,"",2026-07-31
LFSO_21OBST04,Foreign-born population in private households by time required to find the first paid job in the host country and country of birth (2021),ok,sdmx,8,54,0,"",2026-07-31
LFSO_21OBST05,Foreign-born population in private households by time required to find the first paid job in the host country and citizenship (2021),ok,sdmx,8,58,0,"",2026-07-31
LFSO_22ASWT01,"Employed persons by working time spent on cognitive tasks, professional status and educational attainment level (2022)",ok,sdmx,9,73,0,"",2026-07-31
LFSO_22ASWT02,"Employed persons by working time spent on cognitive tasks, full-time/part-time employment and economic activity (2022)",ok,sdmx,9,90,0,"",2026-07-31
LFSO_22ASWT03,"Employed persons by working time spent on manual tasks, professional status and educational attainment level (2022)",ok,sdmx,9,73,0,"",2026-07-31
LFSO_22ASWT04,"Employed persons by working time spent on manual tasks, full-time/part-time employment and economic activity (2022)",ok,sdmx,9,90,0,"",2026-07-31
LFSO_22ASWT05,"Employed persons by working time spent on social tasks, professional status and educational attainment level (2022)",ok,sdmx,9,73,0,"",2026-07-31
LFSO_22ASWT06,"Employed persons by working time spent on social tasks, full-time/part-time employment and economic activity (2022)",ok,sdmx,9,90,0,"",2026-07-31
LFSO_22DMSC01,Employed persons by working time spent on using digital devices and on another specific task (reading documents) (2022),ok,sdmx,9,75,0,"",2026-07-31
LFSO_22DMSC02,Employed persons by working time spent on using digital devices and on another specific task (doing relatively complex calculations) (2022),ok,sdmx,9,75,0,"",2026-07-31
LFSO_22DMSC03,Employed persons by working time spent on using digital devices and on another specific task (interacting with people from the same enterprise or organisation) (2022),ok,sdmx,9,75,0,"",2026-07-31
LFSO_22DMSC04,Employed persons by working time spent on using digital devices and on another specific task (interacting with people from outside the enterprise or organisation) (2022),ok,sdmx,9,75,0,"",2026-07-31
LFSO_22DMSC05,"Employed persons by working time spent on using digital devices and on another specific task (advising, training or teaching) (2022)",ok,sdmx,9,75,0,"",2026-07-31
LFSO_22MANT01,"Employed persons by working time spent on doing hard physical work, migration status and educational attainment level (2022)",ok,sdmx,9,75,0,"",2026-07-31
LFSO_22MANT02,"Employees by working time spent on doing hard physical work, employment contract and full-time/part-time employment (2022)",ok,sdmx,9,67,0,"",2026-07-31
LFSO_22MANT03,"Employed persons by working time spent on tasks involving finger dexterity, migration status and educational attainment level (2022)",ok,sdmx,9,75,0,"",2026-07-31
LFSO_22MANT04,"Employees by working time spent on tasks involving finger dexterity, employment contract and full-time/part-time employment (2022)",ok,sdmx,9,67,0,"",2026-07-31
LFSO_22WRKM01,"Employed persons by level of standardization of tasks, level of repetitiveness of tasks and job autonomy (2022)",ok,sdmx,9,81,0,"",2026-07-31
LFSO_22WRKM02,"Employed persons by level of standardization of tasks, level of repetitiveness of tasks and educational attainment level (2022)",ok,sdmx,9,75,0,"",2026-07-31
LFSO_22WRKM03,"Employed persons by job autonomy, economic activity and occupation (2022)",ok,sdmx,9,105,0,"",2026-07-31
LFSO_22WRKM04,"Employed persons by job autonomy, educational attainment level and professional status (2022)",ok,sdmx,9,76,0,"",2026-07-31
LFSO_22WRKM05,"Employed persons by job autonomy, migration status and citizenship (2022)",ok,sdmx,9,79,0,"",2026-07-31
LFSO_22WRKM06,"Employees by job autonomy, employment contract and full-time/part-time employment (2022)",ok,sdmx,9,71,0,"",2026-07-31
LFSO_22WRKM07,"Employed persons by level of repetitiveness of tasks, economic activity and occupation (2022)",ok,sdmx,9,101,0,"",2026-07-31
LFSO_22WRKM08,"Employed persons by level of repetitiveness of tasks, educational attainment level and professional status (2022)",ok,sdmx,9,72,0,"",2026-07-31
LFSO_22WRKM09,"Employed persons by level of repetitiveness of tasks, migration status and citizenship (2022)",ok,sdmx,9,75,0,"",2026-07-31
LFSO_22WRKM10,"Employees by level of repetitiveness of tasks, employment contract and full-time/part-time employment (2022)",ok,sdmx,9,67,0,"",2026-07-31
LFSO_22WRKM11,"Employed persons by level of standardization of tasks, economic activity and occupation (2022)",ok,sdmx,9,101,0,"",2026-07-31
LFSO_22WRKM12,"Employed persons by level of standardization of tasks, educational attainment level and professional status (2022)",ok,sdmx,9,72,0,"",2026-07-31
LFSO_22WRKM13,"Employed persons by level of standardization of tasks, migration status and citizenship (2022)",ok,sdmx,9,75,0,"",2026-07-31
LFSO_22WRKM14,"Employees by level of standardization of tasks, employment contract and full-time/part-time employment (2022)",ok,sdmx,9,67,0,"",2026-07-31
LFSO_23PENS01,Persons receiving an old-age or disability pension by type and labour status (2023),ok,sdmx,8,55,0,"",2026-07-31
LFSO_23PENS02,Persons receiving an old-age pension by type (2023),ok,sdmx,7,44,0,"",2026-07-31
LFSO_23PENS03,Age at which the person started receiving an old-age pension (2023),ok,sdmx,7,42,0,"",2026-07-31
LFSO_23PENS04,Persons receiving an old-age pension by first statutory pension receipt with/without reduction or bonus (2023),ok,sdmx,7,44,0,"",2026-07-31
LFSO_23PENS05,Age at which the person started receiving a disability pension or other periodic disability cash benefits (2023),ok,sdmx,7,42,0,"",2026-07-31
LFSO_23PENS06,Persons receiving an old-age pension by their work situation at the beginning of pension receipt (2023),ok,sdmx,7,45,0,"",2026-07-31
LFSO_23PENS07,Persons receiving an old-age pension and stopped working at the beginning of pension receipt by reason (2023),ok,sdmx,7,48,0,"",2026-07-31
LFSO_23PENS08,Persons receiving an old-age pension and continued working at the beginning of pension receipt by reason (2023),ok,sdmx,7,47,0,"",2026-07-31
LFSO_23PENS09,Persons receiving an old-age pension and re-entered the labour market after the beginning of pension receipt (2023),ok,sdmx,6,39,0,"",2026-07-31
LFSO_23PENS10,Persons receiving an old-age pension and re-entered the labour market after the beginning of pension receipt by reason (2023),ok,sdmx,7,43,0,"",2026-07-31
LFSO_23PENS11,Persons receiving an old-age pension by their work situation at the beginning of pension receipt and current or previous professional status (2023),ok,sdmx,8,50,0,"",2026-07-31
LFSO_23PENS12,Persons receiving an old-age pension by their work situation at the beginning of pension receipt and current or previous occupation (2023),ok,sdmx,8,57,0,"",2026-07-31
LFSO_23PENS13,Persons not receiving a statutory nor an occupational old-age pension by type of financial old-age provision (2023),ok,sdmx,7,44,0,"",2026-07-31
LFSO_24EAB01,Persons by formal education or training abandoned and educational attainment level (2024),ok,sdmx,8,57,0,"",2026-07-31
LFSO_24EAB02,Persons by level of the formal education or training abandoned and educational attainment level (2024),ok,sdmx,8,59,0,"",2026-07-31
LFSO_24EAB03,Persons by level of the formal education or training abandoned and reason (2024),ok,sdmx,8,60,0,"",2026-07-31
LFSO_24EAB04,Persons neither in employment nor in education and training by educational attainment level and formal education or training abandoned (NEET rates) (2024),ok,sdmx,8,57,0,"",2026-07-31
LFSO_24LMK01,Employment rate by work experience while studying and country of birth (2024),ok,sdmx,9,63,0,"",2026-07-31
LFSO_24LMK02,Unemployment rate by work experience while studying and country of birth (2024),ok,sdmx,9,60,0,"",2026-07-31
LFSO_24LMK03,Labour force participation rate by work experience while studying and country of birth (2024),ok,sdmx,9,63,0,"",2026-07-31
LFSO_24LMK04,Persons in part-time employment by work experience while studying (2024),ok,sdmx,8,57,0,"",2026-07-31
LFSO_24LMK05,Persons in part-time employment by work experience while studying and reason (2024),ok,sdmx,9,62,0,"",2026-07-31
LFSO_24LMK06,Temporary employees by work experience while studying (2024),ok,sdmx,8,57,0,"",2026-07-31
LFSO_24LMK07,Employees with involuntary temporary contracts by work experience while studying (2024),ok,sdmx,8,54,0,"",2026-07-31
LFSO_24LMK08,Employed persons by work experience while studying and job tenure (2024),ok,sdmx,9,62,0,"",2026-07-31
LFSO_24MATCH01,Persons by match between educational attainment level and current/last main job and work experience while studying (2024),ok,sdmx,9,67,0,"",2026-07-31
LFSO_24MATCH02,Persons by match between educational attainment level and current/last main job and occupation (2024),ok,sdmx,9,70,0,"",2026-07-31
LFSO_24MATCH03,Persons not in formal education by match between educational attainment level and current/last main job and years since completion of highest level of education (2024),ok,sdmx,9,65,0,"",2026-07-31
LFSO_24MATCH04,Persons by match between educational attainment level and current/last main job and country of birth (2024),ok,sdmx,9,63,0,"",2026-07-31
LFSO_24MATCH05,Persons by match between field of education and current/last main job and work experience while studying (2024),ok,sdmx,9,68,0,"",2026-07-31
LFSO_24MATCH06,Persons by match between field of education and current/last main job and field of education (2024),ok,sdmx,9,67,0,"",2026-07-31
LFSO_24MATCH07,Persons by match between field of education and current/last main job and occupation (2024),ok,sdmx,9,68,0,"",2026-07-31
LFSO_24MATCH08,Persons not in formal education by match between field of education and current/last main job and years since completion of highest level of education (2024),ok,sdmx,9,62,0,"",2026-07-31
LFSO_24MATCH09,Persons by match between field of education and current/last main job and country of birth (2024),ok,sdmx,9,61,0,"",2026-07-31
LFSO_24MATCH10,Persons by match between skills and current/last main job and work experience while studying (2024),ok,sdmx,9,67,0,"",2026-07-31
LFSO_24MATCH11,Persons by match between skills and current/last main job and occupation (2024),ok,sdmx,9,70,0,"",2026-07-31
LFSO_24MATCH12,Persons not in formal education by match between skills and current/last main job and years since completion of highest level of education (2024),ok,sdmx,9,65,0,"",2026-07-31
LFSO_24MATCH13,Persons not in formal education by match between skills and current/last main job and job tenure (2024),ok,sdmx,9,64,0,"",2026-07-31
LFSO_24MATCH14,Persons by match between skills and current/last main job and country of birth (2024),ok,sdmx,9,63,0,"",2026-07-31
LFSO_24TERT01,Persons with tertiary education by medium educational attainment qualifications (2024),ok,sdmx,7,46,0,"",2026-07-31
LFSO_24TERT02,Employment rate of persons with tertiary education by medium educational attainment qualifications (2024),ok,sdmx,7,45,0,"",2026-07-31
LFSO_24TERT03,Unemployment rate of persons with tertiary education by medium educational attainment qualifications (2024),ok,sdmx,7,45,0,"",2026-07-31
LFSQ_AGACOB,Labour force by country of birth - quarterly data,ok,sdmx,7,197,0,"",2026-07-31
LFSQ_AGAED,Labour force by educational attainment level - quarterly data,ok,sdmx,7,192,0,"",2026-07-31
LFSQ_AGAN,Labour force by citizenship - quarterly data,ok,sdmx,7,198,0,"",2026-07-31
LFSQ_ARGACOB,Labour force participation rates by country of birth - quarterly data,ok,sdmx,7,197,0,"",2026-07-31
LFSQ_ARGAED,Labour force participation rates by educational attainment level - quarterly data,ok,sdmx,7,194,0,"",2026-07-31
LFSQ_ARGAN,Labour force participation rates by citizenship - quarterly data,ok,sdmx,7,198,0,"",2026-07-31
LFSQ_E2GED,Persons having a second job by educational attainment level - quarterly data,ok,sdmx,7,169,0,"",2026-07-31
LFSQ_E2GIS,Persons having a second job by occupation in the first job - quarterly data,ok,sdmx,7,174,0,"",2026-07-31
LFSQ_E2GPS,Persons having a second job by professional status of both jobs - quarterly data,ok,sdmx,8,178,0,"",2026-07-31
LFSQ_EEGAED,Employees by educational attainment level - quarterly data,ok,sdmx,7,181,0,"",2026-07-31
LFSQ_EEGAIS,Employees by occupation - quarterly data,ok,sdmx,7,192,0,"",2026-07-31
LFSQ_EEGAN2,Employees by economic activity (NACE Rev. 2) (2008-2026) - quarterly data,ok,sdmx,7,163,0,"",2026-07-31
LFSQ_EEGAN21,Employees by economic activity (NACE Rev. 2.1) - quarterly data,ok,sdmx,7,89,0,"",2026-07-31
LFSQ_EEGANA,Employees by economic activity (NACE Rev. 1.1) (1998-2008) - quarterly data,ok,sdmx,7,133,0,"",2026-07-31
LFSQ_EFTPT,Employed persons by professional status and full-time/part-time employment - quarterly data,ok,sdmx,8,191,0,"",2026-07-31
LFSQ_EGACOB,Employed persons by country of birth - quarterly data,ok,sdmx,7,197,0,"",2026-07-31
LFSQ_EGAED,Employed persons by educational attainment level - quarterly data,ok,sdmx,7,192,0,"",2026-07-31
LFSQ_EGAIS,Employed persons by professional status and occupation - quarterly data,ok,sdmx,8,200,0,"",2026-07-31
LFSQ_EGAN,Employed persons by citizenship - quarterly data,ok,sdmx,7,198,0,"",2026-07-31
LFSQ_EGAN2,Employed persons by economic activity (NACE Rev. 2) (2008-2026) - quarterly data,ok,sdmx,7,160,0,"",2026-07-31
LFSQ_EGAN2$DV_3146,Employed persons by economic activity (NACE Rev. 2) (2008-2026) - quarterly data,error,"",0,0,1,"HTTPStatusError: Client error '404 Not Found' for url 'https://ec.europa.eu/eurostat/api/dissemination/sdmx/2.1/datastructure/ESTAT/LFSQ_EGAN2$DV_3146'
For more information check: https://developer.mo",2026-07-31
LFSQ_EGAN21,Employed persons by economic activity (NACE Rev. 2.1) - quarterly data,ok,sdmx,7,86,0,"",2026-07-31
LFSQ_EGAN212D,Employed persons by detailed economic activity (NACE Rev. 2.1 two-digit level) - quarterly data,ok,sdmx,7,151,0,"",2026-07-31
LFSQ_EGAN22D,Employed persons by detailed economic activity (NACE Rev. 2 two-digit level) (2008-2026) - quarterly data,ok,sdmx,7,228,0,"",2026-07-31
LFSQ_EGAN22D$DV_3147,Employed persons by detailed economic activity (NACE Rev. 2 two-digit level) (2008-2026) - quarterly data,error,"",0,0,1,"HTTPStatusError: Client error '404 Not Found' for url 'https://ec.europa.eu/eurostat/api/dissemination/sdmx/2.1/datastructure/ESTAT/LFSQ_EGAN22D$DV_3147'
For more information check: https://developer.",2026-07-31
LFSQ_EGANA,Employed persons by economic activity (NACE Rev. 1.1) (1998-2008) - quarterly data,ok,sdmx,7,130,0,"",2026-07-31
LFSQ_EGANA2D,Employed persons by detailed economic activity (NACE Rev. 1.1 two-digit level) (1998-2008) - quarterly data,ok,sdmx,7,170,0,"",2026-07-31
LFSQ_EGAPS,Employed persons by professional status - quarterly data,ok,sdmx,7,200,0,"",2026-07-31
LFSQ_EGDN2,Employed persons by job tenure and economic activity (NACE Rev. 2) (2008-2026) - quarterly data,ok,sdmx,8,154,0,"",2026-07-31
LFSQ_EGDN21,Employed persons by job tenure and economic activity (NACE Rev. 2.1) - quarterly data,ok,sdmx,8,80,0,"",2026-07-31
LFSQ_EGISED,Employed persons by occupation and educational attainment level - quarterly data,ok,sdmx,8,177,0,"",2026-07-31
LFSQ_EISN2,Employed persons by occupation and economic activity (NACE Rev. 2) (2008-2026) - quarterly data,ok,sdmx,8,153,0,"",2026-07-31
LFSQ_EISN21,Employed persons by occupation and economic activity (NACE Rev. 2.1) - quarterly data,ok,sdmx,8,79,0,"",2026-07-31
LFSQ_EPGAED,Persons in full-time/part-time employment by educational attainment level - quarterly data,ok,sdmx,8,185,0,"",2026-07-31
LFSQ_EPGAIS,Persons in full-time/part-time employment by occupation - quarterly data,ok,sdmx,8,183,0,"",2026-07-31
LFSQ_EPGAN2,Persons in full-time/part-time employment by economic activity (NACE Rev. 2) (2008-2026) - quarterly data,ok,sdmx,8,172,0,"",2026-07-31
LFSQ_EPGAN21,Persons in full-time/part-time employment by economic activity (NACE Rev. 2.1) - quarterly data,ok,sdmx,8,97,0,"",2026-07-31
LFSQ_EPGANA,Persons in full-time/part-time employment by economic activity (NACE Rev. 1.1) (1998-2008) - quarterly data,ok,sdmx,8,137,0,"",2026-07-31
LFSQ_EPPGA,Persons in part-time employment by age - % of total employment - quarterly data,ok,sdmx,6,180,0,"",2026-07-31
LFSQ_ERGACOB,Employment rates by country of birth - quarterly data,ok,sdmx,7,197,0,"",2026-07-31
LFSQ_ERGAED,Employment rates by educational attainment level - quarterly data,ok,sdmx,7,194,0,"",2026-07-31
LFSQ_ERGAN,Employment rates by citizenship - quarterly data,ok,sdmx,7,198,0,"",2026-07-31
LFSQ_ERGANEDM,"Employment rates by migration status, citizenship and educational attainment level - quarterly data",ok,sdmx,9,95,0,"",2026-07-31
LFSQ_ESGAED,Self-employed persons by educational attainment level - quarterly data,ok,sdmx,8,185,0,"",2026-07-31
LFSQ_ESGAIS,Self-employed persons by occupation - quarterly data,ok,sdmx,8,195,0,"",2026-07-31
LFSQ_ESGAN2,Self-employed persons by economic activity (NACE Rev. 2) (2008-2026) - quarterly data,ok,sdmx,8,153,0,"",2026-07-31
LFSQ_ESGAN21,Self-employed persons by economic activity (NACE Rev. 2.1) - quarterly data,ok,sdmx,8,79,0,"",2026-07-31
LFSQ_ESGANA,Self-employed persons by economic activity (NACE Rev. 1.1) (1998-2008) - quarterly data,ok,sdmx,8,123,0,"",2026-07-31
LFSQ_ETGADC,Temporary employees by duration of the employment contract - quarterly data,ok,sdmx,7,199,0,"",2026-07-31
LFSQ_ETGAED,Temporary employees by educational attainment level - quarterly data,ok,sdmx,7,183,0,"",2026-07-31
LFSQ_ETGAIS,Temporary employees by occupation - quarterly data,ok,sdmx,7,194,0,"",2026-07-31
LFSQ_ETGAN2,Temporary employees by economic activity (NACE Rev. 2) (2008-2026) - quarterly data,ok,sdmx,7,165,0,"",2026-07-31
LFSQ_ETGAN21,Temporary employees by economic activity (NACE Rev. 2.1) - quarterly data,ok,sdmx,7,91,0,"",2026-07-31
LFSQ_ETGANA,Temporary employees by economic activity (NACE Rev. 1.1) (1998-2008) - quarterly data,ok,sdmx,7,135,0,"",2026-07-31
LFSQ_ETPGA,Temporary employees - % of total employees - quarterly data,ok,sdmx,6,182,0,"",2026-07-31
LFSQ_EWH2N2,"Average actual weekly hours worked in the second job of persons who worked in this job during the reference week by professional status, economic activity and full-time/part-time employment in the first job (NACE Rev. 2) (2008-2026) - quarterly data",ok,sdmx,9,162,0,"",2026-07-31
LFSQ_EWH2N21,"Average actual weekly hours worked in the second job of persons who worked in this job during the reference week by professional status, economic activity and full-time/part-time employment in the first job (NACE Rev. 2.1) - quarterly data",ok,sdmx,9,88,0,"",2026-07-31
