df_id,df_description,dimension_id,max_level,levels,n_territories,checked_at
101_1015,Coltivazioni,REF_AREA,provincia,nazionale|ripartizione|regione|provincia,143,2026-07-16
101_1015_DF_DCSP_COLTIVAZIONI_1,Superfici e produzione - dati in complesso,REF_AREA,provincia,nazionale|ripartizione|regione|provincia,143,2026-07-16
101_1015_DF_DCSP_COLTIVAZIONI_10,Intenzioni di semina,REF_AREA,regione,nazionale|ripartizione|regione,5,2026-07-16
101_1015_DF_DCSP_COLTIVAZIONI_2,Superfici e produzione - dati in complesso - prov,REF_AREA,provincia,nazionale|ripartizione|regione|provincia,143,2026-07-16
101_1030,Prodotti agroalimentari di qualità DOP/IGP e STG,REF_AREA,provincia,nazionale|ripartizione|regione|provincia,139,2026-07-16
101_1030_DF_DCSP_DOPIGP_1,Operatori per settore,REF_AREA,provincia,nazionale|ripartizione|regione|provincia,139,2026-07-16
101_1030_DF_DCSP_DOPIGP_2,Operatori per prodotto,REF_AREA,nazionale,nazionale,1,2026-07-16
101_1030_DF_DCSP_DOPIGP_3,Dinamica degli operatori,REF_AREA,nazionale,nazionale,1,2026-07-16
101_1030_DF_DCSP_DOPIGP_4,"Prodotti DOP, IGP e STG attivi",REF_AREA,nazionale,nazionale,1,2026-07-16
101_1030_DF_DCSP_DOPIGP_5,Processo di lavorazione per zona altimetrica,REF_AREA,provincia,nazionale|ripartizione|regione|provincia,139,2026-07-16
101_1030_DF_DCSP_DOPIGP_6,Processo di lavorazione per sesso del conduttore,REF_AREA,provincia,nazionale|ripartizione|regione|provincia,139,2026-07-16
101_1033,Macellazioni,REF_AREA,provincia,nazionale|ripartizione|regione|provincia,32,2026-07-16
101_1033_DF_DASH_DCSP_MACELLAZIONI_1,Carni - dati mensili,REF_AREA,nazionale,nazionale,1,2026-07-16
101_1033_DF_DCSP_MACELLAZIONI_1,Carni rosse - dati mensili,REF_AREA,nazionale,nazionale,1,2026-07-16
101_1033_DF_DCSP_MACELLAZIONI_2,Carni bianche - dati mensili,REF_AREA,nazionale,nazionale,1,2026-07-16
101_1033_DF_DCSP_MACELLAZIONI_3,Carni rosse - dati annuali,REF_AREA,provincia,nazionale|ripartizione|regione|provincia,32,2026-07-16
101_1033_DF_DCSP_MACELLAZIONI_4,Carni bianche - dati annuali,REF_AREA,provincia,nazionale|ripartizione|regione|provincia,32,2026-07-16
101_1039,Agriturismo - comuni,REF_AREA,comune,nazionale|ripartizione|regione|provincia|comune,5632,2026-07-16
101_1039_DF_DCSP_AGRITURISMO_COM_1,Agriturismo - comuni,REF_AREA,comune,nazionale|ripartizione|regione|provincia|comune,5632,2026-07-16
101_1077,Prodotti di qualità DOP/IGP e STG: operatori - dati comunali,REF_AREA,comune,nazionale|ripartizione|regione|provincia|comune,5944,2026-07-16
101_1077_DF_DCSP_DOPIGP_COM_1,Prodotti di qualità DOP/IGP e STG: operatori - dati comunali,REF_AREA,comune,nazionale|ripartizione|regione|provincia|comune,5944,2026-07-16
101_12,Prezzi dei prodotti agricoli,REF_AREA,nazionale,nazionale,1,2026-07-16
101_12_DF_DCSP_PREZZIAGR_1,"Indice dei prezzi dei prodotti acquistati dagli agricoltori, mensile (base 2015)",REF_AREA,nazionale,nazionale,1,2026-07-16
101_12_DF_DCSP_PREZZIAGR_10,"Indice dei prezzi alla produzione dei prodotti venduti dagli agricoltori, mensile (base 2020)",REF_AREA,nazionale,nazionale,1,2026-07-16
101_12_DF_DCSP_PREZZIAGR_11,"Indice dei prezzi dei prodotti acquistati dagli agricoltori, media annua (base 2020)",REF_AREA,nazionale,nazionale,1,2026-07-16
101_12_DF_DCSP_PREZZIAGR_12,"Indice dei prezzi alla produzione dei prodotti venduti dagli agricoltori, media annua (base 2020)",REF_AREA,nazionale,nazionale,1,2026-07-16
101_12_DF_DCSP_PREZZIAGR_2,"Indice dei prezzi alla produzione dei prodotti venduti dagli agricoltori, mensile (base 2015)",REF_AREA,nazionale,nazionale,1,2026-07-16
101_12_DF_DCSP_PREZZIAGR_3,"Indice dei prezzi dei prodotti acquistati dagli agricoltori, media annua (base 2015)",REF_AREA,nazionale,nazionale,1,2026-07-16
101_12_DF_DCSP_PREZZIAGR_4,"Indice dei prezzi alla produzione dei prodotti venduti dagli agricoltori, media annua (base 2015)",REF_AREA,nazionale,nazionale,1,2026-07-16
101_12_DF_DCSP_PREZZIAGR_5,"Indice dei prezzi dei prodotti acquistati dagli agricoltori, mensile (base 2010)",REF_AREA,nazionale,nazionale,1,2026-07-16
101_12_DF_DCSP_PREZZIAGR_6,"Indice dei prezzi alla produzione dei prodotti venduti dagli agricoltori, mensile (base 2010)",REF_AREA,nazionale,nazionale,1,2026-07-16
101_12_DF_DCSP_PREZZIAGR_7,"Indice dei prezzi dei prodotti acquistati dagli agricoltori, media annua (base 2010)",REF_AREA,nazionale,nazionale,1,2026-07-16
101_12_DF_DCSP_PREZZIAGR_8,"Indice dei prezzi alla produzione dei prodotti venduti dagli agricoltori, media annua (base 2010)",REF_AREA,nazionale,nazionale,1,2026-07-16
101_12_DF_DCSP_PREZZIAGR_9,"Indice dei prezzi dei prodotti acquistati dagli agricoltori, mensile (base 2020)",REF_AREA,nazionale,nazionale,1,2026-07-16
101_148,Risultati economici delle aziende agricole,REF_AREA,provincia,nazionale|ripartizione|regione|provincia,32,2026-07-16
101_148_DF_DCSP_RICAREA_1,Risultati economici delle aziende agricole - Principali dati,REF_AREA,provincia,nazionale|ripartizione|regione|provincia,32,2026-07-16
101_148_DF_DCSP_RICAREA_2,Valori economici medi per azienda per classe di ULA,REF_AREA,nazionale,nazionale,1,2026-07-16
101_148_DF_DCSP_RICAREA_3,Valori economici medi per azienda per classe di fatturato,REF_AREA,nazionale,nazionale,1,2026-07-16
101_148_DF_DCSP_RICAREA_4,Valori economici medi per azienda per forma giuridica,REF_AREA,nazionale,nazionale,1,2026-07-16
101_148_DF_DCSP_RICAREA_5,Idicatori di performance per settore,REF_AREA,nazionale,nazionale,1,2026-07-16
101_22,Fitosanitari,REF_AREA,provincia,nazionale|ripartizione|regione|provincia,141,2026-07-16
101_22_DF_DCSP_FITOSANITARI_1,Prodotti distribuiti - prov.,REF_AREA,provincia,nazionale|ripartizione|regione|provincia,141,2026-07-16
101_22_DF_DCSP_FITOSANITARI_2,Principi attivi contenuti - prov.,REF_AREA,provincia,nazionale|ripartizione|regione|provincia,141,2026-07-16
101_22_DF_DCSP_FITOSANITARI_3,Utilizzo per tipo di coltura - Principali dati,REF_AREA,nazionale,nazionale,1,2026-07-16
101_22_DF_DCSP_FITOSANITARI_4,Utilizzo - dettaglio di principio attivo,REF_AREA,nazionale,nazionale,1,2026-07-16
101_22_DF_DCSP_FITOSANITARI_5,Classe di trattamenti effettuati,REF_AREA,nazionale,nazionale,1,2026-07-16
101_959,Latte e prodotti lattiero caseari,REF_AREA,provincia,nazionale|ripartizione|regione|provincia,32,2026-07-16
101_959_DF_DCSP_LATTE_1,Prodotti - dati mensili,REF_AREA,nazionale,nazionale,1,2026-07-16
101_959_DF_DCSP_LATTE_2,Prodotti per tipo di unità produttiva,REF_AREA,nazionale,nazionale,1,2026-07-16
101_959_DF_DCSP_LATTE_3,Quantità di materie prime fresche importate,REF_AREA,nazionale,nazionale,1,2026-07-16
101_959_DF_DCSP_LATTE_4,Prodotti e stabilimenti per classi di tonnellate di prodotto,REF_AREA,nazionale,nazionale,1,2026-07-16
101_959_DF_DCSP_LATTE_5,Stabilimenti per unità produttive - reg,REF_AREA,provincia,nazionale|ripartizione|regione|provincia,32,2026-07-16
101_959_DF_DCSP_LATTE_6,Prodotti - reg,REF_AREA,provincia,nazionale|ripartizione|regione|provincia,32,2026-07-16
101_961,Consistenze degli allevamenti,REF_AREA,regione,nazionale|ripartizione|regione,28,2026-07-16
101_961_DF_DCSP_CONSISTENZE_1,Consistenze al 1° dicembre - reg,REF_AREA,regione,nazionale|ripartizione|regione,28,2026-07-16
101_961_DF_DCSP_CONSISTENZE_2,Consistenze al 1° giugno,REF_AREA,nazionale,nazionale,1,2026-07-16
101_962,Import export di bestiame,REF_AREA,nazionale,nazionale,1,2026-07-16
101_962_DF_DCSP_LIVESTIMPEXP_1,Animali vivi - dati mensili,REF_AREA,nazionale,nazionale,1,2026-07-16
101_962_DF_DCSP_LIVESTIMPEXP_2,Animali vivi - dati annuali,REF_AREA,nazionale,nazionale,1,2026-07-16
101_962_DF_DCSP_LIVESTIMPEXP_3,Carni - dati mensili,REF_AREA,nazionale,nazionale,1,2026-07-16
101_962_DF_DCSP_LIVESTIMPEXP_4,Carni - dati annuali,REF_AREA,nazionale,nazionale,1,2026-07-16
101_965,Agriturismo,REF_AREA,provincia,nazionale|ripartizione|regione|provincia,141,2026-07-16
101_965_DF_DCSP_AGRITURISMO_1,Aziende autorizzate - prov,REF_AREA,provincia,nazionale|ripartizione|regione|provincia,141,2026-07-16
101_965_DF_DCSP_AGRITURISMO_2,Servizi agrituristici,REF_AREA,provincia,nazionale|ripartizione|regione|provincia,141,2026-07-16
101_965_DF_DCSP_AGRITURISMO_3,Zona altimetrica e sesso del conduttore - prov,REF_AREA,provincia,nazionale|ripartizione|regione|provincia,141,2026-07-16
101_965_DF_DCSP_AGRITURISMO_4,Durata dell'autorizzazione - prov,REF_AREA,provincia,nazionale|ripartizione|regione|provincia,141,2026-07-16
101_965_DF_DCSP_AGRITURISMO_5,Dinamica autorizzazioni - prov,REF_AREA,provincia,nazionale|ripartizione|regione|provincia,141,2026-07-16
102_974,Struttura delle aziende agricole,REF_AREA,provincia,nazionale|ripartizione|regione|provincia,32,2026-07-16
102_974_DF_DCSP_SPA_1,Aziende e superfici per titolo di possesso,REF_AREA,provincia,nazionale|ripartizione|regione|provincia,32,2026-07-16
102_974_DF_DCSP_SPA_10,Aziende con energia rinnovabile,REF_AREA,provincia,nazionale|ripartizione|regione|provincia,32,2026-07-16
102_974_DF_DCSP_SPA_11,Aziende e mezzi meccanici,REF_AREA,provincia,nazionale|ripartizione|regione|provincia,32,2026-07-16
102_974_DF_DCSP_SPA_12,Aziende per forma giuridica,REF_AREA,provincia,nazionale|ripartizione|regione|provincia,32,2026-07-16
102_974_DF_DCSP_SPA_13,Aziende per titolo di studio del conduttore,REF_AREA,provincia,nazionale|ripartizione|regione|provincia,32,2026-07-16
102_974_DF_DCSP_SPA_14,Persone e giornate di lavoro per tipo di manodopera,REF_AREA,provincia,nazionale|ripartizione|regione|provincia,32,2026-07-16
102_974_DF_DCSP_SPA_2,Aziende e superfici per classe di superficie,REF_AREA,provincia,nazionale|ripartizione|regione|provincia,32,2026-07-16
102_974_DF_DCSP_SPA_3,Aziende e superfici per forma di conduzione,REF_AREA,provincia,nazionale|ripartizione|regione|provincia,32,2026-07-16
102_974_DF_DCSP_SPA_4,Aziende a superficie irrigabile ed irrigata,REF_AREA,provincia,nazionale|ripartizione|regione|provincia,32,2026-07-16
102_974_DF_DCSP_SPA_5,Aziende e superfici per coltivazione biologiche,REF_AREA,provincia,nazionale|ripartizione|regione|provincia,32,2026-07-16
102_974_DF_DCSP_SPA_6,Aziende e superfici,REF_AREA,provincia,nazionale|ripartizione|regione|provincia,32,2026-07-16
102_974_DF_DCSP_SPA_7,Aziende e superfici per coltivazione,REF_AREA,provincia,nazionale|ripartizione|regione|provincia,32,2026-07-16
102_974_DF_DCSP_SPA_8,Aziende e consistenze degli allevamenti,REF_AREA,provincia,nazionale|ripartizione|regione|provincia,32,2026-07-16
102_974_DF_DCSP_SPA_9,Aziende con attività connesse,REF_AREA,provincia,nazionale|ripartizione|regione|provincia,32,2026-07-16
104_466,Fertilizzanti,REF_AREA,provincia,nazionale|ripartizione|regione|provincia,139,2026-07-16
104_466_DF_DCSP_FERTILIZZANTI_1,Fertilizzanti distribuiti per stato liquido o solido - reg.,REF_AREA,provincia,nazionale|ripartizione|regione|provincia,139,2026-07-16
104_466_DF_DCSP_FERTILIZZANTI_2,Fertilizzanti distribuiti per uso in agricoltura biologica - reg.,REF_AREA,regione,nazionale|ripartizione|regione,30,2026-07-16
104_466_DF_DCSP_FERTILIZZANTI_3,Fertilizzanti distribuiti per area di produzione - reg.,REF_AREA,regione,nazionale|ripartizione|regione,30,2026-07-16
104_466_DF_DCSP_FERTILIZZANTI_4,Fertilizzanti distribuiti - prov.,REF_AREA,provincia,nazionale|ripartizione|regione|provincia,139,2026-07-16
104_466_DF_DCSP_FERTILIZZANTI_5,Elementi nutritivi contenuti - prov.,REF_AREA,provincia,nazionale|ripartizione|regione|provincia,139,2026-07-16
104_466_DF_DCSP_FERTILIZZANTI_6,Elementi nutritivi contenuti per tipo di fertilizzante,REF_AREA,nazionale,nazionale,1,2026-07-16
104_466_DF_DCSP_FERTILIZZANTI_7,Elementi nutritivi contenuti per ettaro di superficie concimabile - reg.,REF_AREA,regione,nazionale|ripartizione|regione,30,2026-07-16
111_111,Indicatori  permessi di costruire,REF_AREA,nazionale,nazionale,1,2026-07-16
111_111_DF_DCSC_PERM_RAP1_1,Nuovi fabbricati residenziali,REF_AREA,nazionale,nazionale,1,2026-07-16
111_111_DF_DCSC_PERM_RAP1_2,Nuova edilizia non residenziale,REF_AREA,nazionale,nazionale,1,2026-07-16
111_263_DF_DCSC_FIDIMPRMAN_1,Clima e saldi mensili destagionalizzati,REF_AREA,regione,nazionale|ripartizione|regione,5,2026-07-16
111_263_DF_DCSC_FIDIMPRMAN_10,"Clima, saldi e frequenze mensili grezzi - rip.",REF_AREA,regione,nazionale|ripartizione|regione,5,2026-07-16
111_263_DF_DCSC_FIDIMPRMAN_11,"Clima, saldi e frequenze mensili grezzi per Ateco",REF_AREA,nazionale,nazionale,1,2026-07-16
111_263_DF_DCSC_FIDIMPRMAN_12,Saldi e frequenze mensili grezzi per classe di addetti,REF_AREA,nazionale,nazionale,1,2026-07-16
111_263_DF_DCSC_FIDIMPRMAN_13,Modulo trimestrale imprese esportatrici e capacità produttiva destagionalizzati,REF_AREA,regione,nazionale|ripartizione|regione,5,2026-07-16
111_263_DF_DCSC_FIDIMPRMAN_14,Modulo trimestrale imprese esportatrici e capacità produttiva grezzi - rip.,REF_AREA,regione,nazionale|ripartizione|regione,5,2026-07-16
111_263_DF_DCSC_FIDIMPRMAN_15,Modulo trimestrale imprese esportatrici e capacità produttiva grezzi per Ateco,REF_AREA,nazionale,nazionale,1,2026-07-16
111_263_DF_DCSC_FIDIMPRMAN_16,Modulo trimestrale imprese esportatrici e capacità produttiva grezzi per classe di addetti,REF_AREA,nazionale,nazionale,1,2026-07-16
111_263_DF_DCSC_FIDIMPRMAN_17,Clima e saldi mensili destagionalizzati,REF_AREA,regione,nazionale|ripartizione|regione,5,2026-07-16
111_263_DF_DCSC_FIDIMPRMAN_18,"Clima, saldi e frequenze mensili grezzi - rip.",REF_AREA,regione,nazionale|ripartizione|regione,5,2026-07-16
111_263_DF_DCSC_FIDIMPRMAN_19,"Clima, saldi e frequenze mensili grezzi per Ateco",REF_AREA,nazionale,nazionale,1,2026-07-16
111_263_DF_DCSC_FIDIMPRMAN_2,"Clima, saldi e frequenze mensili grezzi - rip.",REF_AREA,regione,nazionale|ripartizione|regione,5,2026-07-16
111_263_DF_DCSC_FIDIMPRMAN_20,Saldi e frequenze mensili grezzi per classe di addetti,REF_AREA,nazionale,nazionale,1,2026-07-16
111_263_DF_DCSC_FIDIMPRMAN_21,Modulo trimestrale imprese esportatrici e capacità produttiva destagionalizzati,REF_AREA,regione,nazionale|ripartizione|regione,5,2026-07-16
111_263_DF_DCSC_FIDIMPRMAN_22,Modulo trimestrale imprese esportatrici e capacità produttiva grezzi - rip.,REF_AREA,regione,nazionale|ripartizione|regione,5,2026-07-16
111_263_DF_DCSC_FIDIMPRMAN_23,Modulo trimestrale imprese esportatrici e capacità produttiva grezzi per Ateco,REF_AREA,nazionale,nazionale,1,2026-07-16
111_263_DF_DCSC_FIDIMPRMAN_24,Modulo trimestrale imprese esportatrici e capacità produttiva grezzi per classe di addetti,REF_AREA,nazionale,nazionale,1,2026-07-16
111_263_DF_DCSC_FIDIMPRMAN_3,"Clima, saldi e frequenze mensili grezzi per Ateco",REF_AREA,nazionale,nazionale,1,2026-08-13
111_263_DF_DCSC_FIDIMPRMAN_4,Saldi e frequenze mensili grezzi per classe di addetti,REF_AREA,nazionale,nazionale,1,2026-07-16
111_263_DF_DCSC_FIDIMPRMAN_5,Modulo trimestrale imprese esportatrici e capacità produttiva destagionalizzati,REF_AREA,regione,nazionale|ripartizione|regione,5,2026-07-16
111_263_DF_DCSC_FIDIMPRMAN_6,Modulo trimestrale imprese esportatrici e capacità produttiva grezzi - rip.,REF_AREA,regione,nazionale|ripartizione|regione,5,2026-07-16
111_263_DF_DCSC_FIDIMPRMAN_7,Modulo trimestrale imprese esportatrici e capacità produttiva grezzi per Ateco,REF_AREA,nazionale,nazionale,1,2026-07-16
111_263_DF_DCSC_FIDIMPRMAN_8,Modulo trimestrale imprese esportatrici e capacità produttiva grezzi per classe di addetti,REF_AREA,nazionale,nazionale,1,2026-07-16
111_263_DF_DCSC_FIDIMPRMAN_9,Clima e saldi mensili destagionalizzati,REF_AREA,regione,nazionale|ripartizione|regione,5,2026-07-16
111_40,Fiducia delle imprese costruzioni,REF_AREA,nazionale,nazionale,1,2026-07-16
111_40_DF_DCSC_FIDIMPRCOSTR_1,Clima e saldi destagionalizzati - mensili,REF_AREA,nazionale,nazionale,1,2026-07-16
111_40_DF_DCSC_FIDIMPRCOSTR_2,"Clima, saldi e frequenze grezzi per divisioni delle costruzioni - mensili",REF_AREA,nazionale,nazionale,1,2026-07-16
111_40_DF_DCSC_FIDIMPRCOSTR_3,Durata di attività assicurata grezzi - trimestrali,REF_AREA,nazionale,nazionale,1,2026-07-16
111_40_DF_DCSC_FIDIMPRCOSTR_4,Clima e saldi destagionalizzati - mensili,REF_AREA,nazionale,nazionale,1,2026-07-16
111_40_DF_DCSC_FIDIMPRCOSTR_5,"Clima, saldi e frequenze grezzi per divisioni delle costruzioni - mensili",REF_AREA,nazionale,nazionale,1,2026-07-16
111_40_DF_DCSC_FIDIMPRCOSTR_6,Durata di attività assicurata grezzi - trimestrali,REF_AREA,nazionale,nazionale,1,2026-07-16
111_40_DF_DCSC_FIDIMPRCOSTR_7,Clima e saldi destagionalizzati - mensili,REF_AREA,nazionale,nazionale,1,2026-07-16
111_40_DF_DCSC_FIDIMPRCOSTR_8,"Clima, saldi e frequenze grezzi per divisioni delle costruzioni - mensili",REF_AREA,nazionale,nazionale,1,2026-07-16
111_40_DF_DCSC_FIDIMPRCOSTR_9,Durata di attività assicurata grezzi - trimestrali,REF_AREA,nazionale,nazionale,1,2026-07-16
114_191,Indice dei nuovi ordinativi e del fatturato dei prodotti industriali,REF_AREA,nazionale,nazionale,1,2026-07-16
114_191_DF_DCSC_ORDFATT_1,Fatturato dei prodotti industriali - Mensili (base 2015),REF_AREA,nazionale,nazionale,1,2026-07-16
114_191_DF_DCSC_ORDFATT_10,Volume del fatturato industriale - Mensili (base 2021),REF_AREA,nazionale,nazionale,1,2026-07-16
114_191_DF_DCSC_ORDFATT_2,Indice di volume del fatturato manifatturiero - Mensili (base 2015),REF_AREA,nazionale,nazionale,1,2026-07-16
114_191_DF_DCSC_ORDFATT_3,Nuovi ordinativi dei prodotti industriali - Mensili (base 2015 - dati fino a dicembre 2020),REF_AREA,nazionale,nazionale,1,2026-07-16
114_191_DF_DCSC_ORDFATT_4,Nuovi ordinativi - Mensili (base 2010),REF_AREA,nazionale,nazionale,1,2026-07-16
114_191_DF_DCSC_ORDFATT_5,Fatturato - Mensili (base 2010),REF_AREA,nazionale,nazionale,1,2026-07-16
114_191_DF_DCSC_ORDFATT_6,Volume del fatturato manifatturiero - Mensili (base 2010),REF_AREA,nazionale,nazionale,1,2026-07-16
114_191_DF_DCSC_ORDFATT_7,Nuovi ordinativi - Mensili (base 2005),REF_AREA,nazionale,nazionale,1,2026-07-16
114_191_DF_DCSC_ORDFATT_8,Fatturato - Mensili (base 2005),REF_AREA,nazionale,nazionale,1,2026-07-16
114_191_DF_DCSC_ORDFATT_9,Valore del fatturato industriale - Mensili (base 2021),REF_AREA,nazionale,nazionale,1,2026-07-16
115_168,Produzione industriale in quantità e valore,REF_AREA,nazionale,nazionale,1,2026-07-16
115_168_DF_DCSP_PRODCOM_1,Produzione industriale per settore economico (Ateco 2 cifre),REF_AREA,nazionale,nazionale,1,2026-07-16
115_168_DF_DCSP_PRODCOM_2,Produzione in valore e quantità per singolo prodotto (Prodcom),REF_AREA,nazionale,nazionale,1,2026-07-16
115_168_DF_DCSP_PRODCOM_3,Produzione in valore e quantità per tutti i prodotti (Prodcom),REF_AREA,nazionale,nazionale,1,2026-07-16
115_333,Indice della produzione industriale,REF_AREA,nazionale,nazionale,1,2026-07-16
115_333_DF_DCSC_INDXPRODIND_1_1,Indice della produzione industriale - Mensili (base 2015),REF_AREA,nazionale,nazionale,1,2026-07-16
115_333_DF_DCSC_INDXPRODIND_1_2,Dettaglio settori economici (Ateco 4 cifre),REF_AREA,nazionale,nazionale,1,2026-07-16
115_333_DF_DCSC_INDXPRODIND_1_4,Mensili (base 2010),REF_AREA,nazionale,nazionale,1,2026-07-16
115_333_DF_DCSC_INDXPRODIND_1_5,Mensili (base 2005),REF_AREA,nazionale,nazionale,1,2026-07-16
115_333_DF_DCSC_INDXPRODIND_1_6,Indice della produzione industriale - Mensili (base 2021),REF_AREA,nazionale,nazionale,1,2026-07-16
115_362_DF_DCSC_INDXPRODCOSTR_1_1,Indice della produzione nelle costruzioni - Mensili (base 2015),REF_AREA,nazionale,nazionale,1,2026-07-16
115_362_DF_DCSC_INDXPRODCOSTR_1_2,Mensili (base 2010),REF_AREA,nazionale,nazionale,1,2026-07-16
115_362_DF_DCSC_INDXPRODCOSTR_1_3,Mensili (base 2005),REF_AREA,nazionale,nazionale,1,2026-07-16
115_362_DF_DCSC_INDXPRODCOSTR_1_4,Indice della produzione nelle costruzioni - Mensili (base 2021),REF_AREA,nazionale,nazionale,1,2026-07-16
117_1035,Servizi bancari - dati comunali,REF_AREA,comune,nazionale|ripartizione|regione|provincia|comune,6113,2026-07-16
117_1035_DF_DCAT_SERVBANC_COM_1,Servizi bancari - dati comunali,REF_AREA,comune,nazionale|ripartizione|regione|provincia|comune,6113,2026-07-16
117_1057,Trasporto ferroviario,REF_AREA,nazionale,nazionale,1,2026-07-16
117_1057_DF_DCSC_TRAFERR_1,Trasporto ferroviario - Principali dati,REF_AREA,nazionale,nazionale,1,2026-07-16
117_1057_DF_DCSC_TRAFERR_2,Passeggeri e percorrenza media per tipo di destinazione,REF_AREA,nazionale,nazionale,1,2026-07-16
117_1057_DF_DCSC_TRAFERR_3,Merci trasportate per gruppo merceologico (NST/2007),REF_AREA,nazionale,nazionale,1,2026-07-16
117_1057_DF_DCSC_TRAFERR_4,Merci trasportate per paese di destinazione,REF_AREA,nazionale,nazionale,1,2026-07-16
117_1057_DF_DCSC_TRAFERR_5,Merci trasportate per paese di origine,REF_AREA,nazionale,nazionale,1,2026-07-16
117_1057_DF_DCSC_TRAFERR_6,Trasporto intermodale,REF_AREA,nazionale,nazionale,1,2026-07-16
117_1057_DF_DCSC_TRAFERR_7,Merci pericolose,REF_AREA,nazionale,nazionale,1,2026-07-16
117_1057_DF_DCSC_TRAFERR_8,Incidenti ferroviari,REF_AREA,nazionale,nazionale,1,2026-07-16
117_262,Fiducia delle imprese servizi,REF_AREA,regione,nazionale|ripartizione|regione,5,2026-07-16
117_262_DF_DCSC_FIDIMPRSERV_1,Clima e saldi (Ateco macrosettori) - mensili grezzi e destagionalizzati,REF_AREA,nazionale,nazionale,1,2026-07-16
117_262_DF_DCSC_FIDIMPRSERV_10,Saldi e frequenze (Ateco 2 cifre) - mensili grezzi,REF_AREA,nazionale,nazionale,1,2026-07-16
117_262_DF_DCSC_FIDIMPRSERV_11,Saldi e frequenze (ostacoli e capacità) - trimestrali grezzi,REF_AREA,regione,nazionale|ripartizione|regione,5,2026-07-16
117_262_DF_DCSC_FIDIMPRSERV_2,"Clima, saldi e frequenze - mensili grezzi e destagionalizzati - rip",REF_AREA,regione,nazionale|ripartizione|regione,5,2026-07-16
117_262_DF_DCSC_FIDIMPRSERV_3,Saldi e frequenze (Ateco 2 cifre) - mensili grezzi,REF_AREA,nazionale,nazionale,1,2026-07-16
117_262_DF_DCSC_FIDIMPRSERV_4,Saldi e frequenze (ostacoli e capacità) - trimestrali grezzi,REF_AREA,regione,nazionale|ripartizione|regione,5,2026-07-16
117_262_DF_DCSC_FIDIMPRSERV_5,Clima e saldi mensili destagionalizzati per Ateco2007 - livello nazionale e ripartizionale,REF_AREA,regione,nazionale|ripartizione|regione,5,2026-07-16
117_262_DF_DCSC_FIDIMPRSERV_6,"Clima, saldi e frequenze mensili grezzi per Ateco 2007 - livello nazionale e ripartizionale",REF_AREA,regione,nazionale|ripartizione|regione,5,2026-07-16
117_262_DF_DCSC_FIDIMPRSERV_7,Saldi e frequenze modulo trimestrale ostacoli e capacità grezzi,REF_AREA,regione,nazionale|ripartizione|regione,5,2026-07-16
117_262_DF_DCSC_FIDIMPRSERV_8,Clima e saldi (Ateco macrosettori) - mensili grezzi e destagionalizzati,REF_AREA,nazionale,nazionale,1,2026-07-16
117_262_DF_DCSC_FIDIMPRSERV_9,"Clima, saldi e frequenze - mensili grezzi e destagionalizzati - rip",REF_AREA,regione,nazionale|ripartizione|regione,5,2026-07-16
117_266,Fiducia delle imprese del commercio,REF_AREA,nazionale,nazionale,1,2026-07-16
117_266_DF_DCSC_FIDCOMM_1,Clima e saldi per forma di vendita - mensili destagionalizzati,REF_AREA,nazionale,nazionale,1,2026-07-16
117_266_DF_DCSC_FIDCOMM_2,"Clima, saldi e frequenze per Ateco 2007 e forma di vendita - mensili grezzi",REF_AREA,nazionale,nazionale,1,2026-07-16
117_266_DF_DCSC_FIDCOMM_3,Clima e saldi mensili destagionalizzati per forma di vendita,REF_AREA,nazionale,nazionale,1,2026-07-16
117_266_DF_DCSC_FIDCOMM_4,"Clima, saldi e frequenze mensili grezzi per Ateco e forma di vendita",REF_AREA,nazionale,nazionale,1,2026-07-16
117_266_DF_DCSC_FIDCOMM_5,Clima e saldi per forma di vendita - mensili destagionalizzati,REF_AREA,nazionale,nazionale,1,2026-07-16
117_266_DF_DCSC_FIDCOMM_6,"Clima, saldi e frequenze per Ateco 2007 e forma di vendita - mensili grezzi",REF_AREA,nazionale,nazionale,1,2026-07-16
119_367,Indice del fatturato dei servizi,REF_AREA,nazionale,nazionale,1,2026-07-16
119_367_DF_DCSC_FATTSERVIZ_1_4,Indice del fatturato dei servizi - Mensili (base 2021=100),REF_AREA,nazionale,nazionale,1,2026-07-16
11_111,Edilizia residenziale - dati annuali,REF_AREA,provincia,nazionale|ripartizione|regione|provincia,150,2026-07-16
11_111_DF_DCSC_RESID_CONSTR_1,Fabbricati residenziali nuovi e relative abitazioni  - province e classi di comune,REF_AREA,provincia,nazionale|ripartizione|regione|provincia,150,2026-07-16
11_111_DF_DCSC_RESID_CONSTR_10,Superfici dei fabbricati residenziali nuovi per destinazione d'uso -  ripartizioni e classi di comune,REF_AREA,ripartizione,nazionale|ripartizione,19,2026-07-16
11_111_DF_DCSC_RESID_CONSTR_11,Fabbricati residenziali nuovi e ampliamenti con relative abitazioni per richiedente il titolo abilitativo - regioni e classi di comune,REF_AREA,regione,nazionale|ripartizione|regione,41,2026-07-16
11_111_DF_DCSC_RESID_CONSTR_12,Fabbricati residenziali nuovi per tipologia dell'impianto - ripartizioni e e classi di comune,REF_AREA,ripartizione,nazionale|ripartizione,19,2026-07-16
11_111_DF_DCSC_RESID_CONSTR_13,Ampliamenti di fabbricati residenziali con o senza sopraelevazione - ripartizioni e e classi di comune,REF_AREA,ripartizione,nazionale|ripartizione,19,2026-07-16
11_111_DF_DCSC_RESID_CONSTR_14,Fabbricati nuovi e ampliamenti di fabbricati destinati a collettività - ripartizioni e classi di comune,REF_AREA,ripartizione,nazionale|ripartizione,19,2026-07-16
11_111_DF_DCSC_RESID_CONSTR_15,Fabbricati residenziali nuovi e ampliamenti di fabbricati residenziali per piano casa - ripartizioni e classi di comune,REF_AREA,ripartizione,nazionale|ripartizione,19,2026-07-16
11_111_DF_DCSC_RESID_CONSTR_2,Ampliamenti di fabbricati residenziali - province e classi di comune,REF_AREA,provincia,nazionale|ripartizione|regione|provincia,150,2026-07-16
11_111_DF_DCSC_RESID_CONSTR_3,Fabbricati residenziali nuovi per numero di abitazioni - regioni e classi di comune,REF_AREA,regione,nazionale|ripartizione|regione,41,2026-07-16
11_111_DF_DCSC_RESID_CONSTR_4,Fabbricati residenziali nuovi e ampliamenti per titolo abilitativo - ripartizioni e classi di comune,REF_AREA,ripartizione,nazionale|ripartizione,19,2026-07-16
11_111_DF_DCSC_RESID_CONSTR_5,Fabbricati residenziali nuovi e ampliamenti per durata prevista dei lavori -  ripartizioni e classi di comune,REF_AREA,ripartizione,nazionale|ripartizione,19,2026-07-16
11_111_DF_DCSC_RESID_CONSTR_6,Abitazioni in fabbricati residenziali nuovi per numero di stanze - province,REF_AREA,provincia,nazionale|ripartizione|regione|provincia,137,2026-07-16
11_111_DF_DCSC_RESID_CONSTR_7,Abitazioni in fabbricati residenziali nuovi per classi di superficie utile abitabile - province,REF_AREA,provincia,nazionale|ripartizione|regione|provincia,137,2026-07-16
11_111_DF_DCSC_RESID_CONSTR_8,Abitazioni in fabbricati residenziali nuovi per numero di stanze e superficie utile abitabile - ripartizioni e classi di comune,REF_AREA,ripartizione,nazionale|ripartizione,19,2026-07-16
11_111_DF_DCSC_RESID_CONSTR_9,Fabbricati residenziali nuovi per numero di piani - regioni e classi di comune,REF_AREA,regione,nazionale|ripartizione|regione,41,2026-07-16
120_337,Indice delle vendite del commercio al dettaglio,REF_AREA,nazionale,nazionale,1,2026-07-16
120_337_DF_DCSC_COMMDET_1_1,Valore delle vendite per settore merceologico e classe di addetti -mensili (base 2015),REF_AREA,nazionale,nazionale,1,2026-07-16
120_337_DF_DCSC_COMMDET_1_10,Valore delle vendite per settore merceologico e forma distributiva - dati mensili (base 2005),REF_AREA,nazionale,nazionale,1,2026-07-16
120_337_DF_DCSC_COMMDET_1_11,"Valore delle vendite per settore merceologico, gruppi di prodotti e classe di addetti - dati mensili (base 2005)",REF_AREA,nazionale,nazionale,1,2026-07-16
120_337_DF_DCSC_COMMDET_1_12,Valore delle vendite per settore merceologico e classe di addetti - mensili (base 2021),REF_AREA,nazionale,nazionale,1,2026-07-16
120_337_DF_DCSC_COMMDET_1_13,Valore delle vendite per settore merceologico e forma distributiva - mensili (base 2021),REF_AREA,nazionale,nazionale,1,2026-07-16
120_337_DF_DCSC_COMMDET_1_14,Valore delle vendite per settore merceologico e gruppi di prodotti - mensili grezzi (base 2021),REF_AREA,nazionale,nazionale,1,2026-07-16
120_337_DF_DCSC_COMMDET_1_15,Volume delle vendite per settore merceologico - mensili (base 2021),REF_AREA,nazionale,nazionale,1,2026-07-16
120_337_DF_DCSC_COMMDET_1_2,Valore delle vendite per settore merceologico e forma distributiva - mensili (base 2015),REF_AREA,nazionale,nazionale,1,2026-07-16
120_337_DF_DCSC_COMMDET_1_3,Valore delle vendite per settore merceologico e gruppi di prodotti - mensili grezzi (base 2015),REF_AREA,nazionale,nazionale,1,2026-07-16
120_337_DF_DCSC_COMMDET_1_4,Volume delle vendite per settore merceologico - mensili (base 2015),REF_AREA,nazionale,nazionale,1,2026-07-16
120_337_DF_DCSC_COMMDET_1_5,Valore delle vendite per forma distributiva e classe di addetti - dati mensili (base 2010),REF_AREA,nazionale,nazionale,1,2026-07-16
120_337_DF_DCSC_COMMDET_1_6,Valore delle vendite per settore merceologico e forma distributiva - dati mensili (base 2010),REF_AREA,nazionale,nazionale,1,2026-07-16
120_337_DF_DCSC_COMMDET_1_7,"Valore delle vendite per settore merceologico, gruppi di prodotti e classe di addetti - dati mensili (base 2010)",REF_AREA,nazionale,nazionale,1,2026-07-16
120_337_DF_DCSC_COMMDET_1_8,Volume delle vendite per settore merceologico - dati mensili (base 2010),REF_AREA,nazionale,nazionale,1,2026-07-16
120_337_DF_DCSC_COMMDET_1_9,Valore delle vendite per forma distributiva e classe di addetti - dati mensili (base 2005),REF_AREA,nazionale,nazionale,1,2026-07-16
121_331,Trasporto aereo,REF_AREA,nazionale,nazionale,1,2026-07-17
121_331_DF_DCSC_INDTRAEREO_1,Voli interni e internazionali,REF_AREA,nazionale,nazionale,1,2026-07-17
121_331_DF_DCSC_INDTRAEREO_2,Voli internazionali per paese di origine/destinazione,REF_AREA,nazionale,nazionale,1,2026-07-17
121_331_DF_DCSC_INDTRAEREO_3,"Voli internazionali da e per Linate, Malpensa, Fiumicino",REF_AREA,nazionale,nazionale,1,2026-07-17
121_331_DF_DCSC_INDTRAEREO_4,Dato trimestrale,REF_AREA,nazionale,nazionale,1,2026-07-17
121_393,Trasporto marittimo,REF_AREA,nazionale,nazionale,1,2026-07-17
121_393_DF_DCSC_TRAMAR_1,Passeggeri e merci,REF_AREA,nazionale,nazionale,1,2026-07-17
121_393_DF_DCSC_TRAMAR_2,Passeggeri per porto di imbarco e sbarco,REF_AREA,nazionale,nazionale,1,2026-07-17
121_393_DF_DCSC_TRAMAR_3,"Merci per porto di imbarco e sbarco, tipo di carico e merce NST 2007",REF_AREA,nazionale,nazionale,1,2026-07-17
121_393_DF_DCSC_TRAMAR_4,Navigazione internazionale per paesi con almeno un milione di tonnellate movimentate e tipo merce NST 2007,REF_AREA,nazionale,nazionale,1,2026-07-17
121_393_DF_DCSC_TRAMAR_5,Navigazione di cabotaggio per regione italiana di imbarco e sbarco,REF_AREA,nazionale,nazionale,1,2026-07-17
121_393_DF_DCSC_TRAMAR_6,"Merci, navi arrivate e tonnellate di stazza lorda per regione",REF_AREA,nazionale,nazionale,1,2026-07-17
121_393_DF_DCSC_TRAMAR_7,Porto e tipo merce NST/R,REF_AREA,nazionale,nazionale,1,2026-08-13
121_393_DF_DCSC_TRAMAR_8,Navigazione internazionale per paesi con almeno un milione di tonnellate movimentate e tipo merce NST/R,REF_AREA,nazionale,nazionale,1,2026-07-17
122_54,Capacità degli esercizi ricettivi e Movimento dei clienti negli esercizi ricettivi,REF_AREA,comune,nazionale|ripartizione|regione|provincia|comune,8717,2026-08-26
122_54_DF_DCSC_TUR_1,Capacità degli esercizi ricettivi per tipo di esercizio - com.,REF_AREA,comune,nazionale|ripartizione|regione|provincia|comune,12471,2026-07-17
122_54_DF_DCSC_TUR_10,Tipo di località e paese di residenza,REF_AREA,nazionale,nazionale,1,2026-07-17
122_54_DF_DCSC_TUR_11,Per regione e per residenza del cliente - mensili e annuali,REF_AREA,regione,nazionale|ripartizione|regione,28,2026-07-17
122_54_DF_DCSC_TUR_12,Per tipo di esercizio e residenza del cliente - annuali,REF_AREA,nazionale,nazionale,1,2026-07-17
122_54_DF_DCSC_TUR_13,"Arrivi, presenze, permanenza media - Mensili",REF_AREA,nazionale,nazionale,1,2026-07-17
122_54_DF_DCSC_TUR_2,Dimensione dell'albergo - prov.,REF_AREA,provincia,nazionale|ripartizione|regione|provincia,139,2026-07-17
122_54_DF_DCSC_TUR_3,Movimento dei clienti negli esercizi ricettivi per tipo di esercizio - mensili,REF_AREA,provincia,nazionale|ripartizione|regione|provincia,139,2026-08-17
122_54_DF_DCSC_TUR_4,Residenti per regione di origine,REF_AREA,nazionale,nazionale,1,2026-07-17
122_54_DF_DCSC_TUR_5,Paese di origine,REF_AREA,nazionale,nazionale,1,2026-07-17
122_54_DF_DCSC_TUR_6,Tipo di località,REF_AREA,nazionale,nazionale,1,2026-07-17
122_54_DF_DCSC_TUR_7,Movimento dei clienti negli esercizi ricettivi per tipo di esercizio - annuali,REF_AREA,provincia,nazionale|ripartizione|regione|provincia,139,2026-07-17
122_54_DF_DCSC_TUR_8,Residenti per regione di origine,REF_AREA,regione,nazionale|ripartizione|regione,28,2026-08-17
122_54_DF_DCSC_TUR_9,Paese di origine - prov,REF_AREA,provincia,nazionale|ripartizione|regione|provincia,139,2026-08-17
123_713,Numero e tipo di unità istituzionali,REF_AREA,regione,nazionale|ripartizione|regione,27,2026-07-17
123_713_DF_DCAR_UI_1,Numero e tipo di unità istituzionali,REF_AREA,regione,nazionale|ripartizione|regione,27,2026-07-17
123_840,Attività e organizzazione delle unità istituzionali,REF_AREA,regione,nazionale|ripartizione|regione,29,2026-07-17
123_840_DF_DCAR_INDCENS_PA_1,Indicatori,REF_AREA,regione,nazionale|ripartizione|regione,29,2026-07-17
123_840_DF_DCAR_INDCENS_PA_2,Funzionalità di alcuni servizi,REF_AREA,regione,nazionale|ripartizione|regione,28,2026-07-17
124_1156,"Stato patrimoniale delle università, politecnici ed istituti di istruzione universitaria (euro)",REF_AREA,nazionale,nazionale,1,2026-07-17
124_1156_DF_DCAR_STATPAT_UNI_1,"Stato patrimoniale delle università, politecnici ed istituti di istruzione universitaria (euro)",REF_AREA,nazionale,nazionale,1,2026-07-17
124_1157,"Conto economico delle università, politecnici ed istituti di istruzione universitaria (euro)",REF_AREA,nazionale,nazionale,1,2026-07-17
124_1157_DF_DCAR_CONTECON_UNI_1,"Conto economico delle università, politecnici ed istituti di istruzione universitaria (euro)",REF_AREA,nazionale,nazionale,1,2026-07-17
124_229,Stato patrimoniale delle camere di commercio - euro,REF_AREA,nazionale,nazionale,1,2026-07-17
124_229_DF_DCAR_STATPATCC_1,Stato patrimoniale delle camere di commercio (euro),REF_AREA,nazionale,nazionale,1,2026-07-17
124_231,Entrate delle unità istituzionali locali (euro),REF_AREA,provincia,nazionale|ripartizione|regione|provincia,32,2026-07-17
124_231_DF_DCAR_ENTIST_1,Entrate delle unità istituzionali locali (euro),REF_AREA,nazionale,nazionale,1,2026-07-17
124_232,Spese delle unità istituzionali locali (euro),REF_AREA,provincia,nazionale|ripartizione|regione|provincia,32,2026-07-17
124_232_DF_DCAR_SPEIST_1,Spese delle unità istituzionali locali (euro),REF_AREA,nazionale,nazionale,1,2026-07-17
124_233_DF_DCAR_ENTIST_PA_1,Entrate del Rendiconto Generale dello Stato (euro),REF_AREA,nazionale,nazionale,1,2026-07-17
124_234_DF_DCAR_SPEIST_PA_1,Spese del Rendiconto Generale dello Stato (euro),REF_AREA,nazionale,nazionale,1,2026-07-17
124_234_DF_DCAR_SPEIST_PA_2,"Spese delle università, politecnici ed istituti di istruzione universitaria (euro)",REF_AREA,nazionale,nazionale,1,2026-07-17
124_322,Conto economico delle camere di commercio - euro,REF_AREA,nazionale,nazionale,1,2026-07-17
124_322_DF_DCAR_CONTECON_CC_1,Conto economico delle camere di commercio (euro),REF_AREA,nazionale,nazionale,1,2026-07-17
124_722,"Conto economico delle Asl, aziende ospedaliere, aziende ospedaliere universitarie, policlinici e IRCCS (migliaia di euro)",REF_AREA,regione,nazionale|ripartizione|regione,27,2026-07-17
124_722_DF_DCAR_CONTECON_ASLAO_1,"Conto economico delle Asl, aziende ospedaliere, aziende ospedaliere universitarie, Policlinici e IRCCS (migliaia di euro)",REF_AREA,regione,nazionale|ripartizione|regione,27,2026-07-17
12_323,Impianti di depurazione delle acque reflue urbane,REF_AREA,regione,nazionale|ripartizione|regione,119,2026-07-17
12_323_DF_DCCV_IMPDEP_1,Impianti di depurazione delle acque reflue urbane - reg.,REF_AREA,regione,nazionale|ripartizione|regione,28,2026-07-17
12_323_DF_DCCV_IMPDEP_2,Impianti di depurazione delle acque reflue urbane - ato,REF_AREA,ripartizione,nazionale|ripartizione,97,2026-07-17
12_340,Prelievo di acqua per uso potabile,REF_AREA,regione,nazionale|ripartizione|regione,36,2026-07-17
12_340_DF_DCCV_PRELACQ_1,Prelievo di acqua per uso potabile,REF_AREA,regione,nazionale|ripartizione|regione,36,2026-07-17
12_60,Distribuzione di acqua potabile,REF_AREA,comune,nazionale|ripartizione|regione|provincia|comune,8575,2026-07-17
12_60_DF_DCCV_CONSACQUA_1,Distribuzione di acqua potabile - reg.,REF_AREA,regione,nazionale|ripartizione|regione,28,2026-07-17
12_60_DF_DCCV_CONSACQUA_2,Distribuzione di acqua potabile,REF_AREA,comune,nazionale|ripartizione|regione|provincia|comune,8483,2026-07-17
12_60_DF_DCCV_CONSACQUA_3,Distribuzione di acqua potabile - Distretto idrografico,REF_AREA,nazionale,nazionale,9,2026-07-17
139_176,Importazioni ed esportazioni per paese e merce Ateco 2007,REF_AREA,provincia,nazionale|ripartizione|regione|provincia,30,2026-07-17
140_180,Nic - mensili sino al  2010 (base 1995),REF_AREA,provincia,nazionale|ripartizione|regione|provincia,119,2026-07-17
143_1043,Indici dei prezzi alla produzione delle costruzioni,REF_AREA,nazionale,nazionale,1,2026-07-17
143_1043_DF_DCSC_INDPREPROCOSTR_1,Prezzi alla produzione delle costruzioni (base 2015),REF_AREA,nazionale,nazionale,1,2026-07-17
143_1043_DF_DCSC_INDPREPROCOSTR_2,Prezzi alla produzione delle costruzioni (base 2021),REF_AREA,nazionale,nazionale,1,2026-08-13
143_222,Indice dei prezzi all'importazione - dati mensili,REF_AREA,nazionale,nazionale,1,2026-07-17
143_222_DF_DCSC_PREIMPIND_1,Prezzi all'importazione - Dati mensili (base 2015),REF_AREA,nazionale,nazionale,1,2026-07-17
143_222_DF_DCSC_PREIMPIND_2,Prezzi all'importazione - Dati mensili (base 2021),REF_AREA,nazionale,nazionale,1,2026-08-13
143_497,Prezzi delle abitazioni (Ipab),REF_AREA,provincia,nazionale|ripartizione|regione|provincia,11,2026-07-17
143_497_DF_DCSP_IPAB_1,Trimestrali dal 2010 al 2024 (base 2015),REF_AREA,provincia,nazionale|ripartizione|regione|provincia,11,2026-07-17
143_497_DF_DCSP_IPAB_2,Medie annue dal 2010 al 2024 (base 2015),REF_AREA,provincia,nazionale|ripartizione|regione|provincia,11,2026-08-13
143_497_DF_DCSP_IPAB_3,Pesi dal 2010,REF_AREA,nazionale,nazionale,1,2026-07-17
143_497_DF_DCSP_IPAB_4,Trimestrali dal 2010 al 2016 (base 2010),REF_AREA,nazionale,nazionale,1,2026-07-17
143_497_DF_DCSP_IPAB_5,Medie annue dal 2010 al 2016 (base 2010),REF_AREA,nazionale,nazionale,1,2026-08-13
143_497_DF_DCSP_IPAB_6,Trimestrali dal 2010 (base 2025),REF_AREA,provincia,nazionale|ripartizione|regione|provincia,11,2026-07-17
143_497_DF_DCSP_IPAB_7,Medie annue dal 2010 (base 2025),REF_AREA,provincia,nazionale|ripartizione|regione|provincia,11,2026-07-17
144_107_DF_DCSP_FOI3_1,Foi - pesi sino al 2010,REF_AREA,nazionale,nazionale,1,2026-08-13
144_110_DF_DCSP_FOI1_1,Foi - mensili sino al 2010 (base 1995),REF_AREA,provincia,nazionale|ripartizione|regione|provincia,119,2026-07-17
144_118_DF_DCSP_FOI2_1,Foi - medie annue sino al 2010 (base 1995),REF_AREA,provincia,nazionale|ripartizione|regione|provincia,119,2026-07-17
144_125_DF_DCSP_NICDUE_1,Classificazione Coicop (2 cifre) (base dicembre 1998) - prov.,REF_AREA,provincia,nazionale|ripartizione|regione|provincia,119,2026-08-13
144_125_DF_DCSP_NICDUE_2,Tipologie di prodotto (base 1995),REF_AREA,nazionale,nazionale,1,2026-07-17
144_125_DF_DCSP_NICDUE_3,Classificazione Coicop (5 cifre) (base 1995),REF_AREA,nazionale,nazionale,1,2026-08-13
144_126_DF_DCSP_NICTRE_1,Tipologie di prodotto,REF_AREA,nazionale,nazionale,1,2026-07-17
144_126_DF_DCSP_NICTRE_2,Classificazione Coicop (5 cifre),REF_AREA,nazionale,nazionale,1,2026-08-13
144_180_DF_DCSP_NICUNOB_1,Classificazione Coicop (2 cifre) (base dicembre 1998),REF_AREA,provincia,nazionale|ripartizione|regione|provincia,119,2026-07-17
144_180_DF_DCSP_NICUNOB_2,Tipologie di prodotto (base 1995),REF_AREA,nazionale,nazionale,1,2026-08-13
144_180_DF_DCSP_NICUNOB_3,Classificazione Coicop (5 cifre) (base 1995),REF_AREA,nazionale,nazionale,1,2026-07-17
145_360,Prezzi alla produzione dell'industria,REF_AREA,nazionale,nazionale,1,2026-08-17
145_360_DF_DCSC_PREZZPIND_1_1,Prezzi alla produzione dell'industria - mensili (base 2015),REF_AREA,nazionale,nazionale,1,2026-07-17
145_360_DF_DCSC_PREZZPIND_1_2,Mensili (base 2010),REF_AREA,nazionale,nazionale,1,2026-08-17
145_360_DF_DCSC_PREZZPIND_1_3,Mensili (base 2005),REF_AREA,nazionale,nazionale,1,2026-07-17
145_360_DF_DCSC_PREZZPIND_1_4,Prezzi alla produzione dell'industria - mensili (base 2021),REF_AREA,nazionale,nazionale,1,2026-08-17
145_361,Costi di costruzione,REF_AREA,nazionale,nazionale,1,2026-07-17
145_361_DF_DCSC_FABBRESID_1_1,Fabbricato residenziale e capannone industriale - mensili (base 2015),REF_AREA,nazionale,nazionale,1,2026-08-13
145_361_DF_DCSC_FABBRESID_1_2,Tronco stradale con tratto in galleria - mensili (base 2015),REF_AREA,nazionale,nazionale,1,2026-07-17
145_361_DF_DCSC_FABBRESID_1_3,Tronchi stradali - serie interrotta - mensili (base 2015),REF_AREA,nazionale,nazionale,1,2026-08-13
145_361_DF_DCSC_FABBRESID_1_4,Fabbricato residenziale - mensili (base 2010),REF_AREA,nazionale,nazionale,1,2026-07-17
145_361_DF_DCSC_FABBRESID_1_5,Tronchi stradali - mensili (base 2010),REF_AREA,nazionale,nazionale,1,2026-08-18
145_361_DF_DCSC_FABBRESID_1_6,Fabbricato residenziale dal 2000 al 2012 (base 2005) - mensili,REF_AREA,nazionale,nazionale,1,2026-07-17
145_361_DF_DCSC_FABBRESID_1_7,Fabbricato residenziale e capannone industriale - mensili (base 2021),REF_AREA,nazionale,nazionale,1,2026-08-18
145_361_DF_DCSC_FABBRESID_1_8,Tronco stradale con tratto in galleria - mensili (base 2021),REF_AREA,nazionale,nazionale,1,2026-07-17
145_362_DCSC_INDICITOL_1,Tipologie omogenee di lavorazioni (TOL) - mensili (base 2022),REF_AREA,nazionale,nazionale,1,2026-07-17
145_376,Prezzi alla produzione dei servizi,REF_AREA,nazionale,nazionale,1,2026-08-18
145_376_DF_DCSC_PREZPRODSERV_1_1,Trimestrali business to business dal 2006 al 2023 (base 2015),REF_AREA,nazionale,nazionale,1,2026-07-17
145_376_DF_DCSC_PREZPRODSERV_1_2,Medie annue business to business dal 2006 al 2023 (base 2015),REF_AREA,nazionale,nazionale,1,2026-08-18
145_376_DF_DCSC_PREZPRODSERV_1_3,Trimestrali business to business dal 2006 al 2017 (base 2010),REF_AREA,nazionale,nazionale,1,2026-07-17
145_376_DF_DCSC_PREZPRODSERV_1_4,Medie annue business to business dal 2006 al 2017 (base 2010),REF_AREA,nazionale,nazionale,1,2026-08-18
145_376_DF_DCSC_PREZPRODSERV_1_5,Trimestrali business to business dal 2006 al 2012 (base 2006),REF_AREA,nazionale,nazionale,1,2026-07-17
145_376_DF_DCSC_PREZPRODSERV_1_6,Medie annue business to business dal 2006 al 2012 (base 2006),REF_AREA,nazionale,nazionale,1,2026-07-17
145_376_DF_DCSC_PREZPRODSERV_1_7,Trimestrali business to business dal 2006 (base 2021),REF_AREA,nazionale,nazionale,1,2026-08-18
145_376_DF_DCSC_PREZPRODSERV_1_8,Trimestrali business to all dal 2006 (base 2021),REF_AREA,nazionale,nazionale,1,2026-07-17
149_319,Tensione contrattuale,REF_AREA,nazionale,nazionale,1,2026-07-17
149_319_DF_DCSC_RETRCONTR1T_1,Tensioni contrattuale - indicatori (base 2015),REF_AREA,nazionale,nazionale,1,2026-08-18
149_319_DF_DCSC_RETRCONTR1T_2,Indicatori (base 2010),REF_AREA,nazionale,nazionale,1,2026-07-17
149_319_DF_DCSC_RETRCONTR1T_3,Indicatori (base 2005),REF_AREA,nazionale,nazionale,1,2026-07-17
149_319_DF_DCSC_RETRCONTR1T_4,Tensione contrattuale - indicatori (base 2021),REF_AREA,nazionale,nazionale,1,2026-08-18
149_327,"Orario contrattuale, ferie e altre riduzioni orarie - dipendenti a tempo pieno",REF_AREA,nazionale,nazionale,1,2026-07-17
149_327_DF_DCSC_RETRCONTR1O_1,"Orario contrattuale, ferie e altre riduzioni orarie - dipendenti a tempo pieno",REF_AREA,nazionale,nazionale,1,2026-08-18
149_577,Posizioni lavorative alle dipendenze,REF_AREA,nazionale,nazionale,1,2026-07-17
149_577_DF_DCSC_OROS_1_1,Posizioni lavorative alle dipendenze (base 2015),REF_AREA,nazionale,nazionale,1,2026-08-18
149_577_DF_DCSC_OROS_1_2,Posizioni lavorative alle dipendenze (base 2010),REF_AREA,nazionale,nazionale,1,2026-07-17
149_577_DF_DCSC_OROS_1_3,Posizioni lavorative alle dipendenze (base 2021),REF_AREA,nazionale,nazionale,1,2026-08-18
14_121_DF_DCCV_TRASPUB_1,Trasporto pubblico,REF_AREA,comune,nazionale|ripartizione|regione|provincia|comune,253,2026-07-17
14_122_DF_DCCV_VERDURB_1,Verde urbano - dati fino al 2009,REF_AREA,comune,nazionale|ripartizione|regione|provincia|comune,251,2026-08-18
14_166_DF_DCCV_INTBONRUM_1,Interventi di bonifica del rumore,REF_AREA,comune,nazionale|ripartizione|regione|provincia|comune,250,2026-07-17
14_167_DF_DCCV_MONINQACS_1,Inquinamento acustico,REF_AREA,comune,nazionale|ripartizione|regione|provincia|comune,253,2026-08-04
150_105,Occupati per ore settimanali lavorate e numero di ore settimanali lavorate procapite,REF_AREA,regione,nazionale|ripartizione|regione,6,2026-07-17
150_105_DF_DCCV_ORELAVMED_UNT2020_1,Numero di ore medie settimanali effettivamente lavorate pro-capite - livello ripartizionale,REF_AREA,regione,nazionale|ripartizione|regione,6,2026-08-18
150_105_DF_DCCV_ORELAVMED_UNT2020_2,Numero di occupati per ore settimanali effettivamente lavorate - livello ripartizionale,REF_AREA,regione,nazionale|ripartizione|regione,6,2026-07-17
150_1168,Tasso di occupazione  - dati mensili - regolamento precedente (fino al 2020),REF_AREA,nazionale,nazionale,1,2026-08-18
150_1168_DF_DCCV_TAXOCCUMENS1_UNT2020_1,Tasso di occupazione - dati mensili - regolamento precedente (fino al 2020),REF_AREA,nazionale,nazionale,1,2026-07-17
150_1169,Forze lavoro  - dati mensili - regolamento precedente (fino al 2020),REF_AREA,nazionale,nazionale,1,2026-08-18
150_1169_DF_DCCV_FORZLVMENS1_UNT2020_1,Forze lavoro  - dati mensili - regolamento precedente (fino al 2020),REF_AREA,nazionale,nazionale,1,2026-07-17
150_1170,Occupati -  dati mensili - regolamento precedente (fino al 2020),REF_AREA,nazionale,nazionale,1,2026-08-18
150_1170_DF_DCCV_OCCUPATIMENS1_UNT2020_1,"Posizione professionale, carattere occupazione",REF_AREA,nazionale,nazionale,1,2026-07-17
150_1170_DF_DCCV_OCCUPATIMENS1_UNT2020_2,"Sesso, età",REF_AREA,nazionale,nazionale,1,2026-08-18
150_1171,Tasso di attività  - dati mensili - regolamento precedente (fino al 2020),REF_AREA,nazionale,nazionale,1,2026-07-17
150_1171_DF_DCCV_TAXATVTMENS1_UNT2020_1,Tasso di attività - dati mensili - regolamento precedente (fino al 2020),REF_AREA,nazionale,nazionale,1,2026-08-18
150_1172,Tasso di attività - dati trimestrali destagionalizzati - regolamento precedente (fino al 2020),REF_AREA,regione,nazionale|ripartizione|regione,4,2026-07-17
150_1172_DF_DCCV_TAXATVTDE1_UNT2020_1,"Sesso, età",REF_AREA,nazionale,nazionale,1,2026-08-04
150_1172_DF_DCCV_TAXATVTDE1_UNT2020_2,Ripartizioni,REF_AREA,regione,nazionale|ripartizione|regione,4,2026-07-17
150_1173,Forze di lavoro - dati trimestrali destagionalizzati - regolamento precedente (fino al 2020),REF_AREA,regione,nazionale|ripartizione|regione,4,2026-08-18
150_1173_DF_DCCV_FORZLVDE1_UNT2020_1,"Sesso, età",REF_AREA,nazionale,nazionale,1,2026-07-17
150_1173_DF_DCCV_FORZLVDE1_UNT2020_2,Ripartizioni,REF_AREA,regione,nazionale|ripartizione|regione,4,2026-08-18
150_1174,Occupati - dati trimestrali destagionalizzati - regolamento precedente (fino al 2020),REF_AREA,regione,nazionale|ripartizione|regione,4,2026-07-17
150_1174_DF_DCCV_OCCUPATITDE1_UNT2020_1,"Posizione professionale, carattere occupazione",REF_AREA,nazionale,nazionale,1,2026-08-04
150_1174_DF_DCCV_OCCUPATITDE1_UNT2020_2,Macrosettori economici,REF_AREA,nazionale,nazionale,1,2026-07-17
150_1174_DF_DCCV_OCCUPATITDE1_UNT2020_3,"Sesso, età",REF_AREA,nazionale,nazionale,1,2026-07-17
150_1174_DF_DCCV_OCCUPATITDE1_UNT2020_4,Ripartizioni,REF_AREA,regione,nazionale|ripartizione|regione,4,2026-08-04
150_1175,Tasso di occupazione - dati trimestrali destagionalizzati - regolamento precedente (fino al 2020),REF_AREA,regione,nazionale|ripartizione|regione,4,2026-07-17
150_1175_DF_DCCV_TAXOCCUDE1_UNT2020_1,"Sesso, età",REF_AREA,nazionale,nazionale,1,2026-07-17
150_1175_DF_DCCV_TAXOCCUDE1_UNT2020_2,Ripartizioni,REF_AREA,regione,nazionale|ripartizione|regione,4,2026-08-18
150_1188,Occupati (migliaia) - regolamento precedente (fino al 2020),REF_AREA,provincia,nazionale|ripartizione|regione|provincia,139,2026-08-04
150_1188_DF_DCCV_OCCUPATIT1_UNT2020_1,"Occupati (migliaia) - regolamento precedente (fino al 2020)- Titolo di studio, cittadinanza, età",REF_AREA,regione,nazionale|ripartizione|regione,6,2026-07-17
150_1188_DF_DCCV_OCCUPATIT1_UNT2020_10,Occupati (migliaia) - regolamento precedente (fino al 2020)- Ateco 2007 (dettaglio) - posizione professionale,REF_AREA,regione,nazionale|ripartizione|regione,6,2026-07-17
150_1188_DF_DCCV_OCCUPATIT1_UNT2020_11,Occupati (migliaia) - regolamento precedente (fino al 2020)- Ateco 2007 - profilo professionale,REF_AREA,nazionale,nazionale,1,2026-07-17
150_1188_DF_DCCV_OCCUPATIT1_UNT2020_12,"Occupati (migliaia) - regolamento precedente (fino al 2020)- Ateco 2007 - dipendenti, carattere occupazione, età",REF_AREA,regione,nazionale|ripartizione|regione,6,2026-07-17
150_1188_DF_DCCV_OCCUPATIT1_UNT2020_13,"Occupati (migliaia) - regolamento precedente (fino al 2020)- Ateco 2002 - posizione professionale, età",REF_AREA,regione,nazionale|ripartizione|regione,6,2026-07-17
150_1188_DF_DCCV_OCCUPATIT1_UNT2020_14,"Occupati (migliaia) - regolamento precedente (fino al 2020)- Ateco 2002 - posizione professionale, cittadinanza",REF_AREA,regione,nazionale|ripartizione|regione,6,2026-07-17
150_1188_DF_DCCV_OCCUPATIT1_UNT2020_15,"Occupati (migliaia) - regolamento precedente (fino al 2020)- Ateco 2002 - posizione professionale, tempo pieno/parziale",REF_AREA,regione,nazionale|ripartizione|regione,6,2026-07-17
150_1188_DF_DCCV_OCCUPATIT1_UNT2020_16,Occupati (migliaia) - regolamento precedente (fino al 2020)- Ateco 2002 (dettaglio) - posizione professionale,REF_AREA,regione,nazionale|ripartizione|regione,6,2026-07-17
150_1188_DF_DCCV_OCCUPATIT1_UNT2020_17,Occupati (migliaia) - regolamento precedente (fino al 2020)- Ateco 2002 - profilo professionale,REF_AREA,nazionale,nazionale,1,2026-07-17
150_1188_DF_DCCV_OCCUPATIT1_UNT2020_18,"Ateco 2002 - dipendenti, carattere occupazione, età",REF_AREA,regione,nazionale|ripartizione|regione,6,2026-07-17
150_1188_DF_DCCV_OCCUPATIT1_UNT2020_19,"Occupati (migliaia) - regolamento precedente (fino al 2020)- Ateco 2002, Ateco 2007 (2008-2010)",REF_AREA,nazionale,nazionale,1,2026-07-17
150_1188_DF_DCCV_OCCUPATIT1_UNT2020_2,Occupati (migliaia) - regolamento precedente (fino al 2020)- Profilo professionale,REF_AREA,regione,nazionale|ripartizione|regione,6,2026-07-17
150_1188_DF_DCCV_OCCUPATIT1_UNT2020_20,Occupati (migliaia) - regolamento precedente (fino al 2020)- Professione 2011 (dettaglio),REF_AREA,regione,nazionale|ripartizione|regione,6,2026-07-17
150_1188_DF_DCCV_OCCUPATIT1_UNT2020_21,"Occupati (migliaia) - regolamento precedente (fino al 2020)- Professione 2011, cittadinanza",REF_AREA,regione,nazionale|ripartizione|regione,6,2026-07-17
150_1188_DF_DCCV_OCCUPATIT1_UNT2020_22,Occupati (migliaia) - regolamento precedente (fino al 2020)- Professione 2001 (dettaglio),REF_AREA,regione,nazionale|ripartizione|regione,6,2026-07-17
150_1188_DF_DCCV_OCCUPATIT1_UNT2020_23,"Occupati (migliaia) - regolamento precedente (fino al 2020)- Professione 2001, cittadinanza",REF_AREA,regione,nazionale|ripartizione|regione,6,2026-07-17
150_1188_DF_DCCV_OCCUPATIT1_UNT2020_24,Occupati (migliaia) - regolamento precedente (fino al 2020)- Età,REF_AREA,regione,nazionale|ripartizione|regione,30,2026-07-17
150_1188_DF_DCCV_OCCUPATIT1_UNT2020_25,Occupati (migliaia) - regolamento precedente (fino al 2020)- Titolo di studio,REF_AREA,regione,nazionale|ripartizione|regione,30,2026-07-17
150_1188_DF_DCCV_OCCUPATIT1_UNT2020_26,"Occupati (migliaia) - regolamento precedente (fino al 2020)- Posizione professionale, tempo pieno/parziale",REF_AREA,regione,nazionale|ripartizione|regione,30,2026-07-17
150_1188_DF_DCCV_OCCUPATIT1_UNT2020_27,Occupati (migliaia) - regolamento precedente (fino al 2020)- Ateco 2007 - posizione professionale - trimestrali,REF_AREA,regione,nazionale|ripartizione|regione,30,2026-08-04
150_1188_DF_DCCV_OCCUPATIT1_UNT2020_28,Occupati (migliaia) - regolamento precedente (fino al 2020)- Dipendenti - carattere occupazione,REF_AREA,regione,nazionale|ripartizione|regione,30,2026-07-17
150_1188_DF_DCCV_OCCUPATIT1_UNT2020_29,Occupati (migliaia) - regolamento precedente (fino al 2020)- Sesso,REF_AREA,provincia,nazionale|ripartizione|regione|provincia,139,2026-07-17
150_1188_DF_DCCV_OCCUPATIT1_UNT2020_3,"Occupati (migliaia) - regolamento precedente (fino al 2020)- Tempo pieno/parziale, posizione professionale, età",REF_AREA,regione,nazionale|ripartizione|regione,6,2026-07-17
150_1188_DF_DCCV_OCCUPATIT1_UNT2020_30,Occupati (migliaia) - regolamento precedente (fino al 2020)- Ateco 2007 - posizione professionale,REF_AREA,provincia,nazionale|ripartizione|regione|provincia,139,2026-07-17
150_1188_DF_DCCV_OCCUPATIT1_UNT2020_31,Occupati (migliaia) - regolamento precedente (fino al 2020)- Ateco 2002 - posizione professionale,REF_AREA,provincia,nazionale|ripartizione|regione|provincia,139,2026-07-17
150_1188_DF_DCCV_OCCUPATIT1_UNT2020_32,Occupati (migliaia) - regolamento precedente (fino al 2020)- Dal I 1977 - età,REF_AREA,regione,nazionale|ripartizione|regione,6,2026-07-17
150_1188_DF_DCCV_OCCUPATIT1_UNT2020_33,Occupati (migliaia) - regolamento precedente (fino al 2020)- Dal I 1977 - titolo di studio,REF_AREA,regione,nazionale|ripartizione|regione,6,2026-07-17
150_1188_DF_DCCV_OCCUPATIT1_UNT2020_34,Occupati (migliaia) - regolamento precedente (fino al 2020)- Dal I 1977 - posizione professionale,REF_AREA,regione,nazionale|ripartizione|regione,6,2026-07-17
150_1188_DF_DCCV_OCCUPATIT1_UNT2020_35,Occupati (migliaia) - regolamento precedente (fino al 2020)- Dal IV 1992 - dettaglio età,REF_AREA,regione,nazionale|ripartizione|regione,6,2026-07-17
150_1188_DF_DCCV_OCCUPATIT1_UNT2020_36,"Occupati (migliaia) - regolamento precedente (fino al 2020)- Dal IV 1992 - titolo di studio, età",REF_AREA,regione,nazionale|ripartizione|regione,6,2026-07-17
150_1188_DF_DCCV_OCCUPATIT1_UNT2020_37,"Occupati (migliaia) - regolamento precedente (fino al 2020)- Dal IV 1992 - posizione professionale, carattere occupazione",REF_AREA,regione,nazionale|ripartizione|regione,6,2026-07-17
150_1188_DF_DCCV_OCCUPATIT1_UNT2020_38,Occupati (migliaia) - regolamento precedente (fino al 2020)- Dal IV 1992 - tempo pieno/parziale,REF_AREA,regione,nazionale|ripartizione|regione,6,2026-07-17
150_1188_DF_DCCV_OCCUPATIT1_UNT2020_39,Occupati (migliaia) - regolamento precedente (fino al 2020)- Dal IV 1992 - dati regionali,REF_AREA,regione,nazionale|ripartizione|regione,30,2026-07-17
150_1188_DF_DCCV_OCCUPATIT1_UNT2020_4,"Occupati (migliaia) - regolamento precedente (fino al 2020)- Tempo pieno/parziale, cittadinanza",REF_AREA,regione,nazionale|ripartizione|regione,6,2026-07-17
150_1188_DF_DCCV_OCCUPATIT1_UNT2020_40,Occupati (migliaia) - regolamento precedente (fino al 2020)- Ateco 2002 (dal I 1977-2010) - posizione professionale,REF_AREA,regione,nazionale|ripartizione|regione,6,2026-07-17
150_1188_DF_DCCV_OCCUPATIT1_UNT2020_41,"Occupati (migliaia) - regolamento precedente (fino al 2020)- Ateco 2002 (dal IV 1992-2010) - posizione professionale, carattere occupazione",REF_AREA,regione,nazionale|ripartizione|regione,6,2026-07-17
150_1188_DF_DCCV_OCCUPATIT1_UNT2020_42,Occupati (migliaia) - regolamento precedente (fino al 2020)- Ateco 2002 (dal IV 1992-2010) - tempo pieno/parziale,REF_AREA,regione,nazionale|ripartizione|regione,6,2026-07-17
150_1188_DF_DCCV_OCCUPATIT1_UNT2020_43,Occupati (migliaia) - regolamento precedente (fino al 2020)- Ateco 2002 (dal IV 1992-2010) - dati regionali,REF_AREA,regione,nazionale|ripartizione|regione,30,2026-08-04
150_1188_DF_DCCV_OCCUPATIT1_UNT2020_5,"Occupati (migliaia) - regolamento precedente (fino al 2020)- Dipendenti a tempo determinato/indeterminato, tempo pieno/parziale, età",REF_AREA,regione,nazionale|ripartizione|regione,6,2026-07-17
150_1188_DF_DCCV_OCCUPATIT1_UNT2020_6,"Occupati (migliaia) - regolamento precedente (fino al 2020)- Dipendenti a tempo determinato/indeterminato, cittadinanza",REF_AREA,regione,nazionale|ripartizione|regione,6,2026-07-17
150_1188_DF_DCCV_OCCUPATIT1_UNT2020_7,"Occupati (migliaia) - regolamento precedente (fino al 2020)- Ateco 2007 - posizione professionale, età",REF_AREA,regione,nazionale|ripartizione|regione,6,2026-07-17
150_1188_DF_DCCV_OCCUPATIT1_UNT2020_8,"Occupati (migliaia) - regolamento precedente (fino al 2020)- Ateco 2007 - posizione professionale, cittadinanza",REF_AREA,regione,nazionale|ripartizione|regione,6,2026-07-17
150_1188_DF_DCCV_OCCUPATIT1_UNT2020_9,"Occupati (migliaia) - regolamento precedente (fino al 2020)- Ateco 2007 - posizione professionale, tempo pieno/parziale",REF_AREA,regione,nazionale|ripartizione|regione,6,2026-07-17
150_1189,Tasso di  occupazione - regolamento precedente (fino al 2020),REF_AREA,provincia,nazionale|ripartizione|regione|provincia,139,2026-08-04
150_1189_DF_DCCV_TAXOCCU1_UNT2020_1,"Titolo di studio, età",REF_AREA,regione,nazionale|ripartizione|regione,6,2026-08-04
150_1189_DF_DCCV_TAXOCCU1_UNT2020_2,"Titolo di studio, cittadinanza",REF_AREA,regione,nazionale|ripartizione|regione,6,2026-07-17
150_1189_DF_DCCV_TAXOCCU1_UNT2020_3,Dati regionali,REF_AREA,regione,nazionale|ripartizione|regione,30,2026-08-04
150_1189_DF_DCCV_TAXOCCU1_UNT2020_4,Dati provinciali,REF_AREA,provincia,nazionale|ripartizione|regione|provincia,139,2026-08-04
150_1189_DF_DCCV_TAXOCCU1_UNT2020_5,Since I 1977 - age,REF_AREA,provincia,nazionale|ripartizione|regione|provincia,139,2026-08-04
150_1189_DF_DCCV_TAXOCCU1_UNT2020_6,Dal I 1977 - titolo di studio,REF_AREA,regione,nazionale|ripartizione|regione,6,2026-07-17
150_1189_DF_DCCV_TAXOCCU1_UNT2020_7,Dal IV 1992 - dettaglio età,REF_AREA,regione,nazionale|ripartizione|regione,6,2026-07-17
150_1189_DF_DCCV_TAXOCCU1_UNT2020_8,"Dal IV 1992 - titolo di studio, età",REF_AREA,regione,nazionale|ripartizione|regione,6,2026-08-04
150_1189_DF_DCCV_TAXOCCU1_UNT2020_9,Dal IV 1992 - dati regionali,REF_AREA,regione,nazionale|ripartizione|regione,30,2026-08-04
150_1190,Forze di  lavoro - regolamento precedente (fino al 2020),REF_AREA,provincia,nazionale|ripartizione|regione|provincia,139,2026-08-04
150_1190_DF_DCCV_FORZLV1_UNT2020_1,"Titolo di studio, età",REF_AREA,regione,nazionale|ripartizione|regione,6,2026-08-04
150_1190_DF_DCCV_FORZLV1_UNT2020_10,"Dal IV 1992 - titolo di studio, età",REF_AREA,regione,nazionale|ripartizione|regione,6,2026-07-17
150_1190_DF_DCCV_FORZLV1_UNT2020_11,Dal IV 1992 - dati regionali,REF_AREA,regione,nazionale|ripartizione|regione,30,2026-07-17
150_1190_DF_DCCV_FORZLV1_UNT2020_2,"Titolo di studio, cittadinanza",REF_AREA,regione,nazionale|ripartizione|regione,6,2026-07-17
150_1190_DF_DCCV_FORZLV1_UNT2020_3,Dati regionali - sesso,REF_AREA,regione,nazionale|ripartizione|regione,30,2026-07-17
150_1190_DF_DCCV_FORZLV1_UNT2020_4,Dati regionali - età,REF_AREA,regione,nazionale|ripartizione|regione,30,2026-08-04
150_1190_DF_DCCV_FORZLV1_UNT2020_5,Dati regionali - titolo di studio,REF_AREA,regione,nazionale|ripartizione|regione,30,2026-07-17
150_1190_DF_DCCV_FORZLV1_UNT2020_6,Dati provinciali,REF_AREA,provincia,nazionale|ripartizione|regione|provincia,139,2026-07-17
150_1190_DF_DCCV_FORZLV1_UNT2020_7,Dal I 1977 - età,REF_AREA,regione,nazionale|ripartizione|regione,6,2026-07-17
150_1190_DF_DCCV_FORZLV1_UNT2020_8,Dal I 1977 - titolo di studio,REF_AREA,regione,nazionale|ripartizione|regione,6,2026-07-17
150_1190_DF_DCCV_FORZLV1_UNT2020_9,Dal IV 1992 - dettaglio età,REF_AREA,regione,nazionale|ripartizione|regione,6,2026-07-17
150_1191,Tasso di  attività - regolamento precedente (fino al 2020),REF_AREA,provincia,nazionale|ripartizione|regione|provincia,139,2026-08-04
150_1191_DF_DCCV_TAXATVT1_UNT2020_1,"Titolo di studio, età",REF_AREA,regione,nazionale|ripartizione|regione,6,2026-07-17
150_1191_DF_DCCV_TAXATVT1_UNT2020_2,"Titolo di studio, cittadinanza",REF_AREA,regione,nazionale|ripartizione|regione,6,2026-07-17
150_1191_DF_DCCV_TAXATVT1_UNT2020_3,Dati regionali,REF_AREA,regione,nazionale|ripartizione|regione,30,2026-07-17
150_1191_DF_DCCV_TAXATVT1_UNT2020_4,Dati provinciali,REF_AREA,provincia,nazionale|ripartizione|regione|provincia,139,2026-08-04
150_1191_DF_DCCV_TAXATVT1_UNT2020_5,Dal I 1977 - età,REF_AREA,regione,nazionale|ripartizione|regione,6,2026-07-17
150_1191_DF_DCCV_TAXATVT1_UNT2020_6,Dal I 1977 - titolo di studio,REF_AREA,regione,nazionale|ripartizione|regione,6,2026-07-17
150_1191_DF_DCCV_TAXATVT1_UNT2020_7,Dal IV 1992 - dettaglio età,REF_AREA,regione,nazionale|ripartizione|regione,6,2026-07-17
150_1191_DF_DCCV_TAXATVT1_UNT2020_8,"Dal IV 1992 - Titolo di studio, età",REF_AREA,regione,nazionale|ripartizione|regione,6,2026-07-17
150_1191_DF_DCCV_TAXATVT1_UNT2020_9,Dal IV 1992 - dati regionali,REF_AREA,regione,nazionale|ripartizione|regione,30,2026-07-17
150_872,Tasso di occupazione  - dati mensili,REF_AREA,nazionale,nazionale,1,2026-08-18
150_872_DF_DCCV_TAXOCCUMENS1_1,Tasso di occupazione - dati mensili,REF_AREA,nazionale,nazionale,1,2026-08-18
150_873,Forze lavoro  - dati mensili,REF_AREA,nazionale,nazionale,1,2026-08-18
150_873_DF_DCCV_FORZLVMENS1_1,Forze lavoro - dati mensili,REF_AREA,nazionale,nazionale,1,2026-08-18
150_875,Occupati -  dati mensili,REF_AREA,nazionale,nazionale,1,2026-08-18
150_875_DF_DCCV_OCCUPATIMENS1_1,"Posizione professionale, carattere occupazione",REF_AREA,nazionale,nazionale,1,2026-07-17
150_875_DF_DCCV_OCCUPATIMENS1_2,"Sesso, età",REF_AREA,nazionale,nazionale,1,2026-08-18
150_876,Tasso di attività  - dati mensili,REF_AREA,nazionale,nazionale,1,2026-08-18
150_876_DF_DCCV_TAXATVTMENS1_1,Tasso di attività - dati mensili,REF_AREA,nazionale,nazionale,1,2026-08-18
150_880,Tasso di attività - dati trimestrali destagionalizzati,REF_AREA,regione,nazionale|ripartizione|regione,4,2026-08-04
150_880_DF_DCCV_TAXATVTDE1_1,"Sesso, età",REF_AREA,nazionale,nazionale,1,2026-07-17
150_880_DF_DCCV_TAXATVTDE1_2,Ripartizioni,REF_AREA,regione,nazionale|ripartizione|regione,4,2026-07-17
150_881,Forze di lavoro - dati trimestrali destagionalizzati,REF_AREA,regione,nazionale|ripartizione|regione,4,2026-08-04
150_881_DF_DCCV_FORZLVDE1_1,"Sesso, età",REF_AREA,nazionale,nazionale,1,2026-07-17
150_881_DF_DCCV_FORZLVDE1_2,Ripartizioni,REF_AREA,regione,nazionale|ripartizione|regione,4,2026-07-17
150_882,Occupati - dati trimestrali destagionalizzati,REF_AREA,regione,nazionale|ripartizione|regione,4,2026-08-04
150_882_DF_DCCV_OCCUPATITDE1_1,"Posizione professionale, carattere occupazione",REF_AREA,nazionale,nazionale,1,2026-07-17
150_882_DF_DCCV_OCCUPATITDE1_2,Macrosettori economici,REF_AREA,nazionale,nazionale,1,2026-07-17
150_882_DF_DCCV_OCCUPATITDE1_3,"Sesso, età",REF_AREA,nazionale,nazionale,1,2026-07-17
150_882_DF_DCCV_OCCUPATITDE1_4,Ripartizioni,REF_AREA,regione,nazionale|ripartizione|regione,4,2026-07-17
150_883,Tasso di occupazione - dati trimestrali destagionalizzati,REF_AREA,regione,nazionale|ripartizione|regione,4,2026-08-04
150_883_DF_DCCV_TAXOCCUDE1_1,"Sesso, età",REF_AREA,nazionale,nazionale,1,2026-07-17
150_883_DF_DCCV_TAXOCCUDE1_2,Ripartizioni,REF_AREA,regione,nazionale|ripartizione|regione,4,2026-07-17
150_908,Forze di  lavoro,REF_AREA,provincia,nazionale|ripartizione|regione|provincia,135,2026-08-04
150_908_DF_DCCV_FORZLV1_1,Classe di età,REF_AREA,regione,nazionale|ripartizione|regione,6,2026-07-17
150_908_DF_DCCV_FORZLV1_2,"Titolo di studio, età",REF_AREA,regione,nazionale|ripartizione|regione,6,2026-07-17
150_908_DF_DCCV_FORZLV1_3,"Cittadinanza, titolo di studio, età",REF_AREA,regione,nazionale|ripartizione|regione,6,2026-07-17
150_908_DF_DCCV_FORZLV1_4,Dati regionali - sesso,REF_AREA,regione,nazionale|ripartizione|regione,30,2026-07-17
150_908_DF_DCCV_FORZLV1_5,Dati regionali - età,REF_AREA,regione,nazionale|ripartizione|regione,30,2026-07-17
150_908_DF_DCCV_FORZLV1_6,Dati regionali - titolo di studio,REF_AREA,regione,nazionale|ripartizione|regione,30,2026-07-17
150_908_DF_DCCV_FORZLV1_7,Dati provinciali,REF_AREA,provincia,nazionale|ripartizione|regione|provincia,135,2026-07-17
150_908_DF_DCCV_FORZLV1_8,Dal I 2004 - età,REF_AREA,regione,nazionale|ripartizione|regione,6,2026-07-17
150_915,Tasso di  occupazione,REF_AREA,provincia,nazionale|ripartizione|regione|provincia,135,2026-07-17
150_915_DF_DCCV_TAXOCCU1_1,Classe di età,REF_AREA,regione,nazionale|ripartizione|regione,6,2026-07-17
150_915_DF_DCCV_TAXOCCU1_2,"Titolo di studio, età",REF_AREA,regione,nazionale|ripartizione|regione,6,2026-07-17
150_915_DF_DCCV_TAXOCCU1_3,"Titolo di studio, cittadinanza, età",REF_AREA,regione,nazionale|ripartizione|regione,6,2026-07-17
150_915_DF_DCCV_TAXOCCU1_4,Dati regionali,REF_AREA,regione,nazionale|ripartizione|regione,30,2026-07-17
150_915_DF_DCCV_TAXOCCU1_5,Dati provinciali,REF_AREA,provincia,nazionale|ripartizione|regione|provincia,135,2026-07-17
150_915_DF_DCCV_TAXOCCU1_6,Dal I 2004 - età,REF_AREA,regione,nazionale|ripartizione|regione,6,2026-07-17
150_915_DF_DCCV_TAXOCCU1_YOUTH_1,Giovani - Tasso di occupazione - dati annuali e trimestrali,REF_AREA,provincia,nazionale|ripartizione|regione|provincia,135,2026-07-17
150_916,Tasso di  attività,REF_AREA,provincia,nazionale|ripartizione|regione|provincia,135,2026-07-17
150_916_DF_DCCV_TAXATVT1_1,Classe di età,REF_AREA,regione,nazionale|ripartizione|regione,6,2026-07-17
150_916_DF_DCCV_TAXATVT1_2,"Titolo di studio, età",REF_AREA,regione,nazionale|ripartizione|regione,6,2026-07-17
150_916_DF_DCCV_TAXATVT1_3,"Titolo di studio, cittadinanza",REF_AREA,regione,nazionale|ripartizione|regione,6,2026-07-17
150_916_DF_DCCV_TAXATVT1_4,Dati regionali,REF_AREA,regione,nazionale|ripartizione|regione,30,2026-07-17
150_916_DF_DCCV_TAXATVT1_5,Dati provinciali,REF_AREA,provincia,nazionale|ripartizione|regione|provincia,135,2026-07-17
150_916_DF_DCCV_TAXATVT1_6,Dal I 2004 - età,REF_AREA,regione,nazionale|ripartizione|regione,6,2026-07-17
150_916_DF_DCCV_TAXATVT1_YOUTH_1,Tasso di attività - dati annuali e trimestrali,REF_AREA,provincia,nazionale|ripartizione|regione|provincia,135,2026-07-17
150_938,Occupati  (migliaia),REF_AREA,provincia,nazionale|ripartizione|regione|provincia,135,2026-07-17
150_938_DF_DCCV_OCCUPATIT1_1,Occupati  (migliaia) - Classe di età,REF_AREA,regione,nazionale|ripartizione|regione,6,2026-07-17
150_938_DF_DCCV_OCCUPATIT1_10,"Occupati  (migliaia) - Ateco 2007 - posizione professionale, tempo pieno/parziale",REF_AREA,regione,nazionale|ripartizione|regione,6,2026-07-17
150_938_DF_DCCV_OCCUPATIT1_11,Occupati  (migliaia) - Ateco 2007 (dettaglio) - posizione professionale,REF_AREA,regione,nazionale|ripartizione|regione,6,2026-07-17
150_938_DF_DCCV_OCCUPATIT1_12,Occupati  (migliaia) - Ateco 2007 - profilo professionale,REF_AREA,nazionale,nazionale,1,2026-07-17
150_938_DF_DCCV_OCCUPATIT1_13,"Occupati  (migliaia) - Ateco 2007 - dipendenti, carattere occupazione, età",REF_AREA,regione,nazionale|ripartizione|regione,6,2026-07-17
150_938_DF_DCCV_OCCUPATIT1_14,Occupati  (migliaia) - Professione (dettaglio),REF_AREA,regione,nazionale|ripartizione|regione,6,2026-07-17
150_938_DF_DCCV_OCCUPATIT1_15,"Occupati  (migliaia) - Professione, cittadinanza",REF_AREA,regione,nazionale|ripartizione|regione,6,2026-07-17
150_938_DF_DCCV_OCCUPATIT1_16,Occupati  (migliaia) - Età,REF_AREA,regione,nazionale|ripartizione|regione,30,2026-07-17
150_938_DF_DCCV_OCCUPATIT1_17,Occupati  (migliaia) - Titolo di studio,REF_AREA,regione,nazionale|ripartizione|regione,30,2026-07-17
150_938_DF_DCCV_OCCUPATIT1_18,"Occupati  (migliaia)  - Posizione professionale, tempo pieno/parziale",REF_AREA,regione,nazionale|ripartizione|regione,30,2026-07-17
150_938_DF_DCCV_OCCUPATIT1_19,Occupati  (migliaia) - Ateco 2007 - posizione professionale - trimestrali,REF_AREA,regione,nazionale|ripartizione|regione,30,2026-07-17
150_938_DF_DCCV_OCCUPATIT1_2,"Occupati  (migliaia) - Titolo di studio, cittadinanza, età",REF_AREA,regione,nazionale|ripartizione|regione,6,2026-07-17
150_938_DF_DCCV_OCCUPATIT1_20,Occupati  (migliaia) - Dipendenti - carattere occupazione,REF_AREA,regione,nazionale|ripartizione|regione,30,2026-07-17
150_938_DF_DCCV_OCCUPATIT1_21,Occupati  (migliaia) - Sesso,REF_AREA,provincia,nazionale|ripartizione|regione|provincia,135,2026-07-17
150_938_DF_DCCV_OCCUPATIT1_22,Occupati  (migliaia) - Ateco 2007,REF_AREA,provincia,nazionale|ripartizione|regione|provincia,135,2026-07-17
150_938_DF_DCCV_OCCUPATIT1_23,Occupati  (migliaia) - Posizione professionale,REF_AREA,provincia,nazionale|ripartizione|regione|provincia,135,2026-07-17
150_938_DF_DCCV_OCCUPATIT1_24,Occupati  (migliaia) - Dal I 2004 - età,REF_AREA,regione,nazionale|ripartizione|regione,6,2026-07-17
150_938_DF_DCCV_OCCUPATIT1_25,"Occupati  (migliaia) - Dal I 2004 - Ateco, posizione professionale",REF_AREA,regione,nazionale|ripartizione|regione,6,2026-08-04
150_938_DF_DCCV_OCCUPATIT1_26,"Occupati  (migliaia) - Dal I 2004 - Ateco, dipendente e carattere occupazione",REF_AREA,regione,nazionale|ripartizione|regione,6,2026-07-17
150_938_DF_DCCV_OCCUPATIT1_3,Occupati  (migliaia) - Profilo professionale,REF_AREA,regione,nazionale|ripartizione|regione,6,2026-07-17
150_938_DF_DCCV_OCCUPATIT1_4,"Occupati  (migliaia) - Tempo pieno/parziale, posizione professionale, età",REF_AREA,regione,nazionale|ripartizione|regione,6,2026-07-17
150_938_DF_DCCV_OCCUPATIT1_5,"Occupati  (migliaia) - Tempo pieno/parziale, cittadinanza",REF_AREA,regione,nazionale|ripartizione|regione,6,2026-07-17
150_938_DF_DCCV_OCCUPATIT1_6,"Occupati  (migliaia) - Dipendenti a tempo determinato/indeterminato, tempo pieno/parziale, età",REF_AREA,regione,nazionale|ripartizione|regione,6,2026-07-17
150_938_DF_DCCV_OCCUPATIT1_7,"Occupati  (migliaia) - Dipendenti a tempo determinato/indeterminato, cittadinanza",REF_AREA,regione,nazionale|ripartizione|regione,6,2026-07-17
150_938_DF_DCCV_OCCUPATIT1_8,"Occupati  (migliaia) - Ateco 2007 - posizione professionale, età",REF_AREA,regione,nazionale|ripartizione|regione,6,2026-07-17
150_938_DF_DCCV_OCCUPATIT1_9,"Occupati  (migliaia) - Ateco 2007 - posizione professionale, cittadinanza",REF_AREA,regione,nazionale|ripartizione|regione,6,2026-07-17
151_1176,Tasso di disoccupazione  - dati mensili- regolamento precedente (fino al 2020),REF_AREA,nazionale,nazionale,1,2026-07-17
151_1176_DF_DCCV_TAXDISOCCUMENS1_UNT2020,Tasso di disoccupazione - dati mensili - regolamento precedente (fino al 2020),REF_AREA,nazionale,nazionale,1,2026-07-17
151_1177,Disoccupati  - dati mensili - regolamento precedente (fino al 2020),REF_AREA,nazionale,nazionale,1,2026-07-17
151_1177_DF_DCCV_DISOCCUPTMENS1_UNT20201,"Sesso, età",REF_AREA,nazionale,nazionale,1,2026-07-17
151_1177_DF_DCCV_DISOCCUPTMENS1_UNT20202,Incidenza dei disoccupati sulla popolazione,REF_AREA,nazionale,nazionale,1,2026-07-17
151_1178,Tasso di disoccupazione - dati trimestrali destagionalizzati  - regolamento precedente (fino al 2020),REF_AREA,regione,nazionale|ripartizione|regione,4,2026-07-17
151_1178_DF_DCCV_TAXDISOCCUDE1_UNT2020_1,"Sesso, età",REF_AREA,nazionale,nazionale,1,2026-07-17
151_1178_DF_DCCV_TAXDISOCCUDE1_UNT2020_2,Ripartizioni,REF_AREA,regione,nazionale|ripartizione|regione,4,2026-07-17
151_1179,Disoccupati - dati trimestrali destagionalizzati - regolamento precedente (fino al 2020),REF_AREA,regione,nazionale|ripartizione|regione,4,2026-07-17
151_1179_DF_DCCV_DISOCCUPTDE1_UNT2020_1,"Sesso, età",REF_AREA,nazionale,nazionale,1,2026-07-17
151_1179_DF_DCCV_DISOCCUPTDE1_UNT2020_2,Ripartizioni,REF_AREA,regione,nazionale|ripartizione|regione,4,2026-07-17
151_1192,Disoccupati - regolamento precedente (fino al 2020),REF_AREA,provincia,nazionale|ripartizione|regione|provincia,139,2026-07-17
151_1192_DF_DCCV_DISOCCUPT1_UNT2020_1,"Titolo di studio, età",REF_AREA,regione,nazionale|ripartizione|regione,6,2026-07-17
151_1192_DF_DCCV_DISOCCUPT1_UNT2020_10,"Dal IV 1992 - titolo di studio, età",REF_AREA,regione,nazionale|ripartizione|regione,6,2026-07-17
151_1192_DF_DCCV_DISOCCUPT1_UNT2020_11,Dal IV 1992 - durata della disoccupazione,REF_AREA,regione,nazionale|ripartizione|regione,6,2026-07-17
151_1192_DF_DCCV_DISOCCUPT1_UNT2020_12,Dal IV 1992 - dati regionali,REF_AREA,regione,nazionale|ripartizione|regione,30,2026-07-17
151_1192_DF_DCCV_DISOCCUPT1_UNT2020_2,Cittadinanza,REF_AREA,regione,nazionale|ripartizione|regione,6,2026-07-17
151_1192_DF_DCCV_DISOCCUPT1_UNT2020_3,"Condizione professionale, disoccupazione di lunga durata",REF_AREA,regione,nazionale|ripartizione|regione,6,2026-07-17
151_1192_DF_DCCV_DISOCCUPT1_UNT2020_4,Dati regionali - titolo di studio,REF_AREA,regione,nazionale|ripartizione|regione,30,2026-07-17
151_1192_DF_DCCV_DISOCCUPT1_UNT2020_5,Dati regionali - condizione professionale,REF_AREA,regione,nazionale|ripartizione|regione,30,2026-07-17
151_1192_DF_DCCV_DISOCCUPT1_UNT2020_6,Dati provinciali,REF_AREA,provincia,nazionale|ripartizione|regione|provincia,139,2026-07-17
151_1192_DF_DCCV_DISOCCUPT1_UNT2020_7,Dal I 1977 - età,REF_AREA,regione,nazionale|ripartizione|regione,6,2026-07-17
151_1192_DF_DCCV_DISOCCUPT1_UNT2020_8,Dal I 1977 - titolo di studio,REF_AREA,regione,nazionale|ripartizione|regione,6,2026-07-17
151_1192_DF_DCCV_DISOCCUPT1_UNT2020_9,Dal IV 1992 - dettaglio età,REF_AREA,regione,nazionale|ripartizione|regione,6,2026-07-17
151_1193,Tasso di  disoccupazione - regolamento precedente (fino al 2020),REF_AREA,provincia,nazionale|ripartizione|regione|provincia,139,2026-07-17
151_1193_DF_DCCV_TAXDISOCCU1_UNT2020_1,"Titolo di studio, età",REF_AREA,regione,nazionale|ripartizione|regione,6,2026-07-17
151_1193_DF_DCCV_TAXDISOCCU1_UNT2020_10,Dal IV 1992 - dettaglio età,REF_AREA,regione,nazionale|ripartizione|regione,6,2026-07-17
151_1193_DF_DCCV_TAXDISOCCU1_UNT2020_11,"Dal IV 1992 - titolo di studio, età",REF_AREA,regione,nazionale|ripartizione|regione,6,2026-07-17
151_1193_DF_DCCV_TAXDISOCCU1_UNT2020_12,"Dal IV 1992 - dati regionali, età",REF_AREA,regione,nazionale|ripartizione|regione,30,2026-07-17
151_1193_DF_DCCV_TAXDISOCCU1_UNT2020_13,"Dal IV 1992 - dati regionali, durata della disoccupazione",REF_AREA,regione,nazionale|ripartizione|regione,30,2026-07-17
151_1193_DF_DCCV_TAXDISOCCU1_UNT2020_2,"Titolo di studio, cittadinanza",REF_AREA,regione,nazionale|ripartizione|regione,6,2026-07-17
151_1193_DF_DCCV_TAXDISOCCU1_UNT2020_3,Durata della disoccupazione,REF_AREA,regione,nazionale|ripartizione|regione,6,2026-07-17
151_1193_DF_DCCV_TAXDISOCCU1_UNT2020_4,Dati regionali - età,REF_AREA,regione,nazionale|ripartizione|regione,30,2026-07-17
151_1193_DF_DCCV_TAXDISOCCU1_UNT2020_5,Dati regionali - titolo di studio,REF_AREA,regione,nazionale|ripartizione|regione,30,2026-07-17
151_1193_DF_DCCV_TAXDISOCCU1_UNT2020_6,Dati regionali - durata della disoccupazione,REF_AREA,regione,nazionale|ripartizione|regione,30,2026-07-17
151_1193_DF_DCCV_TAXDISOCCU1_UNT2020_7,Dati provinciali,REF_AREA,provincia,nazionale|ripartizione|regione|provincia,139,2026-07-17
151_1193_DF_DCCV_TAXDISOCCU1_UNT2020_8,Dal I 1977 - età,REF_AREA,regione,nazionale|ripartizione|regione,6,2026-07-17
151_1193_DF_DCCV_TAXDISOCCU1_UNT2020_9,Dal I 1977 - titolo di studio,REF_AREA,regione,nazionale|ripartizione|regione,6,2026-07-17
151_874,Tasso di disoccupazione  - dati mensili,REF_AREA,nazionale,nazionale,1,2026-07-17
151_874_DF_DCCV_TAXDISOCCUMENS1_1,Tasso di disoccupazione - dati mensili,REF_AREA,nazionale,nazionale,1,2026-08-18
151_877,Disoccupati  - dati mensili,REF_AREA,nazionale,nazionale,1,2026-07-17
151_877_DF_DCCV_DISOCCUPTMENS1_1,"Sesso, età",REF_AREA,nazionale,nazionale,1,2026-08-18
151_877_DF_DCCV_DISOCCUPTMENS1_2,Incidenza dei disoccupati sulla popolazione,REF_AREA,nazionale,nazionale,1,2026-07-17
151_884,Tasso di disoccupazione - dati trimestrali destagionalizzati,REF_AREA,regione,nazionale|ripartizione|regione,4,2026-07-17
151_884_DF_DCCV_TAXDISOCCUDE1_1,"Sesso, età",REF_AREA,nazionale,nazionale,1,2026-07-17
151_884_DF_DCCV_TAXDISOCCUDE1_2,Ripartizioni,REF_AREA,regione,nazionale|ripartizione|regione,4,2026-07-17
151_885,Disoccupati - dati trimestrali destagionalizzati,REF_AREA,regione,nazionale|ripartizione|regione,4,2026-07-17
151_885_DF_DCCV_DISOCCUPTDE1_1,"Sesso, età",REF_AREA,nazionale,nazionale,1,2026-07-17
151_885_DF_DCCV_DISOCCUPTDE1_2,Ripartizioni,REF_AREA,regione,nazionale|ripartizione|regione,4,2026-07-17
151_914,Tasso di  disoccupazione,REF_AREA,provincia,nazionale|ripartizione|regione|provincia,135,2026-07-17
151_914_DF_DCCV_TAXDISOCCU1_1,Classe di età,REF_AREA,regione,nazionale|ripartizione|regione,6,2026-07-17
151_914_DF_DCCV_TAXDISOCCU1_2,"Titolo di studio, età",REF_AREA,regione,nazionale|ripartizione|regione,6,2026-07-17
151_914_DF_DCCV_TAXDISOCCU1_3,"Titolo di studio, cittadinanza",REF_AREA,regione,nazionale|ripartizione|regione,6,2026-07-17
151_914_DF_DCCV_TAXDISOCCU1_4,Durata della disoccupazione,REF_AREA,regione,nazionale|ripartizione|regione,6,2026-07-17
151_914_DF_DCCV_TAXDISOCCU1_5,Dati regionali - età,REF_AREA,regione,nazionale|ripartizione|regione,30,2026-07-17
151_914_DF_DCCV_TAXDISOCCU1_6,Dati regionali - titolo di studio,REF_AREA,regione,nazionale|ripartizione|regione,30,2026-07-17
151_914_DF_DCCV_TAXDISOCCU1_7,Dati regionali - durata della disoccupazione,REF_AREA,regione,nazionale|ripartizione|regione,30,2026-07-17
151_914_DF_DCCV_TAXDISOCCU1_8,Dati provinciali,REF_AREA,provincia,nazionale|ripartizione|regione|provincia,135,2026-07-17
151_914_DF_DCCV_TAXDISOCCU1_9,Dal I 2004 - età,REF_AREA,regione,nazionale|ripartizione|regione,6,2026-07-17
151_914_DF_DCCV_TAXDISOCCU1_YOUTH_1,Giovani - Tasso di disoccupazione - Dati annuali e trimestrali,REF_AREA,provincia,nazionale|ripartizione|regione|provincia,135,2026-07-17
151_929,Disoccupati,REF_AREA,provincia,nazionale|ripartizione|regione|provincia,135,2026-07-17
151_929_DF_DCCV_DISOCCUPT1_1,Classe di età,REF_AREA,regione,nazionale|ripartizione|regione,6,2026-07-17
151_929_DF_DCCV_DISOCCUPT1_2,"Titolo di studio, età",REF_AREA,regione,nazionale|ripartizione|regione,6,2026-07-17
151_929_DF_DCCV_DISOCCUPT1_3,Cittadinanza,REF_AREA,regione,nazionale|ripartizione|regione,6,2026-07-17
151_929_DF_DCCV_DISOCCUPT1_4,"Condizione professionale, disoccupazione di lunga durata",REF_AREA,regione,nazionale|ripartizione|regione,6,2026-07-17
151_929_DF_DCCV_DISOCCUPT1_5,Dati regionali - titolo di studio,REF_AREA,regione,nazionale|ripartizione|regione,30,2026-07-17
151_929_DF_DCCV_DISOCCUPT1_6,Dati regionali - condizione professionale,REF_AREA,regione,nazionale|ripartizione|regione,30,2026-07-17
151_929_DF_DCCV_DISOCCUPT1_7,Dati provinciali,REF_AREA,provincia,nazionale|ripartizione|regione|provincia,135,2026-07-17
151_929_DF_DCCV_DISOCCUPT1_8,Dal I 2004 - età,REF_AREA,regione,nazionale|ripartizione|regione,6,2026-07-17
152_1180,Tasso di inattività  - dati mensili- regolamento precedente (fino al 2020),REF_AREA,nazionale,nazionale,1,2026-07-17
152_1180_DF_DCCV_TAXINATTMENS1_UNT2020_1,Tasso di inattività - dati mensili - regolamento precedente (fino al 2020),REF_AREA,nazionale,nazionale,1,2026-07-17
152_1181,Inattivi  - dati mensili- regolamento precedente (fino al 2020),REF_AREA,nazionale,nazionale,1,2026-07-17
152_1181_DF_DCCV_INATTIVMENS1_UNT2020_1,Inattivi - dati mensili - regolamento precedente (fino al 2020),REF_AREA,nazionale,nazionale,1,2026-07-17
152_1182,Tasso di inattività - dati trimestrali destagionalizzati- regolamento precedente (fino al 2020),REF_AREA,regione,nazionale|ripartizione|regione,4,2026-07-17
152_1182_DF_DCCV_TAXINATTDE1_UNT2020_1,"Sesso, età",REF_AREA,regione,nazionale|ripartizione|regione,4,2026-07-17
152_1182_DF_DCCV_TAXINATTDE1_UNT2020_2,Ripartizioni,REF_AREA,regione,nazionale|ripartizione|regione,4,2026-07-17
152_1183,Inattivi - dati trimestrali destagionalizzati- regolamento precedente (fino al 2020),REF_AREA,regione,nazionale|ripartizione|regione,4,2026-07-17
152_1183_DF_DCCV_INATTIVDE1_UNT2020_1,"Sesso, età",REF_AREA,nazionale,nazionale,1,2026-07-17
152_1183_DF_DCCV_INATTIVDE1_UNT2020_2,Ripartizioni,REF_AREA,regione,nazionale|ripartizione|regione,4,2026-07-17
152_1185,Inattivi- regolamento precedente (fino al 2020),REF_AREA,provincia,nazionale|ripartizione|regione|provincia,139,2026-07-17
152_1185_DF_DCCV_INATTIV1_UNT2020_1,"Titolo di studio, età",REF_AREA,regione,nazionale|ripartizione|regione,6,2026-07-17
152_1185_DF_DCCV_INATTIV1_UNT2020_10,Dal I 1977 - età,REF_AREA,regione,nazionale|ripartizione|regione,6,2026-07-17
152_1185_DF_DCCV_INATTIV1_UNT2020_11,Dal I 1977 - titolo di studio,REF_AREA,regione,nazionale|ripartizione|regione,6,2026-07-17
152_1185_DF_DCCV_INATTIV1_UNT2020_12,Dal IV 1992 - dettaglio età,REF_AREA,regione,nazionale|ripartizione|regione,6,2026-07-17
152_1185_DF_DCCV_INATTIV1_UNT2020_13,"Dal IV 1992 - titolo di studio, età",REF_AREA,regione,nazionale|ripartizione|regione,6,2026-07-17
152_1185_DF_DCCV_INATTIV1_UNT2020_14,Dal IV 1992 - dati regionali,REF_AREA,regione,nazionale|ripartizione|regione,30,2026-07-17
152_1185_DF_DCCV_INATTIV1_UNT2020_2,"Titolo di studio, cittadinanza",REF_AREA,regione,nazionale|ripartizione|regione,6,2026-07-17
152_1185_DF_DCCV_INATTIV1_UNT2020_3,Condizione professionale,REF_AREA,regione,nazionale|ripartizione|regione,6,2026-07-17
152_1185_DF_DCCV_INATTIV1_UNT2020_4,Motivo inattività,REF_AREA,regione,nazionale|ripartizione|regione,6,2026-07-17
152_1185_DF_DCCV_INATTIV1_UNT2020_5,Condizione dichiarata,REF_AREA,regione,nazionale|ripartizione|regione,6,2026-07-17
152_1185_DF_DCCV_INATTIV1_UNT2020_6,Dati regionali - età,REF_AREA,regione,nazionale|ripartizione|regione,30,2026-07-17
152_1185_DF_DCCV_INATTIV1_UNT2020_7,Dati regionali - titolo di studio,REF_AREA,regione,nazionale|ripartizione|regione,30,2026-07-17
152_1185_DF_DCCV_INATTIV1_UNT2020_8,Dati regionali - condizione professionale,REF_AREA,regione,nazionale|ripartizione|regione,30,2026-07-17
152_1185_DF_DCCV_INATTIV1_UNT2020_9,Dati provinciali,REF_AREA,provincia,nazionale|ripartizione|regione|provincia,139,2026-07-17
152_1196,Tasso di  inattività- regolamento precedente (fino al 2020),REF_AREA,provincia,nazionale|ripartizione|regione|provincia,139,2026-07-17
152_1196_DF_DCCV_TAXINATT1_UNT2020_1,"Titolo di studio, età",REF_AREA,regione,nazionale|ripartizione|regione,6,2026-07-17
152_1196_DF_DCCV_TAXINATT1_UNT2020_2,"Titolo di studio, cittadinanza",REF_AREA,regione,nazionale|ripartizione|regione,6,2026-07-17
152_1196_DF_DCCV_TAXINATT1_UNT2020_3,Dati regionali,REF_AREA,regione,nazionale|ripartizione|regione,30,2026-07-17
152_1196_DF_DCCV_TAXINATT1_UNT2020_4,Dati provinciali,REF_AREA,provincia,nazionale|ripartizione|regione|provincia,139,2026-07-17
152_1196_DF_DCCV_TAXINATT1_UNT2020_5,Dal I 1977 - età,REF_AREA,regione,nazionale|ripartizione|regione,6,2026-07-17
152_1196_DF_DCCV_TAXINATT1_UNT2020_6,Dal I 1977 - titolo di studio,REF_AREA,regione,nazionale|ripartizione|regione,6,2026-07-17
152_1196_DF_DCCV_TAXINATT1_UNT2020_7,Dal IV 1992 - dettaglio età,REF_AREA,regione,nazionale|ripartizione|regione,30,2026-07-17
152_1196_DF_DCCV_TAXINATT1_UNT2020_8,"Dal IV 1992 - titolo di studio, età",REF_AREA,regione,nazionale|ripartizione|regione,6,2026-07-17
152_1196_DF_DCCV_TAXINATT1_UNT2020_9,Dal IV 1992 - dati regionali,REF_AREA,regione,nazionale|ripartizione|regione,30,2026-07-17
152_878,Tasso di inattività  - dati mensili,REF_AREA,nazionale,nazionale,1,2026-07-17
152_878_DF_DCCV_TAXINATTMENS1_1,Tasso di inattività - dati mensili,REF_AREA,nazionale,nazionale,1,2026-08-18
152_879,Inattivi  - dati mensili,REF_AREA,nazionale,nazionale,1,2026-07-17
152_879_DF_DCCV_INATTIVMENS1_1,Inattivi - dati mensili,REF_AREA,nazionale,nazionale,1,2026-08-18
152_886,Tasso di inattività - dati trimestrali destagionalizzati,REF_AREA,regione,nazionale|ripartizione|regione,4,2026-07-17
152_886_DF_DCCV_TAXINATTDE1_1,"Sesso, età",REF_AREA,nazionale,nazionale,1,2026-07-17
152_886_DF_DCCV_TAXINATTDE1_2,Ripartizioni,REF_AREA,regione,nazionale|ripartizione|regione,4,2026-07-17
152_887,Inattivi - dati trimestrali destagionalizzati,REF_AREA,regione,nazionale|ripartizione|regione,4,2026-07-17
152_887_DF_DCCV_INATTIVDE1_1,"Sesso, età",REF_AREA,nazionale,nazionale,1,2026-07-17
152_887_DF_DCCV_INATTIVDE1_2,Ripartizioni,REF_AREA,regione,nazionale|ripartizione|regione,4,2026-07-17
152_913,Tasso di  inattività,REF_AREA,provincia,nazionale|ripartizione|regione|provincia,135,2026-07-17
152_913_DF_DCCV_TAXINATT1_1,Classe di età,REF_AREA,regione,nazionale|ripartizione|regione,6,2026-07-17
152_913_DF_DCCV_TAXINATT1_2,"Titolo di studio, età",REF_AREA,regione,nazionale|ripartizione|regione,6,2026-07-17
152_913_DF_DCCV_TAXINATT1_3,"Titolo di studio, cittadinanza",REF_AREA,regione,nazionale|ripartizione|regione,6,2026-07-17
152_913_DF_DCCV_TAXINATT1_4,Dati regionali,REF_AREA,regione,nazionale|ripartizione|regione,30,2026-07-17
152_913_DF_DCCV_TAXINATT1_5,Dati provinciali,REF_AREA,provincia,nazionale|ripartizione|regione|provincia,135,2026-07-17
152_913_DF_DCCV_TAXINATT1_6,Dal I 2004 - età,REF_AREA,regione,nazionale|ripartizione|regione,6,2026-07-17
152_913_DF_DCCV_TAXINATT1_YOUTH_1,Giovani - Tasso di inattività - Dati annuali e trimestrali,REF_AREA,provincia,nazionale|ripartizione|regione|provincia,135,2026-07-17
152_928,Inattivi,REF_AREA,provincia,nazionale|ripartizione|regione|provincia,135,2026-07-17
152_928_DF_DCCV_INATTIV1_1,Classe di età,REF_AREA,regione,nazionale|ripartizione|regione,6,2026-07-17
152_928_DF_DCCV_INATTIV1_10,Dati provinciali,REF_AREA,provincia,nazionale|ripartizione|regione|provincia,135,2026-07-17
152_928_DF_DCCV_INATTIV1_11,Dal I 2004 - età,REF_AREA,regione,nazionale|ripartizione|regione,6,2026-07-17
152_928_DF_DCCV_INATTIV1_2,"Titolo di studio, età",REF_AREA,regione,nazionale|ripartizione|regione,6,2026-07-17
152_928_DF_DCCV_INATTIV1_3,"Cittadinanza, età",REF_AREA,regione,nazionale|ripartizione|regione,6,2026-07-17
152_928_DF_DCCV_INATTIV1_4,Condizione professionale,REF_AREA,regione,nazionale|ripartizione|regione,6,2026-07-17
152_928_DF_DCCV_INATTIV1_5,Motivo inattività,REF_AREA,regione,nazionale|ripartizione|regione,6,2026-07-17
152_928_DF_DCCV_INATTIV1_6,Condizione dichiarata,REF_AREA,regione,nazionale|ripartizione|regione,6,2026-07-17
152_928_DF_DCCV_INATTIV1_7,Dati regionali - età,REF_AREA,regione,nazionale|ripartizione|regione,30,2026-07-17
152_928_DF_DCCV_INATTIV1_8,Dati regionali - titolo di studio,REF_AREA,regione,nazionale|ripartizione|regione,30,2026-07-17
152_928_DF_DCCV_INATTIV1_9,Dati regionali - condizione professionale,REF_AREA,regione,nazionale|ripartizione|regione,30,2026-07-17
154_373,Indicatori - Imprese con dipendenti,REF_AREA,nazionale,nazionale,1,2026-07-17
154_373_DF_DCSC_COSTLAVULAOROS_1_1,Costo del lavoro per Ula (base 2015),REF_AREA,nazionale,nazionale,1,2026-07-17
154_373_DF_DCSC_COSTLAVULAOROS_1_2,Costo del lavoro per Ula (base 2010),REF_AREA,nazionale,nazionale,1,2026-07-17
154_373_DF_DCSC_COSTLAVULAOROS_1_3,Costo del lavoro per Ula (base 2005),REF_AREA,nazionale,nazionale,1,2026-07-17
154_373_DF_DCSC_COSTLAVULAOROS_1_7,Costo del lavoro per Ula (base 2021),REF_AREA,nazionale,nazionale,1,2026-07-17
154_373_DF_DCSC_COSTLAVULAOROS_1_8,Contributi sociali per Ula (base 2021),REF_AREA,nazionale,nazionale,1,2026-07-17
155_274,Retribuzioni contrattuali nella Pubblica amministrazione,REF_AREA,nazionale,nazionale,1,2026-07-17
155_274_DF_DCSC_RETRCASSCOMPPA_1,Retribuzioni contrattuali nella PA (base 2015),REF_AREA,nazionale,nazionale,1,2026-07-17
155_274_DF_DCSC_RETRCASSCOMPPA_2,Retribuzioni nella PA (base 2010),REF_AREA,nazionale,nazionale,1,2026-07-17
155_274_DF_DCSC_RETRCASSCOMPPA_3,Retribuzioni nella PA (base 2005),REF_AREA,nazionale,nazionale,1,2026-07-17
155_274_DF_DCSC_RETRCASSCOMPPA_4,Retribuzioni contrattuali nella PA (base 2021),REF_AREA,nazionale,nazionale,1,2026-07-17
155_318,Retribuzioni contrattuali per tipo di contratto,REF_AREA,nazionale,nazionale,1,2026-07-17
155_318_DF_DCSC_RETRCONTR1C_1,Retribuzioni contrattuali (base 2015),REF_AREA,nazionale,nazionale,1,2026-08-18
155_318_DF_DCSC_RETRCONTR1C_2,Retribuzioni contrattuali (base 2010),REF_AREA,nazionale,nazionale,1,2026-07-17
155_318_DF_DCSC_RETRCONTR1C_3,Retribuzioni contrattuali (base 2005),REF_AREA,nazionale,nazionale,1,2026-07-17
155_318_DF_DCSC_RETRCONTR1C_4,Retribuzioni contrattuali (base 2021),REF_AREA,nazionale,nazionale,1,2026-07-17
155_358,Retribuzioni contrattuali per settore economico (Ateco),REF_AREA,nazionale,nazionale,1,2026-07-17
155_358_DF_DCSC_RETRATECO1_1,Retribuzione oraria e per dipendente (base 2015),REF_AREA,nazionale,nazionale,1,2026-07-17
155_358_DF_DCSC_RETRATECO1_2,Retribuzione di cassa per dipendente (base 2015),REF_AREA,nazionale,nazionale,1,2026-07-17
155_358_DF_DCSC_RETRATECO1_3,Retribuzione oraria e per dipendente (base 2010),REF_AREA,nazionale,nazionale,1,2026-07-17
155_358_DF_DCSC_RETRATECO1_4,Retribuzione di cassa per dipendente (base 2010),REF_AREA,nazionale,nazionale,1,2026-07-17
155_358_DF_DCSC_RETRATECO1_5,Retribuzione oraria e per dipendente (base 2005),REF_AREA,nazionale,nazionale,1,2026-07-17
155_358_DF_DCSC_RETRATECO1_6,Retribuzione di cassa per dipendente (base 2005),REF_AREA,nazionale,nazionale,1,2026-07-17
155_358_DF_DCSC_RETRATECO1_7,Retribuzione oraria e per dipendente (base 2021),REF_AREA,nazionale,nazionale,1,2026-07-17
155_358_DF_DCSC_RETRATECO1_8,Retribuzione di cassa per dipendente (base 2021),REF_AREA,nazionale,nazionale,1,2026-07-17
155_374,Retribuzioni lorde - Imprese con dipendenti,REF_AREA,nazionale,nazionale,1,2026-07-17
155_374_DF_DCSC_RETRULAOROS_1_1,Retribuzioni per Ula (base 2015),REF_AREA,nazionale,nazionale,1,2026-07-17
155_374_DF_DCSC_RETRULAOROS_1_2,Retribuzioni per Ula (base 2010),REF_AREA,nazionale,nazionale,1,2026-07-17
155_374_DF_DCSC_RETRULAOROS_1_3,Retribuzioni per Ula (base 2005),REF_AREA,nazionale,nazionale,1,2026-07-17
155_374_DF_DCSC_RETRULAOROS_1_4,Retribuzioni per Ula (base 2021),REF_AREA,nazionale,nazionale,1,2026-07-17
158_149,Scuola dell'infanzia,REF_AREA,provincia,nazionale|ripartizione|regione|provincia,138,2026-07-17
158_149_DF_DCIS_INFANZIA_1,"Scuole, classi e bambini",REF_AREA,provincia,nazionale|ripartizione|regione|provincia,138,2026-07-17
158_149_DF_DCIS_INFANZIA_2,Insegnanti delle scuole statali,REF_AREA,regione,nazionale|ripartizione|regione,24,2026-07-17
158_150,Scuola primaria,REF_AREA,provincia,nazionale|ripartizione|regione|provincia,138,2026-07-17
158_150_DF_DCIS_PRIMARIA_1,"Scuole, classi e alunni",REF_AREA,provincia,nazionale|ripartizione|regione|provincia,138,2026-07-17
158_150_DF_DCIS_PRIMARIA_2,Insegnanti delle scuole statali,REF_AREA,regione,nazionale|ripartizione|regione,24,2026-07-17
158_151,Scuola secondaria di primo grado,REF_AREA,provincia,nazionale|ripartizione|regione|provincia,138,2026-07-17
158_151_DF_DICIS_SCUOLSEC1_1,"Scuole, classi e alunni",REF_AREA,provincia,nazionale|ripartizione|regione|provincia,138,2026-07-17
158_151_DF_DICIS_SCUOLSEC1_2,Insegnanti delle scuole statali,REF_AREA,regione,nazionale|ripartizione|regione,24,2026-07-17
158_260,Scuola secondaria di secondo grado,REF_AREA,provincia,nazionale|ripartizione|regione|provincia,138,2026-07-17
158_260_DF_DCIS_SCUOLESECOND2_1,"Scuole, classi e studenti",REF_AREA,provincia,nazionale|ripartizione|regione|provincia,138,2026-07-17
158_260_DF_DCIS_SCUOLESECOND2_2,Insegnanti delle scuole statali,REF_AREA,regione,nazionale|ripartizione|regione,24,2026-07-17
159_17,Alunni con disabilità,REF_AREA,regione,nazionale|ripartizione|regione,28,2026-07-17
159_17_DF_DCIS_ALUNNIDIS_1,Alunni con disabilità,REF_AREA,regione,nazionale|ripartizione|regione,28,2026-07-17
159_18,Scuole con alunni con disabilità e figure per l'integrazione,REF_AREA,regione,nazionale|ripartizione|regione,28,2026-07-17
159_18_DF_DCIS_SCUOLEDIS_1,Scuole con alunni con disabilità e figure per l'integrazione,REF_AREA,regione,nazionale|ripartizione|regione,28,2026-07-17
159_19,Scuole con alunni con sordità e presenza comunicatori,REF_AREA,regione,nazionale|ripartizione|regione,28,2026-07-17
159_19_DF_DCIS_SCUOLESORDI_1,Scuole con alunni con sordità e presenza comunicatori,REF_AREA,regione,nazionale|ripartizione|regione,28,2026-07-17
160_233,Enti previdenziali - numero di dipendenti,REF_AREA,provincia,nazionale|ripartizione|regione|provincia,30,2026-07-17
160_233_DF_DCAR_ENTPREVDIP_1,Enti previdenziali - numero di dipendenti,REF_AREA,provincia,nazionale|ripartizione|regione|provincia,30,2026-07-17
160_234,Enti previdenziali - spese (migliaia di euro),REF_AREA,provincia,nazionale|ripartizione|regione|provincia,32,2026-07-17
160_234_DF_DCAR_ENTPREVSPE_1,Enti previdenziali - spese (migliaia di euro),REF_AREA,provincia,nazionale|ripartizione|regione|provincia,32,2026-07-17
160_235,Enti previdenziali - entrate (migliaia di euro),REF_AREA,provincia,nazionale|ripartizione|regione|provincia,32,2026-07-17
160_235_DF_DCAR_ENTPREVENT_1,Enti previdenziali - entrate (migliaia di euro),REF_AREA,provincia,nazionale|ripartizione|regione|provincia,32,2026-07-17
160_753,Enti nazionali di previdenza e assistenza sociale S13 - numero di dipendenti,REF_AREA,provincia,nazionale|ripartizione|regione|provincia,30,2026-07-17
160_753_DF_DCAR_ENTPREVDIP_PA_1,Enti nazionali di previdenza e assistenza sociale S13 - numero di dipendenti,REF_AREA,provincia,nazionale|ripartizione|regione|provincia,30,2026-07-17
160_754,Enti nazionali di previdenza e assistenza sociale S13 - entrate (migliaia di euro),REF_AREA,provincia,nazionale|ripartizione|regione|provincia,32,2026-07-17
160_754_DF_DCAR_ENTPREVENT_PA_1,Enti nazionali di previdenza e assistenza sociale S13 - entrate (migliaia di euro),REF_AREA,provincia,nazionale|ripartizione|regione|provincia,32,2026-07-17
160_755,Enti nazionali di previdenza e assistenza sociale S13 - spese (migliaia di euro),REF_AREA,provincia,nazionale|ripartizione|regione|provincia,32,2026-07-17
160_755_DF_DCAR_ENTPREVSPE_PA_1,Enti nazionali di previdenza e assistenza sociale S13 - spese (migliaia di euro),REF_AREA,provincia,nazionale|ripartizione|regione|provincia,32,2026-07-17
161_267,Risultati economici delle imprese,REF_AREA,nazionale,nazionale,1,2026-08-04
161_267_DF_DCSP_SBSNAZ_1,Risultati economici delle imprese - Principali dati,REF_AREA,nazionale,nazionale,1,2026-08-04
161_267_DF_DCSP_SBSNAZ_10,Fatturato,REF_AREA,nazionale,nazionale,1,2026-07-17
161_267_DF_DCSP_SBSNAZ_11,Costo del lavoro,REF_AREA,nazionale,nazionale,1,2026-07-17
161_267_DF_DCSP_SBSNAZ_12,Margine operativo lordo,REF_AREA,nazionale,nazionale,1,2026-07-17
161_267_DF_DCSP_SBSNAZ_13,Competitività di costo,REF_AREA,nazionale,nazionale,1,2026-07-17
161_267_DF_DCSP_SBSNAZ_14,Numero di addetti e dipendenti,REF_AREA,nazionale,nazionale,1,2026-07-17
161_267_DF_DCSP_SBSNAZ_2,Tutti i settori economici (Ateco 4 cifre),REF_AREA,nazionale,nazionale,1,2026-07-17
161_267_DF_DCSP_SBSNAZ_3,Tutti i settori economici (Ateco 4 cifre) e classe di addetti,REF_AREA,nazionale,nazionale,1,2026-08-04
161_267_DF_DCSP_SBSNAZ_4,Industria (Ateco 3 cifre) e classe di addetti,REF_AREA,nazionale,nazionale,1,2026-08-04
161_267_DF_DCSP_SBSNAZ_5,Commercio e servizi (Ateco 3 cifre) e classe di addetti,REF_AREA,nazionale,nazionale,1,2026-08-04
161_267_DF_DCSP_SBSNAZ_6,Commercio (Ateco 2 cifre) e classe di fatturato,REF_AREA,nazionale,nazionale,1,2026-07-17
161_267_DF_DCSP_SBSNAZ_7,Investimenti per la tutela dell'ambiente,REF_AREA,nazionale,nazionale,1,2026-07-17
161_267_DF_DCSP_SBSNAZ_8,Principali indicatori di performance,REF_AREA,nazionale,nazionale,1,2026-07-17
161_267_DF_DCSP_SBSNAZ_9,Valore aggiunto,REF_AREA,nazionale,nazionale,1,2026-07-17
161_268,Risultati economici delle imprese - reg.,REF_AREA,regione,nazionale|ripartizione|regione,28,2026-07-17
161_268_DF_DCSP_SBSREG_1,Risultati economici delle imprese - reg.,REF_AREA,regione,nazionale|ripartizione|regione,28,2026-07-17
162_1058,Sequenza dei conti trimestrali per settore istituzionale - Conti versione 2014,REF_AREA,nazionale,nazionale,1,2026-07-17
162_1058_DF_DCCN_ISTITUZ_QNA_B14_1,Sequenza dei conti - edizioni ottobre 2014 - giugno 2019,REF_AREA,nazionale,nazionale,1,2026-07-17
162_1058_DF_DCCN_ISTITUZ_QNA_B14_2,Indicatori su famiglie e società non finanziarie - edizioni ottobre 2016 - giugno 2019,REF_AREA,nazionale,nazionale,1,2026-07-17
162_1058_DF_DCCN_ISTITUZ_QNA_B14_3,Aggregati destagionalizzati - edizioni ottobre 2018 - giugno 2019,REF_AREA,nazionale,nazionale,1,2026-07-17
162_1064,Sequenza  dei conti trimestrali per settore istituzionale,REF_AREA,nazionale,nazionale,1,2026-07-17
162_1064_DF_DCCN_ISTITUZ_QNA1_1,Sequenza dei conti,REF_AREA,nazionale,nazionale,1,2026-07-17
162_1064_DF_DCCN_ISTITUZ_QNA1_2,Indicatori su famiglie e società non finanziarie,REF_AREA,nazionale,nazionale,1,2026-07-17
162_1064_DF_DCCN_ISTITUZ_QNA1_3,Aggregati destagionalizzati,REF_AREA,nazionale,nazionale,1,2026-07-17
162_633,Sequenza dei conti trimestrali per settore istituzionale,REF_AREA,nazionale,nazionale,1,2026-07-17
163_1226,Principali aggregati trimestrali di Contabilità Nazionale,REF_AREA,nazionale,nazionale,1,2026-07-17
163_1226_DF_DCCN_QNA1_1,Valore aggiunto per branca di attività,REF_AREA,nazionale,nazionale,1,2026-07-17
163_1226_DF_DCCN_QNA1_2,Investimenti fissi lordi per tipo di investimento,REF_AREA,nazionale,nazionale,1,2026-07-17
163_1226_DF_DCCN_QNA1_3,Spesa per i consumi finali delle famiglie,REF_AREA,nazionale,nazionale,1,2026-07-17
163_1226_DF_DCCN_QNA1_4,Spesa per consumi finali delle famiglie per voce di spesa (Coicop 2018 2 cifre) e durata,REF_AREA,nazionale,nazionale,1,2026-07-17
163_1226_DF_DCCN_QNA1_5,Redditi da lavoro dipendente e componenti per branca di attività,REF_AREA,nazionale,nazionale,1,2026-07-17
163_1226_DF_DCCN_QNA1_6,Costi e margini per branca di attività,REF_AREA,nazionale,nazionale,1,2026-07-17
163_144,Aggregati dei conti per branca di attività (NACE Rev.1.1) - edizione settembre 2011,REF_AREA,nazionale,nazionale,1,2026-07-17
163_156,Conto economico delle risorse e degli impieghi  e contributi alla crescita del Pil,REF_AREA,nazionale,nazionale,1,2026-07-17
163_156_DF_DCCN_SQCQ_1,Conto economico delle risorse e degli impieghi,REF_AREA,nazionale,nazionale,1,2026-07-17
163_156_DF_DCCN_SQCQ_2,Contributi alla crescita del PIL,REF_AREA,nazionale,nazionale,1,2026-07-17
163_156_DF_DCCN_SQCQ_3,Prodotto interno lordo e variazioni (stima preliminare),REF_AREA,nazionale,nazionale,1,2026-07-17
163_184,Prodotto interno lordo e  principali componenti,REF_AREA,nazionale,nazionale,1,2026-07-17
163_184_DF_DCCN_PILQ_1,Prodotto interno lordo e principali componenti,REF_AREA,nazionale,nazionale,1,2026-07-17
163_24,Principali aggregati trimestrali di Contabilità Nazionale - edizioni ottobre 2019 - settembre 2024,REF_AREA,nazionale,nazionale,1,2026-08-04
163_241,Spesa per consumi finali delle famiglie - edizioni fino ad agosto 2014,REF_AREA,nazionale,nazionale,1,2026-07-17
163_246,Costi e margini per branca di attività (NACE Rev.1.1) - edizione settembre 2011,REF_AREA,nazionale,nazionale,1,2026-07-17
163_247,Prodotto interno lordo lato produzione - edizioni fino ad agosto 2014,REF_AREA,nazionale,nazionale,1,2026-07-17
163_24_DF_DCCN_QNA_1,Valore aggiunto per branca di attività - edizioni ottobre 2019 - settembre 2024,REF_AREA,nazionale,nazionale,1,2026-08-18
163_24_DF_DCCN_QNA_2,Investimenti fissi lordi per tipo di investimento - edizioni ottobre 2019 - settembre 2024,REF_AREA,nazionale,nazionale,1,2026-07-17
163_24_DF_DCCN_QNA_3,Spesa per i consumi finali delle famiglie - edizioni ottobre 2019 - settembre 2024,REF_AREA,nazionale,nazionale,1,2026-07-17
163_24_DF_DCCN_QNA_4,Spesa per consumi finali delle famiglie per voce di spesa (Coicop 2 cifre) e durata - edizioni ottobre 2019 - settembre 2024,REF_AREA,nazionale,nazionale,1,2026-07-17
163_24_DF_DCCN_QNA_5,Redditi da lavoro dipendente e componenti per branca di attività - edizioni ottobre 2019 - settembre 2024,REF_AREA,nazionale,nazionale,1,2026-08-04
163_24_DF_DCCN_QNA_6,Costi e margini per branca di attività - edizioni ottobre 2019 - settembre 2024,REF_AREA,nazionale,nazionale,1,2026-07-17
163_250,Investimenti fissi lordi - edizioni fino ad agosto 2014,REF_AREA,nazionale,nazionale,1,2026-07-17
163_253,Conto economico delle risorse e degli impieghi - edizioni fino ad agosto 2014,REF_AREA,nazionale,nazionale,1,2026-07-17
163_257,Occupazione per branca di attività (NACE Rev.1.1) - edizione settembre 2011,REF_AREA,nazionale,nazionale,1,2026-07-17
163_296,Aggregati dei conti per branca di attività (NACE Rev.2) - edizioni dicembre 2011 - agosto 2014,REF_AREA,nazionale,nazionale,1,2026-07-17
163_299,Costi e margini per branca di attività (NACE Rev.2) - edizioni dicembre 2011 - giugno 2014,REF_AREA,nazionale,nazionale,1,2026-07-17
163_300,Occupazione per branca di attività (NACE Rev.2) - edizioni dicembre 2011 - giugno 2014,REF_AREA,nazionale,nazionale,1,2026-07-17
163_88,Occupazione per branca di attività,REF_AREA,nazionale,nazionale,1,2026-07-17
163_88_DF_DCCN_OCCQSEC2010_1,Occupazione per branca di attività,REF_AREA,nazionale,nazionale,1,2026-07-17
163_88_DF_DCCN_OCCQSEC2010_2,Popolazione media del periodo,REF_AREA,nazionale,nazionale,1,2026-07-17
164_164_DF_DCIS_RICPOPRES2011_1,"Italia, regioni, province",REF_AREA,provincia,nazionale|ripartizione|regione|provincia,137,2026-08-04
164_164_DF_DCIS_RICPOPRES2011_10,Friuli-Venezia Giulia,REF_AREA,comune,nazionale|ripartizione|regione|provincia|comune,222,2026-08-04
164_164_DF_DCIS_RICPOPRES2011_11,Emilia-Romagna,REF_AREA,comune,nazionale|ripartizione|regione|provincia|comune,340,2026-08-04
164_164_DF_DCIS_RICPOPRES2011_12,Toscana,REF_AREA,comune,nazionale|ripartizione|regione|provincia|comune,286,2026-08-04
164_164_DF_DCIS_RICPOPRES2011_13,Umbria,REF_AREA,comune,nazionale|ripartizione|regione|provincia|comune,97,2026-08-18
164_164_DF_DCIS_RICPOPRES2011_14,Marche,REF_AREA,comune,nazionale|ripartizione|regione|provincia|comune,236,2026-08-04
164_164_DF_DCIS_RICPOPRES2011_15,Lazio,REF_AREA,comune,nazionale|ripartizione|regione|provincia|comune,386,2026-08-04
164_164_DF_DCIS_RICPOPRES2011_16,Abruzzo,REF_AREA,comune,nazionale|ripartizione|regione|provincia|comune,312,2026-08-04
164_164_DF_DCIS_RICPOPRES2011_17,Molise,REF_AREA,comune,nazionale|ripartizione|regione|provincia|comune,141,2026-08-04
164_164_DF_DCIS_RICPOPRES2011_18,Campania,REF_AREA,comune,nazionale|ripartizione|regione|provincia|comune,558,2026-08-18
164_164_DF_DCIS_RICPOPRES2011_19,Puglia,REF_AREA,comune,nazionale|ripartizione|regione|provincia|comune,266,2026-08-04
164_164_DF_DCIS_RICPOPRES2011_2,Bilancio demografico dal 21 ottobre 2001 al 31 dicembre 2018,REF_AREA,provincia,nazionale|ripartizione|regione|provincia,137,2026-07-17
164_164_DF_DCIS_RICPOPRES2011_20,Basilicata,REF_AREA,comune,nazionale|ripartizione|regione|provincia|comune,136,2026-08-04
164_164_DF_DCIS_RICPOPRES2011_21,Calabria,REF_AREA,comune,nazionale|ripartizione|regione|provincia|comune,412,2026-08-04
164_164_DF_DCIS_RICPOPRES2011_22,Sicilia,REF_AREA,comune,nazionale|ripartizione|regione|provincia|comune,402,2026-08-04
164_164_DF_DCIS_RICPOPRES2011_23,Sardegna,REF_AREA,comune,nazionale|ripartizione|regione|provincia|comune,385,2026-08-04
164_164_DF_DCIS_RICPOPRES2011_24,Tutti i comuni,REF_AREA,comune,nazionale|ripartizione|regione|provincia|comune,11557,2026-07-17
164_164_DF_DCIS_RICPOPRES2011_4,Valle d'Aosta/Vallée d'Aoste,REF_AREA,comune,nazionale|ripartizione|regione|provincia|comune,78,2026-08-04
164_164_DF_DCIS_RICPOPRES2011_5,Liguria,REF_AREA,comune,nazionale|ripartizione|regione|provincia|comune,241,2026-08-04
164_164_DF_DCIS_RICPOPRES2011_7,Provincia Autonoma Bolzano/Bozen,REF_AREA,comune,nazionale|ripartizione|regione|provincia|comune,120,2026-08-04
164_164_DF_DCIS_RICPOPRES2011_8,Provincia Autonoma Trento,REF_AREA,comune,nazionale|ripartizione|regione|provincia|comune,179,2026-08-04
164_164_DF_DCIS_RICPOPRES2011_9,Veneto,REF_AREA,comune,nazionale|ripartizione|regione|provincia|comune,573,2026-08-04
164_279_DF_DCIS_RICPOPRES1991_10,Emilia Romagna,REF_AREA,comune,nazionale|ripartizione|regione|provincia|comune,353,2026-08-04
164_279_DF_DCIS_RICPOPRES1991_23,Tutti i comuni,REF_AREA,comune,nazionale|ripartizione|regione|provincia|comune,11557,2026-07-17
164_305_DF_DCIS_RICPOPRES2001_1,"Italia, regioni, province",REF_AREA,provincia,nazionale|ripartizione|regione|provincia,133,2026-08-04
164_305_DF_DCIS_RICPOPRES2001_10,Emilia Romagna,REF_AREA,comune,nazionale|ripartizione|regione|provincia|comune,353,2026-08-04
164_305_DF_DCIS_RICPOPRES2001_11,Toscana,REF_AREA,comune,nazionale|ripartizione|regione|provincia|comune,300,2026-08-04
164_305_DF_DCIS_RICPOPRES2001_12,Umbria,REF_AREA,comune,nazionale|ripartizione|regione|provincia|comune,97,2026-08-04
164_305_DF_DCIS_RICPOPRES2001_13,Marche,REF_AREA,comune,nazionale|ripartizione|regione|provincia|comune,253,2026-07-17
164_305_DF_DCIS_RICPOPRES2001_14,Lazio,REF_AREA,comune,nazionale|ripartizione|regione|provincia|comune,385,2026-08-04
164_305_DF_DCIS_RICPOPRES2001_15,Abruzzo,REF_AREA,comune,nazionale|ripartizione|regione|provincia|comune,312,2026-08-04
164_305_DF_DCIS_RICPOPRES2001_16,Molise,REF_AREA,comune,nazionale|ripartizione|regione|provincia|comune,141,2026-08-18
164_305_DF_DCIS_RICPOPRES2001_17,Campania,REF_AREA,comune,nazionale|ripartizione|regione|provincia|comune,559,2026-08-18
164_305_DF_DCIS_RICPOPRES2001_18,Puglia,REF_AREA,comune,nazionale|ripartizione|regione|provincia|comune,266,2026-08-04
164_305_DF_DCIS_RICPOPRES2001_19,Basilicata,REF_AREA,comune,nazionale|ripartizione|regione|provincia|comune,136,2026-07-17
164_305_DF_DCIS_RICPOPRES2001_2,Piemonte,REF_AREA,comune,nazionale|ripartizione|regione|provincia|comune,1217,2026-08-04
164_305_DF_DCIS_RICPOPRES2001_20,Calabria,REF_AREA,comune,nazionale|ripartizione|regione|provincia|comune,417,2026-07-17
164_305_DF_DCIS_RICPOPRES2001_21,Sicilia,REF_AREA,comune,nazionale|ripartizione|regione|provincia|comune,402,2026-08-04
164_305_DF_DCIS_RICPOPRES2001_22,Sardegna,REF_AREA,comune,nazionale|ripartizione|regione|provincia|comune,384,2026-08-04
164_305_DF_DCIS_RICPOPRES2001_23,Tutti i comuni,REF_AREA,comune,nazionale|ripartizione|regione|provincia|comune,11557,2026-07-17
164_305_DF_DCIS_RICPOPRES2001_24,Bilancio demografico dal 20 ottobre 1991 al 21 ottobre 2001,REF_AREA,provincia,nazionale|ripartizione|regione|provincia,133,2026-07-17
164_305_DF_DCIS_RICPOPRES2001_3,Valle d'Aosta/Vallée d'Aoste,REF_AREA,comune,nazionale|ripartizione|regione|provincia|comune,78,2026-07-17
164_305_DF_DCIS_RICPOPRES2001_4,Liguria,REF_AREA,comune,nazionale|ripartizione|regione|provincia|comune,242,2026-07-17
164_305_DF_DCIS_RICPOPRES2001_5,Lombardia,REF_AREA,comune,nazionale|ripartizione|regione|provincia|comune,1560,2026-07-17
164_305_DF_DCIS_RICPOPRES2001_6,Provincia Autonoma Bolzano/Bozen,REF_AREA,comune,nazionale|ripartizione|regione|provincia|comune,120,2026-07-17
164_305_DF_DCIS_RICPOPRES2001_7,Provincia Autonoma Trento,REF_AREA,comune,nazionale|ripartizione|regione|provincia|comune,227,2026-08-04
164_305_DF_DCIS_RICPOPRES2001_8,Veneto,REF_AREA,comune,nazionale|ripartizione|regione|provincia|comune,591,2026-08-04
164_305_DF_DCIS_RICPOPRES2001_9,Friuli-Venezia Giulia,REF_AREA,comune,nazionale|ripartizione|regione|provincia|comune,226,2026-08-04
164_346,Popolazione residente ricostruita - Anni 1952-1971,REF_AREA,regione,nazionale|ripartizione|regione,28,2026-08-04
164_346_DF_DCIS_RICPOPRES1971_1,Ricostruzione intercensuaria della popolazione residente - Anni 1952-1971,REF_AREA,regione,nazionale|ripartizione|regione,28,2026-07-17
164_347,Popolazione residente ricostruita - Anni 1972-1981,REF_AREA,regione,nazionale|ripartizione|regione,30,2026-08-04
164_347_DF_DCIS_RICPOPRES1981_1,Ricostruzione intercensuaria della popolazione residente - Anni 1972-1981,REF_AREA,regione,nazionale|ripartizione|regione,30,2026-08-04
165_1167,Previsioni delle famiglie - Anni 2024-2050,REF_AREA,regione,nazionale|ripartizione|regione,30,2026-08-04
165_1167_DF_DCIS_PREVFAM_1,Popolazione residente che vive in famiglia per posizione familiare e classi quinquennali di età - Scenario mediano,REF_AREA,regione,nazionale|ripartizione|regione,30,2026-08-04
165_1167_DF_DCIS_PREVFAM_2,Famiglie e numero medio di componenti familiari per tipologia familiare  - Scenario mediano,REF_AREA,regione,nazionale|ripartizione|regione,30,2026-07-17
165_1245_DF_DCIS_PREVCOM_1,Previsioni comunali: Popolazione residente per sesso e classi quinquennali di età - Scenario mediano,REF_AREA,comune,nazionale|ripartizione|regione|provincia|comune,11557,2026-07-17
165_1245_DF_DCIS_PREVCOM_2,Previsioni comunali: Componenti del bilancio demografico - Scenario mediano,REF_AREA,comune,nazionale|ripartizione|regione|provincia|comune,11557,2026-07-17
165_1245_DF_DCIS_PREVCOM_3,Previsioni comunali: Tassi generici del movimento demografico - Scenario mediano,REF_AREA,comune,nazionale|ripartizione|regione|provincia|comune,11557,2026-07-17
165_1245_DF_DCIS_PREVCOM_4,Previsioni comunali: Principali indicatori strutturali - Scenario mediano,REF_AREA,comune,nazionale|ripartizione|regione|provincia|comune,11557,2026-07-17
165_889,Previsioni della popolazione  - Anni 2024-2080,REF_AREA,regione,nazionale|ripartizione|regione,30,2026-07-17
165_889_DF_DCIS_PREVDEM1_1,Popolazione al 1° gennaio,REF_AREA,comune,nazionale|ripartizione|regione|provincia|comune,12471,2026-07-17
165_889_DF_DCIS_PREVDEM1_2,Componenti del bilancio demografico,REF_AREA,regione,nazionale|ripartizione|regione,30,2026-08-04
165_889_DF_DCIS_PREVDEM1_3,Indicatori demografici,REF_AREA,regione,nazionale|ripartizione|regione,30,2026-08-04
167_33,Nic - mensili dal 2011 al 2015 (base 2010),REF_AREA,provincia,nazionale|ripartizione|regione|provincia,114,2026-08-26
167_33_DF_DCSP_NICUNOBB2010_1,Tipologie di prodotto,REF_AREA,provincia,nazionale|ripartizione|regione|provincia,114,2026-08-18
167_33_DF_DCSP_NICUNOBB2010_2,Classificazione Coicop (3 cifre) - prov.,REF_AREA,provincia,nazionale|ripartizione|regione|provincia,114,2026-08-26
167_33_DF_DCSP_NICUNOBB2010_3,Classificazione Coicop (5 cifre),REF_AREA,nazionale,nazionale,1,2026-08-04
167_34_DF_DCSP_NICDUEB2010_1,Tipologie di prodotto,REF_AREA,provincia,nazionale|ripartizione|regione|provincia,118,2026-08-04
167_34_DF_DCSP_NICDUEB2010_2,Classificazione Ecoicop (3 cifre) - prov.,REF_AREA,provincia,nazionale|ripartizione|regione|provincia,118,2026-08-04
167_34_DF_DCSP_NICDUEB2010_3,Classificazione Ecoicop (5 cifre),REF_AREA,nazionale,nazionale,1,2026-08-04
167_35_DF_DCSP_NICTREB2010_1,Tipologie di prodotto,REF_AREA,regione,nazionale|ripartizione|regione,28,2026-07-17
167_35_DF_DCSP_NICTREB2010_2,Classificazione Coicop (3 cifre) - reg.,REF_AREA,regione,nazionale|ripartizione|regione,28,2026-08-04
167_35_DF_DCSP_NICTREB2010_3,Classificazione Coicop (5 cifre),REF_AREA,nazionale,nazionale,1,2026-08-04
167_742,Nic - medie annue dal 2016 (base 2015),REF_AREA,provincia,nazionale|ripartizione|regione|provincia,132,2026-08-26
167_742_DF_DCSP_NIC2B2015_1,Prezzi al consumo per l’intera collettività (Nic) - medie annue dal 2016 (base 2015) - Principali dati,REF_AREA,provincia,nazionale|ripartizione|regione|provincia,132,2026-08-26
167_742_DF_DCSP_NIC2B2015_2,Tipologie di prodotto,REF_AREA,provincia,nazionale|ripartizione|regione|provincia,132,2026-08-26
167_742_DF_DCSP_NIC2B2015_3,Classificazione Ecoicop (3 cifre) - prov.,REF_AREA,provincia,nazionale|ripartizione|regione|provincia,132,2026-08-04
167_742_DF_DCSP_NIC2B2015_4,Classificazione Ecoicop (5 cifre),REF_AREA,nazionale,nazionale,1,2026-08-18
167_743,Nic - pesi dal 2016,REF_AREA,regione,nazionale|ripartizione|regione,28,2026-08-18
167_743_DF_DCSP_DCSP_NIC3EC2_3,Classificazione ECOICOP vers.2 (6 cifre),REF_AREA,regione,nazionale|ripartizione|regione,28,2026-08-18
167_743_DF_DCSP_NIC3B2015_1,Prezzi al consumo per l’intera collettività (Nic) - pesi dal 2016 - Principali dati,REF_AREA,regione,nazionale|ripartizione|regione,28,2026-07-17
167_743_DF_DCSP_NIC3B2015_2,Tipologie di prodotto,REF_AREA,nazionale,nazionale,1,2026-07-17
167_743_DF_DCSP_NIC3B2015_3,Classificazione Ecoicop (5 cifre),REF_AREA,nazionale,nazionale,1,2026-07-17
167_744,Nic - mensili dal 2016 (base 2015),REF_AREA,provincia,nazionale|ripartizione|regione|provincia,132,2026-08-04
167_744_DF_DCSP_NIC1B2015_1,Prezzi al consumo per l’intera collettività (Nic) - mensili dal 2016 (base 2015) - Principali dati,REF_AREA,provincia,nazionale|ripartizione|regione|provincia,132,2026-07-17
167_744_DF_DCSP_NIC1B2015_2,Tipologie di prodotto,REF_AREA,provincia,nazionale|ripartizione|regione|provincia,132,2026-08-04
167_744_DF_DCSP_NIC1B2015_3,Classificazione Ecoicop (3 cifre) - prov.,REF_AREA,provincia,nazionale|ripartizione|regione|provincia,132,2026-08-04
167_744_DF_DCSP_NIC1B2015_4,Classificazione Ecoicop (5 cifre),REF_AREA,nazionale,nazionale,1,2026-08-04
167_745,Nic - mensili dal 2026 (base 2025),REF_AREA,provincia,nazionale|ripartizione|regione|provincia,124,2026-08-18
167_745_DF_DCSP_NIC1B2025_1,Prezzi al consumo per l’intera collettività (Nic) - mensili dal 2026 (base 2025) - Principali dati,REF_AREA,provincia,nazionale|ripartizione|regione|provincia,108,2026-07-17
167_745_DF_DCSP_NIC1B2025_2,Tipologie di prodotto,REF_AREA,regione,nazionale|ripartizione|regione,4,2026-07-17
167_745_DF_DCSP_NIC1B2025_3,Classificazione Ecoicop 2 (3 cifre) - prov.,REF_AREA,provincia,nazionale|ripartizione|regione|provincia,108,2026-07-17
167_745_DF_DCSP_NIC1B2025_4,Classificazione Ecoicop 2 (5 cifre),REF_AREA,provincia,nazionale|ripartizione|regione|provincia,124,2026-07-17
167_745_DF_DCSP_NIC1B2025_5,"Prezzi al consumo per l’intera collettività (Nic) - mensili dal 1996 al 2025 (basi 1995, 2010, 2015) - Ecoicop 2",REF_AREA,regione,nazionale|ripartizione|regione,28,2026-07-17
167_745_DF_DCSP_NIC1B2025_6,Prezzi al consumo per l’intera collettività (Nic) - mensili - tutte le basi - Ecoicop 2,REF_AREA,provincia,nazionale|ripartizione|regione|provincia,124,2026-07-17
167_746,Nic – pesi dal 2026 - Ecoicop 2,REF_AREA,regione,nazionale|ripartizione|regione,28,2026-07-17
167_746_DF_DCSP_NIC3EC2_1,Prezzi al consumo per l’intera collettività (Nic) - Principali dati,REF_AREA,regione,nazionale|ripartizione|regione,28,2026-07-17
167_746_DF_DCSP_NIC3EC2_2,Tipologie di prodotto,REF_AREA,regione,nazionale|ripartizione|regione,28,2026-07-17
167_747,Nic - medie annue dal 2026 (base  2025) - Ecoicop 2,REF_AREA,regione,nazionale|ripartizione|regione,28,2026-07-17
167_747_DCSP_NIC2B2025_1,"Prezzi al consumo per l’intera collettività (Nic) - medie annue dal 1996 al 2025 (basi 1995, 2010, 2015) - Ecoicop 2",REF_AREA,regione,nazionale|ripartizione|regione,28,2026-07-17
168_2,Ipca - mensili e trimestrali dal 2001 al 2015 (base 2005),REF_AREA,nazionale,nazionale,1,2026-07-17
168_261_DF_DCSP_IPCATC2_1,Ipca - medie annue a tassazione costante (base 2005),REF_AREA,nazionale,nazionale,1,2026-07-17
168_2_DF_DCSP_IPCA1_1,Classificazione Coicop (4 cifre),REF_AREA,nazionale,nazionale,1,2026-07-17
168_2_DF_DCSP_IPCA1_2,Aggregati speciali,REF_AREA,nazionale,nazionale,1,2026-07-17
168_2_DF_DCSP_IPCA1_3,Mensili per classi di spesa (base 2005),REF_AREA,nazionale,nazionale,1,2026-07-17
168_2_DF_DCSP_IPCA1_4,Trimestrali per classi di spesa (base 2005),REF_AREA,nazionale,nazionale,1,2026-07-17
168_306_DF_DCSP_IPCATC1_1,Ipca - mensili a tassazione costante (base 2005),REF_AREA,nazionale,nazionale,1,2026-07-17
168_307,Ipca - mensili a tassazione costante (base 2025),REF_AREA,nazionale,nazionale,1,2026-07-17
168_307_DF_DCSP_IPCATC1B2025_1,Ipca a tassazione costante mensili dal 2006 (base 2025),REF_AREA,nazionale,nazionale,1,2026-07-17
168_5_DF_DCSP_IPCA2_1,Classificazione Coicop (4 cifre),REF_AREA,nazionale,nazionale,1,2026-07-17
168_5_DF_DCSP_IPCA2_2,Aggregati speciali,REF_AREA,nazionale,nazionale,1,2026-07-17
168_5_DF_DCSP_IPCA2_3,Medie annue per classi di spesa (base 2005),REF_AREA,nazionale,nazionale,1,2026-07-17
168_6,Ipca - pesi dal 2001,REF_AREA,nazionale,nazionale,1,2026-07-17
168_6_DF_DCSP_IPCA3_1,Classificazione Ecoicop (4 cifre),REF_AREA,nazionale,nazionale,1,2026-07-17
168_6_DF_DCSP_IPCA3_2,Aggregati speciali,REF_AREA,nazionale,nazionale,1,2026-07-17
168_6_DF_DCSP_IPCA3_3,Classi di spesa (dal 2005),REF_AREA,nazionale,nazionale,1,2026-07-17
168_7,Ipca - pesi dal 1996 - Ecoicop 2,REF_AREA,nazionale,nazionale,1,2026-07-17
168_756,Ipca - mensili a tassazione costante (base 2015),REF_AREA,nazionale,nazionale,1,2026-07-17
168_756_DF_DCSP_IPCATC1B2015_1,Ipca - mensili a tassazione costante (base 2015),REF_AREA,nazionale,nazionale,1,2026-07-17
168_757,Ipca - medie annue a tassazione costante (base 2015),REF_AREA,nazionale,nazionale,1,2026-07-17
168_757_DF_DCSP_IPCATC2B2015_1,Ipca - medie annue a tassazione costante (base 2015),REF_AREA,nazionale,nazionale,1,2026-07-17
168_758,Ipca - medie annue dal 2001 (base 2015),REF_AREA,nazionale,nazionale,1,2026-07-17
168_758_DF_DCSP_IPCA2B2015_1,Classificazione Ecoicop (4 cifre),REF_AREA,nazionale,nazionale,1,2026-07-17
168_758_DF_DCSP_IPCA2B2015_2,Aggregati speciali (5 cifre),REF_AREA,nazionale,nazionale,1,2026-07-17
168_758_DF_DCSP_IPCA2B2015_3,Classi di spesa (dal 2005),REF_AREA,nazionale,nazionale,1,2026-07-17
168_760,Ipca - mensili dal 2001 (base 2015),REF_AREA,nazionale,nazionale,1,2026-07-17
168_760_DF_DCSP_IPCA1B2015_1,Classificazione Ecoicop (4 cifre),REF_AREA,nazionale,nazionale,1,2026-07-17
168_760_DF_DCSP_IPCA1B2015_2,Aggregati speciali (5 cifre),REF_AREA,nazionale,nazionale,1,2026-07-17
168_760_DF_DCSP_IPCA1B2015_3,Classi di spesa,REF_AREA,nazionale,nazionale,1,2026-07-17
168_761,Ipca - mensili dal 1996 (base 2025),REF_AREA,nazionale,nazionale,1,2026-07-17
168_761_DF_DCSP_IPCA1B2025_1,Ecoicop 2 classificazione (4 cifre),REF_AREA,nazionale,nazionale,1,2026-07-17
168_761_DF_DCSP_IPCA1B2025_2,Aggregati speciali (5 cifre),REF_AREA,nazionale,nazionale,1,2026-07-17
168_761_DF_DCSP_IPCA1B2025_3,Ipca trimestrali - classi di spesa (dal 2005),REF_AREA,nazionale,nazionale,1,2026-07-18
168_762,Ipca - medie annue dal 1996 (base 2025) - Ecoicop 2,REF_AREA,nazionale,nazionale,1,2026-07-17
168_762_DF_DCSP_IPCA2B2025_1,Ipca - medie annue dal 1996 (base 2025) - Ecoicop 2,REF_AREA,nazionale,nazionale,1,2026-07-17
168_762_DF_DCSP_IPCA2B2025_2,Ipca medie annue - classi di spesa (dal 2005),REF_AREA,nazionale,nazionale,1,2026-07-24
168_7_DF_DCSP_IPCA3EC2_1,Ipca – Classificazione ECOICOP vers.2 (4 cifre),REF_AREA,nazionale,nazionale,1,2026-07-17
168_7_DF_DCSP_IPCA3EC2_2,Ipca – Aggregati speciali,REF_AREA,nazionale,nazionale,1,2026-07-17
168_7_DF_DCSP_IPCA3EC2_3,Ipca pesi- classi di spesa (dal 2005),REF_AREA,nazionale,nazionale,1,2026-07-18
169_15_DF_DCSP_FOI1B2010_1,Foi - mensili dal 2011 al 2015 (base 2010),REF_AREA,provincia,nazionale|ripartizione|regione|provincia,112,2026-07-17
169_28_DF_DCSP_FOI2B2010_1,Foi - medie annue dal 2011 al 2015 (base 2010),REF_AREA,provincia,nazionale|ripartizione|regione|provincia,112,2026-07-17
169_30_DF_DCSP_FOI3B2010_1,Foi – pesi dal 2011 al 2015,REF_AREA,nazionale,nazionale,1,2026-07-17
169_745,Foi - mensili dal 2016 (base 2015),REF_AREA,provincia,nazionale|ripartizione|regione|provincia,126,2026-07-17
169_745_DF_DCSP_FOI1B2015_1,Foi - mensili dal 2016 (base 2015),REF_AREA,provincia,nazionale|ripartizione|regione|provincia,126,2026-07-17
169_746,Foi - medie annue dal 2016 (base 2015),REF_AREA,provincia,nazionale|ripartizione|regione|provincia,131,2026-07-17
169_746_DF_DCSP_FOI2B2015_1,Foi - medie annue dal 2016 (base 2015),REF_AREA,provincia,nazionale|ripartizione|regione|provincia,131,2026-07-17
169_747,Foi - pesi dal 2016,REF_AREA,nazionale,nazionale,1,2026-07-17
169_747_DF_DCSP_FOI3B2015_1,Foi - pesi dal 2016,REF_AREA,nazionale,nazionale,1,2026-07-17
169_748,Foi - mensili dal 2026 (base 2025),REF_AREA,provincia,nazionale|ripartizione|regione|provincia,123,2026-07-17
169_748_DF_DCSP_FOI1B2025_1,Foi - mensili dal 2026 (base 2025) - Ecoicop 2,REF_AREA,provincia,nazionale|ripartizione|regione|provincia,123,2026-07-17
169_748_DF_DCSP_FOI1B2025_2,"Foi - mensili dal 1996 al 2025 (basi 1995, 2010, 2015) - Ecoicop 2",REF_AREA,nazionale,nazionale,1,2026-07-17
169_749,Foi - pesi dal 1996 - Ecoicop 2,REF_AREA,nazionale,nazionale,1,2026-07-17
169_749_DF_DCSP_FOI3EC2_1,Foi - pesi dal 1996 - Ecoicop 2,REF_AREA,nazionale,nazionale,1,2026-07-17
169_750,Foi - medie annue dal 2026 (base 2025) -  Ecoicop 2,REF_AREA,nazionale,nazionale,1,2026-07-17
169_750_DF_DCSP_FOI2B2025_1,"Foi - medie annue dal 1996 al 2025 (basi 1995, 2010, 2015) - Ecoicop 2",REF_AREA,nazionale,nazionale,1,2026-07-17
172_1197,Indicatori  complementari - regolamento precedente (fino al 2020),REF_AREA,provincia,nazionale|ripartizione|regione|provincia,139,2026-07-17
172_1197_DF_DCCV_COMPL1_UNT2020_1,"Forze lavoro potenziali - titolo di studio, età",REF_AREA,regione,nazionale|ripartizione|regione,6,2026-07-17
172_1197_DF_DCCV_COMPL1_UNT2020_10,"Non cercano ma disponibili - titolo di studio, cittadinanza",REF_AREA,regione,nazionale|ripartizione|regione,6,2026-07-17
172_1197_DF_DCCV_COMPL1_UNT2020_11,Non cercano ma disponibili - motivo principale della mancata ricerca,REF_AREA,regione,nazionale|ripartizione|regione,6,2026-07-17
172_1197_DF_DCCV_COMPL1_UNT2020_12,"Non cercano ma disponibili - cittadinanza, condizione dichiarata",REF_AREA,regione,nazionale|ripartizione|regione,6,2026-07-17
172_1197_DF_DCCV_COMPL1_UNT2020_13,Non cercano ma disponibili - reg.,REF_AREA,regione,nazionale|ripartizione|regione,30,2026-07-17
172_1197_DF_DCCV_COMPL1_UNT2020_14,Non cercano ma disponibili (%) - età,REF_AREA,regione,nazionale|ripartizione|regione,6,2026-07-17
172_1197_DF_DCCV_COMPL1_UNT2020_15,"Non cercano ma disponibili (%) - titolo di studio, cittadinanza",REF_AREA,regione,nazionale|ripartizione|regione,6,2026-07-17
172_1197_DF_DCCV_COMPL1_UNT2020_16,Non cercano ma disponibili (%) - reg.,REF_AREA,regione,nazionale|ripartizione|regione,30,2026-07-17
172_1197_DF_DCCV_COMPL1_UNT2020_17,Cercano lavoro ma non immediatamente disponibili - sesso,REF_AREA,regione,nazionale|ripartizione|regione,6,2026-07-17
172_1197_DF_DCCV_COMPL1_UNT2020_18,Cercano lavoro ma non immediatamente disponibili - età,REF_AREA,nazionale,nazionale,1,2026-07-17
172_1197_DF_DCCV_COMPL1_UNT2020_19,Cercano lavoro ma non immediatamente disponibili - titolo di studio,REF_AREA,nazionale,nazionale,1,2026-07-17
172_1197_DF_DCCV_COMPL1_UNT2020_2,"Forze lavoro potenziali - cittadinanza, condizione dichiarata",REF_AREA,regione,nazionale|ripartizione|regione,6,2026-07-17
172_1197_DF_DCCV_COMPL1_UNT2020_20,Cercano lavoro ma non immediatamente disponibili - cittadinanza,REF_AREA,nazionale,nazionale,1,2026-07-17
172_1197_DF_DCCV_COMPL1_UNT2020_21,Cercano lavoro ma non immediatamente disponibili (%) - sesso,REF_AREA,regione,nazionale|ripartizione|regione,6,2026-07-17
172_1197_DF_DCCV_COMPL1_UNT2020_22,Cercano lavoro ma non immediatamente disponibili (%) - età,REF_AREA,nazionale,nazionale,1,2026-07-17
172_1197_DF_DCCV_COMPL1_UNT2020_23,Cercano lavoro ma non immediatamente disponibili (%) - titolo di studio,REF_AREA,nazionale,nazionale,1,2026-07-17
172_1197_DF_DCCV_COMPL1_UNT2020_24,Cercano lavoro ma non immediatamente disponibili (%) - cittadinanza,REF_AREA,nazionale,nazionale,1,2026-07-17
172_1197_DF_DCCV_COMPL1_UNT2020_25,Sottoccupati e part time involontario - età,REF_AREA,regione,nazionale|ripartizione|regione,6,2026-07-17
172_1197_DF_DCCV_COMPL1_UNT2020_26,"Sottoccupati e part time involontario - titolo di studio, cittadinanza",REF_AREA,nazionale,nazionale,1,2026-07-17
172_1197_DF_DCCV_COMPL1_UNT2020_27,"Sottoccupati e part time involontario - posizione professionale, settore economico di impiego (Ateco 2007)",REF_AREA,regione,nazionale|ripartizione|regione,6,2026-07-17
172_1197_DF_DCCV_COMPL1_UNT2020_28,"Sottoccupati e part time involontario - posizione professionale, settore economico di impiego (Ateco 2002)",REF_AREA,regione,nazionale|ripartizione|regione,6,2026-07-17
172_1197_DF_DCCV_COMPL1_UNT2020_29,Sottoccupati e part time involontario (%) - età,REF_AREA,regione,nazionale|ripartizione|regione,6,2026-07-17
172_1197_DF_DCCV_COMPL1_UNT2020_3,Forze lavoro potenziali - reg.,REF_AREA,regione,nazionale|ripartizione|regione,30,2026-07-17
172_1197_DF_DCCV_COMPL1_UNT2020_30,"Sottoccupati e part time involontario (%) - titolo di studio, cittadinanza",REF_AREA,nazionale,nazionale,1,2026-07-17
172_1197_DF_DCCV_COMPL1_UNT2020_31,"Sottoccupati e part time involontario (%) - posizione professionale, settore economico di impiego (Ateco 2007)",REF_AREA,regione,nazionale|ripartizione|regione,6,2026-07-17
172_1197_DF_DCCV_COMPL1_UNT2020_32,"Sottoccupati e part time involontario (%) - posizione professionale, settore economico di impiego (Ateco 2002)",REF_AREA,regione,nazionale|ripartizione|regione,6,2026-07-17
172_1197_DF_DCCV_COMPL1_UNT2020_33,"Tasso di mancata partecipazione - titolo di studio, età",REF_AREA,regione,nazionale|ripartizione|regione,6,2026-07-17
172_1197_DF_DCCV_COMPL1_UNT2020_34,"Tasso di mancata partecipazione - titolo di studio, cittadinanza",REF_AREA,regione,nazionale|ripartizione|regione,6,2026-07-17
172_1197_DF_DCCV_COMPL1_UNT2020_35,"Tasso di mancata partecipazione - età, reg.",REF_AREA,regione,nazionale|ripartizione|regione,30,2026-08-04
172_1197_DF_DCCV_COMPL1_UNT2020_36,"Tasso di mancata partecipazione - titolo di studio, reg.",REF_AREA,regione,nazionale|ripartizione|regione,30,2026-07-17
172_1197_DF_DCCV_COMPL1_UNT2020_37,Tasso di mancata partecipazione - prov.,REF_AREA,provincia,nazionale|ripartizione|regione|provincia,139,2026-07-17
172_1197_DF_DCCV_COMPL1_UNT2020_4,Forze lavoro potenziali - prov.,REF_AREA,provincia,nazionale|ripartizione|regione|provincia,139,2026-07-17
172_1197_DF_DCCV_COMPL1_UNT2020_5,"Forze lavoro potenziali (%) - titolo di studio, età",REF_AREA,regione,nazionale|ripartizione|regione,6,2026-07-17
172_1197_DF_DCCV_COMPL1_UNT2020_6,Forze lavoro potenziali (%) - cittadinanza,REF_AREA,regione,nazionale|ripartizione|regione,6,2026-07-17
172_1197_DF_DCCV_COMPL1_UNT2020_7,Forze lavoro potenziali (%) - reg.,REF_AREA,regione,nazionale|ripartizione|regione,30,2026-07-17
172_1197_DF_DCCV_COMPL1_UNT2020_8,Forze lavoro potenziali (%) - prov.,REF_AREA,provincia,nazionale|ripartizione|regione|provincia,139,2026-07-17
172_1197_DF_DCCV_COMPL1_UNT2020_9,Non cercano ma disponibili - età,REF_AREA,regione,nazionale|ripartizione|regione,6,2026-07-17
172_1198,NEET  (giovani non occupati e non in istruzione e formazione) - regolamento precedente (fino al 2020),REF_AREA,regione,nazionale|ripartizione|regione,30,2026-07-17
172_1198_DF_DCCV_NEET1_UNT2020_1,"Condizione professionale europea, età",REF_AREA,regione,nazionale|ripartizione|regione,6,2026-07-17
172_1198_DF_DCCV_NEET1_UNT2020_10,Ruolo in famiglia (%),REF_AREA,regione,nazionale|ripartizione|regione,6,2026-07-17
172_1198_DF_DCCV_NEET1_UNT2020_11,Dati regionali (%),REF_AREA,regione,nazionale|ripartizione|regione,30,2026-07-17
172_1198_DF_DCCV_NEET1_UNT2020_12,"Condizione professionale, età",REF_AREA,regione,nazionale|ripartizione|regione,6,2026-07-17
172_1198_DF_DCCV_NEET1_UNT2020_13,"Condizione professionale, titolo di studio",REF_AREA,regione,nazionale|ripartizione|regione,6,2026-07-17
172_1198_DF_DCCV_NEET1_UNT2020_14,"Condizione professionale, cittadinanza",REF_AREA,regione,nazionale|ripartizione|regione,6,2026-07-17
172_1198_DF_DCCV_NEET1_UNT2020_15,"Condizione professionale, ruolo in famiglia",REF_AREA,nazionale,nazionale,1,2026-07-17
172_1198_DF_DCCV_NEET1_UNT2020_2,"Condizione professionale europea, titolo di studio",REF_AREA,regione,nazionale|ripartizione|regione,6,2026-07-17
172_1198_DF_DCCV_NEET1_UNT2020_3,"Condizione professionale europea, cittadinanza",REF_AREA,regione,nazionale|ripartizione|regione,6,2026-07-17
172_1198_DF_DCCV_NEET1_UNT2020_4,"Condizione professionale europea, ruolo in famiglia",REF_AREA,nazionale,nazionale,1,2026-07-17
172_1198_DF_DCCV_NEET1_UNT2020_5,"Cittadinanza, ruolo in famiglia",REF_AREA,regione,nazionale|ripartizione|regione,6,2026-07-17
172_1198_DF_DCCV_NEET1_UNT2020_6,Dati regionali,REF_AREA,regione,nazionale|ripartizione|regione,30,2026-07-17
172_1198_DF_DCCV_NEET1_UNT2020_7,Età (%),REF_AREA,regione,nazionale|ripartizione|regione,6,2026-07-17
172_1198_DF_DCCV_NEET1_UNT2020_8,Titolo di studio (%),REF_AREA,regione,nazionale|ripartizione|regione,6,2026-07-17
172_1198_DF_DCCV_NEET1_UNT2020_9,Cittadinanza (%),REF_AREA,regione,nazionale|ripartizione|regione,6,2026-07-17
172_931,NEET  (giovani non occupati e non in istruzione e formazione),REF_AREA,regione,nazionale|ripartizione|regione,30,2026-07-17
172_931_DF_DCCV_NEET1_1,"NEET (giovani non occupati e non in istruzione e formazione)- Condizione professionale europea, età",REF_AREA,regione,nazionale|ripartizione|regione,6,2026-07-17
172_931_DF_DCCV_NEET1_10,Incidenza dei giovani Neet - Ruolo in famiglia (%),REF_AREA,regione,nazionale|ripartizione|regione,6,2026-07-17
172_931_DF_DCCV_NEET1_11,Incidenza dei giovani Neet - Dati regionali (%),REF_AREA,regione,nazionale|ripartizione|regione,30,2026-07-17
172_931_DF_DCCV_NEET1_2,"NEET (giovani non occupati e non in istruzione e formazione) - Condizione professionale europea, titolo di studio",REF_AREA,regione,nazionale|ripartizione|regione,6,2026-07-17
172_931_DF_DCCV_NEET1_3,"NEET  (giovani non occupati e non in istruzione e formazione)- Condizione professionele europea, cittadinanza",REF_AREA,regione,nazionale|ripartizione|regione,6,2026-07-17
172_931_DF_DCCV_NEET1_4,"NEET  (giovani non occupati e non in istruzione e formazione) - Condizione professionale europea, ruolo in famiglia",REF_AREA,nazionale,nazionale,1,2026-07-17
172_931_DF_DCCV_NEET1_5,"NEET  (giovani non occupati e non in istruzione e formazione) - Cittadinanza, ruolo in famiglia",REF_AREA,regione,nazionale|ripartizione|regione,6,2026-07-17
172_931_DF_DCCV_NEET1_6,NEET  (giovani non occupati e non in istruzione e formazione) - Dati regionali,REF_AREA,regione,nazionale|ripartizione|regione,30,2026-07-17
172_931_DF_DCCV_NEET1_7,Incidenza dei giovani Neet - Età (%),REF_AREA,regione,nazionale|ripartizione|regione,6,2026-07-17
172_931_DF_DCCV_NEET1_8,Incidenza dei giovani Neet - Titolo di studio (%),REF_AREA,regione,nazionale|ripartizione|regione,6,2026-07-17
172_931_DF_DCCV_NEET1_9,Incidenza dei giovani Neet - Cittadinanza (%),REF_AREA,regione,nazionale|ripartizione|regione,6,2026-07-17
172_931_DF_DCCV_NEET1_YOUTH_1,Giovani - NEET Giovani non occupati e non in istruzione e formazione,REF_AREA,regione,nazionale|ripartizione|regione,30,2026-07-17
174_321,Attività quotidiane,REF_AREA,regione,nazionale|ripartizione|regione,34,2026-08-04
174_321_DF_DCCV_ATTPRINC_11,"Attività - sesso, rip. e tipo di comune",REF_AREA,ripartizione,nazionale|ripartizione,12,2026-08-04
174_321_DF_DCCV_ATTPRINC_14,"Punti orari - sesso, età, rip. tipo di comune",REF_AREA,ripartizione,nazionale|ripartizione,12,2026-08-04
174_321_DF_DCCV_ATTPRINC_5,"Sesso, età - reg. e tipo di comune",REF_AREA,regione,nazionale|ripartizione|regione,34,2026-08-04
174_321_DF_DCCV_ATTPRINC_7,"Bambini, sesso, condizione lavorativa dei genitori - rip. e tipo di comune",REF_AREA,ripartizione,nazionale|ripartizione,12,2026-08-04
174_65,Distribuzione del carico di lavoro nelle coppie,REF_AREA,regione,nazionale|ripartizione|regione,28,2026-08-04
174_65_DF_DCCV_ASIMMETRIA_4,"Coppia con o senza figli, età della donna e condizione lavorativa della coppia - reg.",REF_AREA,regione,nazionale|ripartizione|regione,28,2026-07-17
174_65_DF_DCCV_ASIMMETRIA_6,Coppia con donna di 65 anni e più - reg.,REF_AREA,regione,nazionale|ripartizione|regione,28,2026-07-17
174_66,Tempo trascorso da solo o con altri,REF_AREA,ripartizione,nazionale|ripartizione,12,2026-08-04
174_66_DF_DCCV_CONCHI_5,"Sesso, età - rip. e tipo di comune",REF_AREA,ripartizione,nazionale|ripartizione,12,2026-08-04
174_66_DF_DCCV_CONCHI_7,"Bambini, sesso, condizione lavorativa dei genitori - rip. e tipo di comune",REF_AREA,ripartizione,nazionale|ripartizione,12,2026-08-04
174_80,Attività quotidiane - persone in coppia,REF_AREA,regione,nazionale|ripartizione|regione,26,2026-08-04
174_80_DF_DCCV_COPPIE_4,"Coppia con o senza figli, età della donna e condizione lavorativa della coppia - rip.",REF_AREA,ripartizione,nazionale|ripartizione,6,2026-08-04
174_80_DF_DCCV_COPPIE_5,"Coppia con o senza figli con donna di 25-64 anni, condizione lavorativa della coppia - reg.",REF_AREA,regione,nazionale|ripartizione|regione,26,2026-08-04
174_80_DF_DCCV_COPPIE_7,Coppia con donna di 65 anni e più - reg.,REF_AREA,regione,nazionale|ripartizione|regione,26,2026-08-04
174_82_DF_DCCV_LUOGHI_10,"Punti orari - sesso, età - rip. tipo di comune",REF_AREA,ripartizione,nazionale|ripartizione,12,2026-08-04
174_82_DF_DCCV_LUOGHI_5,"Sesso, età - reg. tipo di comune",REF_AREA,regione,nazionale|ripartizione|regione,34,2026-08-18
174_82_DF_DCCV_LUOGHI_7,"Bambini, sesso, condizione lavorativa dei genitori - rip. e tipo di comune",REF_AREA,ripartizione,nazionale|ripartizione,12,2026-08-05
183_1163_DF_DICA_ASIAULP_TERRIFDATA_1,Unità locali e addetti - Territorio anno riferimento dati - Principali dati,REF_AREA,nazionale,nazionale,11,2026-07-17
183_1163_DF_DICA_ASIAULP_TERRIFDATA_2,Settori economici (Ateco 5 cifre) - tipo e ampiezza demografica dei comuni e prov.,REF_AREA,provincia,nazionale|ripartizione|regione|provincia,236,2026-07-17
183_1163_DF_DICA_ASIAULP_TERRIFDATA_3,Settori economici (Ateco 3 cifre) - com.,REF_AREA,comune,nazionale|ripartizione|regione|provincia|comune,12471,2026-07-17
183_1163_DF_DICA_ASIAULP_TERRIFDATA_4,"Classe di addetti, settori economici (Ateco 5 cifre) - Italia",REF_AREA,nazionale,nazionale,1,2026-08-05
183_1163_DF_DICA_ASIAULP_TERRIFDATA_5,"Classe di addetti, settori economici (Ateco 4 cifre) - rip.",REF_AREA,comune,nazionale|ripartizione|regione|provincia|comune,9257,2026-08-18
183_1163_DF_DICA_ASIAULP_TERRIFDATA_6,"Classe di addetti, settori economici (Ateco 3 cifre) - prov.",REF_AREA,provincia,nazionale|ripartizione|regione|provincia,139,2026-07-17
183_1163_DF_DICA_ASIAULP_TERRIFDATA_7,"Classe di addetti, settori economici (Ateco 2 cifre) - com.",REF_AREA,comune,nazionale|ripartizione|regione|provincia|comune,12471,2026-07-17
183_203_DF_DICA_ACDP_1,Imprese - occupati - Principali dati,REF_AREA,ripartizione,nazionale|ripartizione,6,2026-08-05
183_203_DF_DICA_ACDP_10,"Settori economici (Ateco 3 cifre), età",REF_AREA,regione,nazionale|ripartizione|regione,28,2026-08-18
183_203_DF_DICA_ACDP_11,"Settori economici (Ateco 3 cifre), paese di nascita",REF_AREA,regione,nazionale|ripartizione|regione,28,2026-08-18
183_203_DF_DICA_ACDP_12,"Sesso, classe di addetti",REF_AREA,provincia,nazionale|ripartizione|regione|provincia,139,2026-08-05
183_203_DF_DICA_ACDP_13,"Sesso, forma giuridica",REF_AREA,provincia,nazionale|ripartizione|regione|provincia,139,2026-08-05
183_203_DF_DICA_ACDP_14,"Sesso, età impresa",REF_AREA,provincia,nazionale|ripartizione|regione|provincia,139,2026-08-05
183_203_DF_DICA_ACDP_15,"Età, classe di addetti",REF_AREA,provincia,nazionale|ripartizione|regione|provincia,139,2026-08-05
183_203_DF_DICA_ACDP_16,"Età, forma giuridica",REF_AREA,provincia,nazionale|ripartizione|regione|provincia,139,2026-08-05
183_203_DF_DICA_ACDP_17,"Età, età impresa",REF_AREA,provincia,nazionale|ripartizione|regione|provincia,139,2026-08-05
183_203_DF_DICA_ACDP_18,"Paese nascita, classe di addetti",REF_AREA,provincia,nazionale|ripartizione|regione|provincia,139,2026-08-05
183_203_DF_DICA_ACDP_19,"Paese nascita, forma giuridica",REF_AREA,provincia,nazionale|ripartizione|regione|provincia,139,2026-08-05
183_203_DF_DICA_ACDP_2,"Macrosettori economici, classe di addetti",REF_AREA,nazionale,nazionale,1,2026-08-05
183_203_DF_DICA_ACDP_20,"Paese nascita, età impresa",REF_AREA,provincia,nazionale|ripartizione|regione|provincia,139,2026-08-05
183_203_DF_DICA_ACDP_3,"Macrosettori economici, forma giuridica",REF_AREA,nazionale,nazionale,1,2026-08-18
183_203_DF_DICA_ACDP_4,"Macrosettori economici, età impresa",REF_AREA,nazionale,nazionale,1,2026-08-18
183_203_DF_DICA_ACDP_5,Settori economici (Ateco 2 cifre),REF_AREA,nazionale,nazionale,1,2026-08-18
183_203_DF_DICA_ACDP_6,Classe di addetti - rip.,REF_AREA,ripartizione,nazionale|ripartizione,6,2026-08-18
183_203_DF_DICA_ACDP_7,Forma giuridica - rip.,REF_AREA,ripartizione,nazionale|ripartizione,6,2026-08-18
183_203_DF_DICA_ACDP_8,Età impresa - rip.,REF_AREA,ripartizione,nazionale|ripartizione,6,2026-08-18
183_203_DF_DICA_ACDP_9,"Settori economici (Ateco 3 cifre), sesso",REF_AREA,regione,nazionale|ripartizione|regione,28,2026-08-18
183_207,Imprese - lavoratori esterni per compensi percepiti e periodo di attività,REF_AREA,provincia,nazionale|ripartizione|regione|provincia,139,2026-08-18
183_207_DF_DICA_AESTCP_1,Imprese - lavoratori esterni per compensi percepiti e periodo di attività - Principali dati,REF_AREA,ripartizione,nazionale|ripartizione,6,2026-08-18
183_207_DF_DICA_AESTCP_10,Età impresa - rip.,REF_AREA,ripartizione,nazionale|ripartizione,6,2026-08-18
183_207_DF_DICA_AESTCP_11,Impresa con dipendenti - rip.,REF_AREA,ripartizione,nazionale|ripartizione,6,2026-08-18
183_207_DF_DICA_AESTCP_12,Regioni,REF_AREA,regione,nazionale|ripartizione|regione,28,2026-08-18
183_207_DF_DICA_AESTCP_13,Classe di addetti,REF_AREA,provincia,nazionale|ripartizione|regione|provincia,139,2026-08-05
183_207_DF_DICA_AESTCP_14,Forma giuridica,REF_AREA,provincia,nazionale|ripartizione|regione|provincia,139,2026-08-18
183_207_DF_DICA_AESTCP_15,Età impresa,REF_AREA,provincia,nazionale|ripartizione|regione|provincia,139,2026-08-18
183_207_DF_DICA_AESTCP_2,Settori economici (Ateco 3 cifre) - reg.,REF_AREA,regione,nazionale|ripartizione|regione,28,2026-08-05
183_207_DF_DICA_AESTCP_3,"Macrosettori economici, classe di addetti",REF_AREA,nazionale,nazionale,1,2026-08-05
183_207_DF_DICA_AESTCP_4,"Macrosettori economici, forma giuridica",REF_AREA,nazionale,nazionale,1,2026-08-05
183_207_DF_DICA_AESTCP_5,"Macrosettori economici, età impresa",REF_AREA,nazionale,nazionale,1,2026-08-05
183_207_DF_DICA_AESTCP_6,"Macrosettori economici, impresa con dipendenti",REF_AREA,nazionale,nazionale,1,2026-08-05
183_207_DF_DICA_AESTCP_7,Settori economici (Ateco 2 cifre),REF_AREA,nazionale,nazionale,1,2026-08-05
183_207_DF_DICA_AESTCP_8,Classe di addetti - rip.,REF_AREA,ripartizione,nazionale|ripartizione,6,2026-08-05
183_207_DF_DICA_AESTCP_9,Forma giuridica - rip.,REF_AREA,ripartizione,nazionale|ripartizione,6,2026-08-05
183_208,Imprese - lavoratori esterni,REF_AREA,provincia,nazionale|ripartizione|regione|provincia,139,2026-08-05
183_208_DF_DICA_AESTLP_1,Imprese - lavoratori esterni - Principali dati,REF_AREA,ripartizione,nazionale|ripartizione,6,2026-08-05
183_208_DF_DICA_AESTLP_10,Regioni,REF_AREA,regione,nazionale|ripartizione|regione,28,2026-08-05
183_208_DF_DICA_AESTLP_11,Classe di addetti,REF_AREA,provincia,nazionale|ripartizione|regione|provincia,139,2026-08-05
183_208_DF_DICA_AESTLP_12,Forma giuridica,REF_AREA,provincia,nazionale|ripartizione|regione|provincia,139,2026-08-05
183_208_DF_DICA_AESTLP_13,Età impresa e impresa con dipendenti,REF_AREA,provincia,nazionale|ripartizione|regione|provincia,139,2026-07-17
183_208_DF_DICA_AESTLP_2,Settori economici (Ateco 3 cifre) - reg.,REF_AREA,regione,nazionale|ripartizione|regione,28,2026-08-05
183_208_DF_DICA_AESTLP_3,"Macrosettori economici, classe di addetti",REF_AREA,nazionale,nazionale,1,2026-08-05
183_208_DF_DICA_AESTLP_4,"Macrosettori economici, forma giuridica",REF_AREA,nazionale,nazionale,1,2026-08-05
183_208_DF_DICA_AESTLP_5,"Macrosettori economici, età impresa e impresa con dipendenti",REF_AREA,nazionale,nazionale,1,2026-08-05
183_208_DF_DICA_AESTLP_6,Settori economici (Ateco 2 cifre),REF_AREA,nazionale,nazionale,1,2026-08-05
183_208_DF_DICA_AESTLP_7,Classe di addetti - rip.,REF_AREA,ripartizione,nazionale|ripartizione,6,2026-08-05
183_208_DF_DICA_AESTLP_8,Forma giuridica - rip.,REF_AREA,ripartizione,nazionale|ripartizione,6,2026-08-05
183_208_DF_DICA_AESTLP_9,Età impresa e impresa con dipendenti - rip.,REF_AREA,ripartizione,nazionale|ripartizione,6,2026-08-05
183_275,Imprese - lavoratori indipendenti,REF_AREA,provincia,nazionale|ripartizione|regione|provincia,139,2026-08-05
183_275_DF_DICA_AINDP_1,Imprese - lavoratori indipendenti - Principali dati,REF_AREA,ripartizione,nazionale|ripartizione,6,2026-08-05
183_275_DF_DICA_AINDP_10,Sesso,REF_AREA,provincia,nazionale|ripartizione|regione|provincia,139,2026-07-17
183_275_DF_DICA_AINDP_11,Età,REF_AREA,provincia,nazionale|ripartizione|regione|provincia,139,2026-07-17
183_275_DF_DICA_AINDP_12,Paese di nascita,REF_AREA,provincia,nazionale|ripartizione|regione|provincia,139,2026-07-17
183_275_DF_DICA_AINDP_13,Classe di addetti,REF_AREA,provincia,nazionale|ripartizione|regione|provincia,139,2026-07-17
183_275_DF_DICA_AINDP_14,Forma giuridica,REF_AREA,provincia,nazionale|ripartizione|regione|provincia,139,2026-07-17
183_275_DF_DICA_AINDP_15,Età impresa,REF_AREA,provincia,nazionale|ripartizione|regione|provincia,139,2026-07-17
183_275_DF_DICA_AINDP_16,"Impresa con dipendenti, sesso",REF_AREA,provincia,nazionale|ripartizione|regione|provincia,139,2026-07-17
183_275_DF_DICA_AINDP_17,"Impresa con dipendenti, età",REF_AREA,provincia,nazionale|ripartizione|regione|provincia,139,2026-07-17
183_275_DF_DICA_AINDP_18,"Impresa con dipendenti, paese di nascita",REF_AREA,provincia,nazionale|ripartizione|regione|provincia,139,2026-07-17
183_275_DF_DICA_AINDP_19,"Impresa con dipendenti, tipo di lavoratore indipendente",REF_AREA,provincia,nazionale|ripartizione|regione|provincia,139,2026-07-17
183_275_DF_DICA_AINDP_2,Settori economici (Ateco 3 cifre),REF_AREA,nazionale,nazionale,1,2026-07-17
183_275_DF_DICA_AINDP_3,"Macrosettori economici, classe di addetti",REF_AREA,nazionale,nazionale,1,2026-08-05
183_275_DF_DICA_AINDP_4,"Macrosettori economici, forma giuridica",REF_AREA,nazionale,nazionale,1,2026-08-05
183_275_DF_DICA_AINDP_5,"Macrosettori economici, età impresa, impresa con dipendenti",REF_AREA,nazionale,nazionale,1,2026-08-05
183_275_DF_DICA_AINDP_6,Settori economici (Ateco 2 cifre),REF_AREA,nazionale,nazionale,1,2026-08-05
183_275_DF_DICA_AINDP_7,Classe di addetti - rip.,REF_AREA,ripartizione,nazionale|ripartizione,6,2026-07-17
183_275_DF_DICA_AINDP_8,Forma giuridica - rip.,REF_AREA,ripartizione,nazionale|ripartizione,6,2026-08-05
183_275_DF_DICA_AINDP_9,"Età della impresa, impresa con dipendenti - rip.",REF_AREA,ripartizione,nazionale|ripartizione,6,2026-08-05
183_276,Imprese - lavoratori temporanei,REF_AREA,provincia,nazionale|ripartizione|regione|provincia,139,2026-08-05
183_276_DF_DICA_AINTP_1,Imprese - lavoratori temporanei - Principali dati,REF_AREA,ripartizione,nazionale|ripartizione,6,2026-08-05
183_276_DF_DICA_AINTP_10,Regioni,REF_AREA,regione,nazionale|ripartizione|regione,28,2026-08-05
183_276_DF_DICA_AINTP_11,Classe di addetti,REF_AREA,provincia,nazionale|ripartizione|regione|provincia,139,2026-08-05
183_276_DF_DICA_AINTP_12,Forma giuridica,REF_AREA,provincia,nazionale|ripartizione|regione|provincia,139,2026-07-17
183_276_DF_DICA_AINTP_13,Età impresa,REF_AREA,provincia,nazionale|ripartizione|regione|provincia,139,2026-08-05
183_276_DF_DICA_AINTP_14,"Impresa con dipendenti, sesso",REF_AREA,provincia,nazionale|ripartizione|regione|provincia,139,2026-07-17
183_276_DF_DICA_AINTP_15,"Impresa con dipendenti, età",REF_AREA,provincia,nazionale|ripartizione|regione|provincia,139,2026-07-17
183_276_DF_DICA_AINTP_16,"Impresa con dipendenti, paese di nascita",REF_AREA,provincia,nazionale|ripartizione|regione|provincia,139,2026-07-17
183_276_DF_DICA_AINTP_17,"Impresa con dipendenti, periodo di attività svolto nell'impresa utilizzatrice",REF_AREA,provincia,nazionale|ripartizione|regione|provincia,139,2026-07-17
183_276_DF_DICA_AINTP_2,Settori economici (Ateco 3 cifre) - reg.,REF_AREA,regione,nazionale|ripartizione|regione,28,2026-08-05
183_276_DF_DICA_AINTP_3,"Macrosettori economici, classe di addetti",REF_AREA,nazionale,nazionale,1,2026-08-05
183_276_DF_DICA_AINTP_4,"Macrosettori economici, forma giuridica",REF_AREA,nazionale,nazionale,1,2026-08-05
183_276_DF_DICA_AINTP_5,"Macrosettori economici, età impresa, impresa con dipendenti",REF_AREA,nazionale,nazionale,1,2026-08-05
183_276_DF_DICA_AINTP_6,Settori economici (Ateco 2 cifre),REF_AREA,nazionale,nazionale,1,2026-08-05
183_276_DF_DICA_AINTP_7,Classe di addetti - rip.,REF_AREA,ripartizione,nazionale|ripartizione,6,2026-08-05
183_276_DF_DICA_AINTP_8,Forma giuridica - rip.,REF_AREA,ripartizione,nazionale|ripartizione,6,2026-08-05
183_276_DF_DICA_AINTP_9,"Età impresa, impresa con dipendenti - rip.",REF_AREA,ripartizione,nazionale|ripartizione,6,2026-08-05
183_277_DF_DICA_ASIAUE1P_1,Imprese e addetti - Principali dati,REF_AREA,provincia,nazionale|ripartizione|regione|provincia,144,2026-07-17
183_277_DF_DICA_ASIAUE1P_2,"Forma giuridica, settori economici (Ateco 5 cifre) - Italia",REF_AREA,nazionale,nazionale,1,2026-07-17
183_277_DF_DICA_ASIAUE1P_3,"Forma giuridica, settori economici (Ateco 4 cifre) - rip.",REF_AREA,ripartizione,nazionale|ripartizione,6,2026-07-17
183_277_DF_DICA_ASIAUE1P_4,"Forma giuridica, settori economici (Ateco 3 cifre) - prov.",REF_AREA,provincia,nazionale|ripartizione|regione|provincia,139,2026-07-17
183_277_DF_DICA_ASIAUE1P_5,"Classe di addetti, settori economici (Ateco 2 cifre) - prov.",REF_AREA,comune,nazionale|ripartizione|regione|provincia|comune,12471,2026-07-17
183_285_DF_DICA_ASIAULP_1,Unità locali e addetti - Principali dati,REF_AREA,nazionale,nazionale,11,2026-07-17
183_285_DF_DICA_ASIAULP_2,Settori economici (Ateco 5 cifre) - tipo e ampiezza demografica dei comuni e prov.,REF_AREA,provincia,nazionale|ripartizione|regione|provincia,239,2026-07-17
183_285_DF_DICA_ASIAULP_3,Settori economici (Ateco 3 cifre) - com.,REF_AREA,comune,nazionale|ripartizione|regione|provincia|comune,12470,2026-07-17
183_285_DF_DICA_ASIAULP_4,"Classe di addetti, settori economici (Ateco 5 cifre) - Italia",REF_AREA,nazionale,nazionale,1,2026-08-05
183_285_DF_DICA_ASIAULP_5,"Classe di addetti, settori economici (Ateco 4 cifre) - rip.",REF_AREA,ripartizione,nazionale|ripartizione,6,2026-07-17
183_285_DF_DICA_ASIAULP_6,"Classe di addetti, settori economici (Ateco 3 cifre) - prov.",REF_AREA,provincia,nazionale|ripartizione|regione|provincia,140,2026-07-17
183_285_DF_DICA_ASIAULP_7,"Classe di addetti, settori economici (Ateco 2 cifre) - com.",REF_AREA,comune,nazionale|ripartizione|regione|provincia|comune,12470,2026-07-17
183_286,Imprese - lavoratori dipendenti,REF_AREA,provincia,nazionale|ripartizione|regione|provincia,139,2026-08-05
183_286_DF_DICA_ADIPWP_1,Imprese - lavoratori dipendenti - Principali dati,REF_AREA,nazionale,nazionale,1,2026-08-05
183_286_DF_DICA_ADIPWP_10,"Forma giuridica, età - rip.",REF_AREA,ripartizione,nazionale|ripartizione,6,2026-08-05
183_286_DF_DICA_ADIPWP_11,"Forma giuridica, paese di nascita - rip.",REF_AREA,ripartizione,nazionale|ripartizione,6,2026-08-05
183_286_DF_DICA_ADIPWP_12,Settori economici (Ateco 3 cifre) - reg.,REF_AREA,regione,nazionale|ripartizione|regione,28,2026-08-05
183_286_DF_DICA_ADIPWP_13,Settori economici (Ateco 1 cifra) - prov.,REF_AREA,provincia,nazionale|ripartizione|regione|provincia,139,2026-08-05
183_286_DF_DICA_ADIPWP_14,Classe di addetti - prov.,REF_AREA,provincia,nazionale|ripartizione|regione|provincia,139,2026-08-05
183_286_DF_DICA_ADIPWP_15,Forma giuridica - prov.,REF_AREA,provincia,nazionale|ripartizione|regione|provincia,139,2026-08-05
183_286_DF_DICA_ADIPWP_16,Età impresa - prov.,REF_AREA,provincia,nazionale|ripartizione|regione|provincia,139,2026-08-05
183_286_DF_DICA_ADIPWP_17,"Macrosettori economici, classe di addetti",REF_AREA,nazionale,nazionale,1,2026-08-05
183_286_DF_DICA_ADIPWP_18,"Macrosettori economici, età impresa",REF_AREA,nazionale,nazionale,1,2026-08-05
183_286_DF_DICA_ADIPWP_19,Macrosettori economici - rip.,REF_AREA,ripartizione,nazionale|ripartizione,6,2026-08-05
183_286_DF_DICA_ADIPWP_2,"Macrosettori economici, classe di addetti",REF_AREA,nazionale,nazionale,1,2026-08-05
183_286_DF_DICA_ADIPWP_20,Settori economici (Ateco 2 cifre),REF_AREA,nazionale,nazionale,1,2026-08-05
183_286_DF_DICA_ADIPWP_21,Classe di addetti - rip.,REF_AREA,ripartizione,nazionale|ripartizione,6,2026-08-05
183_286_DF_DICA_ADIPWP_22,Età impresa - rip.,REF_AREA,ripartizione,nazionale|ripartizione,6,2026-08-05
183_286_DF_DICA_ADIPWP_23,Regioni,REF_AREA,regione,nazionale|ripartizione|regione,28,2026-08-05
183_286_DF_DICA_ADIPWP_24,"Forma giuridica, sesso - rip.",REF_AREA,ripartizione,nazionale|ripartizione,6,2026-08-05
183_286_DF_DICA_ADIPWP_25,"Forma giuridica, età - rip.",REF_AREA,ripartizione,nazionale|ripartizione,6,2026-08-05
183_286_DF_DICA_ADIPWP_26,"Forma giuridica, paese di nascita - rip.",REF_AREA,ripartizione,nazionale|ripartizione,6,2026-08-05
183_286_DF_DICA_ADIPWP_27,Settori economici (Ateco 3 cifre) - reg.,REF_AREA,regione,nazionale|ripartizione|regione,28,2026-08-05
183_286_DF_DICA_ADIPWP_28,Settori economici (Ateco 1 cifra) - prov.,REF_AREA,provincia,nazionale|ripartizione|regione|provincia,139,2026-08-05
183_286_DF_DICA_ADIPWP_29,Classe di addetti - prov.,REF_AREA,provincia,nazionale|ripartizione|regione|provincia,139,2026-08-05
183_286_DF_DICA_ADIPWP_3,"Macrosettori economici, età impresa",REF_AREA,nazionale,nazionale,1,2026-08-05
183_286_DF_DICA_ADIPWP_30,Forma giuridica - prov.,REF_AREA,provincia,nazionale|ripartizione|regione|provincia,139,2026-08-05
183_286_DF_DICA_ADIPWP_31,Età impresa - prov.,REF_AREA,provincia,nazionale|ripartizione|regione|provincia,139,2026-07-17
183_286_DF_DICA_ADIPWP_32,"Macrosettori economici, classe di addetti",REF_AREA,nazionale,nazionale,1,2026-08-05
183_286_DF_DICA_ADIPWP_33,"Macrosettori economici, età impresa",REF_AREA,nazionale,nazionale,1,2026-08-05
183_286_DF_DICA_ADIPWP_34,Macrosettori economici - rip.,REF_AREA,ripartizione,nazionale|ripartizione,6,2026-08-05
183_286_DF_DICA_ADIPWP_35,Settori economici (Ateco 2 cifre),REF_AREA,nazionale,nazionale,1,2026-08-05
183_286_DF_DICA_ADIPWP_36,Classe di addetti - rip.,REF_AREA,ripartizione,nazionale|ripartizione,6,2026-08-05
183_286_DF_DICA_ADIPWP_37,Età impresa - rip.,REF_AREA,ripartizione,nazionale|ripartizione,6,2026-08-05
183_286_DF_DICA_ADIPWP_38,Regioni,REF_AREA,regione,nazionale|ripartizione|regione,28,2026-08-05
183_286_DF_DICA_ADIPWP_39,"Forma giuridica, sesso - rip.",REF_AREA,ripartizione,nazionale|ripartizione,6,2026-08-05
183_286_DF_DICA_ADIPWP_4,Macrosettori economici - rip.,REF_AREA,ripartizione,nazionale|ripartizione,6,2026-08-05
183_286_DF_DICA_ADIPWP_40,"Forma giuridica, età - rip.",REF_AREA,ripartizione,nazionale|ripartizione,6,2026-08-05
183_286_DF_DICA_ADIPWP_41,"Forma giuridica, paese di nascita - rip.",REF_AREA,ripartizione,nazionale|ripartizione,6,2026-08-05
183_286_DF_DICA_ADIPWP_42,Settori economici (Ateco 3 cifre) - reg.,REF_AREA,regione,nazionale|ripartizione|regione,28,2026-08-05
183_286_DF_DICA_ADIPWP_43,Settori economici (Ateco 1 cifra) - prov.,REF_AREA,provincia,nazionale|ripartizione|regione|provincia,139,2026-08-05
183_286_DF_DICA_ADIPWP_44,Classe di addetti - prov.,REF_AREA,provincia,nazionale|ripartizione|regione|provincia,139,2026-07-17
183_286_DF_DICA_ADIPWP_45,Forma giuridica - prov.,REF_AREA,provincia,nazionale|ripartizione|regione|provincia,139,2026-08-05
183_286_DF_DICA_ADIPWP_46,Età impresa - prov.,REF_AREA,provincia,nazionale|ripartizione|regione|provincia,139,2026-08-05
183_286_DF_DICA_ADIPWP_5,Settori economici (Ateco 2 cifre),REF_AREA,nazionale,nazionale,1,2026-08-05
183_286_DF_DICA_ADIPWP_6,Classe di addetti - rip.,REF_AREA,ripartizione,nazionale|ripartizione,6,2026-08-05
183_286_DF_DICA_ADIPWP_7,Età impresa - rip.,REF_AREA,ripartizione,nazionale|ripartizione,6,2026-08-05
183_286_DF_DICA_ADIPWP_8,Regioni,REF_AREA,regione,nazionale|ripartizione|regione,28,2026-08-05
183_286_DF_DICA_ADIPWP_9,"Forma giuridica, sesso - rip.",REF_AREA,ripartizione,nazionale|ripartizione,6,2026-08-05
183_332,Unità locali - lavoratori dipendenti,REF_AREA,provincia,nazionale|ripartizione|regione|provincia,139,2026-08-05
183_332_DF_DICA_ASIAULOCCP_1,"Classe di addetti, sesso, età - prov.",REF_AREA,provincia,nazionale|ripartizione|regione|provincia,139,2026-08-05
183_332_DF_DICA_ASIAULOCCP_2,"Classe di addetti, paese di nascita - prov.",REF_AREA,provincia,nazionale|ripartizione|regione|provincia,139,2026-08-05
183_332_DF_DICA_ASIAULOCCP_3,"Classe di addetti, qualifica professionale - prov",REF_AREA,provincia,nazionale|ripartizione|regione|provincia,139,2026-07-17
183_332_DF_DICA_ASIAULOCCP_4,"Settori economici (Ateco 3 cifre), sesso - prov.",REF_AREA,provincia,nazionale|ripartizione|regione|provincia,139,2026-08-05
183_332_DF_DICA_ASIAULOCCP_5,"Settori economici (Ateco 3 cifre), età - prov.",REF_AREA,provincia,nazionale|ripartizione|regione|provincia,139,2026-08-05
183_332_DF_DICA_ASIAULOCCP_6,"Settori economici (Ateco 3 cifre), paese di nascita - prov.",REF_AREA,provincia,nazionale|ripartizione|regione|provincia,139,2026-08-05
183_332_DF_DICA_ASIAULOCCP_7,"Settori economici (Ateco 3 cifre), qualifica professionale - prov.",REF_AREA,provincia,nazionale|ripartizione|regione|provincia,139,2026-08-05
183_336,Imprese - lavoratori dipendenti beneficiari di sgravi contributivi,REF_AREA,regione,nazionale|ripartizione|regione,28,2026-08-05
183_336_DF_DICA_ADIPPP_1,"Sesso, macrosettori economici",REF_AREA,nazionale,nazionale,1,2026-07-17
183_336_DF_DICA_ADIPPP_2,"Sesso, classe di addetti",REF_AREA,nazionale,nazionale,1,2026-07-17
183_336_DF_DICA_ADIPPP_3,Sesso - reg.,REF_AREA,regione,nazionale|ripartizione|regione,28,2026-07-17
183_336_DF_DICA_ADIPPP_4,"Età, macrosettori economici",REF_AREA,nazionale,nazionale,1,2026-07-17
183_336_DF_DICA_ADIPPP_5,"Età, classe di addetti",REF_AREA,nazionale,nazionale,1,2026-07-17
183_336_DF_DICA_ADIPPP_6,Età - reg.,REF_AREA,regione,nazionale|ripartizione|regione,28,2026-07-17
183_336_DF_DICA_ADIPPP_7,"Paese di nascita, macrosettori economici",REF_AREA,nazionale,nazionale,1,2026-07-17
183_336_DF_DICA_ADIPPP_8,"Paese di nascita, classe di addetti",REF_AREA,nazionale,nazionale,1,2026-07-17
183_336_DF_DICA_ADIPPP_9,Paese di nascita - reg.,REF_AREA,regione,nazionale|ripartizione|regione,28,2026-07-17
183_464,Imprese - occupati per titolo di studio,REF_AREA,regione,nazionale|ripartizione|regione,28,2026-08-05
183_464_DF_DICA_TISTUDIO_1,Imprese - occupati per titolo di studio - Principali dati,REF_AREA,nazionale,nazionale,1,2026-07-17
183_464_DF_DICA_TISTUDIO_2,Qualifica professionale - rip.,REF_AREA,ripartizione,nazionale|ripartizione,6,2026-08-05
183_464_DF_DICA_TISTUDIO_3,"Paese di nascita, sesso, età - rip.",REF_AREA,ripartizione,nazionale|ripartizione,6,2026-08-05
183_464_DF_DICA_TISTUDIO_4,Sesso - reg.,REF_AREA,regione,nazionale|ripartizione|regione,28,2026-08-05
183_464_DF_DICA_TISTUDIO_5,Età - reg.,REF_AREA,regione,nazionale|ripartizione|regione,28,2026-08-05
183_464_DF_DICA_TISTUDIO_6,Paese di nascita - reg.,REF_AREA,regione,nazionale|ripartizione|regione,28,2026-08-05
18_157_DF_DCCV_BILENERG_1,Usi finali,REF_AREA,nazionale,nazionale,1,2026-07-17
18_157_DF_DCCV_BILENERG_2,Consumo interno lordo,REF_AREA,nazionale,nazionale,1,2026-07-17
18_635,Consumi energetici delle famiglie,REF_AREA,regione,nazionale|ripartizione|regione,29,2026-08-05
18_635_DF_DCCV_CENERG_1,Spesa per tipo di fonte,REF_AREA,regione,nazionale|ripartizione|regione,29,2026-07-17
18_635_DF_DCCV_CENERG_10,Legna e pellets - reg.,REF_AREA,regione,nazionale|ripartizione|regione,29,2026-07-17
18_635_DF_DCCV_CENERG_11,Legna - tipo e canale approvvigionamento - reg.,REF_AREA,regione,nazionale|ripartizione|regione,29,2026-07-17
18_635_DF_DCCV_CENERG_12,Lampadine - reg.,REF_AREA,regione,nazionale|ripartizione|regione,29,2026-07-17
18_635_DF_DCCV_CENERG_13,Elettrodomestici - reg.,REF_AREA,regione,nazionale|ripartizione|regione,29,2026-07-17
18_635_DF_DCCV_CENERG_2,"Impianto riscaldamento - disponibilità, tipo e fonte - reg.",REF_AREA,regione,nazionale|ripartizione|regione,29,2026-08-05
18_635_DF_DCCV_CENERG_3,Impianto riscaldamento - tipo per fonte e frequenza d'uso,REF_AREA,nazionale,nazionale,1,2026-07-17
18_635_DF_DCCV_CENERG_4,Impianto riscaldamento - frequenza d'uso - reg.,REF_AREA,regione,nazionale|ripartizione|regione,29,2026-08-05
18_635_DF_DCCV_CENERG_5,Impianto riscaldamento - ore di accensione - reg.,REF_AREA,regione,nazionale|ripartizione|regione,29,2026-07-17
18_635_DF_DCCV_CENERG_6,"Impianto condizionamento - disponibilità, tipo e frequenza d'uso - reg.",REF_AREA,regione,nazionale|ripartizione|regione,29,2026-08-05
18_635_DF_DCCV_CENERG_7,Impianto condizionamento - ore di accensione - reg.,REF_AREA,regione,nazionale|ripartizione|regione,29,2026-08-05
18_635_DF_DCCV_CENERG_8,"Riscaldamento acqua - disponibilità, tipo di impianto e fonte - reg.",REF_AREA,regione,nazionale|ripartizione|regione,29,2026-07-17
18_635_DF_DCCV_CENERG_9,Riscaldamento acqua - tipo di impianto e fonte di alimentazione,REF_AREA,nazionale,nazionale,1,2026-07-17
19_366_DF_DCCN_PROTSOC_B19_1,Conti economici consolidati - edizioni ottobre 2019 - aprile 2024,REF_AREA,nazionale,nazionale,1,2026-08-05
19_366_DF_DCCN_PROTSOC_B19_2,"Prestazioni secondo evento, rischio e bisogno - edizioni ottobre 2019 - aprile 2024",REF_AREA,nazionale,nazionale,1,2026-08-05
1_1064,Sequenza dei conti trimestrali per settore istituzionale - edizioni ottobre 2019 - luglio 2024,REF_AREA,nazionale,nazionale,1,2026-08-05
1_1064_DF_DCCN_ISTITUZ_QNA1_B19_1,Sequenza dei conti - edizioni ottobre 2019 - luglio 2024,REF_AREA,nazionale,nazionale,1,2026-08-05
1_1064_DF_DCCN_ISTITUZ_QNA1_B19_2,Indicatori su famiglie e società non finanziarie - edizioni ottobre 2019 - luglio 2024,REF_AREA,nazionale,nazionale,1,2026-08-05
1_1064_DF_DCCN_ISTITUZ_QNA1_B19_3,Aggregati destagionalizzati - edizioni ottobre 2019 - luglio 2024,REF_AREA,nazionale,nazionale,1,2026-08-05
1_184,Prodotto interno lordo e principali componenti - edizioni ottobre 2019 - settembre 2024,REF_AREA,nazionale,nazionale,1,2026-08-05
1_184_DF_DCCN_PILQ_B19_1,Prodotto interno lordo e principali componenti - edizioni ottobre 2019 - settembre 2024,REF_AREA,nazionale,nazionale,1,2026-08-05
1_88,Occupazione per branca di attività e popolazione - edizioni ottobre 2019 - settembre 2024,REF_AREA,nazionale,nazionale,1,2026-08-05
1_88_DF_DCCN_OCCQSEC2010_B19_1,Occupazione per branca di attività - edizioni ottobre 2019 - settembre 2024,REF_AREA,nazionale,nazionale,1,2026-08-05
1_88_DF_DCCN_OCCQSEC2010_B19_2,Popolazione media del periodo - edizioni ottobre 2019 - settembre 2024,REF_AREA,nazionale,nazionale,1,2026-08-05
1_963_DF_DCCN_SHA_B19_1,Spesa sanitaria per tipo di funzione di assistenza sanitaria e finanziamento - edizioni giugno 2020 - maggio 2024,REF_AREA,nazionale,nazionale,1,2026-08-05
1_963_DF_DCCN_SHA_B19_2,Spesa sanitaria per tipo di funzione di assistenza sanitaria e soggetto erogatore - edizioni giugno 2020 - maggio 2024,REF_AREA,nazionale,nazionale,1,2026-08-05
1_963_DF_DCCN_SHA_B19_3,Spesa sanitaria per soggetto erogatore e tipo di finanziamento - edizioni giugno 2020 - maggio 2024,REF_AREA,nazionale,nazionale,1,2026-08-05
22_1201,Popolazione semi-super centenaria (105 anni e più),REF_AREA,regione,nazionale|ripartizione|regione,30,2026-08-05
22_1201_DF_DCIS_SSCENT_1,Popolazione semi-super centenaria (105 anni e più),REF_AREA,regione,nazionale|ripartizione|regione,30,2026-08-05
22_1262_DF_DCIS_POPITAEST_1,Popolazione al 1° gennaio per regione italiana e Paese estero di iscrizione AIRE,REF_AREA,regione,nazionale|ripartizione|regione,28,2026-08-18
22_222_DF_DCSC_NONRESID_CONSTR_1,Fabbricati non residenziali nuovi e relative abitazioni - province e classi di comune,REF_AREA,provincia,nazionale|ripartizione|regione|provincia,150,2026-08-05
22_222_DF_DCSC_NONRESID_CONSTR_10,Ampliamenti di fabbricati non residenziali con o senza sopraelevazione - ripartizioni e classi di comune,REF_AREA,ripartizione,nazionale|ripartizione,19,2026-08-05
22_222_DF_DCSC_NONRESID_CONSTR_2,Ampliamenti di fabbricati non residenziali e relative abitazioni - province e classi di comune,REF_AREA,provincia,nazionale|ripartizione|regione|provincia,150,2026-07-17
22_222_DF_DCSC_NONRESID_CONSTR_3,Fabbricati non residenziali nuovi e ampliamenti per titolo abilitativo - ripartizioni e classi di comune,REF_AREA,ripartizione,nazionale|ripartizione,19,2026-07-17
22_222_DF_DCSC_NONRESID_CONSTR_4,Fabbricati non residenziali nuovi e ampliamenti per durata prevista dei lavori - ripartizioni e classi di comune,REF_AREA,ripartizione,nazionale|ripartizione,19,2026-08-05
22_222_DF_DCSC_NONRESID_CONSTR_5,Superfici dei fabbricati non residenziali nuovi per destinazione d'uso - ripartizioni e classi di comune,REF_AREA,ripartizione,nazionale|ripartizione,19,2026-07-17
22_222_DF_DCSC_NONRESID_CONSTR_6,Superfici degli ampliamenti di fabbricati non residenziali per destinazione d'uso - ripartizioni e classi di comune,REF_AREA,ripartizione,nazionale|ripartizione,19,2026-08-05
22_222_DF_DCSC_NONRESID_CONSTR_7,Fabbricati non residenziali nuovi e ampliamenti per destinazione economica - province e classi di comune,REF_AREA,provincia,nazionale|ripartizione|regione|provincia,150,2026-08-05
22_222_DF_DCSC_NONRESID_CONSTR_8,Fabbricati non residenziali nuovi e ampliamenti per richiedente il titolo abilitativo - regioni e classi di comune,REF_AREA,regione,nazionale|ripartizione|regione,41,2026-08-05
22_222_DF_DCSC_NONRESID_CONSTR_9,Fabbricati non residenziali nuovi per tipologia dell'impianto - ripartizioni e classi di comune,REF_AREA,ripartizione,nazionale|ripartizione,19,2026-07-17
22_289,Popolazione residente  al 1° gennaio,REF_AREA,comune,nazionale|ripartizione|regione|provincia|comune,8128,2026-07-17
22_289_DF_DCIS_POPRES1_1,"Italia, regioni, province",REF_AREA,provincia,nazionale|ripartizione|regione|provincia,139,2026-07-17
22_289_DF_DCIS_POPRES1_12,Toscana,REF_AREA,comune,nazionale|ripartizione|regione|provincia|comune,288,2026-07-17
22_289_DF_DCIS_POPRES1_24,Tutti i comuni per singola età,REF_AREA,comune,nazionale|ripartizione|regione|provincia|comune,11578,2026-07-17
22_289_DF_DCIS_POPRES1_25,Tutti i comuni per stato civile,REF_AREA,comune,nazionale|ripartizione|regione|provincia|comune,11578,2026-07-17
22_289_DF_DCIS_POPRES1_26,Tutti i comuni per singola età e stato civile,REF_AREA,comune,nazionale|ripartizione|regione|provincia|comune,12471,2026-07-17
22_293,Indicatori  demografici,REF_AREA,provincia,nazionale|ripartizione|regione|provincia,137,2026-08-06
22_293_DF_DCIS_INDDEMOG1_1,Indicatori demografici,REF_AREA,provincia,nazionale|ripartizione|regione|provincia,137,2026-07-17
22_315_DF_DCIS_POPORESBIL1_1,Dati annuali,REF_AREA,provincia,nazionale|ripartizione|regione|provincia,137,2026-08-18
22_315_DF_DCIS_POPORESBIL1_2,Dati mensili,REF_AREA,provincia,nazionale|ripartizione|regione|provincia,140,2026-08-18
22_315_DF_DCIS_POPORESBIL1_24,Tutti i comuni,REF_AREA,comune,nazionale|ripartizione|regione|provincia|comune,12471,2026-07-17
24_1149_DF_DCIS_UNIONDEMO_1,Sesso (%),REF_AREA,provincia,nazionale|ripartizione|regione|provincia,138,2026-08-26
24_1149_DF_DCIS_UNIONDEMO_2,Stato civile (%),REF_AREA,provincia,nazionale|ripartizione|regione|provincia,138,2026-08-26
24_1149_DF_DCIS_UNIONDEMO_3,"Classe di età, stato civile e sesso",REF_AREA,provincia,nazionale|ripartizione|regione|provincia,31,2026-08-26
24_1149_DF_DCIS_UNIONDEMO_4,"Titolo di studio, stato civile e sesso",REF_AREA,provincia,nazionale|ripartizione|regione|provincia,138,2026-08-26
24_1149_DF_DCIS_UNIONDEMO_5,Mese di costituzione e sesso,REF_AREA,provincia,nazionale|ripartizione|regione|provincia,138,2026-08-26
24_1149_DF_DCIS_UNIONDEMO_6,Regime patrimoniale e titolo di studio,REF_AREA,provincia,nazionale|ripartizione|regione|provincia,138,2026-08-26
24_1149_DF_DCIS_UNIONDEMO_7,"Uniti per età, anno di nascita e stato civile",REF_AREA,nazionale,nazionale,1,2026-08-18
24_1150,Unioni civili - Indicatori,REF_AREA,provincia,nazionale|ripartizione|regione|provincia,138,2026-08-06
24_1150_DF_DCIS_UNIONIND_1,Indicatori,REF_AREA,provincia,nazionale|ripartizione|regione|provincia,138,2026-08-06
24_1150_DF_DCIS_UNIONIND_2,Età media delle donne per stato civile,REF_AREA,provincia,nazionale|ripartizione|regione|provincia,138,2026-08-06
24_1150_DF_DCIS_UNIONIND_3,Età media degli uomini per stato civile,REF_AREA,provincia,nazionale|ripartizione|regione|provincia,138,2026-08-06
24_1151,Unioni civili - Caratteristiche socio-professionali,REF_AREA,provincia,nazionale|ripartizione|regione|provincia,9,2026-08-06
24_1151_DF_DCIS_UNIONISOC_1,Regime patrimoniale e posizione professionale,REF_AREA,provincia,nazionale|ripartizione|regione|provincia,9,2026-07-17
24_1151_DF_DCIS_UNIONISOC_2,Regime patrimoniale e condizione professionale,REF_AREA,provincia,nazionale|ripartizione|regione|provincia,9,2026-07-17
24_1151_DF_DCIS_UNIONISOC_3,Sesso e posizione professionale,REF_AREA,provincia,nazionale|ripartizione|regione|provincia,9,2026-07-17
24_1151_DF_DCIS_UNIONISOC_4,Sesso e condizione professionale,REF_AREA,provincia,nazionale|ripartizione|regione|provincia,9,2026-07-17
24_1152_DF_DCIS_UNIONICIT_1,Unioni civili per sesso e tipologia di coppia,REF_AREA,provincia,nazionale|ripartizione|regione|provincia,138,2026-08-06
24_1152_DF_DCIS_UNIONICIT_2,Unioni civili con almeno uno straniero per area di cittadinanza,REF_AREA,provincia,nazionale|ripartizione|regione|provincia,138,2026-08-26
24_1152_DF_DCIS_UNIONICIT_3,Unioni civili con almeno uno straniero per paese di cittadinanza,REF_AREA,provincia,nazionale|ripartizione|regione|provincia,138,2026-08-26
24_1152_DF_DCIS_UNIONICIT_5,Unioni civili di entrambi stranieri per paese e confronto cittadinanza,REF_AREA,regione,nazionale|ripartizione|regione,8,2026-08-26
24_1152_DF_DCIS_UNIONICIT_6,Unioni civili per tipologia di coppia e titolo di studio,REF_AREA,provincia,nazionale|ripartizione|regione|provincia,138,2026-08-26
24_1152_DF_DCIS_UNIONICIT_7,Unioni civili per tipologia di coppia e stato civile,REF_AREA,provincia,nazionale|ripartizione|regione|provincia,138,2026-08-26
24_186_DF_DCIS_MATRDEMO_1,Rito (%),REF_AREA,provincia,nazionale|ripartizione|regione|provincia,142,2026-08-26
24_186_DF_DCIS_MATRDEMO_10,Piemonte,REF_AREA,comune,nazionale|ripartizione|regione|provincia|comune,1232,2026-08-06
24_186_DF_DCIS_MATRDEMO_11,Valle d'Aosta/Vallée d'Aoste,REF_AREA,comune,nazionale|ripartizione|regione|provincia|comune,78,2026-08-06
24_186_DF_DCIS_MATRDEMO_12,Liguria,REF_AREA,comune,nazionale|ripartizione|regione|provincia|comune,243,2026-08-06
24_186_DF_DCIS_MATRDEMO_13,Lombardia,REF_AREA,comune,nazionale|ripartizione|regione|provincia|comune,1640,2026-08-26
24_186_DF_DCIS_MATRDEMO_14,Provincia Autonoma Bolzano/Bozen,REF_AREA,comune,nazionale|ripartizione|regione|provincia|comune,120,2026-08-06
24_186_DF_DCIS_MATRDEMO_15,Provincia Autonoma Trento,REF_AREA,comune,nazionale|ripartizione|regione|provincia|comune,254,2026-08-06
24_186_DF_DCIS_MATRDEMO_16,Veneto,REF_AREA,comune,nazionale|ripartizione|regione|provincia|comune,603,2026-08-06
24_186_DF_DCIS_MATRDEMO_17,Friuli-Venezia Giulia,REF_AREA,comune,nazionale|ripartizione|regione|provincia|comune,232,2026-08-06
24_186_DF_DCIS_MATRDEMO_18,Emilia-Romagna,REF_AREA,comune,nazionale|ripartizione|regione|provincia|comune,375,2026-08-06
24_186_DF_DCIS_MATRDEMO_19,Toscana,REF_AREA,comune,nazionale|ripartizione|regione|provincia|comune,314,2026-08-06
24_186_DF_DCIS_MATRDEMO_2,Stato civile (%),REF_AREA,provincia,nazionale|ripartizione|regione|provincia,142,2026-08-26
24_186_DF_DCIS_MATRDEMO_20,Umbria,REF_AREA,comune,nazionale|ripartizione|regione|provincia|comune,97,2026-08-06
24_186_DF_DCIS_MATRDEMO_21,Marche,REF_AREA,comune,nazionale|ripartizione|regione|provincia|comune,300,2026-08-06
24_186_DF_DCIS_MATRDEMO_22,Lazio,REF_AREA,comune,nazionale|ripartizione|regione|provincia|comune,386,2026-08-18
24_186_DF_DCIS_MATRDEMO_23,Abruzzo,REF_AREA,comune,nazionale|ripartizione|regione|provincia|comune,312,2026-08-06
24_186_DF_DCIS_MATRDEMO_24,Molise,REF_AREA,comune,nazionale|ripartizione|regione|provincia|comune,141,2026-08-18
24_186_DF_DCIS_MATRDEMO_25,Campania,REF_AREA,comune,nazionale|ripartizione|regione|provincia|comune,560,2026-08-18
24_186_DF_DCIS_MATRDEMO_26,Puglia,REF_AREA,comune,nazionale|ripartizione|regione|provincia|comune,278,2026-08-06
24_186_DF_DCIS_MATRDEMO_27,Basilicata,REF_AREA,comune,nazionale|ripartizione|regione|provincia|comune,136,2026-08-18
24_186_DF_DCIS_MATRDEMO_28,Calabria,REF_AREA,comune,nazionale|ripartizione|regione|provincia|comune,419,2026-08-18
24_186_DF_DCIS_MATRDEMO_29,Sicilia,REF_AREA,comune,nazionale|ripartizione|regione|provincia|comune,403,2026-08-26
24_186_DF_DCIS_MATRDEMO_3,Età e stato civile,REF_AREA,nazionale,nazionale,1,2026-08-26
24_186_DF_DCIS_MATRDEMO_30,Sardegna,REF_AREA,comune,nazionale|ripartizione|regione|provincia|comune,621,2026-08-26
24_186_DF_DCIS_MATRDEMO_7,"Rito, mese di celebrazione",REF_AREA,provincia,nazionale|ripartizione|regione|provincia,138,2026-08-26
24_186_DF_DCIS_MATRDEMO_8,Regime patrimoniale e titolo di studio,REF_AREA,provincia,nazionale|ripartizione|regione|provincia,140,2026-08-26
24_186_DF_DCIS_MATRDEMO_9,Tipo di comune e rito,REF_AREA,comune,nazionale|ripartizione|regione|provincia|comune,386,2026-08-26
24_233_DF_DCAR_ENTIST_PA_2,"Entrate delle università, politecnici ed istituti di istruzione universitaria (euro)",REF_AREA,nazionale,nazionale,1,2026-07-17
24_386,Matrimoni - Caratteristiche socio-professionali,REF_AREA,provincia,nazionale|ripartizione|regione|provincia,9,2026-08-06
24_386_DF_DCIS_MATRIMONI_SOC_1,"Settore economico, posizione professionale",REF_AREA,nazionale,nazionale,1,2026-08-06
24_386_DF_DCIS_MATRIMONI_SOC_2,Regime patrimoniale e condizione professionale,REF_AREA,provincia,nazionale|ripartizione|regione|provincia,9,2026-08-06
24_386_DF_DCIS_MATRIMONI_SOC_3,Regione di nascita,REF_AREA,nazionale,nazionale,1,2026-08-06
24_386_DF_DCIS_MATRIMONI_SOC_4,Regione di residenza,REF_AREA,nazionale,nazionale,1,2026-08-06
24_386_DF_DCIS_MATRIMONI_SOC_5,Regione di nascita della sposa e di residenza dello sposo,REF_AREA,nazionale,nazionale,1,2026-08-06
24_386_DF_DCIS_MATRIMONI_SOC_6,Regione di nascita dello sposo e di residenza della sposa,REF_AREA,nazionale,nazionale,1,2026-08-06
24_446_DF_DCIS_MATRIMONICIT_1,Matrimoni - Cittadinanza - Principali dati,REF_AREA,nazionale,nazionale,1,2026-08-18
24_446_DF_DCIS_MATRIMONICIT_2,Matrimoni per tipologia di coppia,REF_AREA,provincia,nazionale|ripartizione|regione|provincia,142,2026-08-26
24_446_DF_DCIS_MATRIMONICIT_3,Tipologia di coppia e area di cittadinanza,REF_AREA,provincia,nazionale|ripartizione|regione|provincia,142,2026-08-26
24_446_DF_DCIS_MATRIMONICIT_4,Tipologia di coppia e paese di cittadinanza,REF_AREA,provincia,nazionale|ripartizione|regione|provincia,142,2026-08-26
24_446_DF_DCIS_MATRIMONICIT_6,Matrimoni di sposi entrambi stranieri per uguaglianza o meno della cittadinanza,REF_AREA,provincia,nazionale|ripartizione|regione|provincia,142,2026-08-26
24_446_DF_DCIS_MATRIMONICIT_7,Tipologia di coppia e titolo di studio,REF_AREA,provincia,nazionale|ripartizione|regione|provincia,142,2026-08-26
24_446_DF_DCIS_MATRIMONICIT_8,Primi o secondi matrimoni per tipologia di coppia,REF_AREA,provincia,nazionale|ripartizione|regione|provincia,142,2026-08-26
24_446_DF_DCIS_MATRIMONICIT_9,Rito e tipologia di coppia,REF_AREA,provincia,nazionale|ripartizione|regione|provincia,142,2026-08-06
24_447,Sposi - Caratteristiche demografiche,REF_AREA,provincia,nazionale|ripartizione|regione|provincia,142,2026-08-06
24_447_DF_DCIS_SPOSI_4,"Rito, classe di età e titolo di studio",REF_AREA,provincia,nazionale|ripartizione|regione|provincia,142,2026-08-06
24_84,Matrimoni - Indicatori,REF_AREA,provincia,nazionale|ripartizione|regione|provincia,142,2026-07-17
24_84_DF_DCIS_MATRIND_1,Indicatori di nuzialità,REF_AREA,provincia,nazionale|ripartizione|regione|provincia,142,2026-07-17
24_84_DF_DCIS_MATRIND_2,Età media degli sposi per stato civile,REF_AREA,provincia,nazionale|ripartizione|regione|provincia,142,2026-07-17
24_84_DF_DCIS_MATRIND_3,Età media delle spose per stato civile,REF_AREA,provincia,nazionale|ripartizione|regione|provincia,142,2026-07-17
24_84_DF_DCIS_MATRIND_4,Numeri indice,REF_AREA,regione,nazionale|ripartizione|regione,28,2026-07-17
25_1242,Intenzioni di fecondità,REF_AREA,ripartizione,nazionale|ripartizione,12,2026-07-17
25_1242_DF_DCCV_FERTINT1_1,Persone 18-49 anni che hanno intenzione di avere un figlio,REF_AREA,nazionale,nazionale,1,2026-07-17
25_1242_DF_DCCV_FERTINT1_2,Intenzione di avere figli entro tre anni,REF_AREA,nazionale,nazionale,1,2026-07-17
25_1242_DF_DCCV_FERTINT1_3,Intenzione di avere figli entro tre anni per numero di figli avuti,REF_AREA,nazionale,nazionale,1,2026-07-17
25_1242_DF_DCCV_FERTINT1_4,Intenzione di avere figli entro tre anni delle persone con lo stesso territorio di residenza,REF_AREA,ripartizione,nazionale|ripartizione,12,2026-07-17
25_1242_DF_DCCV_FERTINT1_5,Intenzione di avere figli in futuro,REF_AREA,nazionale,nazionale,1,2026-07-17
25_1242_DF_DCCV_FERTINT1_6,Intenzione di avere figli in futuro per numero di figli avuti,REF_AREA,nazionale,nazionale,1,2026-07-17
25_1242_DF_DCCV_FERTINT1_7,Intenzione di avere figli in futuro delle persone con lo stesso territorio di residenza,REF_AREA,ripartizione,nazionale|ripartizione,12,2026-07-17
25_326,Indicatori  di fecondità,REF_AREA,provincia,nazionale|ripartizione|regione|provincia,137,2026-08-06
25_326_DF_DCIS_FECONDITA1_5,Tasso di fecondità totale per anno di evento e cittadinanza della madre,REF_AREA,provincia,nazionale|ripartizione|regione|provincia,137,2026-07-17
25_326_DF_DCIS_FECONDITA1_6,Età media delle madri al parto per anno di evento e cittadinanza della madre,REF_AREA,provincia,nazionale|ripartizione|regione|provincia,137,2026-07-17
25_326_DF_DCIS_FECONDITA1_7,"Tassi di fecondità specifici per età della madre, anno di evento e cittadinanza della madre (per mille donne)",REF_AREA,provincia,nazionale|ripartizione|regione|provincia,137,2026-07-17
25_326_DF_DCIS_FECONDITA1_8,Età media dei padri alla nascita del figlio,REF_AREA,provincia,nazionale|ripartizione|regione|provincia,137,2026-07-17
25_74,Nati vivi,RESIDENCE_TERR,provincia,nazionale|ripartizione|regione|provincia,137,2026-07-17
25_74_DF_DCIS_NATI1_10,Padre - Età e stato civile (capoluoghi prov.),RESIDENCE_TERR,provincia,nazionale|ripartizione|regione|provincia,139,2026-08-06
25_74_DF_DCIS_NATI1_11,Genitori - Età (capoluoghi prov.),RESIDENCE_TERR,provincia,nazionale|ripartizione|regione|provincia,139,2026-08-06
25_74_DF_DCIS_NATI1_12,Genitori - Stato civile (capoluoghi prov.),RESIDENCE_TERR,provincia,nazionale|ripartizione|regione|provincia,139,2026-08-06
25_74_DF_DCIS_NATI1_13,Stato civile di lei e di lui,RESIDENCE_TERR,provincia,nazionale|ripartizione|regione|provincia,139,2026-08-06
25_74_DF_DCIS_NATI1_14,Età di lei e di lui,RESIDENCE_TERR,provincia,nazionale|ripartizione|regione|provincia,139,2026-08-06
25_74_DF_DCIS_NATI1_15,Caratteristiche della madre,RESIDENCE_TERR,provincia,nazionale|ripartizione|regione|provincia,139,2026-08-06
25_74_DF_DCIS_NATI1_16,Caratteristiche del padre,RESIDENCE_TERR,provincia,nazionale|ripartizione|regione|provincia,139,2026-08-06
25_74_DF_DCIS_NATI1_17,Stime  (capoluoghi prov.),RESIDENCE_TERR,provincia,nazionale|ripartizione|regione|provincia,139,2026-08-06
25_74_DF_DCIS_NATI1_7,Madre - Età e stato civile (capoluoghi prov.),RESIDENCE_TERR,provincia,nazionale|ripartizione|regione|provincia,139,2026-08-06
25_74_DF_DCIS_NATI1_8,Madre - Età e cittadinanza,RESIDENCE_TERR,provincia,nazionale|ripartizione|regione|provincia,139,2026-08-06
25_74_DF_DCIS_NATI1_9,Madre - Età e anno di nascita,RESIDENCE_TERR,provincia,nazionale|ripartizione|regione|provincia,139,2026-08-06
25_74_DF_DCIS_NATI2_1,Nati serie storica - prov.,RESIDENCE_TERR,provincia,nazionale|ripartizione|regione|provincia,137,2026-08-06
25_74_DF_DCIS_NATI2_2,Sesso e cittadinanza del nato - prov.,RESIDENCE_TERR,provincia,nazionale|ripartizione|regione|provincia,137,2026-08-06
25_74_DF_DCIS_NATI2_3,Continente di cittadinanza estera del nato - reg.,RESIDENCE_TERR,regione,nazionale|ripartizione|regione,30,2026-08-06
25_74_DF_DCIS_NATI2_4,Macro area di cittadinanza estera del nato - reg.,RESIDENCE_TERR,regione,nazionale|ripartizione|regione,30,2026-08-06
25_74_DF_DCIS_NATI2_5,Paese di cittadinanza estera del nato - reg.,RESIDENCE_TERR,regione,nazionale|ripartizione|regione,30,2026-08-06
25_74_DF_DCIS_NATI2_6,Nati dentro e fuori dal matrimonio - prov.,RESIDENCE_TERR,provincia,nazionale|ripartizione|regione|provincia,137,2026-08-06
25_74_DF_DCIS_NATI2_7,Età e cittadinanza della madre - prov.,RESIDENCE_TERR,provincia,nazionale|ripartizione|regione|provincia,137,2026-08-06
25_74_DF_DCIS_NATI2_8,"Cittadinanza dei genitori, classe di età dei genitori - prov.",RESIDENCE_TERR,provincia,nazionale|ripartizione|regione|provincia,137,2026-08-06
25_74_DF_DCIS_NATI2_9,"Cittadinanza dei genitori, stato civile dei genitori - prov.",RESIDENCE_TERR,provincia,nazionale|ripartizione|regione|provincia,137,2026-08-06
25_944,Tavole di fecondità per ordine di nascita,RESIDENCE_TERR,provincia,nazionale|ripartizione|regione|provincia,137,2026-08-06
25_944_DF_DCIS_ARCH_FEC_10,Età media al parto per coorte e ordine di nascita,RESIDENCE_TERR,provincia,nazionale|ripartizione|regione|provincia,137,2026-08-06
25_944_DF_DCIS_ARCH_FEC_11,"Tassi di fecondità specifci per età della madre, coorte e ordine di nascita (per mille donne)",RESIDENCE_TERR,provincia,nazionale|ripartizione|regione|provincia,137,2026-08-06
25_944_DF_DCIS_ARCH_FEC_5,Principali indicatori,RESIDENCE_TERR,provincia,nazionale|ripartizione|regione|provincia,137,2026-07-17
25_944_DF_DCIS_ARCH_FEC_6,Tasso di fecondità totale per anno di evento e ordine di nascita,RESIDENCE_TERR,provincia,nazionale|ripartizione|regione|provincia,137,2026-08-06
25_944_DF_DCIS_ARCH_FEC_7,Età media al parto per anno di evento e ordine di nascita,RESIDENCE_TERR,provincia,nazionale|ripartizione|regione|provincia,137,2026-08-06
25_944_DF_DCIS_ARCH_FEC_8,"Tassi di fecondità specifici per età della madre, anno di evento e ordine di nascita (per mille donne)",RESIDENCE_TERR,provincia,nazionale|ripartizione|regione|provincia,137,2026-08-06
25_944_DF_DCIS_ARCH_FEC_9,Tasso di fecondità totale per coorte e ordine di nascita,RESIDENCE_TERR,provincia,nazionale|ripartizione|regione|provincia,137,2026-08-06
26_29,Decessi,REF_AREA,provincia,nazionale|ripartizione|regione|provincia,137,2026-08-06
26_295_DF_DCIS_MORTALITA1_1,Classi di età,REF_AREA,comune,nazionale|ripartizione|regione|provincia|comune,11578,2026-07-17
26_295_DF_DCIS_MORTALITA1_2,Singole età,REF_AREA,comune,nazionale|ripartizione|regione|provincia|comune,11578,2026-07-17
26_29_DF_DCIS_DECESSI_1,Indicatori sintetici,REF_AREA,provincia,nazionale|ripartizione|regione|provincia,137,2026-08-06
26_29_DF_DCIS_DECESSI_2,Morti,REF_AREA,comune,nazionale|ripartizione|regione|provincia|comune,12471,2026-07-17
26_29_DF_DCIS_DECESSI_3,Quozienti  specifici,REF_AREA,provincia,nazionale|ripartizione|regione|provincia,137,2026-08-06
270_239,Investimenti fissi lordi per branca proprietaria (NACE Rev.1.1) - edizione ottobre 2010,REF_AREA,provincia,nazionale|ripartizione|regione|provincia,32,2026-08-06
270_242,Spesa per consumi finali delle famiglie - edizioni fino a novembre 2013,REF_AREA,provincia,nazionale|ripartizione|regione|provincia,32,2026-08-06
270_243,Spesa per consumi finali della Pa - edizioni fino a novembre 2013,REF_AREA,provincia,nazionale|ripartizione|regione|provincia,32,2026-08-06
270_248,Prodotto interno lordo lato produzione - edizioni fino a novembre 2013,REF_AREA,provincia,nazionale|ripartizione|regione|provincia,32,2026-08-06
270_254,Sequenza dei conti - edizioni fino a novembre 2013,REF_AREA,provincia,nazionale|ripartizione|regione|provincia,32,2026-08-06
270_298,Aggregati dei conti per branca di attività (NACE Rev.2) - edizioni fino a novembre 2013,REF_AREA,provincia,nazionale|ripartizione|regione|provincia,142,2026-08-06
270_301,Occupazione per branca di attività (NACE Rev.2) - edizioni fino a novembre 2013,REF_AREA,provincia,nazionale|ripartizione|regione|provincia,142,2026-08-06
270_303,Investimenti fissi lordi per branca proprietaria (NACE Rev.2) - edizioni febbraio 2012 - novembre 2013,REF_AREA,provincia,nazionale|ripartizione|regione|provincia,32,2026-08-06
272_1164,Relazioni di parentela e reti di supporto,REF_AREA,ripartizione,nazionale|ripartizione,12,2026-08-06
272_1164_DF_DCCV_RELAZ_PARENT_1,Relazioni di parentela per territorio,REF_AREA,ripartizione,nazionale|ripartizione,12,2026-07-17
272_1164_DF_DCCV_RELAZ_PARENT_2,"Relazioni di parentela - sesso, età",REF_AREA,nazionale,nazionale,1,2026-07-17
272_1164_DF_DCCV_RELAZ_PARENT_3,Persone per numero di nonni non conviventi per sesso e età,REF_AREA,nazionale,nazionale,1,2026-07-18
272_1164_DF_DCCV_RELAZ_PARENT_4,Persone per numero di nonni non conviventi per territorio,REF_AREA,ripartizione,nazionale|ripartizione,12,2026-07-18
272_1164_DF_DCCV_RELAZ_PARENT_5,Prossimità abitativa per territorio,REF_AREA,ripartizione,nazionale|ripartizione,12,2026-07-18
272_1164_DF_DCCV_RELAZ_PARENT_6,"Prossimità abitativa - sesso, età",REF_AREA,nazionale,nazionale,1,2026-07-18
272_1164_DF_DCCV_RELAZ_PARENT_7,Frequenza dei contatti per territorio,REF_AREA,ripartizione,nazionale|ripartizione,12,2026-07-18
272_1164_DF_DCCV_RELAZ_PARENT_8,"Tipo e frequenza dei contatti - sesso, età",REF_AREA,nazionale,nazionale,1,2026-07-18
27_349,Separazioni - Indicatori 2008-2014,REF_AREA,regione,nazionale|ripartizione|regione,28,2026-07-18
27_349_DF_DCIS_SEPARAZIND_1,Procedimenti e separazioni,REF_AREA,regione,nazionale|ripartizione|regione,28,2026-07-18
27_349_DF_DCIS_SEPARAZIND_2,Caratteristiche del matrimonio e della coppia,REF_AREA,regione,nazionale|ripartizione|regione,28,2026-07-18
27_349_DF_DCIS_SEPARAZIND_3,Figli,REF_AREA,regione,nazionale|ripartizione|regione,28,2026-07-18
27_349_DF_DCIS_SEPARAZIND_4,Provvedimenti economici,REF_AREA,regione,nazionale|ripartizione|regione,28,2026-07-18
27_349_DF_DCIS_SEPARAZIND_5,Caratteristiche del matrimonio e della coppia - sintesi,REF_AREA,regione,nazionale|ripartizione|regione,28,2026-07-18
27_349_DF_DCIS_SEPARAZIND_6,Separazioni - Indicatori per coppie miste,REF_AREA,regione,nazionale|ripartizione|regione,28,2026-07-18
27_355,Divorzi - Indicatori 2008-2014,REF_AREA,regione,nazionale|ripartizione|regione,28,2026-07-18
27_355_DF_DCIS_DIVORZIND_1,Procedimenti e divorzi,REF_AREA,regione,nazionale|ripartizione|regione,28,2026-07-18
27_355_DF_DCIS_DIVORZIND_2,Caratteristiche del matrimonio e della coppia,REF_AREA,regione,nazionale|ripartizione|regione,28,2026-07-18
27_355_DF_DCIS_DIVORZIND_3,Figli,REF_AREA,regione,nazionale|ripartizione|regione,28,2026-07-18
27_355_DF_DCIS_DIVORZIND_4,Provvedimenti economici,REF_AREA,regione,nazionale|ripartizione|regione,28,2026-07-18
27_355_DF_DCIS_DIVORZIND_5,Caratteristiche del matrimonio e della coppia,REF_AREA,regione,nazionale|ripartizione|regione,28,2026-07-18
27_355_DF_DCIS_DIVORZIND_6,Divorzi - Indicatori per coppie miste,REF_AREA,regione,nazionale|ripartizione|regione,28,2026-07-18
27_384,Separazioni - Caratteristiche demografiche 2008-2014,REF_AREA,regione,nazionale|ripartizione|regione,28,2026-07-18
27_384_DF_DCIS_SEPARAZDEMCONG_1,Separazioni - Caratteristiche demografiche 2008-2014 - Principali dati,REF_AREA,regione,nazionale|ripartizione|regione,28,2026-07-18
27_384_DF_DCIS_SEPARAZDEMCONG_2,Regione di nascita,REF_AREA,nazionale,nazionale,1,2026-07-18
27_384_DF_DCIS_SEPARAZDEMCONG_3,Regione di residenza,REF_AREA,nazionale,nazionale,1,2026-07-18
27_384_DF_DCIS_SEPARAZDEMCONG_4,Età alla separazione - coniugi,REF_AREA,nazionale,nazionale,1,2026-07-18
27_384_DF_DCIS_SEPARAZDEMCONG_5,Età alla separazione - marito,REF_AREA,regione,nazionale|ripartizione|regione,28,2026-07-18
27_384_DF_DCIS_SEPARAZDEMCONG_6,Età alla separazione - moglie,REF_AREA,regione,nazionale|ripartizione|regione,28,2026-07-18
27_384_DF_DCIS_SEPARAZDEMCONG_7,Età al matrimonio e anno di matrimonio,REF_AREA,nazionale,nazionale,1,2026-07-18
27_384_DF_DCIS_SEPARAZDEMCONG_8,Età al matrimonio - marito,REF_AREA,regione,nazionale|ripartizione|regione,28,2026-07-18
27_384_DF_DCIS_SEPARAZDEMCONG_9,Età al matrimonio - moglie,REF_AREA,regione,nazionale|ripartizione|regione,28,2026-07-18
27_385,Divorzi - Caratteristiche demografiche 2008-2014,REF_AREA,regione,nazionale|ripartizione|regione,28,2026-07-18
27_385_DF_DCIS_DIVORDEMCONG_1,Divorzi - Caratteristiche demografiche 2008-2014 - Principali dati,REF_AREA,regione,nazionale|ripartizione|regione,28,2026-07-18
27_385_DF_DCIS_DIVORDEMCONG_2,Regione di nascita,REF_AREA,nazionale,nazionale,1,2026-07-18
27_385_DF_DCIS_DIVORDEMCONG_3,Regione di residenza,REF_AREA,nazionale,nazionale,1,2026-07-18
27_385_DF_DCIS_DIVORDEMCONG_4,Età al divorzio - coniugi,REF_AREA,nazionale,nazionale,1,2026-07-18
27_385_DF_DCIS_DIVORDEMCONG_5,Età al divorzio - marito,REF_AREA,regione,nazionale|ripartizione|regione,28,2026-07-18
27_385_DF_DCIS_DIVORDEMCONG_6,Età al divorzio - moglie,REF_AREA,regione,nazionale|ripartizione|regione,28,2026-07-18
27_385_DF_DCIS_DIVORDEMCONG_7,Età al matrimonio e anno di matrimonio,REF_AREA,nazionale,nazionale,1,2026-07-18
27_385_DF_DCIS_DIVORDEMCONG_8,Età al matrimonio - marito,REF_AREA,regione,nazionale|ripartizione|regione,28,2026-07-18
27_385_DF_DCIS_DIVORDEMCONG_9,Età al matrimonio - moglie,REF_AREA,regione,nazionale|ripartizione|regione,28,2026-07-18
27_467,Separazioni -  Caratteristiche demografiche,REF_AREA,regione,nazionale|ripartizione|regione,28,2026-08-06
27_467_DF_DCIS_SEPARAZDEMCONG1_1,Separazioni - Caratteristiche demografiche - Principali dati,REF_AREA,regione,nazionale|ripartizione|regione,28,2026-07-18
27_467_DF_DCIS_SEPARAZDEMCONG1_2,Regione di nascita,REF_AREA,nazionale,nazionale,1,2026-07-18
27_467_DF_DCIS_SEPARAZDEMCONG1_3,Regione di residenza,REF_AREA,nazionale,nazionale,1,2026-07-18
27_467_DF_DCIS_SEPARAZDEMCONG1_4,Età alla separazione - coniugi,REF_AREA,nazionale,nazionale,1,2026-07-18
27_467_DF_DCIS_SEPARAZDEMCONG1_5,Età alla separazione - marito,REF_AREA,regione,nazionale|ripartizione|regione,28,2026-07-18
27_467_DF_DCIS_SEPARAZDEMCONG1_6,Età alla separazione - moglie,REF_AREA,regione,nazionale|ripartizione|regione,28,2026-07-18
27_467_DF_DCIS_SEPARAZDEMCONG1_7,Età al matrimonio e anno di matrimonio,REF_AREA,nazionale,nazionale,1,2026-08-06
27_467_DF_DCIS_SEPARAZDEMCONG1_8,Età al matrimonio - marito,REF_AREA,regione,nazionale|ripartizione|regione,28,2026-07-18
27_467_DF_DCIS_SEPARAZDEMCONG1_9,Età al matrimonio - moglie,REF_AREA,regione,nazionale|ripartizione|regione,28,2026-07-18
27_468,Separazioni -  Caratteristiche socio-professionali,REF_AREA,regione,nazionale|ripartizione|regione,28,2026-07-18
27_468_DF_DCIS_SEPARAZSOC1_1,Titolo di studio dei coniugi,REF_AREA,nazionale,nazionale,1,2026-07-18
27_468_DF_DCIS_SEPARAZSOC1_2,Titolo di studio del marito,REF_AREA,regione,nazionale|ripartizione|regione,28,2026-07-18
27_468_DF_DCIS_SEPARAZSOC1_3,Titolo di studio della moglie,REF_AREA,regione,nazionale|ripartizione|regione,28,2026-07-18
27_468_DF_DCIS_SEPARAZSOC1_4,Condizione professionale dei coniugi,REF_AREA,nazionale,nazionale,1,2026-07-18
27_468_DF_DCIS_SEPARAZSOC1_5,Posizione nella professione dei coniugi,REF_AREA,nazionale,nazionale,1,2026-07-18
27_469,Separazioni -  Caratteristiche e figli,REF_AREA,regione,nazionale|ripartizione|regione,28,2026-07-18
27_469_DF_DCIS_SEPARAZFIG1_1,Separazioni - Caratteristiche e figli - Principali dati,REF_AREA,regione,nazionale|ripartizione|regione,28,2026-07-18
27_469_DF_DCIS_SEPARAZFIG1_10,Età e numero di figli affidati,REF_AREA,nazionale,nazionale,1,2026-07-18
27_469_DF_DCIS_SEPARAZFIG1_11,Età dei figli affidati,REF_AREA,regione,nazionale|ripartizione|regione,28,2026-07-18
27_469_DF_DCIS_SEPARAZFIG1_12,Tipo di affidamento,REF_AREA,regione,nazionale|ripartizione|regione,28,2026-07-18
27_469_DF_DCIS_SEPARAZFIG1_13,Numero di figli affidati,REF_AREA,regione,nazionale|ripartizione|regione,28,2026-07-18
27_469_DF_DCIS_SEPARAZFIG1_2,Tipo di separazione giudiziale,REF_AREA,regione,nazionale|ripartizione|regione,28,2026-07-18
27_469_DF_DCIS_SEPARAZFIG1_3,Modalità di esaurimento e rito di celebrazione del matrimonio,REF_AREA,regione,nazionale|ripartizione|regione,28,2026-07-18
27_469_DF_DCIS_SEPARAZFIG1_4,Durata del matrimonio,REF_AREA,regione,nazionale|ripartizione|regione,28,2026-07-18
27_469_DF_DCIS_SEPARAZFIG1_5,Anno di matrimonio e numero di figli,REF_AREA,nazionale,nazionale,1,2026-07-18
27_469_DF_DCIS_SEPARAZFIG1_6,Anno di matrimonio e presenza di figli affidati,REF_AREA,nazionale,nazionale,1,2026-07-18
27_469_DF_DCIS_SEPARAZFIG1_7,Presenza di figli affidati,REF_AREA,regione,nazionale|ripartizione|regione,28,2026-07-18
27_469_DF_DCIS_SEPARAZFIG1_8,Anno di matrimonio,REF_AREA,nazionale,nazionale,1,2026-07-18
27_469_DF_DCIS_SEPARAZFIG1_9,Età dei figli affidati e tipo di affidamento,REF_AREA,nazionale,nazionale,1,2026-07-18
27_470,Divorzi -  Caratteristiche demografiche,REF_AREA,regione,nazionale|ripartizione|regione,28,2026-08-06
27_470_DF_DCIS_DIVORDEMCONG1_1,Divorzi - Caratteristiche demografiche - Principali dati,REF_AREA,regione,nazionale|ripartizione|regione,28,2026-07-18
27_470_DF_DCIS_DIVORDEMCONG1_2,Regione di nascita,REF_AREA,nazionale,nazionale,1,2026-07-18
27_470_DF_DCIS_DIVORDEMCONG1_3,Regione di residenza,REF_AREA,nazionale,nazionale,1,2026-07-18
27_470_DF_DCIS_DIVORDEMCONG1_4,Età al divorzio - coniugi,REF_AREA,nazionale,nazionale,1,2026-07-18
27_470_DF_DCIS_DIVORDEMCONG1_5,Età al divorzio - marito,REF_AREA,regione,nazionale|ripartizione|regione,28,2026-07-18
27_470_DF_DCIS_DIVORDEMCONG1_6,Età al divorzio - moglie,REF_AREA,regione,nazionale|ripartizione|regione,28,2026-07-18
27_470_DF_DCIS_DIVORDEMCONG1_7,Età al matrimonio e anno di matrimonio,REF_AREA,nazionale,nazionale,1,2026-08-06
27_470_DF_DCIS_DIVORDEMCONG1_8,Età al matrimonio - marito,REF_AREA,regione,nazionale|ripartizione|regione,28,2026-07-18
27_470_DF_DCIS_DIVORDEMCONG1_9,Età al matrimonio - moglie,REF_AREA,regione,nazionale|ripartizione|regione,28,2026-07-18
27_474,Separazioni -  Indicatori,REF_AREA,regione,nazionale|ripartizione|regione,28,2026-07-18
27_474_DF_DCIS_SEPARAZIND1_1,Procedimenti e separazioni,REF_AREA,regione,nazionale|ripartizione|regione,28,2026-07-18
27_474_DF_DCIS_SEPARAZIND1_2,Caratteristiche del matrimonio e della coppia,REF_AREA,regione,nazionale|ripartizione|regione,28,2026-07-18
27_474_DF_DCIS_SEPARAZIND1_3,Provvedimenti economici per il coniuge,REF_AREA,regione,nazionale|ripartizione|regione,28,2026-07-18
27_474_DF_DCIS_SEPARAZIND1_4,Provvedimenti economici per i figli,REF_AREA,regione,nazionale|ripartizione|regione,28,2026-07-18
27_474_DF_DCIS_SEPARAZIND1_5,Provvedimenti economici per i figli minori,REF_AREA,regione,nazionale|ripartizione|regione,28,2026-07-18
27_474_DF_DCIS_SEPARAZIND1_6,Assegnazione dell'abitazione,REF_AREA,regione,nazionale|ripartizione|regione,28,2026-07-18
27_475,Divorzi -  Caratteristiche socio-professionali,REF_AREA,regione,nazionale|ripartizione|regione,28,2026-07-18
27_475_DF_DCIS_DIVSOC1_1,Titolo di studio dei coniugi,REF_AREA,nazionale,nazionale,1,2026-07-18
27_475_DF_DCIS_DIVSOC1_2,Titolo di studio del marito,REF_AREA,regione,nazionale|ripartizione|regione,28,2026-07-18
27_475_DF_DCIS_DIVSOC1_3,Titolo di studio della moglie,REF_AREA,regione,nazionale|ripartizione|regione,28,2026-07-18
27_475_DF_DCIS_DIVSOC1_4,Condizione professionale dei coniugi,REF_AREA,nazionale,nazionale,1,2026-07-18
27_475_DF_DCIS_DIVSOC1_5,Posizione nella professione dei coniugi,REF_AREA,nazionale,nazionale,1,2026-07-18
27_731,Separazioni - caratteristiche e figli minori affidati 2008-2014,REF_AREA,regione,nazionale|ripartizione|regione,28,2026-07-18
27_731_DF_DCIS_SEPARAZFIG_1,Separazioni - caratteristiche e figli minori affidati 2008-2014 - Principali dati,REF_AREA,regione,nazionale|ripartizione|regione,28,2026-07-18
27_731_DF_DCIS_SEPARAZFIG_10,Età e numero di figli affidati,REF_AREA,nazionale,nazionale,1,2026-07-18
27_731_DF_DCIS_SEPARAZFIG_11,Età dei figli affidati,REF_AREA,regione,nazionale|ripartizione|regione,28,2026-07-18
27_731_DF_DCIS_SEPARAZFIG_12,Tipo di affidamento,REF_AREA,regione,nazionale|ripartizione|regione,28,2026-07-18
27_731_DF_DCIS_SEPARAZFIG_13,Numero di figli affidati,REF_AREA,regione,nazionale|ripartizione|regione,28,2026-07-18
27_731_DF_DCIS_SEPARAZFIG_2,Tipo di separazione giudiziale,REF_AREA,regione,nazionale|ripartizione|regione,28,2026-07-18
27_731_DF_DCIS_SEPARAZFIG_3,Modalità di esaurimento e rito di celebrazione del matrimonio,REF_AREA,regione,nazionale|ripartizione|regione,28,2026-07-18
27_731_DF_DCIS_SEPARAZFIG_4,Durata del matrimonio,REF_AREA,regione,nazionale|ripartizione|regione,28,2026-07-18
27_731_DF_DCIS_SEPARAZFIG_5,Anno di matrimonio e numero di figli,REF_AREA,nazionale,nazionale,1,2026-07-18
27_731_DF_DCIS_SEPARAZFIG_6,Anno di matrimonio e presenza di figli affidati,REF_AREA,nazionale,nazionale,1,2026-07-18
27_731_DF_DCIS_SEPARAZFIG_7,Presenza di figli affidati,REF_AREA,regione,nazionale|ripartizione|regione,28,2026-07-18
27_731_DF_DCIS_SEPARAZFIG_8,Anno di matrimonio,REF_AREA,nazionale,nazionale,1,2026-07-18
27_731_DF_DCIS_SEPARAZFIG_9,Età dei figli affidati e tipo di affidamento,REF_AREA,nazionale,nazionale,1,2026-07-18
27_748,Separazioni - Caratteristiche socio-professionali 2008-2014,REF_AREA,regione,nazionale|ripartizione|regione,28,2026-07-18
27_748_DF_DCIS_SEPARAZSOC_1,Titolo di studio dei coniugi,REF_AREA,nazionale,nazionale,1,2026-07-18
27_748_DF_DCIS_SEPARAZSOC_2,Titolo di studio del marito,REF_AREA,regione,nazionale|ripartizione|regione,28,2026-07-18
27_748_DF_DCIS_SEPARAZSOC_3,Titolo di studio della moglie,REF_AREA,regione,nazionale|ripartizione|regione,28,2026-07-18
27_748_DF_DCIS_SEPARAZSOC_4,Condizione professionale dei coniugi,REF_AREA,nazionale,nazionale,1,2026-07-18
27_748_DF_DCIS_SEPARAZSOC_5,Posizione nella professione dei coniugi,REF_AREA,nazionale,nazionale,1,2026-07-18
27_748_DF_DCIS_SEPARAZSOC_6,Separazioni - Caratteristiche socio-professionali 2008-2014 - Principali dati,REF_AREA,regione,nazionale|ripartizione|regione,28,2026-07-18
27_749,Divorzi - Caratteristiche socio-professionali 2008-2014,REF_AREA,regione,nazionale|ripartizione|regione,28,2026-07-18
27_749_DF_DCIS_DIVSOC_1,Titolo di studio dei coniugi,REF_AREA,nazionale,nazionale,1,2026-07-18
27_749_DF_DCIS_DIVSOC_2,Titolo di studio del marito,REF_AREA,regione,nazionale|ripartizione|regione,28,2026-07-18
27_749_DF_DCIS_DIVSOC_3,Titolo di studio della moglie,REF_AREA,regione,nazionale|ripartizione|regione,28,2026-07-18
27_749_DF_DCIS_DIVSOC_4,Condizione professionale dei coniugi,REF_AREA,nazionale,nazionale,1,2026-07-18
27_749_DF_DCIS_DIVSOC_5,Posizione nella professione dei coniugi,REF_AREA,nazionale,nazionale,1,2026-07-18
27_749_DF_DCIS_DIVSOC_6,Divorzi - Caratteristiche socio-professionali 2008-2014 - Principali dati,REF_AREA,regione,nazionale|ripartizione|regione,28,2026-07-18
27_814,Divorzi - Caratteristiche e figli minori affidati 2008-2014,REF_AREA,regione,nazionale|ripartizione|regione,28,2026-07-18
27_814_DF_DCIS_DIVFIG_1,Divorzi - Caratteristiche e figli minori affidati 2008-2014 - Principali dati,REF_AREA,regione,nazionale|ripartizione|regione,28,2026-07-18
27_814_DF_DCIS_DIVFIG_10,Coniuge che ha presentato la domanda di divorzio con rito giudiziale,REF_AREA,regione,nazionale|ripartizione|regione,28,2026-07-18
27_814_DF_DCIS_DIVFIG_11,Anno di matrimonio,REF_AREA,nazionale,nazionale,1,2026-07-18
27_814_DF_DCIS_DIVFIG_12,Età dei figli affidati e tipo di affidamento,REF_AREA,nazionale,nazionale,1,2026-07-18
27_814_DF_DCIS_DIVFIG_13,Età e numero di figli affidati,REF_AREA,nazionale,nazionale,1,2026-07-18
27_814_DF_DCIS_DIVFIG_14,Età dei figli affidati,REF_AREA,regione,nazionale|ripartizione|regione,28,2026-07-18
27_814_DF_DCIS_DIVFIG_15,Tipo di affidamento,REF_AREA,regione,nazionale|ripartizione|regione,28,2026-07-18
27_814_DF_DCIS_DIVFIG_16,Numero di figli affidati,REF_AREA,regione,nazionale|ripartizione|regione,28,2026-07-18
27_814_DF_DCIS_DIVFIG_2,Rito di esaurimento,REF_AREA,regione,nazionale|ripartizione|regione,28,2026-07-18
27_814_DF_DCIS_DIVFIG_3,Periodo intercorso tra la separazione e l'iscrizione a ruolo del procedimento,REF_AREA,regione,nazionale|ripartizione|regione,28,2026-07-18
27_814_DF_DCIS_DIVFIG_4,Durata del matrimonio,REF_AREA,regione,nazionale|ripartizione|regione,28,2026-07-18
27_814_DF_DCIS_DIVFIG_5,Anno di matrimonio e modalità di esaurimento,REF_AREA,nazionale,nazionale,1,2026-07-18
27_814_DF_DCIS_DIVFIG_6,Modalità di esaurimento,REF_AREA,regione,nazionale|ripartizione|regione,28,2026-07-18
27_814_DF_DCIS_DIVFIG_7,Anno di matrimonio e presenza di figli affidati,REF_AREA,nazionale,nazionale,1,2026-07-18
27_814_DF_DCIS_DIVFIG_8,Figli affidati,REF_AREA,regione,nazionale|ripartizione|regione,28,2026-07-18
27_814_DF_DCIS_DIVFIG_9,Anno di matrimonio e numero di figli,REF_AREA,nazionale,nazionale,1,2026-07-18
27_945,Divorzi - Caratteristiche e figli,REF_AREA,regione,nazionale|ripartizione|regione,28,2026-07-18
27_945_DF_DCIS_DIVFIG1_1,Rito di esaurimento e rito di celebrazione del matrimonio,REF_AREA,regione,nazionale|ripartizione|regione,28,2026-07-18
27_945_DF_DCIS_DIVFIG1_10,Età dei figli affidati e tipo di affidamento,REF_AREA,nazionale,nazionale,1,2026-07-18
27_945_DF_DCIS_DIVFIG1_11,Età e numero di figli affidati,REF_AREA,regione,nazionale|ripartizione|regione,28,2026-07-18
27_945_DF_DCIS_DIVFIG1_12,Età dei figli affidati,REF_AREA,regione,nazionale|ripartizione|regione,28,2026-07-18
27_945_DF_DCIS_DIVFIG1_13,Tipo di affidamento,REF_AREA,regione,nazionale|ripartizione|regione,28,2026-07-18
27_945_DF_DCIS_DIVFIG1_2,Periodo intercorso tra la separazione e l'iscrizione a ruolo del procedimento,REF_AREA,regione,nazionale|ripartizione|regione,28,2026-07-18
27_945_DF_DCIS_DIVFIG1_3,Durata del matrimonio,REF_AREA,regione,nazionale|ripartizione|regione,28,2026-08-06
27_945_DF_DCIS_DIVFIG1_4,Anno e rito di celebrazione del matrimonio,REF_AREA,nazionale,nazionale,1,2026-07-18
27_945_DF_DCIS_DIVFIG1_5,Anno di matrimonio e numero di figli,REF_AREA,regione,nazionale|ripartizione|regione,28,2026-07-18
27_945_DF_DCIS_DIVFIG1_6,Anno di matrimonio e presenza di figli affidati,REF_AREA,regione,nazionale|ripartizione|regione,28,2026-07-18
27_945_DF_DCIS_DIVFIG1_7,Presenza di figli affidati,REF_AREA,regione,nazionale|ripartizione|regione,28,2026-07-18
27_945_DF_DCIS_DIVFIG1_8,Coniuge che ha presentato la domanda di divorzio con rito giudiziale,REF_AREA,regione,nazionale|ripartizione|regione,28,2026-07-18
27_945_DF_DCIS_DIVFIG1_9,Anno di matrimonio,REF_AREA,nazionale,nazionale,1,2026-07-18
27_946,Divorzi  -  Indicatori,REF_AREA,regione,nazionale|ripartizione|regione,28,2026-07-18
27_946_DF_DCIS_DIVFIG1_14,Numero di figli affidati,REF_AREA,regione,nazionale|ripartizione|regione,28,2026-07-18
27_946_DF_DCIS_DIVORZIND1_1,Procedimenti e divorzi,REF_AREA,regione,nazionale|ripartizione|regione,28,2026-07-18
27_946_DF_DCIS_DIVORZIND1_2,Caratteristiche del matrimonio e della coppia,REF_AREA,regione,nazionale|ripartizione|regione,28,2026-07-18
27_946_DF_DCIS_DIVORZIND1_3,Provvedimenti economici per il coniuge,REF_AREA,regione,nazionale|ripartizione|regione,28,2026-07-18
27_946_DF_DCIS_DIVORZIND1_4,Provvedimenti economici per i figli,REF_AREA,regione,nazionale|ripartizione|regione,28,2026-07-18
27_946_DF_DCIS_DIVORZIND1_5,Provvedimenti economici per i figli minori,REF_AREA,regione,nazionale|ripartizione|regione,28,2026-07-18
27_946_DF_DCIS_DIVORZIND1_6,Assegnazione dell'abitazione,REF_AREA,regione,nazionale|ripartizione|regione,28,2026-07-18
284_103,Principali aggregati per branca di attività (Nace Rev.2) - edizioni ottobre 2011 - marzo 2014,REF_AREA,nazionale,nazionale,1,2026-08-06
284_104,Valori pro capite - edizioni ottobre 2011 - marzo 2014,REF_AREA,nazionale,nazionale,1,2026-07-18
284_159,Prodotto interno lordo e principali componenti - edizioni fino a marzo 2014,REF_AREA,nazionale,nazionale,1,2026-07-18
284_240,Spesa per consumi finali delle famiglie - edizioni fino a marzo 2014,REF_AREA,nazionale,nazionale,1,2026-08-06
284_249,Investimenti - edizioni fino a marzo 2014,REF_AREA,nazionale,nazionale,1,2026-08-06
284_252,Sequenza dei conti - edizioni fino a marzo 2014,REF_AREA,nazionale,nazionale,1,2026-07-18
284_302,"Investimenti fissi lordi, stock di capitale e ammortamenti per tipo di investimento e branca proprietaria (Nace Rev.2) - edizioni ottobre 2011 - marzo 2014",REF_AREA,nazionale,nazionale,1,2026-08-06
284_9,Occupazione regolare ed irregolare - edizioni ottobre 2011 - marzo 2014,REF_AREA,nazionale,nazionale,1,2026-08-06
285_245,Contributi alla crescita del PIL - edizioni fino ad agosto 2014,REF_AREA,nazionale,nazionale,1,2026-07-18
28_185,Migrazioni (Trasferimenti di residenza),REF_AREA,provincia,nazionale|ripartizione|regione|provincia,142,2026-08-06
28_185_DF_DCIS_MIGRAZIONI_1,Migrazioni interne  - Italiani e stranieri,REF_AREA,regione,nazionale|ripartizione|regione,30,2026-07-18
28_185_DF_DCIS_MIGRAZIONI_2,Immigrati - cittadinanza,REF_AREA,provincia,provincia,1,2026-07-18
28_185_DF_DCIS_MIGRAZIONI_4,Immigrati - province di destinazione,REF_AREA,provincia,provincia,1,2026-08-06
28_185_DF_DCIS_MIGRAZIONI_5,Emigrati - cittadinanza,REF_AREA,nazionale,nazionale,1,2026-07-18
28_185_DF_DCIS_MIGRAZIONI_6,Emigrati - paesi di destinazione,REF_AREA,nazionale,nazionale,1,2026-08-06
28_185_DF_DCIS_MIGRAZIONI_7,Emigrati - province di origine,REF_AREA,provincia,nazionale|ripartizione|regione|provincia,141,2026-08-06
29_316,Stranieri residenti - Bilancio,REF_AREA,comune,nazionale|ripartizione|regione|provincia|comune,8063,2026-08-06
29_316_DF_DCIS_POPSTRBIL1_1,"Italia, regioni, province",REF_AREA,provincia,nazionale|ripartizione|regione|provincia,134,2026-07-18
29_316_DF_DCIS_POPSTRBIL1_23,Tutti i comuni,REF_AREA,comune,nazionale|ripartizione|regione|provincia|comune,8063,2026-07-18
29_317_DF_DCIS_POPSTRCIT1_1,"Italia, regioni, province - Paese di cittadinanza",REF_AREA,provincia,nazionale|ripartizione|regione|provincia,134,2026-08-06
29_317_DF_DCIS_POPSTRCIT1_10,Emilia-Romagna,REF_AREA,comune,nazionale|ripartizione|regione|provincia|comune,348,2026-08-26
29_317_DF_DCIS_POPSTRCIT1_11,Toscana,REF_AREA,comune,nazionale|ripartizione|regione|provincia|comune,288,2026-08-26
29_317_DF_DCIS_POPSTRCIT1_12,Umbria,REF_AREA,comune,nazionale|ripartizione|regione|provincia|comune,97,2026-08-26
29_317_DF_DCIS_POPSTRCIT1_13,Marche,REF_AREA,comune,nazionale|ripartizione|regione|provincia|comune,238,2026-08-26
29_317_DF_DCIS_POPSTRCIT1_14,Lazio,REF_AREA,comune,nazionale|ripartizione|regione|provincia|comune,385,2026-08-26
29_317_DF_DCIS_POPSTRCIT1_16,Molise,REF_AREA,comune,nazionale|ripartizione|regione|provincia|comune,139,2026-08-06
29_317_DF_DCIS_POPSTRCIT1_17,Campania,REF_AREA,comune,nazionale|ripartizione|regione|provincia|comune,558,2026-08-26
29_317_DF_DCIS_POPSTRCIT1_18,Puglia,REF_AREA,comune,nazionale|ripartizione|regione|provincia|comune,268,2026-08-26
29_317_DF_DCIS_POPSTRCIT1_19,Basilicata,REF_AREA,comune,nazionale|ripartizione|regione|provincia|comune,136,2026-08-26
29_317_DF_DCIS_POPSTRCIT1_2,Piemonte,REF_AREA,comune,nazionale|ripartizione|regione|provincia|comune,1208,2026-08-19
29_317_DF_DCIS_POPSTRCIT1_20,Calabria,REF_AREA,comune,nazionale|ripartizione|regione|provincia|comune,412,2026-08-19
29_317_DF_DCIS_POPSTRCIT1_21,Sicilia,REF_AREA,comune,nazionale|ripartizione|regione|provincia|comune,403,2026-08-19
29_317_DF_DCIS_POPSTRCIT1_22,Sardegna,REF_AREA,comune,nazionale|ripartizione|regione|provincia|comune,383,2026-08-19
29_317_DF_DCIS_POPSTRCIT1_24,"Italia, regioni, province - Area geopolitica di cittadinanza",REF_AREA,provincia,nazionale|ripartizione|regione|provincia,134,2026-08-06
29_317_DF_DCIS_POPSTRCIT1_3,Valle d'Aosta/Vallée d'Aoste,REF_AREA,comune,nazionale|ripartizione|regione|provincia|comune,78,2026-08-19
29_317_DF_DCIS_POPSTRCIT1_4,Liguria,REF_AREA,comune,nazionale|ripartizione|regione|provincia|comune,240,2026-08-19
29_317_DF_DCIS_POPSTRCIT1_5,Lombardia,REF_AREA,comune,nazionale|ripartizione|regione|provincia|comune,1533,2026-08-19
29_317_DF_DCIS_POPSTRCIT1_6,Provincia Autonoma Bolzano/Bozen,REF_AREA,comune,nazionale|ripartizione|regione|provincia|comune,120,2026-08-19
29_317_DF_DCIS_POPSTRCIT1_7,Provincia Autonoma Trento,REF_AREA,comune,nazionale|ripartizione|regione|provincia|comune,184,2026-08-19
29_317_DF_DCIS_POPSTRCIT1_8,Veneto,REF_AREA,comune,nazionale|ripartizione|regione|provincia|comune,586,2026-08-19
29_317_DF_DCIS_POPSTRCIT1_9,Friuli-Venezia Giulia,REF_AREA,comune,nazionale|ripartizione|regione|provincia|comune,222,2026-08-19
29_348_DF_DCIS_PERMSOGG1_11,"Sesso, età, provincia",REF_AREA,provincia,nazionale|ripartizione|regione|provincia,131,2026-07-19
29_348_DF_DCIS_PERMSOGG1_4,Tipo di permesso e provincia,REF_AREA,provincia,nazionale|ripartizione|regione|provincia,131,2026-08-06
29_348_DF_DCIS_PERMSOGG1_5,Provincia e cittadinanza,REF_AREA,provincia,nazionale|ripartizione|regione|provincia,131,2026-08-06
29_348_DF_DCIS_PERMSOGG1_6,Provincia e classe di età,REF_AREA,provincia,nazionale|ripartizione|regione|provincia,131,2026-08-06
29_348_DF_DCIS_PERMSOGG1_7,Provincia e stato civile,REF_AREA,provincia,nazionale|ripartizione|regione|provincia,131,2026-07-19
29_348_DF_DCIS_PERMSOGG1_8,Cittadinanza e motivo del permesso,REF_AREA,provincia,nazionale|ripartizione|regione|provincia,131,2026-07-19
29_7_DF_DCIS_POPSTRRES1_10,Emilia-Romagna,REF_AREA,comune,nazionale|ripartizione|regione|provincia|comune,348,2026-08-15
29_7_DF_DCIS_POPSTRRES1_11,Toscana,REF_AREA,comune,nazionale|ripartizione|regione|provincia|comune,288,2026-08-15
29_7_DF_DCIS_POPSTRRES1_12,Umbria,REF_AREA,comune,nazionale|ripartizione|regione|provincia|comune,97,2026-08-15
29_7_DF_DCIS_POPSTRRES1_13,Marche,REF_AREA,comune,nazionale|ripartizione|regione|provincia|comune,238,2026-08-15
29_7_DF_DCIS_POPSTRRES1_14,Lazio,REF_AREA,comune,nazionale|ripartizione|regione|provincia|comune,386,2026-08-15
29_7_DF_DCIS_POPSTRRES1_15,Abruzzo,REF_AREA,comune,nazionale|ripartizione|regione|provincia|comune,312,2026-08-15
29_7_DF_DCIS_POPSTRRES1_16,Molise,REF_AREA,comune,nazionale|ripartizione|regione|provincia|comune,141,2026-08-15
29_7_DF_DCIS_POPSTRRES1_17,Campania,REF_AREA,comune,nazionale|ripartizione|regione|provincia|comune,558,2026-08-15
29_7_DF_DCIS_POPSTRRES1_18,Puglia,REF_AREA,comune,nazionale|ripartizione|regione|provincia|comune,268,2026-08-15
29_7_DF_DCIS_POPSTRRES1_19,Basilicata,REF_AREA,comune,nazionale|ripartizione|regione|provincia|comune,136,2026-08-15
29_7_DF_DCIS_POPSTRRES1_2,Piemonte,REF_AREA,comune,nazionale|ripartizione|regione|provincia|comune,1215,2026-08-15
29_7_DF_DCIS_POPSTRRES1_20,Calabria,REF_AREA,comune,nazionale|ripartizione|regione|provincia|comune,412,2026-08-15
29_7_DF_DCIS_POPSTRRES1_21,Sicilia,REF_AREA,comune,nazionale|ripartizione|regione|provincia|comune,403,2026-08-15
29_7_DF_DCIS_POPSTRRES1_22,Sardegna,REF_AREA,comune,nazionale|ripartizione|regione|provincia|comune,385,2026-08-15
29_7_DF_DCIS_POPSTRRES1_3,Valle d'Aosta/Vallée d'Aoste,REF_AREA,comune,nazionale|ripartizione|regione|provincia|comune,78,2026-08-15
29_7_DF_DCIS_POPSTRRES1_4,Liguria,REF_AREA,comune,nazionale|ripartizione|regione|provincia|comune,241,2026-08-15
29_7_DF_DCIS_POPSTRRES1_6,Provincia Autonoma Bolzano/Bozen,REF_AREA,comune,nazionale|ripartizione|regione|provincia|comune,120,2026-08-15
29_7_DF_DCIS_POPSTRRES1_7,Provincia Autonoma Trento,REF_AREA,comune,nazionale|ripartizione|regione|provincia|comune,184,2026-08-15
29_7_DF_DCIS_POPSTRRES1_8,Veneto,REF_AREA,comune,nazionale|ripartizione|regione|provincia|comune,586,2026-08-15
29_7_DF_DCIS_POPSTRRES1_9,Friuli-Venezia Giulia,REF_AREA,comune,nazionale|ripartizione|regione|provincia|comune,222,2026-08-15
29_849,Acquisizioni di cittadinanza,REF_AREA,provincia,nazionale|ripartizione|regione|provincia,138,2026-08-06
29_849_DF_DCIS_ACQCITIZ_2,Principali paesi di cittadinanza,REF_AREA,regione,nazionale|ripartizione|regione,28,2026-07-19
29_849_DF_DCIS_ACQCITIZ_3,Modalità di acquisizione,REF_AREA,regione,nazionale|ripartizione|regione,28,2026-07-19
29_849_DF_DCIS_ACQCITIZ_4,Sesso,REF_AREA,provincia,nazionale|ripartizione|regione|provincia,138,2026-07-19
29_956,Stranieri residenti e condizioni di vita,REF_AREA,regione,nazionale|ripartizione|regione,5,2026-08-06
29_956_DF_DCIS_CV_STRA_1,Cittadinanza ed età,REF_AREA,nazionale,nazionale,1,2026-08-15
29_956_DF_DCIS_CV_STRA_10,Lingua madre,REF_AREA,nazionale,nazionale,1,2026-08-15
29_956_DF_DCIS_CV_STRA_11,"Uso dell'italiano in famiglia e con amici, sesso ed età",REF_AREA,nazionale,nazionale,1,2026-08-15
29_956_DF_DCIS_CV_STRA_12,"Uso dell'italiano in famiglia e con amici, cittadinanza",REF_AREA,nazionale,nazionale,1,2026-08-15
29_956_DF_DCIS_CV_STRA_13,"Uso dell'italiano in famiglia e con amici, presenza in Italia",REF_AREA,nazionale,nazionale,1,2026-08-07
29_956_DF_DCIS_CV_STRA_14,"Uso dell'italiano in famiglia e con amici, tipologia familiare",REF_AREA,nazionale,nazionale,1,2026-08-07
29_956_DF_DCIS_CV_STRA_15,Uso dell'italiano dei cittadini stranieri in coppia,REF_AREA,nazionale,nazionale,1,2026-08-07
29_956_DF_DCIS_CV_STRA_16,"Uso dell'italiano al lavoro, sesso ed età",REF_AREA,nazionale,nazionale,1,2026-08-07
29_956_DF_DCIS_CV_STRA_17,Uso dell'italiano al lavoro e cittadinanza,REF_AREA,nazionale,nazionale,1,2026-08-07
29_956_DF_DCIS_CV_STRA_18,"Eventi discriminatori dichiarati, sesso ed età",REF_AREA,nazionale,nazionale,1,2026-08-07
29_956_DF_DCIS_CV_STRA_19,Eventi discriminatori dichiarati e cittadinanza,REF_AREA,nazionale,nazionale,1,2026-08-07
29_956_DF_DCIS_CV_STRA_2,Cittadinanza e presenza in Italia,REF_AREA,nazionale,nazionale,1,2026-08-07
29_956_DF_DCIS_CV_STRA_20,Eventi discriminatori dichiarati e titolo di studio,REF_AREA,nazionale,nazionale,1,2026-08-07
29_956_DF_DCIS_CV_STRA_21,Eventi discriminatori dichiarati e tipologia familiare,REF_AREA,nazionale,nazionale,1,2026-08-07
29_956_DF_DCIS_CV_STRA_22,Eventi discriminatori dichiarati dagli stranieri in coppia,REF_AREA,nazionale,nazionale,1,2026-08-07
29_956_DF_DCIS_CV_STRA_23,"Soddisfazione per vita e lavoro, sesso ed età",REF_AREA,nazionale,nazionale,1,2026-08-07
29_956_DF_DCIS_CV_STRA_24,"Soddisfazione per vita e lavoro, cittadinanza",REF_AREA,nazionale,nazionale,1,2026-08-07
29_956_DF_DCIS_CV_STRA_25,"Grado di soddisfazione, sesso ed età",REF_AREA,regione,nazionale|ripartizione|regione,5,2026-08-07
29_956_DF_DCIS_CV_STRA_26,Grado di soddisfazione e cittadinanza,REF_AREA,regione,nazionale|ripartizione|regione,5,2026-08-07
29_956_DF_DCIS_CV_STRA_27,Grado di soddisfazione e presenza in Italia,REF_AREA,regione,nazionale|ripartizione|regione,5,2026-08-07
29_956_DF_DCIS_CV_STRA_28,"Grado di soddisfazione, titolo di studio e condizione occupazionale",REF_AREA,regione,nazionale|ripartizione|regione,5,2026-08-07
29_956_DF_DCIS_CV_STRA_29,Grado di soddisfazione e tipologia familiare,REF_AREA,regione,nazionale|ripartizione|regione,5,2026-08-07
29_956_DF_DCIS_CV_STRA_3,Sesso e presenza in Italia,REF_AREA,regione,nazionale|ripartizione|regione,5,2026-08-07
29_956_DF_DCIS_CV_STRA_30,Grado di soddisfazione dei cittadini stranieri in coppia,REF_AREA,regione,nazionale|ripartizione|regione,5,2026-08-07
29_956_DF_DCIS_CV_STRA_31,Grado di soddisfazione ed eventi discriminatori dichiarati,REF_AREA,regione,nazionale|ripartizione|regione,5,2026-08-07
29_956_DF_DCIS_CV_STRA_4,Sesso e titolo di studio,REF_AREA,regione,nazionale|ripartizione|regione,5,2026-08-07
29_956_DF_DCIS_CV_STRA_5,"Tipologia familiare, cittadinanza e sesso",REF_AREA,regione,nazionale|ripartizione|regione,5,2026-08-07
29_956_DF_DCIS_CV_STRA_6,Tipologia familiare e presenza in Italia,REF_AREA,nazionale,nazionale,1,2026-08-07
29_956_DF_DCIS_CV_STRA_7,Famiglie con stranieri,REF_AREA,regione,nazionale|ripartizione|regione,5,2026-08-07
29_956_DF_DCIS_CV_STRA_8,Coppie con stranieri,REF_AREA,regione,nazionale|ripartizione|regione,5,2026-08-07
29_956_DF_DCIS_CV_STRA_9,Età media degli stranieri in coppia,REF_AREA,nazionale,nazionale,1,2026-08-07
2_505,Sequence of accounts - editions from September 2019 to March 2024,REF_AREA,nazionale,nazionale,1,2026-08-07
2_505_DF_DCCN_SQCN_B19_1,Sequenza dei conti - edizioni settembre 2019 - marzo 2024,REF_AREA,nazionale,nazionale,1,2026-08-07
2_506,Prodotto interno lordo e principali componenti - edizioni settembre 2019 - marzo 2024,REF_AREA,nazionale,nazionale,1,2026-08-07
2_506_DF_DCCN_PILN_B19_1,Prodotto interno lordo e principali componenti - edizioni settembre 2019 - marzo 2024,REF_AREA,nazionale,nazionale,1,2026-08-07
2_507,Occupazione regolare e irregolare per branca di attività e popolazione - edizioni settembre 2019 - marzo 2024,REF_AREA,nazionale,nazionale,1,2026-08-07
2_507_DF_DCCN_OCCNSEC2010_B19_1,"Occupati, unità di lavoro, posizioni lavorative e ore lavorate - edizioni settembre 2019 - marzo 2024",REF_AREA,nazionale,nazionale,1,2026-08-15
2_507_DF_DCCN_OCCNSEC2010_B19_2,Tassi di irregolarità - edizioni settembre 2019 - marzo 2024,REF_AREA,nazionale,nazionale,1,2026-08-07
2_507_DF_DCCN_OCCNSEC2010_B19_3,Popolazione media annua - edizioni settembre 2019 - marzo 2024,REF_AREA,nazionale,nazionale,1,2026-08-07
30_1008,Reddito delle persone fisiche (Irpef)  - comuni,REF_AREA,comune,nazionale|ripartizione|regione|provincia|comune,8475,2026-08-07
30_1008_DF_MEF_REDDITIIRPEF_COM_1,Contribuenti e principali categorie di reddito,REF_AREA,comune,nazionale|ripartizione|regione|provincia|comune,11557,2026-08-07
30_1008_DF_MEF_REDDITIIRPEF_COM_2,Contribuenti e reddito complessivo per classi di importo,REF_AREA,comune,nazionale|ripartizione|regione|provincia|comune,11578,2026-08-07
30_264,Fiducia dei consumatori,REF_AREA,regione,nazionale|ripartizione|regione,5,2026-08-07
30_264_DF_DCSC_FIDCONS_1,Climi grezzi (base 2021=100) - Climi grezzi e destagionalizzati (base 2010=100) - livello nazionale e ripartizionale,REF_AREA,regione,nazionale|ripartizione|regione,5,2026-08-07
30_264_DF_DCSC_FIDCONS_10,Climi grezzi e destagionalizzati - livello nazionale e ripartizionale (base 2010=100),REF_AREA,regione,nazionale|ripartizione|regione,5,2026-08-07
30_264_DF_DCSC_FIDCONS_11,Saldi mensili grezzi e destagionalizzati - livello nazionale e ripartizionale,REF_AREA,regione,nazionale|ripartizione|regione,5,2026-08-07
30_264_DF_DCSC_FIDCONS_12,Saldi mensili grezzi per classi di età,REF_AREA,nazionale,nazionale,1,2026-08-07
30_264_DF_DCSC_FIDCONS_13,Saldi mensili grezzi per sesso,REF_AREA,nazionale,nazionale,1,2026-08-07
30_264_DF_DCSC_FIDCONS_14,Saldi mensili grezzi per livello di istruzione,REF_AREA,nazionale,nazionale,1,2026-08-07
30_264_DF_DCSC_FIDCONS_15,Saldi mensili grezzi per condizione professionale,REF_AREA,nazionale,nazionale,1,2026-08-07
30_264_DF_DCSC_FIDCONS_16,Domande mensili grezze - livello nazionale,REF_AREA,nazionale,nazionale,1,2026-08-07
30_264_DF_DCSC_FIDCONS_17,Previsioni di spesa - saldi e domande trimestrali grezzi da gennaio 2006 - livello nazionale,REF_AREA,nazionale,nazionale,1,2026-08-07
30_264_DF_DCSC_FIDCONS_18,Previsioni di spesa - saldi e domande mensili grezzi fino a dicembre 2005 - livello nazionale,REF_AREA,nazionale,nazionale,1,2026-08-07
30_264_DF_DCSC_FIDCONS_2,Saldi mensili grezzi - livello nazionale e ripartizionale,REF_AREA,regione,nazionale|ripartizione|regione,5,2026-08-07
30_264_DF_DCSC_FIDCONS_3,Saldi mensili grezzi per classi di età,REF_AREA,nazionale,nazionale,1,2026-08-07
30_264_DF_DCSC_FIDCONS_4,Saldi mensili grezzi per sesso,REF_AREA,nazionale,nazionale,1,2026-08-07
30_264_DF_DCSC_FIDCONS_5,Saldi mensili grezzi per livello di istruzione,REF_AREA,nazionale,nazionale,1,2026-08-07
30_264_DF_DCSC_FIDCONS_6,Saldi mensili grezzi per condizione professionale,REF_AREA,nazionale,nazionale,1,2026-08-07
30_264_DF_DCSC_FIDCONS_7,Domande mensili grezze - livello nazionale,REF_AREA,nazionale,nazionale,1,2026-08-07
30_264_DF_DCSC_FIDCONS_8,Previsioni di spesa - saldi e domande trimestrali grezzi da gennaio 2006 - livello nazionale,REF_AREA,nazionale,nazionale,1,2026-08-07
30_264_DF_DCSC_FIDCONS_9,Previsioni di spesa - saldi e domande mensili grezzi da gen 1998 fino a dic 2005 - livello nazionale,REF_AREA,nazionale,nazionale,1,2026-08-07
31_124,Spesa media mensile familiare,REF_AREA,regione,nazionale|ripartizione|regione,28,2026-08-07
31_124_DF_DCCV_SPEMMFAM_1,Tipo di Spesa,REF_AREA,ripartizione,nazionale|ripartizione,6,2026-08-07
31_124_DF_DCCV_SPEMMFAM_2,Ampiezza della famiglia,REF_AREA,ripartizione,nazionale|ripartizione,6,2026-08-07
31_124_DF_DCCV_SPEMMFAM_3,Tipologia familiare,REF_AREA,ripartizione,nazionale|ripartizione,6,2026-08-07
31_124_DF_DCCV_SPEMMFAM_4,Condizione professionale della persona di riferimento,REF_AREA,ripartizione,nazionale|ripartizione,6,2026-08-07
31_124_DF_DCCV_SPEMMFAM_5,Regioni,REF_AREA,regione,nazionale|ripartizione|regione,28,2026-08-07
31_163,Comportamento di spesa delle famiglia,REF_AREA,ripartizione,nazionale|ripartizione,6,2026-08-07
31_163_DF_DCCV_FAMCOMPORT_1,Cambiamenti nelle abitudini di spesa,REF_AREA,ripartizione,nazionale|ripartizione,6,2026-08-07
31_199,Omogeneità della spesa per consumi regionale,REF_AREA,regione,nazionale|ripartizione|regione,28,2026-08-07
31_199_DF_DCCV_INDCONSUMI_1,Regioni,REF_AREA,regione,nazionale|ripartizione|regione,28,2026-08-07
31_199_DF_DCCV_INDCONSUMI_2,Ampiezza della famiglia,REF_AREA,nazionale,nazionale,1,2026-08-07
31_199_DF_DCCV_INDCONSUMI_3,Tipologia familiare,REF_AREA,nazionale,nazionale,1,2026-08-07
31_199_DF_DCCV_INDCONSUMI_4,Condizione professionale della persona di riferimento,REF_AREA,nazionale,nazionale,1,2026-08-07
31_206,Quinto di spesa della famiglia,REF_AREA,regione,nazionale|ripartizione|regione,28,2026-08-07
31_206_DF_DCCV_SPQUINTO_1,Regioni,REF_AREA,regione,nazionale|ripartizione|regione,28,2026-08-07
31_206_DF_DCCV_SPQUINTO_2,Ampiezza della famiglia,REF_AREA,nazionale,nazionale,1,2026-08-07
31_206_DF_DCCV_SPQUINTO_3,Tipologia familiare,REF_AREA,nazionale,nazionale,1,2026-08-07
31_206_DF_DCCV_SPQUINTO_4,Condizione professionale della persona di riferimento,REF_AREA,nazionale,nazionale,1,2026-08-07
31_213,famiglie che hanno effettuato la spesa per alcune voci di spesa,REF_AREA,ripartizione,nazionale|ripartizione,6,2026-08-07
31_213_DF_DCCV_SPEFFCOMP_1,Famiglie e tipo di consumi,REF_AREA,ripartizione,nazionale|ripartizione,6,2026-08-07
31_214,Dettaglio della spesa effettiva,REF_AREA,ripartizione,nazionale|ripartizione,6,2026-08-07
31_214_DF_DCCV_SPEFFDETT_1,Spesa media mensile e tipologia di acquisti,REF_AREA,ripartizione,nazionale|ripartizione,6,2026-08-07
31_739,Spese per consumi,REF_AREA,regione,nazionale|ripartizione|regione,33,2026-08-07
31_739_DF_DCCV_SPEMEFAM_1,Cambiamenti nelle abitudini di spesa (2018-2021),REF_AREA,ripartizione,nazionale|ripartizione,6,2026-08-07
31_739_DF_DCCV_SPEMEFAM_10,Condizione professionale della persona di riferimento,REF_AREA,nazionale,nazionale,1,2026-08-07
31_739_DF_DCCV_SPEMEFAM_11,Regioni e tipo di comune,REF_AREA,regione,nazionale|ripartizione|regione,28,2026-08-07
31_739_DF_DCCV_SPEMEFAM_2,Cambiamenti nelle abitudini di spesa (2014-2017),REF_AREA,ripartizione,nazionale|ripartizione,6,2026-08-07
31_739_DF_DCCV_SPEMEFAM_3,Ampiezza della famiglia,REF_AREA,regione,nazionale|ripartizione|regione,30,2026-08-15
31_739_DF_DCCV_SPEMEFAM_4,Tipologia familiare,REF_AREA,regione,nazionale|ripartizione|regione,4,2026-08-07
31_739_DF_DCCV_SPEMEFAM_5,Titolo di studio della persona di riferimento,REF_AREA,nazionale,nazionale,1,2026-08-07
31_739_DF_DCCV_SPEMEFAM_6,Condizione professionale della persona di riferimento,REF_AREA,regione,nazionale|ripartizione|regione,4,2026-08-07
31_739_DF_DCCV_SPEMEFAM_7,Quantili di spesa,REF_AREA,nazionale,nazionale,1,2026-08-07
31_739_DF_DCCV_SPEMEFAM_8,Voce di spesa (ECoicop),REF_AREA,regione,nazionale|ripartizione|regione,33,2026-08-15
31_739_DF_DCCV_SPEMEFAM_9,Ampiezza e tipologia familiare,REF_AREA,nazionale,nazionale,1,2026-08-07
31_740,Spese per consumi - Coicop 2018,REF_AREA,regione,nazionale|ripartizione|regione,33,2026-08-07
31_740_DF_DCCV_SPEMEFAM_COICOP_2018_1,Cambiamenti nelle abitudini di spesa (dal 2018),REF_AREA,ripartizione,nazionale|ripartizione,6,2026-08-07
31_740_DF_DCCV_SPEMEFAM_COICOP_2018_10,Condizione professionale della persona di riferimento,REF_AREA,nazionale,nazionale,1,2026-08-07
31_740_DF_DCCV_SPEMEFAM_COICOP_2018_11,Regioni e tipo di comune,REF_AREA,regione,nazionale|ripartizione|regione,28,2026-08-07
31_740_DF_DCCV_SPEMEFAM_COICOP_2018_2,Cambiamenti nelle abitudini di spesa (2014-2017),REF_AREA,ripartizione,nazionale|ripartizione,6,2026-08-07
31_740_DF_DCCV_SPEMEFAM_COICOP_2018_3,Ampiezza della famiglia,REF_AREA,regione,nazionale|ripartizione|regione,30,2026-08-15
31_740_DF_DCCV_SPEMEFAM_COICOP_2018_4,Tipologia familiare,REF_AREA,regione,nazionale|ripartizione|regione,4,2026-08-15
31_740_DF_DCCV_SPEMEFAM_COICOP_2018_5,Titolo di studio della persona di riferimento,REF_AREA,nazionale,nazionale,1,2026-08-07
31_740_DF_DCCV_SPEMEFAM_COICOP_2018_6,Condizione professionale della persona di riferimento,REF_AREA,regione,nazionale|ripartizione|regione,4,2026-08-19
31_740_DF_DCCV_SPEMEFAM_COICOP_2018_7,Quantili di spesa,REF_AREA,nazionale,nazionale,1,2026-08-07
31_740_DF_DCCV_SPEMEFAM_COICOP_2018_8,Voce di spesa (Coicop 2018),REF_AREA,regione,nazionale|ripartizione|regione,33,2026-08-19
31_740_DF_DCCV_SPEMEFAM_COICOP_2018_9,Ampiezza e tipologia familiare,REF_AREA,nazionale,nazionale,1,2026-08-07
32_221,Omogeneità del reddito regionale,REF_AREA,regione,nazionale|ripartizione|regione,28,2026-08-07
32_221_DF_DCCV_GINIREDD_1,Omogeneità del reddito regionale,REF_AREA,regione,nazionale|ripartizione|regione,28,2026-08-07
32_223,Famiglie per fonte di reddito,REF_AREA,regione,nazionale|ripartizione|regione,36,2026-08-07
32_223_DF_DCCV_FONTEPRED_1,Ampiezza della famiglia,REF_AREA,nazionale,nazionale,1,2026-08-07
32_223_DF_DCCV_FONTEPRED_2,Tipologia familiare,REF_AREA,nazionale,nazionale,1,2026-08-07
32_223_DF_DCCV_FONTEPRED_3,Minori e anziani in famiglia,REF_AREA,nazionale,nazionale,1,2026-08-07
32_223_DF_DCCV_FONTEPRED_4,Sesso ed età del principale percettore,REF_AREA,nazionale,nazionale,1,2026-08-07
32_223_DF_DCCV_FONTEPRED_5,Titolo di studio e condizione professionale del principale percettore,REF_AREA,nazionale,nazionale,1,2026-08-07
32_223_DF_DCCV_FONTEPRED_6,Regioni e tipo di comune,REF_AREA,regione,nazionale|ripartizione|regione,36,2026-08-07
32_292,Reddito netto,REF_AREA,regione,nazionale|ripartizione|regione,36,2026-08-07
32_292_DF_DCCV_REDNETFAMFONTERED_1,Ampiezza della famiglia,REF_AREA,ripartizione,nazionale|ripartizione,6,2026-08-07
32_292_DF_DCCV_REDNETFAMFONTERED_2,Tipologia familiare,REF_AREA,ripartizione,nazionale|ripartizione,6,2026-08-07
32_292_DF_DCCV_REDNETFAMFONTERED_3,Minori in famiglia,REF_AREA,ripartizione,nazionale|ripartizione,6,2026-08-07
32_292_DF_DCCV_REDNETFAMFONTERED_4,Anziani in famiglia,REF_AREA,regione,nazionale|ripartizione|regione,36,2026-08-07
32_292_DF_DCCV_REDNETFAMFONTERED_5,Sesso del principale percettore,REF_AREA,ripartizione,nazionale|ripartizione,6,2026-08-07
32_292_DF_DCCV_REDNETFAMFONTERED_6,Classe di età del principale percettore,REF_AREA,ripartizione,nazionale|ripartizione,6,2026-08-07
32_292_DF_DCCV_REDNETFAMFONTERED_7,Titolo di studio del principale percettore,REF_AREA,ripartizione,nazionale|ripartizione,6,2026-08-07
32_292_DF_DCCV_REDNETFAMFONTERED_8,Condizione professionale del principale percettore,REF_AREA,ripartizione,nazionale|ripartizione,6,2026-08-07
32_292_DF_DCCV_REDNETFAMFONTERED_9,Regioni e tipo di comune,REF_AREA,regione,nazionale|ripartizione|regione,36,2026-08-07
32_38,Quinto di reddito equivalente,REF_AREA,regione,nazionale|ripartizione|regione,27,2026-08-07
32_38_DF_DCCV_QUINTOREDD_1,Ampiezza della famiglia,REF_AREA,nazionale,nazionale,1,2026-07-20
32_38_DF_DCCV_QUINTOREDD_2,Tipologia familiare,REF_AREA,nazionale,nazionale,1,2026-07-20
32_38_DF_DCCV_QUINTOREDD_3,Minori e anziani in famiglia,REF_AREA,nazionale,nazionale,1,2026-07-20
32_38_DF_DCCV_QUINTOREDD_4,Sesso e età del principale percettore,REF_AREA,nazionale,nazionale,1,2026-07-20
32_38_DF_DCCV_QUINTOREDD_5,Titolo di studio e condizione professionale del principale percettore,REF_AREA,nazionale,nazionale,1,2026-07-20
32_38_DF_DCCV_QUINTOREDD_6,Regioni,REF_AREA,regione,nazionale|ripartizione|regione,27,2026-07-20
33_179,Affollamento nell'abitazione,REF_AREA,regione,nazionale|ripartizione|regione,36,2026-07-20
33_179_DF_DCCV_ABITAFFOLL_1,Ampiezza della famiglia e tipologia familiare,REF_AREA,nazionale,nazionale,1,2026-07-20
33_179_DF_DCCV_ABITAFFOLL_2,Minori e anziani in famiglia,REF_AREA,nazionale,nazionale,1,2026-07-20
33_179_DF_DCCV_ABITAFFOLL_3,Sesso e età del principale percettore,REF_AREA,nazionale,nazionale,1,2026-07-20
33_179_DF_DCCV_ABITAFFOLL_4,Titolo di studio e condizione professionale del principale percettore,REF_AREA,nazionale,nazionale,1,2026-07-20
33_179_DF_DCCV_ABITAFFOLL_5,Livello del reddito e abitazione in affitto o di proprietà,REF_AREA,nazionale,nazionale,1,2026-07-20
33_179_DF_DCCV_ABITAFFOLL_6,Regioni e tipo di comune,REF_AREA,regione,nazionale|ripartizione|regione,36,2026-07-20
33_225,Spesa per l'abitazione,REF_AREA,regione,nazionale|ripartizione|regione,36,2026-08-07
33_225_DF_DCCV_ABITSPESA_1,Abitazione in affitto o di proprietà,REF_AREA,nazionale,nazionale,1,2026-07-20
33_225_DF_DCCV_ABITSPESA_2,Ampiezza della famiglia e tipologia familiare,REF_AREA,nazionale,nazionale,1,2026-07-20
33_225_DF_DCCV_ABITSPESA_3,Minori e anziani in famiglia,REF_AREA,nazionale,nazionale,1,2026-07-20
33_225_DF_DCCV_ABITSPESA_4,Sesso e età del principale percettore,REF_AREA,nazionale,nazionale,1,2026-07-20
33_225_DF_DCCV_ABITSPESA_5,Titolo di studio e condizione professionale del principale percettore,REF_AREA,nazionale,nazionale,1,2026-07-20
33_225_DF_DCCV_ABITSPESA_6,Regioni e tipo di comune,REF_AREA,regione,nazionale|ripartizione|regione,36,2026-07-20
33_290,Titolo di godimento dell'abitazione (in affitto o di proprietà),REF_AREA,regione,nazionale|ripartizione|regione,36,2026-08-07
33_290_DF_DCCV_TITGODABIT_1,Ampiezza della famiglia e tipologia familiare,REF_AREA,nazionale,nazionale,1,2026-07-20
33_290_DF_DCCV_TITGODABIT_2,Minori e anziani in famiglia,REF_AREA,nazionale,nazionale,1,2026-07-20
33_290_DF_DCCV_TITGODABIT_3,Sesso e età del principale percettore,REF_AREA,nazionale,nazionale,1,2026-07-20
33_290_DF_DCCV_TITGODABIT_4,Titolo di studio e condizione professionale del principale percettore,REF_AREA,nazionale,nazionale,1,2026-07-20
33_290_DF_DCCV_TITGODABIT_5,Livello di reddito (Quinto di reddito equivalente),REF_AREA,nazionale,nazionale,1,2026-07-20
33_290_DF_DCCV_TITGODABIT_6,Regioni e tipo di comune,REF_AREA,regione,nazionale|ripartizione|regione,36,2026-07-20
33_291,"Inquinamento, criminalità e rumore nella zona in cui si vive",REF_AREA,regione,nazionale|ripartizione|regione,36,2026-07-20
33_291_DF_DCCV_PROBLZONRES_2_6,Regioni e tipo di comune,REF_AREA,regione,nazionale|ripartizione|regione,36,2026-07-20
33_350,Spesa per l'abitazione delle famiglie con componenti stranieri,REF_AREA,ripartizione,nazionale|ripartizione,6,2026-07-20
33_350_DF_DCCV_ABITSPESA_STRA_1,Spesa per l'abitazione delle famiglie con componenti stranieri,REF_AREA,ripartizione,nazionale|ripartizione,6,2026-07-20
33_4,"Abitazione danneggiata, umida o poco luminosa",REF_AREA,regione,nazionale|ripartizione|regione,36,2026-07-20
33_4_DF_DCCV_ABITPROBL_1,Ampiezza della famiglia e tipologia familiare,REF_AREA,nazionale,nazionale,1,2026-07-20
33_4_DF_DCCV_ABITPROBL_2,Minori e anziani in famiglia,REF_AREA,nazionale,nazionale,1,2026-07-20
33_4_DF_DCCV_ABITPROBL_3,Sesso e età del principale percettore,REF_AREA,nazionale,nazionale,1,2026-07-20
33_4_DF_DCCV_ABITPROBL_4,Titolo di studio e condizione professionale del principale percettore,REF_AREA,nazionale,nazionale,1,2026-07-20
33_4_DF_DCCV_ABITPROBL_5,Livello del reddito e abitazione in affitto o di proprietà,REF_AREA,nazionale,nazionale,1,2026-07-20
33_4_DF_DCCV_ABITPROBL_6,Regioni e tipo di comune,REF_AREA,regione,nazionale|ripartizione|regione,36,2026-07-20
34_178,Incidenza di povertà assoluta familiare,REF_AREA,nazionale,nazionale,1,2026-07-20
34_198,Incidenza di povertà relativa familiare,REF_AREA,regione,nazionale|ripartizione|regione,30,2026-07-20
34_201,Indicatori di povertà assoluta,REF_AREA,regione,nazionale|ripartizione|regione,4,2026-07-20
34_201_DF_DCCV_INDPOVASS_1,Indicatori di povertà assoluta,REF_AREA,regione,nazionale|ripartizione|regione,4,2026-07-20
34_202,Indicatori di povertà relativa,REF_AREA,regione,nazionale|ripartizione|regione,4,2026-07-20
34_202_DF_DCCV_INDPOVREL_1,Indicatori di povertà relativa,REF_AREA,regione,nazionale|ripartizione|regione,4,2026-07-20
34_204,Intensità di povertà assoluta familiare,REF_AREA,regione,nazionale|ripartizione|regione,4,2026-07-20
34_204_DF_DCCV_INTPOVAFAM_1,Intensità di povertà assoluta familiare,REF_AREA,regione,nazionale|ripartizione|regione,4,2026-07-20
34_205,Intensità di povertà relativa familiare,REF_AREA,regione,nazionale|ripartizione|regione,4,2026-07-20
34_205_DF_DCCV_INTPOVRFAM_1,Intensità di povertà relativa familiare,REF_AREA,regione,nazionale|ripartizione|regione,4,2026-07-20
34_211,Soglia di povertà assoluta,REF_AREA,regione,nazionale|ripartizione|regione,28,2026-07-20
34_211_DF_DCCV_SOGLIAPOVA_1,Soglia di povertà assoluta,REF_AREA,regione,nazionale|ripartizione|regione,4,2026-07-20
34_211_DF_DCCV_SOGLIAPOVA_2,Soglia di povertà assoluta,REF_AREA,regione,nazionale|ripartizione|regione,26,2026-07-20
34_212,Soglia di povertà relativa,REF_AREA,nazionale,nazionale,1,2026-07-20
34_212_DF_DCCV_SOGLIAPOVR_1,Soglia di povertà relativa,REF_AREA,nazionale,nazionale,1,2026-07-20
34_215,Famiglie con pagamenti arretrati,REF_AREA,ripartizione,nazionale|ripartizione,15,2026-07-20
34_215_DF_DCCV_ARRETRATI_1,Ampiezza della famiglia,REF_AREA,nazionale,nazionale,1,2026-07-20
34_215_DF_DCCV_ARRETRATI_2,Tipologia familiare,REF_AREA,nazionale,nazionale,1,2026-07-20
34_215_DF_DCCV_ARRETRATI_3,Minori e anziani in famiglia,REF_AREA,nazionale,nazionale,1,2026-07-20
34_215_DF_DCCV_ARRETRATI_4,Sesso ed età del principale percettore,REF_AREA,nazionale,nazionale,1,2026-07-20
34_215_DF_DCCV_ARRETRATI_5,Titolo di studio e condizione professionale del principale percettore,REF_AREA,nazionale,nazionale,1,2026-07-20
34_215_DF_DCCV_ARRETRATI_6,Ripartizioni e tipo di comune,REF_AREA,ripartizione,nazionale|ripartizione,15,2026-07-20
34_216,Famiglie che non riescono  a risparmiare o a far fronte a spese impreviste,REF_AREA,regione,nazionale|ripartizione|regione,36,2026-07-20
34_216_DF_DCCV_IMPREV_1,Ampiezza della famiglia,REF_AREA,nazionale,nazionale,1,2026-07-20
34_216_DF_DCCV_IMPREV_2,Tipologia familiare,REF_AREA,nazionale,nazionale,1,2026-07-20
34_216_DF_DCCV_IMPREV_3,Minori e anziani in famiglia,REF_AREA,nazionale,nazionale,1,2026-07-20
34_216_DF_DCCV_IMPREV_4,Sesso ed età del principale percettore,REF_AREA,nazionale,nazionale,1,2026-07-20
34_216_DF_DCCV_IMPREV_5,Titolo di studio e condizione professionale del principale percettore,REF_AREA,nazionale,nazionale,1,2026-07-20
34_216_DF_DCCV_IMPREV_6,"Ripartizioni, regioni e tipo di comune",REF_AREA,regione,nazionale|ripartizione|regione,36,2026-07-20
34_217,Famiglie che considerano un carico pesante alcune spese per l'abitazione o il rimborso di debiti,REF_AREA,ripartizione,nazionale|ripartizione,15,2026-07-20
34_217_DF_DCCV_CARICOPES_1,Ampiezza della famiglia,REF_AREA,nazionale,nazionale,1,2026-07-20
34_217_DF_DCCV_CARICOPES_2,Tipologia familiare,REF_AREA,nazionale,nazionale,1,2026-07-20
34_217_DF_DCCV_CARICOPES_3,Minori e anziani in famiglia,REF_AREA,nazionale,nazionale,1,2026-07-20
34_217_DF_DCCV_CARICOPES_4,Sesso ed età del principale percettore,REF_AREA,nazionale,nazionale,1,2026-07-20
34_217_DF_DCCV_CARICOPES_5,Titolo di studio e condizione professionale del principale percettore,REF_AREA,nazionale,nazionale,1,2026-07-20
34_217_DF_DCCV_CARICOPES_6,Ripartizioni e tipo di comune,REF_AREA,ripartizione,nazionale|ripartizione,15,2026-07-20
34_218,Famiglie che non possono permettersi alcuni beni durevoli,REF_AREA,ripartizione,nazionale|ripartizione,15,2026-08-07
34_218_DF_DCCV_DIFFBENDUR_1,Ampiezza della famiglia,REF_AREA,nazionale,nazionale,1,2026-07-20
34_218_DF_DCCV_DIFFBENDUR_2,Tipologia familiare,REF_AREA,nazionale,nazionale,1,2026-07-20
34_218_DF_DCCV_DIFFBENDUR_3,Minori e anziani in famiglia,REF_AREA,nazionale,nazionale,1,2026-07-20
34_218_DF_DCCV_DIFFBENDUR_4,Sesso ed età del principale percettore,REF_AREA,nazionale,nazionale,1,2026-07-20
34_218_DF_DCCV_DIFFBENDUR_5,Titolo di studio e condizione professionale del principale percettore,REF_AREA,nazionale,nazionale,1,2026-07-20
34_218_DF_DCCV_DIFFBENDUR_6,Ripartizioni e tipo di comune,REF_AREA,ripartizione,nazionale|ripartizione,15,2026-07-20
34_219,Famiglie che hanno  difficoltà nel pagamento di alcune spese,REF_AREA,ripartizione,nazionale|ripartizione,15,2026-07-20
34_219_DF_DCCV_NOSOLDI_1,Ampiezza della famiglia,REF_AREA,nazionale,nazionale,1,2026-07-20
34_219_DF_DCCV_NOSOLDI_2,Tipologia familiare,REF_AREA,nazionale,nazionale,1,2026-07-20
34_219_DF_DCCV_NOSOLDI_3,Minori e anziani in famiglia,REF_AREA,nazionale,nazionale,1,2026-07-20
34_219_DF_DCCV_NOSOLDI_4,Sesso ed età del principale percettore,REF_AREA,nazionale,nazionale,1,2026-07-20
34_219_DF_DCCV_NOSOLDI_5,Titolo di studio e condizione professionale del principale percettore,REF_AREA,nazionale,nazionale,1,2026-07-20
34_219_DF_DCCV_NOSOLDI_6,Ripartizioni e tipo di comune,REF_AREA,ripartizione,nazionale|ripartizione,15,2026-07-20
34_220,Famiglie per reddito minimo per arrivare a fine mese senza difficoltà,REF_AREA,ripartizione,nazionale|ripartizione,15,2026-08-07
34_220_DF_DCCV_REDDFINMES_1,Ampiezza della famiglia,REF_AREA,nazionale,nazionale,1,2026-07-20
34_220_DF_DCCV_REDDFINMES_2,Tipologia familiare,REF_AREA,nazionale,nazionale,1,2026-07-20
34_220_DF_DCCV_REDDFINMES_3,Minori e anziani in famiglia,REF_AREA,nazionale,nazionale,1,2026-07-20
34_220_DF_DCCV_REDDFINMES_4,Sesso ed età del principale percettore,REF_AREA,nazionale,nazionale,1,2026-07-20
34_220_DF_DCCV_REDDFINMES_5,Titolo di studio e condizione professionale del principale percettore,REF_AREA,nazionale,nazionale,1,2026-07-20
34_220_DF_DCCV_REDDFINMES_6,Ripartizioni e tipo di comune,REF_AREA,ripartizione,nazionale|ripartizione,15,2026-07-20
34_226,Famiglie per capacità di arrivare a fine mese,REF_AREA,regione,nazionale|ripartizione|regione,36,2026-07-20
34_226_DF_PERCEPIT_1,Ampiezza della famiglia,REF_AREA,nazionale,nazionale,1,2026-07-20
34_226_DF_PERCEPIT_2,Tipologia familiare,REF_AREA,nazionale,nazionale,1,2026-07-20
34_226_DF_PERCEPIT_3,Minori e anziani in famiglia,REF_AREA,nazionale,nazionale,1,2026-07-20
34_226_DF_PERCEPIT_4,Sesso ed età del principale percettore,REF_AREA,nazionale,nazionale,1,2026-07-20
34_226_DF_PERCEPIT_5,Titolo di studio e condizione professionale del principale percettore,REF_AREA,nazionale,nazionale,1,2026-07-20
34_226_DF_PERCEPIT_6,"Ripartizioni, regioni e tipo di comune",REF_AREA,regione,nazionale|ripartizione|regione,36,2026-07-20
34_280,Famiglie che non possono permettersi alcune spese,REF_AREA,ripartizione,nazionale|ripartizione,15,2026-08-07
34_280_DF_DCCV_FAMNOVOCISPESA_1,Ampiezza della famiglia,REF_AREA,nazionale,nazionale,1,2026-08-07
34_280_DF_DCCV_FAMNOVOCISPESA_2,Tipologia familiare,REF_AREA,nazionale,nazionale,1,2026-07-20
34_280_DF_DCCV_FAMNOVOCISPESA_3,Minori e anziani in famiglia,REF_AREA,nazionale,nazionale,1,2026-07-20
34_280_DF_DCCV_FAMNOVOCISPESA_4,Sesso ed età del principale percettore,REF_AREA,nazionale,nazionale,1,2026-07-20
34_280_DF_DCCV_FAMNOVOCISPESA_5,Titolo di studio e condizione professionale del principale percettore,REF_AREA,nazionale,nazionale,1,2026-07-20
34_280_DF_DCCV_FAMNOVOCISPESA_6,Ripartizioni e tipo di comune,REF_AREA,ripartizione,nazionale|ripartizione,15,2026-07-20
34_727,Povertà nuove serie,REF_AREA,regione,nazionale|ripartizione|regione,42,2026-07-20
34_727_DF_DCCV_POVERTA_1,Principali indicatori,REF_AREA,regione,nazionale|ripartizione|regione,8,2026-07-20
34_727_DF_DCCV_POVERTA_10,Individui poveri - regione di residenza,REF_AREA,regione,nazionale|ripartizione|regione,30,2026-07-20
34_727_DF_DCCV_POVERTA_11,Linee e soglie di povertà relativa,REF_AREA,nazionale,nazionale,1,2026-07-20
34_727_DF_DCCV_POVERTA_2,Famiglie povere - ampiezza della famiglia,REF_AREA,regione,nazionale|ripartizione|regione,4,2026-08-07
34_727_DF_DCCV_POVERTA_3,Famiglie povere - tipologia familiare,REF_AREA,regione,nazionale|ripartizione|regione,4,2026-07-20
34_727_DF_DCCV_POVERTA_4,Famiglie povere - età della persona di riferimento,REF_AREA,regione,nazionale|ripartizione|regione,4,2026-07-20
34_727_DF_DCCV_POVERTA_5,Famiglie povere - condizione professionale della persona di riferimento,REF_AREA,regione,nazionale|ripartizione|regione,4,2026-07-20
34_727_DF_DCCV_POVERTA_6,Famiglie povere - titolo di studio della persona di riferimento,REF_AREA,regione,nazionale|ripartizione|regione,4,2026-07-20
34_727_DF_DCCV_POVERTA_7,Famiglie povere - tipo comune di residenza,REF_AREA,regione,nazionale|ripartizione|regione,16,2026-07-20
34_727_DF_DCCV_POVERTA_8,Famiglie povere - regione di residenza,REF_AREA,regione,nazionale|ripartizione|regione,30,2026-07-20
34_727_DF_DCCV_POVERTA_9,Individui poveri - sesso ed età,REF_AREA,nazionale,nazionale,1,2026-07-20
34_728,Povertà serie interrotte - 1997-2021,REF_AREA,regione,nazionale|ripartizione|regione,42,2026-07-20
34_728_DF_DCCV_POVERTA_BRKN1_1,Famiglie povere - caratteristiche socio-demografiche,REF_AREA,regione,nazionale|ripartizione|regione,8,2026-08-07
34_728_DF_DCCV_POVERTA_BRKN1_2,Famiglie povere - regione di residenza,REF_AREA,regione,nazionale|ripartizione|regione,30,2026-08-07
34_728_DF_DCCV_POVERTA_BRKN1_3,Famiglie povere - tipo comune di residenza,REF_AREA,regione,nazionale|ripartizione|regione,16,2026-07-20
34_728_DF_DCCV_POVERTA_BRKN1_4,Individui poveri - regione di residenza,REF_AREA,regione,nazionale|ripartizione|regione,30,2026-08-07
34_728_DF_DCCV_POVERTA_BRKN1_5,Individui poveri - sesso ed età,REF_AREA,nazionale,nazionale,1,2026-07-20
34_728_DF_DCCV_POVERTA_BRKN1_6,Linee e soglie di povertà relativa,REF_AREA,nazionale,nazionale,1,2026-08-07
34_728_DF_DCCV_POVERTA_BRKN1_7,Principali indicatori,REF_AREA,regione,nazionale|ripartizione|regione,8,2026-07-20
392_584,Dottorati - caratteristiche socio-demografiche e curriculum,REF_AREA,nazionale,nazionale,1,2026-07-20
392_585,Dottorati - retribuzione e orario di lavoro,REF_AREA,nazionale,nazionale,1,2026-07-20
392_585,Dottorati - retribuzione e orario di lavoro,RESIDENCE_TERR,provincia,nazionale|ripartizione|provincia,3,2026-07-20
392_585_DF_DCCV_TRANSIZ_DOTT_REDDITO_1,Retribuzioni per residenza e area disciplinare,RESIDENCE_TERR,provincia,nazionale|ripartizione|provincia,3,2026-07-20
392_586,Dottorati - mobilità territoriale,REF_AREA,nazionale,nazionale,1,2026-07-20
392_636,Dottorati - condizione occupazionale,REF_AREA,nazionale,nazionale,1,2026-07-20
392_636,Dottorati - condizione occupazionale,RESIDENCE_TERR,provincia,nazionale|ripartizione|provincia,8,2026-07-20
392_636_DF_DCCV_TRANSIZ_DOTT_OCCUPAZ_1,"Condizione occupazionale, sesso, residenza",RESIDENCE_TERR,provincia,nazionale|ripartizione|provincia,8,2026-07-20
392_708,Dottorati - ricerca di lavoro e soddisfazione,REF_AREA,nazionale,nazionale,1,2026-07-20
395_344,Sequenza dei conti trimestrali per settore istituzionale - Conti versione 2011,REF_AREA,nazionale,nazionale,1,2026-08-07
396_61,Reddito disponibile delle famiglie nelle regioni italiane - edizione ottobre 2010,REF_AREA,regione,nazionale|ripartizione|regione,29,2026-08-07
39_1005,Suicidi - popolazione di 15 anni e oltre,RESIDENCE_TERR,provincia,nazionale|ripartizione|regione|provincia,33,2026-07-20
39_1005_DF_DCIS_SUICIDI_1,Suicidi - popolazione di 15 anni e oltre - Principali dati,RESIDENCE_TERR,provincia,nazionale|ripartizione|regione|provincia,33,2026-07-20
39_1005_DF_DCIS_SUICIDI_2,Sesso ed età,RESIDENCE_TERR,provincia,nazionale|ripartizione|regione|provincia,9,2026-07-20
39_1005_DF_DCIS_SUICIDI_3,Malattie associate,RESIDENCE_TERR,provincia,nazionale|ripartizione|regione|provincia,9,2026-08-07
39_1005_DF_DCIS_SUICIDI_4,Modalità del suicidio,RESIDENCE_TERR,provincia,nazionale|ripartizione|regione|provincia,9,2026-07-20
39_1005_DF_DCIS_SUICIDI_6,Istruzione,RESIDENCE_TERR,provincia,nazionale|ripartizione|regione|provincia,9,2026-07-20
39_1005_DF_DCIS_SUICIDI_7,Stato civile,RESIDENCE_TERR,provincia,nazionale|ripartizione|regione|provincia,9,2026-08-07
39_1005_DF_DCIS_SUICIDI_8,Mese del decesso,RESIDENCE_TERR,provincia,nazionale|ripartizione|regione|provincia,33,2026-07-20
39_1_DF_DCIS_IND_MORT_EDU_1,Indicatori di mortalità per causa e titolo di studio,REF_AREA,regione,nazionale|ripartizione|regione,27,2026-07-20
39_493_DF_DCIS_CMORTE1_EV_1,Causa - prov.,REF_AREA,provincia,nazionale|ripartizione|regione|provincia,139,2026-08-07
39_493_DF_DCIS_CMORTE1_EV_2,Causa ed età,REF_AREA,ripartizione,nazionale|ripartizione,6,2026-07-20
39_493_DF_DCIS_CMORTE1_EV_3,Causa e paese di cittadinanza,REF_AREA,ripartizione,nazionale|ripartizione,6,2026-08-19
39_493_DF_DCIS_CMORTE1_EV_4,Età e paese di cittadinanza,REF_AREA,provincia,nazionale|ripartizione|regione|provincia,139,2026-08-19
39_493_DF_DCIS_CMORTE1_EV_5,"Istruzione, stato civile e mese di decesso",REF_AREA,comune,nazionale|ripartizione|regione|provincia|comune,11576,2026-07-20
39_493_DF_DCIS_CMORTE1_EV_6,Anno di nascita,REF_AREA,provincia,nazionale|ripartizione|regione|provincia,139,2026-08-19
39_494_DF_DCIS_CMORTE1_RES_1,Causa - prov.,REF_AREA,provincia,nazionale|ripartizione|regione|provincia,142,2026-08-07
39_494_DF_DCIS_CMORTE1_RES_2,Causa ed età,REF_AREA,provincia,nazionale|ripartizione|regione|provincia,142,2026-08-07
39_494_DF_DCIS_CMORTE1_RES_3,Causa e paese di cittadinanza,REF_AREA,provincia,provincia,1,2026-08-07
39_494_DF_DCIS_CMORTE1_RES_4,Età e paese di cittadinanza,REF_AREA,provincia,nazionale|ripartizione|regione|provincia,142,2026-08-19
39_494_DF_DCIS_CMORTE1_RES_5,"Istruzione, stato civile e mese di decesso",REF_AREA,comune,nazionale|ripartizione|regione|provincia|comune,11576,2026-08-07
39_494_DF_DCIS_CMORTE1_RES_6,Anno di nascita,REF_AREA,comune,nazionale|ripartizione|regione|provincia|comune,11576,2026-08-07
39_494_DF_DCIS_CMORTE1_RES_7,Anno di matrimonio ed età del coniuge,REF_AREA,comune,nazionale|ripartizione|regione|provincia|comune,11576,2026-08-07
39_494_DF_DCIS_CMORTE1_RES_8,Quozienti di mortalità - prov.,REF_AREA,provincia,nazionale|ripartizione|regione|provincia,142,2026-08-07
39_57,Cause multiple di morte,REF_AREA,provincia,nazionale|ripartizione|regione|provincia,31,2026-08-19
39_57_DF_DCIS_CMORTEM_1,Rapporto tra causa iniziale e causa multipla di morte,REF_AREA,provincia,nazionale|ripartizione|regione|provincia,31,2026-08-07
39_57_DF_DCIS_CMORTEM_2,Numero di patologie per causa iniziale di morte,REF_AREA,provincia,nazionale|ripartizione|regione|provincia,31,2026-08-07
39_57_DF_DCIS_CMORTEM_3,Numero di menzioni per causa multipla di morte,REF_AREA,provincia,nazionale|ripartizione|regione|provincia,31,2026-08-07
39_57_DF_DCIS_CMORTEM_4,Mortalità infantile - rapporto tra causa iniziale e causa multipla,REF_AREA,provincia,nazionale|ripartizione|regione|provincia,31,2026-08-07
39_57_DF_DCIS_CMORTEM_5,Mortalità infantile - numero di menzioni per causa multipla di morte,REF_AREA,provincia,nazionale|ripartizione|regione|provincia,31,2026-08-07
39_700,Mortalità infantile per territorio di evento,REF_AREA,provincia,nazionale|ripartizione|regione|provincia,138,2026-08-15
39_700_DF_DCIS_CMORTEINF2_EV_1,Causa ed età,REF_AREA,nazionale,nazionale,1,2026-08-15
39_700_DF_DCIS_CMORTEINF2_EV_2,Causa e cittadinanza della madre,REF_AREA,nazionale,nazionale,1,2026-08-07
39_700_DF_DCIS_CMORTEINF2_EV_3,"Età, istruzione ed età della madre, filiazione e mese di decesso - prov.",REF_AREA,provincia,nazionale|ripartizione|regione|provincia,138,2026-08-15
39_700_DF_DCIS_CMORTEINF2_EV_4,Cittadinanza della madre - prov.,REF_AREA,provincia,nazionale|ripartizione|regione|provincia,138,2026-08-07
39_701,Mortalità infantile per territorio di residenza,REF_AREA,provincia,nazionale|ripartizione|regione|provincia,142,2026-08-15
39_701_DF_DCIS_CMORTEINF2_RES_1,Causa,REF_AREA,nazionale,nazionale,1,2026-08-07
39_701_DF_DCIS_CMORTEINF2_RES_2,"Età, istruzione ed età della madre, filiazione e mese di decesso - prov.",REF_AREA,provincia,nazionale|ripartizione|regione|provincia,142,2026-08-15
39_701_DF_DCIS_CMORTEINF2_RES_3,Cittadinanza della madre - prov.,REF_AREA,provincia,nazionale|ripartizione|regione|provincia,142,2026-08-07
39_701_DF_DCIS_CMORTEINF2_RES_4,Quozienti di mortalità infantile - prov.,REF_AREA,provincia,nazionale|ripartizione|regione|provincia,142,2026-08-07
3_156,Conto economico delle risorse e degli impieghi e contributi alla crescita del Pil - edizioni ottobre 2019 - settembre 2024,REF_AREA,nazionale,nazionale,1,2026-08-07
3_156_DF_DCCN_SQCQ_B19_1,Conto economico delle risorse e degli impieghi - edizioni ottobre 2019 - settembre 2024,REF_AREA,nazionale,nazionale,1,2026-08-07
3_156_DF_DCCN_SQCQ_B19_2,Contributi alla crescita del PIL - edizioni ottobre 2019 - settembre 2024,REF_AREA,nazionale,nazionale,1,2026-08-07
3_156_DF_DCCN_SQCQ_B19_3,Prodotto interno lordo e variazioni (stima preliminare) - edizioni ottobre 2019 - settembre 2024,REF_AREA,nazionale,nazionale,1,2026-08-07
3_48_DF_DCCN_VAAGSIPET_B19_1,Produzione e valore aggiunto ai prezzi base - edizioni maggio 2020 - giugno 2024,REF_AREA,regione,nazionale|ripartizione|regione,28,2026-08-07
3_48_DF_DCCN_VAAGSIPET_B19_2,Prodotti e voci di costo - edizioni maggio 2020 - giugno 2024,REF_AREA,regione,nazionale|ripartizione|regione,28,2026-08-15
41_269_1,Incidenti stradali con lesioni alle persone (Lazio),REF_AREA,provincia,nazionale|ripartizione|regione|provincia,8,2026-08-15
41_269_DF_DCIS_INCIDENTISTR1_1,Incidenti stradali con lesioni alle persone,REF_AREA,comune,nazionale|ripartizione|regione|provincia|comune,11565,2026-08-07
41_270_DF_DCIS_MORTIFERITISTR1_1,Morti e feriti in incidenti stradali,REF_AREA,provincia,nazionale|ripartizione|regione|provincia,179,2026-08-07
41_270_DF_DCIS_MORTIFERITISTR1_1_1,dataflow eliminato,REF_AREA,provincia,nazionale|ripartizione|regione|provincia,179,2026-08-07
41_270_DF_DCIS_MORTIFERITISTR1_TS1_1,"Morti e feriti in incidenti stradali - Anni 2001, 2002, 2003",REF_AREA,provincia,nazionale|ripartizione|regione|provincia,179,2026-08-07
41_270_DF_DCIS_MORTIFERITISTR1_TS2_1,"Morti e feriti in incidenti stradali - Anni 2004, 2005, 2006",REF_AREA,provincia,nazionale|ripartizione|regione|provincia,179,2026-08-07
41_270_DF_DCIS_MORTIFERITISTR1_TS3_1,"Morti e feriti in incidenti stradali - Anni 2007, 2008, 2009",REF_AREA,provincia,nazionale|ripartizione|regione|provincia,179,2026-08-07
41_271,Veicoli coinvolti in incidenti stradali,REF_AREA,provincia,nazionale|ripartizione|regione|provincia,139,2026-08-15
41_271_DF_DCIS_VEICOLIINCID1_1,Veicoli coinvolti in incidenti stradali,REF_AREA,provincia,nazionale|ripartizione|regione|provincia,139,2026-08-15
41_287,Indicatori di incidentalità stradale,REF_AREA,provincia,nazionale|ripartizione|regione|provincia,139,2026-08-07
41_287_DF_DCIS_INDINCIDENT_1,Indice di mortalità,REF_AREA,provincia,nazionale|ripartizione|regione|provincia,139,2026-08-07
41_287_DF_DCIS_INDINCIDENT_2,Indice di lesività,REF_AREA,provincia,nazionale|ripartizione|regione|provincia,139,2026-08-07
41_288,Veicoli - Pubblico registro automobilistico,REF_AREA,provincia,nazionale|ripartizione|regione|provincia,141,2026-08-07
41_288_DF_DCIS_VEICOLIPRA_1,Veicoli - Pubblico registro automobilistico,REF_AREA,provincia,nazionale|ripartizione|regione|provincia,141,2026-08-07
41_983,"Incidenti, morti e feriti - comuni",REF_AREA,comune,nazionale|ripartizione|regione|provincia|comune,8716,2026-08-15
41_983_DF_DCIS_INCIDMORFER_COM_1,"Incidenti, morti e feriti - comuni",REF_AREA,comune,nazionale|ripartizione|regione|provincia|comune,8716,2026-08-07
41_993,Veicoli - Pubblico registro automobilistico - comuni,REF_AREA,comune,nazionale|ripartizione|regione|provincia|comune,8636,2026-08-15
41_993_DCIS_VEICOLIPRA_COM_1,Veicoli - Pubblico registro automobilistico - comuni,REF_AREA,comune,nazionale|ripartizione|regione|provincia|comune,8636,2026-08-07
42_1108,Interruzioni volontarie della gravidanza caratteristiche dell'evento,REF_AREA,provincia,nazionale|ripartizione|regione|provincia,142,2026-08-15
42_1108_DF_DCIS_IVG_CARATTEV1_1,"Tipo di intervento, terapia antalgica e settimane di amenorrea",REF_AREA,nazionale,nazionale,1,2026-08-07
42_1108_DF_DCIS_IVG_CARATTEV1_10,Luogo di aborto - prov.,REF_AREA,provincia,nazionale|ripartizione|regione|provincia,142,2026-08-07
42_1108_DF_DCIS_IVG_CARATTEV1_11,Tipo di complicazione - prov.,REF_AREA,provincia,nazionale|ripartizione|regione|provincia,142,2026-08-07
42_1108_DF_DCIS_IVG_CARATTEV1_12,Presenza di malformazioni fetali - prov.,REF_AREA,provincia,nazionale|ripartizione|regione|provincia,142,2026-08-07
42_1108_DF_DCIS_IVG_CARATTEV1_2,"Tipo di intervento, terapia antalgica ed età gestazionale",REF_AREA,nazionale,nazionale,1,2026-08-07
42_1108_DF_DCIS_IVG_CARATTEV1_3,Tipo di intervento - prov.,REF_AREA,provincia,nazionale|ripartizione|regione|provincia,142,2026-08-07
42_1108_DF_DCIS_IVG_CARATTEV1_4,Terapia antalgica - prov.,REF_AREA,provincia,nazionale|ripartizione|regione|provincia,142,2026-08-08
42_1108_DF_DCIS_IVG_CARATTEV1_5,Settimane di amenorrea - prov.,REF_AREA,provincia,nazionale|ripartizione|regione|provincia,142,2026-08-08
42_1108_DF_DCIS_IVG_CARATTEV1_6,Età gestazionale - prov.,REF_AREA,provincia,nazionale|ripartizione|regione|provincia,142,2026-08-08
42_1108_DF_DCIS_IVG_CARATTEV1_7,Istituzione che ha rilasciato la certificazione - prov.,REF_AREA,provincia,nazionale|ripartizione|regione|provincia,142,2026-08-15
42_1108_DF_DCIS_IVG_CARATTEV1_8,Giorni di attesa tra certificazione e intervento - prov.,REF_AREA,provincia,nazionale|ripartizione|regione|provincia,142,2026-08-08
42_1108_DF_DCIS_IVG_CARATTEV1_9,Livello di urgenza - prov.,REF_AREA,provincia,nazionale|ripartizione|regione|provincia,142,2026-08-08
42_210,Interruzioni volontarie della gravidanza - Migrazione,RESIDENCE_TERR,provincia,nazionale|ripartizione|regione|provincia,144,2026-08-08
42_210_DF_DCIS_IVG_MIGRAZIONE_1,Indicatori di emigrazione,RESIDENCE_TERR,provincia,nazionale|ripartizione|regione|provincia,141,2026-08-08
42_210_DF_DCIS_IVG_MIGRAZIONE_2,Indicatori di immigrazione,RESIDENCE_TERR,provincia,nazionale|ripartizione|regione|provincia,136,2026-08-08
42_210_DF_DCIS_IVG_MIGRAZIONE_3,Eventi per regione di residenza della donna e regione di intervento,RESIDENCE_TERR,provincia,nazionale|ripartizione|regione|provincia,33,2026-08-08
42_320,Aborti spontanei - dimissioni rispetto al luogo di nascita della donna,REF_AREA,provincia,nazionale|ripartizione|regione|provincia,143,2026-08-08
42_320_DF_DCIS_ABORTISPONTN_1,Aborti spontanei - dimissioni rispetto al luogo di nascita della donna,REF_AREA,provincia,nazionale|ripartizione|regione|provincia,143,2026-08-08
42_324,Aborti spontanei - dimissioni rispetto al luogo di residenza della donna,REF_AREA,provincia,nazionale|ripartizione|regione|provincia,144,2026-08-15
42_324_DF_DCIS_ABORTISPONTR_1,Età e settimane di amenorrea,REF_AREA,nazionale,nazionale,1,2026-08-08
42_324_DF_DCIS_ABORTISPONTR_10,Stato civile - prov.,REF_AREA,provincia,nazionale|ripartizione|regione|provincia,144,2026-08-08
42_324_DF_DCIS_ABORTISPONTR_11,Titolo di studio - prov.,REF_AREA,provincia,nazionale|ripartizione|regione|provincia,144,2026-08-08
42_324_DF_DCIS_ABORTISPONTR_12,Condizione professionale - prov.,REF_AREA,provincia,nazionale|ripartizione|regione|provincia,144,2026-08-08
42_324_DF_DCIS_ABORTISPONTR_13,Storia riproduttiva della donna e numerosità dell'evento - prov.,REF_AREA,provincia,nazionale|ripartizione|regione|provincia,144,2026-08-15
42_324_DF_DCIS_ABORTISPONTR_14,Utilizzo di tecniche di procreazione medicalmente assistita - prov.,REF_AREA,provincia,nazionale|ripartizione|regione|provincia,144,2026-08-08
42_324_DF_DCIS_ABORTISPONTR_15,Metodo di procreazione medicalmente assistita - prov.,REF_AREA,provincia,nazionale|ripartizione|regione|provincia,144,2026-08-15
42_324_DF_DCIS_ABORTISPONTR_16,Numero medio settimane di amenorrea - prov.,REF_AREA,provincia,nazionale|ripartizione|regione|provincia,144,2026-08-08
42_324_DF_DCIS_ABORTISPONTR_17,Età media della donna - prov.,REF_AREA,provincia,nazionale|ripartizione|regione|provincia,144,2026-08-08
42_324_DF_DCIS_ABORTISPONTR_2,"Età, stato civile e titolo di studio",REF_AREA,nazionale,nazionale,1,2026-08-08
42_324_DF_DCIS_ABORTISPONTR_3,Età e condizione professionale,REF_AREA,nazionale,nazionale,1,2026-08-08
42_324_DF_DCIS_ABORTISPONTR_4,"Età, storia riproduttiva della donna e numerosità dell'evento",REF_AREA,nazionale,nazionale,1,2026-08-08
42_324_DF_DCIS_ABORTISPONTR_5,Numero medio di settimane di amenorrea,REF_AREA,nazionale,nazionale,1,2026-08-08
42_324_DF_DCIS_ABORTISPONTR_6,Tassi e rapporti,REF_AREA,regione,nazionale|ripartizione|regione,30,2026-08-08
42_324_DF_DCIS_ABORTISPONTR_7,"Tassi e rapporti standardizzati, tasso di abortività spontanea totale",REF_AREA,regione,nazionale|ripartizione|regione,30,2026-08-08
42_324_DF_DCIS_ABORTISPONTR_8,Età - prov.,REF_AREA,provincia,nazionale|ripartizione|regione|provincia,144,2026-08-15
42_324_DF_DCIS_ABORTISPONTR_9,Settimane di amenorrea - prov.,REF_AREA,provincia,nazionale|ripartizione|regione|provincia,144,2026-08-08
42_325,Aborti spontanei - dimissioni rispetto al luogo dell'evento,REF_AREA,provincia,nazionale|ripartizione|regione|provincia,142,2026-08-15
42_325,Aborti spontanei - dimissioni rispetto al luogo dell'evento,RESIDENCE_TERR,provincia,nazionale|ripartizione|regione|provincia,31,2026-08-15
42_325_DF_DCIS_ABORTISPONTL_1,Età e paese di cittadinanza della donna,REF_AREA,nazionale,nazionale,1,2026-08-08
42_325_DF_DCIS_ABORTISPONTL_10,Paese di cittadinanza della donna - prov.,REF_AREA,provincia,nazionale|ripartizione|regione|provincia,142,2026-08-15
42_325_DF_DCIS_ABORTISPONTL_11,Tipo di intervento - prov.,REF_AREA,provincia,nazionale|ripartizione|regione|provincia,142,2026-08-08
42_325_DF_DCIS_ABORTISPONTL_12,Terapia antalgica - prov.,REF_AREA,provincia,nazionale|ripartizione|regione|provincia,142,2026-08-15
42_325_DF_DCIS_ABORTISPONTL_13,Tipo di complicazione - prov.,REF_AREA,provincia,nazionale|ripartizione|regione|provincia,142,2026-08-15
42_325_DF_DCIS_ABORTISPONTL_14,Utilizzo di tecniche di procreazione medicalmente assistita - prov.,REF_AREA,provincia,nazionale|ripartizione|regione|provincia,142,2026-08-15
42_325_DF_DCIS_ABORTISPONTL_15,Metodo di procreazione medicalmente assistita - prov.,REF_AREA,provincia,nazionale|ripartizione|regione|provincia,142,2026-08-08
42_325_DF_DCIS_ABORTISPONTL_16,Luogo di aborto - prov.,REF_AREA,provincia,nazionale|ripartizione|regione|provincia,142,2026-08-15
42_325_DF_DCIS_ABORTISPONTL_2,Età della donna e settimana di amenorrea,REF_AREA,nazionale,nazionale,1,2026-08-08
42_325_DF_DCIS_ABORTISPONTL_3,Età della donna e utilizzo di tecniche di procreazione medicalmente assistita,REF_AREA,nazionale,nazionale,1,2026-08-08
42_325_DF_DCIS_ABORTISPONTL_4,Età della donna e metodo di procreazione medicalmente assistita,REF_AREA,nazionale,nazionale,1,2026-08-08
42_325_DF_DCIS_ABORTISPONTL_5,"Tipo di intervento, di complicazione e settimana di amenorrea",REF_AREA,nazionale,nazionale,1,2026-08-08
42_325_DF_DCIS_ABORTISPONTL_6,Degenza media per tipo intervento e settimane di amenorrea,REF_AREA,nazionale,nazionale,1,2026-08-08
42_325_DF_DCIS_ABORTISPONTL_7,Regione di residenza della donna,REF_AREA,regione,nazionale|ripartizione|regione,30,2026-08-08
42_325_DF_DCIS_ABORTISPONTL_7,Regione di residenza della donna,RESIDENCE_TERR,provincia,nazionale|ripartizione|regione|provincia,31,2026-08-08
42_325_DF_DCIS_ABORTISPONTL_8,Degenza media e tipo di complicazione,REF_AREA,nazionale,nazionale,1,2026-08-08
42_325_DF_DCIS_ABORTISPONTL_9,Età della donna - prov.,REF_AREA,provincia,nazionale|ripartizione|regione|provincia,142,2026-08-15
42_70,Interruzioni volontarie della gravidanza - caratteristiche della donna,RESIDENCE_TERR,provincia,nazionale|ripartizione|regione|provincia,144,2026-08-15
42_70_DF_DCIS_IVG_CARATTDON_10,Età - prov. di nascita,RESIDENCE_TERR,provincia,nazionale|provincia,2,2026-08-08
42_70_DF_DCIS_IVG_CARATTDON_11,Età - prov. di residenza,RESIDENCE_TERR,provincia,nazionale|ripartizione|regione|provincia,144,2026-08-15
42_70_DF_DCIS_IVG_CARATTDON_12,Minorenni per assenso - prov. di residenza,RESIDENCE_TERR,provincia,nazionale|ripartizione|regione|provincia,143,2026-08-08
42_70_DF_DCIS_IVG_CARATTDON_13,Età delle donne con cittadinanza straniera - prov. di residenza,RESIDENCE_TERR,provincia,nazionale|ripartizione|regione|provincia,143,2026-08-15
42_70_DF_DCIS_IVG_CARATTDON_14,Paese di cittadinanza - prov. di residenza,RESIDENCE_TERR,nazionale,nazionale,1,2026-08-15
42_70_DF_DCIS_IVG_CARATTDON_15,Stato civile - prov. di residenza,RESIDENCE_TERR,provincia,nazionale|ripartizione|regione|provincia,143,2026-08-15
42_70_DF_DCIS_IVG_CARATTDON_16,Titolo di studio - prov. di residenza,RESIDENCE_TERR,provincia,nazionale|ripartizione|regione|provincia,144,2026-08-15
42_70_DF_DCIS_IVG_CARATTDON_17,Condizione professionale - prov. di residenza,RESIDENCE_TERR,provincia,nazionale|ripartizione|regione|provincia,144,2026-08-15
42_70_DF_DCIS_IVG_CARATTDON_18,Storia riproduttiva - prov. di residenza,RESIDENCE_TERR,provincia,nazionale|ripartizione|regione|provincia,143,2026-08-08
42_70_DF_DCIS_IVG_CARATTDON_3,"Età, stato civile e titolo di studio",RESIDENCE_TERR,nazionale,nazionale,1,2026-08-08
42_70_DF_DCIS_IVG_CARATTDON_4,"Età, stato civile e condizione proessionale",RESIDENCE_TERR,nazionale,nazionale,1,2026-08-15
42_70_DF_DCIS_IVG_CARATTDON_5,Tasso di abortività volontaria (per 1000 donne) totale e stadardizzato,RESIDENCE_TERR,provincia,nazionale|ripartizione|regione|provincia,32,2026-08-08
42_70_DF_DCIS_IVG_CARATTDON_6,Tasso di abortività volontaria per età e stato civile (per 1000 donne),RESIDENCE_TERR,provincia,nazionale|ripartizione|regione|provincia,32,2026-08-08
42_70_DF_DCIS_IVG_CARATTDON_7,Tasso di abortività volontaria delle donne minorenni (per 1000 donne),RESIDENCE_TERR,regione,nazionale|ripartizione|regione,30,2026-08-08
42_70_DF_DCIS_IVG_CARATTDON_8,Età media all'interruzione volontaria di gravidanza - prov. di residenza,RESIDENCE_TERR,provincia,nazionale|ripartizione|regione|provincia,144,2026-08-08
42_70_DF_DCIS_IVG_CARATTDON_9,Età - prov. di evento,RESIDENCE_TERR,nazionale,nazionale,1,2026-08-15
43_236,Strutture sanitarie per l'assistenza di base - serie interrotte,REF_AREA,regione,nazionale|ripartizione|regione,28,2026-08-08
43_236_DF_DCIS_ASSBASE_1,Strutture sanitarie per l'assistenza di base - serie interrotte,REF_AREA,regione,nazionale|ripartizione|regione,28,2026-08-08
43_237,Strutture sanitarie distrettuali - serie interrotte,REF_AREA,regione,nazionale|ripartizione|regione,28,2026-08-08
43_237_DF_DCIS_STRSANDISTR_1,Tipologia delle strutture sanitarie distrettuali,REF_AREA,regione,nazionale|ripartizione|regione,28,2026-08-08
43_237_DF_DCIS_STRSANDISTR_2,Attività delle strutture sanitarie distrettuali,REF_AREA,regione,nazionale|ripartizione|regione,28,2026-08-08
43_283,Dimissioni ospedaliere per disturbi psichici rispetto al luogo di residenza,REF_AREA,provincia,nazionale|ripartizione|regione|provincia,144,2026-08-15
43_283_DF_DCIS_OSPDISTPSICHRES_1,Sesso ed età,REF_AREA,provincia,nazionale|ripartizione|regione|provincia,31,2026-08-08
43_283_DF_DCIS_OSPDISTPSICHRES_2,Sesso e stato civile,REF_AREA,provincia,nazionale|ripartizione|regione|provincia,143,2026-08-08
43_283_DF_DCIS_OSPDISTPSICHRES_3,Aggregati clinici,REF_AREA,provincia,nazionale|ripartizione|regione|provincia,143,2026-08-15
43_283_DF_DCIS_OSPDISTPSICHRES_4,Dimissioni per ricoveri in day hospital,REF_AREA,provincia,nazionale|ripartizione|regione|provincia,143,2026-08-15
43_283_DF_DCIS_OSPDISTPSICHRES_5,Degenza media in ricovero ordinario,REF_AREA,provincia,nazionale|ripartizione|regione|provincia,143,2026-08-08
43_283_DF_DCIS_OSPDISTPSICHRES_6,Pazienti ricoverati in luogo diverso da quello di residenza - reg.,REF_AREA,provincia,nazionale|ripartizione|regione|provincia,30,2026-08-08
43_283_DF_DCIS_OSPDISTPSICHRES_7,Pazienti ricoverati in luogo diverso da quello di residenza - prov.,REF_AREA,provincia,nazionale|ripartizione|regione|provincia,140,2026-08-08
43_284,Dimissioni per disturbi psichici rispetto al luogo di dimissione,RESIDENCE_TERR,provincia,nazionale|ripartizione|regione|provincia,31,2026-08-08
43_284_DF_DCIS_OSPDISTPSICHRIC_7,Pazienti ricoverati in luogo diverso da quello di residenza - reg.,RESIDENCE_TERR,provincia,nazionale|ripartizione|regione|provincia,31,2026-08-08
43_339,Dimissioni per acuti e per cittadinanza del paziente,REF_AREA,provincia,nazionale|ripartizione|regione|provincia,141,2026-08-15
43_339_DF_DCIS_OSPSTRA_1,"Sesso, età e cittadinanza del paziente",REF_AREA,regione,nazionale|ripartizione|regione,30,2026-08-15
43_339_DF_DCIS_OSPSTRA_2,Diagnosi principale,REF_AREA,regione,nazionale|ripartizione|regione,30,2026-08-15
43_339_DF_DCIS_OSPSTRA_3,Provincia di dimissione,REF_AREA,provincia,nazionale|ripartizione|regione|provincia,141,2026-08-15
43_495,Istituti di cura - serie interrotte,REF_AREA,provincia,nazionale|ripartizione|regione|provincia,138,2026-08-15
43_495_DF_DCIS_OSPEDSSN_1,Struttura e attività degli istituti di cura del SSN,REF_AREA,provincia,nazionale|ripartizione|regione|provincia,138,2026-08-08
43_495_DF_DCIS_OSPEDSSN_2,Struttura e attività degli istituti di cura del SSN per area di specializzazione,REF_AREA,provincia,nazionale|ripartizione|regione|provincia,138,2026-08-08
43_495_DF_DCIS_OSPEDSSN_3,Apparecchiature biomedicali negli istituti di cura del SSN,REF_AREA,provincia,nazionale|ripartizione|regione|provincia,138,2026-08-08
43_495_DF_DCIS_OSPEDSSN_4,Personale degli istituti di cura del SSN,REF_AREA,provincia,nazionale|ripartizione|regione|provincia,138,2026-08-08
43_967,Istituti di cura,REF_AREA,regione,nazionale|ripartizione|regione,30,2026-08-08
43_967_DF_DCIS_OSPED_1,Istituti pubblici e privati e loro attività,REF_AREA,regione,nazionale|ripartizione|regione,30,2026-08-08
43_967_DF_DCIS_OSPED_2,Posti letto e attività per specializzazione clinica,REF_AREA,regione,nazionale|ripartizione|regione,30,2026-08-08
43_973,Personale sanitario,REF_AREA,regione,nazionale|ripartizione|regione,30,2026-08-08
43_973_DF_DCIS_PERS_SANIT_1,Personale sanitario,REF_AREA,regione,nazionale|ripartizione|regione,30,2026-08-08
43_98,Visite mediche ed accertamenti diagnostici,REF_AREA,regione,nazionale|ripartizione|regione,28,2026-08-08
43_98_DF_DCIS_RSERVSAN_1,Visite mediche,REF_AREA,nazionale,nazionale,1,2026-08-08
43_98_DF_DCIS_RSERVSAN_2,Visite mediche - valori standardizzati e regionali,REF_AREA,regione,nazionale|ripartizione|regione,28,2026-08-08
43_98_DF_DCIS_RSERVSAN_3,Accertamenti diagnostici,REF_AREA,nazionale,nazionale,1,2026-08-08
43_98_DF_DCIS_RSERVSAN_4,Accertamenti diagnostici - valori standardizzati e regionali,REF_AREA,regione,nazionale|ripartizione|regione,28,2026-08-08
43_994,Istituti di cura  - comuni,REF_AREA,comune,nazionale|ripartizione|regione|provincia|comune,797,2026-08-08
43_994_DF_DCIS_OSPED_COM_1,Istituti pubblici e privati,REF_AREA,comune,nazionale|ripartizione|regione|provincia|comune,797,2026-08-08
43_994_DF_DCIS_OSPED_COM_2,Posti letto per specializzazione clinica,REF_AREA,comune,nazionale|ripartizione|regione|provincia|comune,797,2026-08-08
46_812,Pensionati,REF_AREA,provincia,nazionale|ripartizione|regione|provincia,142,2026-08-15
46_812_DF_DCAR_PENSIONATI2_1,Principali dati,REF_AREA,provincia,provincia,1,2026-08-08
46_812_DF_DCAR_PENSIONATI2_2,Importo mensile - prov.,REF_AREA,provincia,nazionale|ripartizione|regione|provincia,142,2026-08-15
46_812_DF_DCAR_PENSIONATI2_3,Età - prov.,REF_AREA,provincia,nazionale|ripartizione|regione|provincia,142,2026-08-15
46_812_DF_DCAR_PENSIONATI2_4,Indicatori - reg.,REF_AREA,provincia,nazionale|ripartizione|regione|provincia,31,2026-08-08
46_813,Pensioni,REF_AREA,provincia,nazionale|ripartizione|regione|provincia,142,2026-08-19
46_813_DF_DCAR_PENSIONI2_4,"Ivs e indennitarie - importo, settore e ex professione - prov.",REF_AREA,provincia,nazionale|ripartizione|regione|provincia,142,2026-08-15
46_813_DF_DCAR_PENSIONI2_5,"Ivs e indennitarie - età, settore e ex professione - prov.",REF_AREA,provincia,nazionale|ripartizione|regione|provincia,142,2026-08-15
46_813_DF_DCAR_PENSIONI2_6,Indicatori - reg.,REF_AREA,provincia,nazionale|ripartizione|regione|provincia,29,2026-08-15
47_1219,Interventi e servizi sociali di regioni e province,REF_AREA,provincia,nazionale|ripartizione|regione|provincia,31,2026-08-15
47_1219_DF_DCIS_SPESESERSOC1_RP_1,Utenti e spesa - reg.,REF_AREA,provincia,nazionale|ripartizione|regione|provincia,31,2026-08-15
47_1219_DF_DCIS_SPESESERSOC1_RP_2,Spesa per ente gestore - reg.,REF_AREA,provincia,nazionale|ripartizione|regione|provincia,31,2026-08-08
47_850_DF_DCIS_SERVSOCEDU1_1,Indicatori - prov.,REF_AREA,provincia,nazionale|ripartizione|regione|provincia,142,2026-08-15
47_850_DF_DCIS_SERVSOCEDU1_2,Servizi offerti dai comuni - reg.,REF_AREA,provincia,nazionale|ripartizione|regione|provincia,31,2026-08-08
47_850_DF_DCIS_SERVSOCEDU1_3,Servizi offerti dai comuni - prov. e com.,REF_AREA,comune,nazionale|ripartizione|regione|provincia|comune,12471,2026-08-08
47_850_DF_DCIS_SERVSOCEDU1_4,Servizi offerti dai comuni - ambiti territoriali sociali (Ats),REF_AREA,provincia,nazionale|ripartizione|regione|provincia,844,2026-08-15
47_850_DF_DCIS_SERVSOCEDU1_5,Servizi sul territorio - reg.,REF_AREA,provincia,nazionale|ripartizione|regione|provincia,31,2026-08-15
47_850_DF_DCIS_SERVSOCEDU1_6,Servizi sul territorio - prov. e com.,REF_AREA,comune,nazionale|ripartizione|regione|provincia|comune,12471,2026-08-08
47_850_DF_DCIS_SERVSOCEDU1_7,Servizi sul territorio - ambiti territoriali sociali (Ats),REF_AREA,provincia,nazionale|ripartizione|regione|provincia,844,2026-08-15
47_940_DF_DCIS_SPESESERSOC1_1,Indicatori - prov.,REF_AREA,provincia,nazionale|ripartizione|regione|provincia,142,2026-07-22
47_940_DF_DCIS_SPESESERSOC1_2,Spesa per ente gestore - reg.,REF_AREA,provincia,nazionale|ripartizione|regione|provincia,31,2026-08-08
47_940_DF_DCIS_SPESESERSOC1_3,Utenti e spesa - reg.,REF_AREA,provincia,nazionale|ripartizione|regione|provincia,31,2026-08-08
47_940_DF_DCIS_SPESESERSOC1_4,Utenti e spesa - prov. e com.,REF_AREA,comune,nazionale|ripartizione|regione|provincia|comune,12471,2026-07-22
47_940_DF_DCIS_SPESESERSOC1_5,Utenti e spesa - Ambiti territoriali sociali (Ats),REF_AREA,comune,nazionale|ripartizione|regione|provincia|comune,12471,2026-07-22
498_1104,Persone a rischio povertà o esclusione sociale,REF_AREA,ripartizione,nazionale|ripartizione,15,2026-08-08
498_1104_DF_DCCV_RISKPOV_1,Ampiezza della famiglia,REF_AREA,nazionale,nazionale,1,2026-07-22
498_1104_DF_DCCV_RISKPOV_10,Tipologia familiare,REF_AREA,nazionale,nazionale,1,2026-07-22
498_1104_DF_DCCV_RISKPOV_11,Fonte principale di reddito della famiglia,REF_AREA,nazionale,nazionale,1,2026-07-22
498_1104_DF_DCCV_RISKPOV_12,Minori e anziani in famiglia,REF_AREA,nazionale,nazionale,1,2026-07-22
498_1104_DF_DCCV_RISKPOV_13,Sesso ed età del principale percettore,REF_AREA,nazionale,nazionale,1,2026-07-22
498_1104_DF_DCCV_RISKPOV_14,Titolo di studio e condizione professionale del principale percettore,REF_AREA,nazionale,nazionale,1,2026-07-22
498_1104_DF_DCCV_RISKPOV_15,Cittadinanza del principale percettore,REF_AREA,nazionale,nazionale,1,2026-07-22
498_1104_DF_DCCV_RISKPOV_16,Ripartizioni e tipo di comune,REF_AREA,ripartizione,nazionale|ripartizione,15,2026-07-22
498_1104_DF_DCCV_RISKPOV_2,Tipologia familiare,REF_AREA,nazionale,nazionale,1,2026-07-22
498_1104_DF_DCCV_RISKPOV_3,Fonte principale di reddito della famiglia,REF_AREA,nazionale,nazionale,1,2026-07-22
498_1104_DF_DCCV_RISKPOV_4,Minori e anziani in famiglia,REF_AREA,nazionale,nazionale,1,2026-07-22
498_1104_DF_DCCV_RISKPOV_5,Sesso ed età del principale percettore,REF_AREA,nazionale,nazionale,1,2026-07-22
498_1104_DF_DCCV_RISKPOV_6,Titolo di studio e condizione professionale del principale percettore,REF_AREA,nazionale,nazionale,1,2026-07-22
498_1104_DF_DCCV_RISKPOV_7,Cittadinanza del principale percettore,REF_AREA,nazionale,nazionale,1,2026-07-22
498_1104_DF_DCCV_RISKPOV_8,Ripartizioni e tipo di comune,REF_AREA,ripartizione,nazionale|ripartizione,15,2026-07-22
498_1104_DF_DCCV_RISKPOV_9,Ampiezza della famiglia,REF_AREA,nazionale,nazionale,1,2026-07-22
49_23,Presidi residenziali socio-assistenziali (serie interrotte),REF_AREA,regione,nazionale|ripartizione|regione,26,2026-07-22
49_23_DF_DCIS_POSTILETTOPRESIDI_1,Presidi residenziali socio-assistenziali (serie interrotte),REF_AREA,regione,nazionale|ripartizione|regione,26,2026-07-22
49_37,Presidi residenziali socio-assistenziali e socio-sanitari,REF_AREA,regione,nazionale|ripartizione|regione,28,2026-07-22
49_37_DF_DCIS_PRESIDI1_1,Strutture - reg.,REF_AREA,regione,nazionale|ripartizione|regione,28,2026-07-22
49_37_DF_DCIS_PRESIDI1_10,Posti letto per tipo di gestore - reg.,REF_AREA,regione,nazionale|ripartizione|regione,28,2026-07-22
49_37_DF_DCIS_PRESIDI1_11,Personale - reg.,REF_AREA,regione,nazionale|ripartizione|regione,28,2026-07-22
49_37_DF_DCIS_PRESIDI1_2,Posti letto per tipo di utenza e tipo di residenzialità,REF_AREA,nazionale,nazionale,1,2026-07-22
49_37_DF_DCIS_PRESIDI1_3,Posti letto per tipo di utenza e funzione di protezione sociale,REF_AREA,nazionale,nazionale,1,2026-07-22
49_37_DF_DCIS_PRESIDI1_4,Posti letto per tipo di utenza e livello di assistenza sanitaria,REF_AREA,nazionale,nazionale,1,2026-07-22
49_37_DF_DCIS_PRESIDI1_5,Posti letto per tipo di utenza - reg.,REF_AREA,regione,nazionale|ripartizione|regione,28,2026-07-22
49_37_DF_DCIS_PRESIDI1_6,Posti letto per tipo di residenzialità - reg.,REF_AREA,regione,nazionale|ripartizione|regione,28,2026-07-22
49_37_DF_DCIS_PRESIDI1_7,Posti letto per funzione di protezione sociale - reg.,REF_AREA,regione,nazionale|ripartizione|regione,28,2026-07-22
49_37_DF_DCIS_PRESIDI1_8,Posti letto per livello di assistenza sanitaria - reg.,REF_AREA,regione,nazionale|ripartizione|regione,28,2026-07-22
49_37_DF_DCIS_PRESIDI1_9,Posti letto per natura giuridica del titolare e finanziamenti pubblici - reg.,REF_AREA,regione,nazionale|ripartizione|regione,28,2026-07-22
49_62,Ospiti dei presidi residenziali socio-assistenziali e socio-sanitari,REF_AREA,regione,nazionale|ripartizione|regione,28,2026-08-08
49_62_DF_DCIS_OSPITIPRESIDI1_1,Ospiti dei presidi residenziali socio-assistenziali e socio-sanitari - Principali dati,REF_AREA,regione,nazionale|ripartizione|regione,28,2026-07-22
49_62_DF_DCIS_OSPITIPRESIDI1_10,Minori dimessi per tipo di destinazione - rip.,REF_AREA,ripartizione,nazionale|ripartizione,6,2026-07-22
49_62_DF_DCIS_OSPITIPRESIDI1_11,Adulti per età - reg.,REF_AREA,regione,nazionale|ripartizione|regione,28,2026-07-22
49_62_DF_DCIS_OSPITIPRESIDI1_12,Adulti per genere e tipo di disagio - reg.,REF_AREA,regione,nazionale|ripartizione|regione,28,2026-07-22
49_62_DF_DCIS_OSPITIPRESIDI1_13,Adulti per carattere di residenzialità - reg.,REF_AREA,regione,nazionale|ripartizione|regione,28,2026-07-22
49_62_DF_DCIS_OSPITIPRESIDI1_14,Adulti per funzione della protezione sociale - reg.,REF_AREA,regione,nazionale|ripartizione|regione,28,2026-07-22
49_62_DF_DCIS_OSPITIPRESIDI1_15,Adulti per livello di assistenza sanitaria - reg.,REF_AREA,regione,nazionale|ripartizione|regione,28,2026-07-22
49_62_DF_DCIS_OSPITIPRESIDI1_16,Anziani per età e tipo di disagio - reg.,REF_AREA,regione,nazionale|ripartizione|regione,28,2026-08-08
49_62_DF_DCIS_OSPITIPRESIDI1_17,Anziani per tipo di residenzialità - reg.,REF_AREA,regione,nazionale|ripartizione|regione,28,2026-07-22
49_62_DF_DCIS_OSPITIPRESIDI1_18,Anziani per genere e funzione della protezione sociale - reg.,REF_AREA,regione,nazionale|ripartizione|regione,28,2026-08-08
49_62_DF_DCIS_OSPITIPRESIDI1_19,Anziani per genere e livello di assistenza sanitaria - reg.,REF_AREA,regione,nazionale|ripartizione|regione,28,2026-08-08
49_62_DF_DCIS_OSPITIPRESIDI1_2,Minori per età - rip.,REF_AREA,ripartizione,nazionale|ripartizione,6,2026-07-22
49_62_DF_DCIS_OSPITIPRESIDI1_20,Stranieri per genere - reg.,REF_AREA,regione,nazionale|ripartizione|regione,28,2026-07-22
49_62_DF_DCIS_OSPITIPRESIDI1_21,Stranieri minori per genere - reg.,REF_AREA,regione,nazionale|ripartizione|regione,28,2026-07-22
49_62_DF_DCIS_OSPITIPRESIDI1_22,Stranieri minori per tipo di disagio - rip.,REF_AREA,regione,nazionale|ripartizione|regione,28,2026-07-22
49_62_DF_DCIS_OSPITIPRESIDI1_23,Stranieri minori per motivo ingresso - rip.,REF_AREA,ripartizione,nazionale|ripartizione,6,2026-07-22
49_62_DF_DCIS_OSPITIPRESIDI1_24,Stranieri adulti per genere e tipo di disagio - reg.,REF_AREA,regione,nazionale|ripartizione|regione,28,2026-07-22
49_62_DF_DCIS_OSPITIPRESIDI1_25,Stranieri anziani per genere e tipo di disagio - reg.,REF_AREA,regione,nazionale|ripartizione|regione,28,2026-08-08
49_62_DF_DCIS_OSPITIPRESIDI1_26,Minori per provenienza - rip.,REF_AREA,ripartizione,nazionale|ripartizione,6,2026-08-15
49_62_DF_DCIS_OSPITIPRESIDI1_27,Stranieri minori per provenienza - rip.,REF_AREA,ripartizione,nazionale|ripartizione,6,2026-07-22
49_62_DF_DCIS_OSPITIPRESIDI1_3,Minori per genere - reg.,REF_AREA,regione,nazionale|ripartizione|regione,28,2026-07-22
49_62_DF_DCIS_OSPITIPRESIDI1_4,Minori per tipo di disagio - rip.,REF_AREA,ripartizione,nazionale|ripartizione,6,2026-07-22
49_62_DF_DCIS_OSPITIPRESIDI1_5,Minori per tipo di residenzialità - rip.,REF_AREA,ripartizione,nazionale|ripartizione,6,2026-07-22
49_62_DF_DCIS_OSPITIPRESIDI1_6,Minori per funzione della protezione sociale - rip.,REF_AREA,ripartizione,nazionale|ripartizione,6,2026-07-22
49_62_DF_DCIS_OSPITIPRESIDI1_7,Minori per livello di assistenza sanitaria - rip.,REF_AREA,ripartizione,nazionale|ripartizione,6,2026-08-08
49_62_DF_DCIS_OSPITIPRESIDI1_8,Minori per motivo di ingresso - rip.,REF_AREA,ripartizione,nazionale|ripartizione,6,2026-07-22
49_62_DF_DCIS_OSPITIPRESIDI1_9,Minori per condizione di adottabilità - rip.,REF_AREA,ripartizione,nazionale|ripartizione,6,2026-08-08
4_1063,Sequenza dei conti per settore istituzionale e stock di attività non finanziarie - edizioni ottobre 2019 - aprile 2024,REF_AREA,nazionale,nazionale,1,2026-08-08
4_1063_DF_DCCN_ISTITUZ_ANA1_B19_1,Sequenza dei conti - edizioni ottobre 2019 - aprile 2024,REF_AREA,nazionale,nazionale,1,2026-08-15
4_1063_DF_DCCN_ISTITUZ_ANA1_B19_2,Indicatori su famiglie consumatrici e società non finanziarie - edizioni ottobre 2019 - aprile 2024,REF_AREA,nazionale,nazionale,1,2026-07-22
4_1063_DF_DCCN_ISTITUZ_ANA1_B19_3,Valore aggiunto e redditi da lavoro dipendente per branca di attività economica - edizioni ottobre 2019 - aprile 2024,REF_AREA,nazionale,nazionale,1,2026-07-22
4_1063_DF_DCCN_ISTITUZ_ANA1_B19_4,Investimenti fissi lordi per tipo di investimento - edizioni ottobre 2019 - aprile 2024,REF_AREA,nazionale,nazionale,1,2026-08-08
4_1063_DF_DCCN_ISTITUZ_ANA1_B19_5,Stock di attività non finanziarie  - edizioni luglio 2021 - gennaio 2024,REF_AREA,nazionale,nazionale,1,2026-08-08
4_805,Occupazione per branca di attività - edizioni ottobre 2019 - aprile 2024,REF_AREA,nazionale,nazionale,1,2026-08-15
4_805_DF_DCCN_OCCSISEC2010_B19_1,Occupazione per branca di attività - edizioni ottobre 2019 - aprile 2024,REF_AREA,nazionale,nazionale,1,2026-08-08
4_805_DF_DCCN_OCCSISEC2010_B19_2,Occupazione per sottosettore -  edizioni ottobre 2019 - aprile 2024,REF_AREA,nazionale,nazionale,1,2026-08-15
52_1044,Scuole,REF_AREA,provincia,nazionale|ripartizione|regione|provincia,136,2026-08-08
52_1044_DF_DCIS_SCUOLE_1,Scuole - Principali dati,REF_AREA,nazionale,nazionale,1,2026-08-08
52_1044_DF_DCIS_SCUOLE_10,Secondaria I grado - indicatori scolastici,REF_AREA,provincia,nazionale|ripartizione|regione|provincia,136,2026-08-08
52_1044_DF_DCIS_SCUOLE_11,"Secondaria II grado - scuole, classi e studenti",REF_AREA,provincia,nazionale|ripartizione|regione|provincia,136,2026-08-08
52_1044_DF_DCIS_SCUOLE_12,Secondaria II grado - insegnanti delle scuole statali,REF_AREA,regione,nazionale|ripartizione|regione,24,2026-07-22
52_1044_DF_DCIS_SCUOLE_13,Secondaria II grado - indicatori scolastici,REF_AREA,provincia,nazionale|ripartizione|regione|provincia,136,2026-08-08
52_1044_DF_DCIS_SCUOLE_14,Secondaria II grado - diplomati,REF_AREA,provincia,nazionale|ripartizione|regione|provincia,132,2026-07-22
52_1044_DF_DCIS_SCUOLE_15,Secondaria II grado - ripetenti per anno di corso,REF_AREA,provincia,nazionale|ripartizione|regione|provincia,136,2026-07-22
52_1044_DF_DCIS_SCUOLE_2,"Infanzia - scuole, classi, bambini",REF_AREA,provincia,nazionale|ripartizione|regione|provincia,136,2026-08-15
52_1044_DF_DCIS_SCUOLE_3,Infanzia - insegnanti delle scuole statali,REF_AREA,regione,nazionale|ripartizione|regione,24,2026-07-22
52_1044_DF_DCIS_SCUOLE_4,Infanzia - indicatori scolastici,REF_AREA,provincia,nazionale|ripartizione|regione|provincia,136,2026-08-15
52_1044_DF_DCIS_SCUOLE_5,"Primaria - scuole, classi e alunni",REF_AREA,provincia,nazionale|ripartizione|regione|provincia,136,2026-08-08
52_1044_DF_DCIS_SCUOLE_6,Primaria - insegnanti delle scuole statali,REF_AREA,regione,nazionale|ripartizione|regione,24,2026-08-08
52_1044_DF_DCIS_SCUOLE_7,Primaria - indicatori scolastici,REF_AREA,provincia,nazionale|ripartizione|regione|provincia,136,2026-07-22
52_1044_DF_DCIS_SCUOLE_8,"Secondaria I grado - scuole, classi e alunni",REF_AREA,provincia,nazionale|ripartizione|regione|provincia,136,2026-08-15
52_1044_DF_DCIS_SCUOLE_9,Secondaria I grado - insegnanti delle scuole statali,REF_AREA,regione,nazionale|ripartizione|regione,24,2026-07-22
52_1194,Popolazione 15 anni e oltre per titolo di studio - regolamento precedente (fino al 2020),REF_AREA,regione,nazionale|ripartizione|regione,30,2026-08-15
52_1194_DF_DCCV_POPTIT1_UNT2020_1,Popolazione per titolo di studio e età,REF_AREA,regione,nazionale|ripartizione|regione,6,2026-07-22
52_1194_DF_DCCV_POPTIT1_UNT2020_2,Popolazione per titolo di studio e regioni,REF_AREA,regione,nazionale|ripartizione|regione,28,2026-07-22
52_1194_DF_DCCV_POPTIT1_UNT2020_3,Popolazione per titolo di studio - italiani e stranieri,REF_AREA,regione,nazionale|ripartizione|regione,6,2026-08-08
52_1203,Giovani dai 18 ai 24 anni d'età che abbandonano prematuramente gli studi - regolamento precedente (fino al 2020),REF_AREA,provincia,nazionale|ripartizione|regione|provincia,32,2026-07-22
52_1203_DF_DCCV_ESL_UNT2020_1,Giovani dai 18 ai 24 anni d'età che abbandonano prematuramente gli studi - regolamento precedente (fino al 2020) - Principali dati,REF_AREA,provincia,nazionale|ripartizione|regione|provincia,32,2026-07-22
52_1203_DF_DCCV_ESL_UNT2020_2,Condizione professionale,REF_AREA,nazionale,nazionale,1,2026-08-08
52_1203_DF_DCCV_ESL_UNT2020_3,Valori assoluti,REF_AREA,regione,nazionale|ripartizione|regione,6,2026-07-22
532_1195,Popolazione per condizione professionale - regolamento precedente (fino al 2020),REF_AREA,regione,nazionale|ripartizione|regione,30,2026-08-08
532_1195_DF_DCCV_POPCOND1_UNT2020_1,Classi di età quinquennali,REF_AREA,regione,nazionale|ripartizione|regione,6,2026-08-15
532_1195_DF_DCCV_POPCOND1_UNT2020_10,Serie ricostruite dal IV 1992 - dati regionali,REF_AREA,regione,nazionale|ripartizione|regione,30,2026-08-08
532_1195_DF_DCCV_POPCOND1_UNT2020_11,Classi di età quinquennali,REF_AREA,regione,nazionale|ripartizione|regione,6,2026-08-15
532_1195_DF_DCCV_POPCOND1_UNT2020_12,Tutte le età,REF_AREA,regione,nazionale|ripartizione|regione,6,2026-08-08
532_1195_DF_DCCV_POPCOND1_UNT2020_13,Cittadinanza,REF_AREA,regione,nazionale|ripartizione|regione,6,2026-08-15
532_1195_DF_DCCV_POPCOND1_UNT2020_14,Ruolo in famiglia,REF_AREA,regione,nazionale|ripartizione|regione,6,2026-08-08
532_1195_DF_DCCV_POPCOND1_UNT2020_15,"Cittadinanza, ruolo in famiglia",REF_AREA,regione,nazionale|ripartizione|regione,6,2026-08-15
532_1195_DF_DCCV_POPCOND1_UNT2020_16,Status di studente,REF_AREA,regione,nazionale|ripartizione|regione,6,2026-08-08
532_1195_DF_DCCV_POPCOND1_UNT2020_17,Dati regionali,REF_AREA,regione,nazionale|ripartizione|regione,30,2026-08-15
532_1195_DF_DCCV_POPCOND1_UNT2020_18,Serie ricostruite dal I 1977 - età,REF_AREA,regione,nazionale|ripartizione|regione,30,2026-08-08
532_1195_DF_DCCV_POPCOND1_UNT2020_19,Serie ricostruite dal IV 1992 - dettaglio età,REF_AREA,regione,nazionale|ripartizione|regione,6,2026-08-15
532_1195_DF_DCCV_POPCOND1_UNT2020_2,Tutte le età,REF_AREA,regione,nazionale|ripartizione|regione,6,2026-08-08
532_1195_DF_DCCV_POPCOND1_UNT2020_20,Serie ricostruite dal IV 1992 - dati regionali,REF_AREA,regione,nazionale|ripartizione|regione,30,2026-08-15
532_1195_DF_DCCV_POPCOND1_UNT2020_3,Cittadinanza,REF_AREA,regione,nazionale|ripartizione|regione,6,2026-08-08
532_1195_DF_DCCV_POPCOND1_UNT2020_4,Ruolo in famiglia,REF_AREA,regione,nazionale|ripartizione|regione,6,2026-08-15
532_1195_DF_DCCV_POPCOND1_UNT2020_5,"Cittadinanza, ruolo in famiglia",REF_AREA,nazionale,nazionale,1,2026-08-08
532_1195_DF_DCCV_POPCOND1_UNT2020_6,Status di studente,REF_AREA,regione,nazionale|ripartizione|regione,6,2026-08-15
532_1195_DF_DCCV_POPCOND1_UNT2020_7,Dati regionali,REF_AREA,regione,nazionale|ripartizione|regione,30,2026-08-08
532_1195_DF_DCCV_POPCOND1_UNT2020_8,Serie ricostruite dal I 1977 - età,REF_AREA,regione,nazionale|ripartizione|regione,30,2026-08-15
532_1195_DF_DCCV_POPCOND1_UNT2020_9,Serie ricostruite dal IV 1992 - dettaglio età,REF_AREA,regione,nazionale|ripartizione|regione,6,2026-08-08
532_930,Popolazione  per condizione professionale,REF_AREA,regione,nazionale|ripartizione|regione,30,2026-08-15
532_930_DF_DCCV_POPCOND1_1,Classe di età,REF_AREA,regione,nazionale|ripartizione|regione,6,2026-08-08
532_930_DF_DCCV_POPCOND1_2,Cittadinanza,REF_AREA,regione,nazionale|ripartizione|regione,6,2026-08-15
532_930_DF_DCCV_POPCOND1_3,Status di studente,REF_AREA,regione,nazionale|ripartizione|regione,6,2026-07-22
532_930_DF_DCCV_POPCOND1_4,Dati regionali,REF_AREA,regione,nazionale|ripartizione|regione,30,2026-08-15
532_930_DF_DCCV_POPCOND1_5,Serie ricostruite dal I 2004 - età,REF_AREA,regione,nazionale|ripartizione|regione,30,2026-08-08
533_957,Retribuzioni orarie  dei dipendenti del settore privato,REF_AREA,provincia,nazionale|ripartizione|regione|provincia,138,2026-08-15
533_957_DF_DCSC_RACLI_1,Classe di età,REF_AREA,ripartizione,nazionale|ripartizione,6,2026-07-22
533_957_DF_DCSC_RACLI_10,Paese di nascita - prov,REF_AREA,provincia,nazionale|ripartizione|regione|provincia,138,2026-07-22
533_957_DF_DCSC_RACLI_11,Titolo di studio - prov,REF_AREA,provincia,nazionale|ripartizione|regione|provincia,138,2026-08-15
533_957_DF_DCSC_RACLI_12,Tipo di contratto - prov,REF_AREA,provincia,nazionale|ripartizione|regione|provincia,138,2026-07-22
533_957_DF_DCSC_RACLI_13,Regime orario - prov,REF_AREA,provincia,nazionale|ripartizione|regione|provincia,138,2026-08-15
533_957_DF_DCSC_RACLI_14,Classe di dipendenti - prov,REF_AREA,provincia,nazionale|ripartizione|regione|provincia,138,2026-07-22
533_957_DF_DCSC_RACLI_15,Qualifica contrattuale- prov,REF_AREA,provincia,nazionale|ripartizione|regione|provincia,138,2026-08-15
533_957_DF_DCSC_RACLI_16,Giorni retribuiti - prov,REF_AREA,provincia,nazionale|ripartizione|regione|provincia,138,2026-07-22
533_957_DF_DCSC_RACLI_17,Sesso - 2 digit,REF_AREA,nazionale,nazionale,1,2026-08-15
533_957_DF_DCSC_RACLI_18,Classe di eta- 2 digit,REF_AREA,nazionale,nazionale,1,2026-08-08
533_957_DF_DCSC_RACLI_19,Paese di nascita- 2 digit,REF_AREA,nazionale,nazionale,1,2026-08-15
533_957_DF_DCSC_RACLI_2,Retribuzione oraria per paese di nascita,REF_AREA,ripartizione,nazionale|ripartizione,6,2026-07-22
533_957_DF_DCSC_RACLI_20,Titolo di studio - 2 digit,REF_AREA,nazionale,nazionale,1,2026-08-08
533_957_DF_DCSC_RACLI_21,Tipo di contratto- 2 digit,REF_AREA,nazionale,nazionale,1,2026-08-15
533_957_DF_DCSC_RACLI_22,Regime orario- 2 digit,REF_AREA,nazionale,nazionale,1,2026-07-22
533_957_DF_DCSC_RACLI_23,Classe di dipendenti - 2 digit,REF_AREA,nazionale,nazionale,1,2026-08-09
533_957_DF_DCSC_RACLI_24,Qualifica contrattuale - 2 digit,REF_AREA,nazionale,nazionale,1,2026-07-22
533_957_DF_DCSC_RACLI_25,Giorni retribuiti - 2 digit,REF_AREA,nazionale,nazionale,1,2026-08-09
533_957_DF_DCSC_RACLI_3,Titolo di studio,REF_AREA,ripartizione,nazionale|ripartizione,6,2026-08-09
533_957_DF_DCSC_RACLI_4,Tipo di contratto,REF_AREA,ripartizione,nazionale|ripartizione,6,2026-08-15
533_957_DF_DCSC_RACLI_5,Retribuzione oraria per regime orario,REF_AREA,ripartizione,nazionale|ripartizione,6,2026-07-22
533_957_DF_DCSC_RACLI_6,Retribuzione oraria per classe di dipendenti,REF_AREA,ripartizione,nazionale|ripartizione,6,2026-08-09
533_957_DF_DCSC_RACLI_7,Retribuzione oraria per giorni retribuiti,REF_AREA,ripartizione,nazionale|ripartizione,6,2026-08-15
533_957_DF_DCSC_RACLI_8,Sesso - prov,REF_AREA,provincia,nazionale|ripartizione|regione|provincia,138,2026-07-22
533_957_DF_DCSC_RACLI_9,Classe di età - prov,REF_AREA,provincia,nazionale|ripartizione|regione|provincia,138,2026-07-22
534_1037,Ore lavorate - Imprese con dipendenti,REF_AREA,nazionale,nazionale,1,2026-08-09
534_1037_DF_DCSC_ORE10_2_1,Monte ore lavorate (base 2015),REF_AREA,nazionale,nazionale,1,2026-07-22
534_1037_DF_DCSC_ORE10_2_2,Ore lavorate per dipendente (base 2015),REF_AREA,nazionale,nazionale,1,2026-07-22
534_1037_DF_DCSC_ORE10_2_3,Ore di straordinario e di Cig,REF_AREA,nazionale,nazionale,1,2026-08-09
534_1037_DF_DCSC_ORE10_2_4,Monte ore lavorate (base 2010) - 10 e più dipendenti,REF_AREA,nazionale,nazionale,1,2026-07-22
534_1037_DF_DCSC_ORE10_2_5,Ore lavorate per dipendente (base 2010) - 10 e più dipendenti,REF_AREA,nazionale,nazionale,1,2026-07-22
534_1037_DF_DCSC_ORE10_2_6,Ore lavorate per dipendente (base 2005) - 10 e più dipendenti,REF_AREA,nazionale,nazionale,1,2026-08-09
534_1037_DF_DCSC_ORE10_2_7,Monte ore lavorate (base 2021),REF_AREA,nazionale,nazionale,1,2026-07-22
534_1037_DF_DCSC_ORE10_2_8,Ore lavorate per dipendente (base 2021),REF_AREA,nazionale,nazionale,1,2026-07-22
534_1038,Posti vacanti - Imprese con dipendenti,REF_AREA,nazionale,nazionale,1,2026-08-09
534_1038_DF_DCSC_POSTIVAC_2_1,Posti vacanti - Imprese con dipendenti,REF_AREA,nazionale,nazionale,1,2026-07-22
534_49,Ore lavorate - Imprese con almeno 500 dipendenti,REF_AREA,nazionale,nazionale,1,2026-08-15
534_49_DF_DCSC_GI_ORE_1,Ore lavorate per dipendente (base 2015),REF_AREA,nazionale,nazionale,1,2026-08-09
534_49_DF_DCSC_GI_ORE_10,Ore di sciopero (base 2010),REF_AREA,nazionale,nazionale,1,2026-07-22
534_49_DF_DCSC_GI_ORE_11,Ore lavorate per dipendente (base 2005),REF_AREA,nazionale,nazionale,1,2026-07-22
534_49_DF_DCSC_GI_ORE_12,Ore di straordinario e Cig (base 2005),REF_AREA,nazionale,nazionale,1,2026-08-09
534_49_DF_DCSC_GI_ORE_13,Ore di sciopero (base 2005),REF_AREA,nazionale,nazionale,1,2026-08-09
534_49_DF_DCSC_GI_ORE_14,Ore lavorate per dipendente (base 2021),REF_AREA,nazionale,nazionale,1,2026-08-15
534_49_DF_DCSC_GI_ORE_15,Ore di straordinario e Cig (base 2021),REF_AREA,nazionale,nazionale,1,2026-08-09
534_49_DF_DCSC_GI_ORE_16,Ore di sciopero (base 2021),REF_AREA,nazionale,nazionale,1,2026-08-09
534_49_DF_DCSC_GI_ORE_2,Ore di straordinario e Cig (base 2015),REF_AREA,nazionale,nazionale,1,2026-07-22
534_49_DF_DCSC_GI_ORE_3,Ore di sciopero (base 2015),REF_AREA,nazionale,nazionale,1,2026-08-09
534_49_DF_DCSC_GI_ORE_4,Ore lavorate per dipendente - Ateco 3 cifre (base 2015),REF_AREA,nazionale,nazionale,1,2026-07-22
534_49_DF_DCSC_GI_ORE_5,Ore di straordinario e Cig - Ateco 3 cifre (base 2015),REF_AREA,nazionale,nazionale,1,2026-08-09
534_49_DF_DCSC_GI_ORE_6,Ore lavorate per dipendente (base 2010),REF_AREA,nazionale,nazionale,1,2026-07-22
534_49_DF_DCSC_GI_ORE_7,Ore lavorate per dipendente - Ateco 3 cifre (base 2010),REF_AREA,nazionale,nazionale,1,2026-07-22
534_49_DF_DCSC_GI_ORE_8,Ore di straordinario e Cig (base 2010),REF_AREA,nazionale,nazionale,1,2026-08-09
534_49_DF_DCSC_GI_ORE_9,Ore di straordinario e Cig - Ateco 3 cifre (base 2010),REF_AREA,nazionale,nazionale,1,2026-07-22
534_50,Posizioni lavorative - Imprese con almeno 500 dipendenti,REF_AREA,nazionale,nazionale,1,2026-08-15
534_50_DF_DCSC_GI_OCC_1,Dipendenti (base 2015),REF_AREA,nazionale,nazionale,1,2026-08-09
534_50_DF_DCSC_GI_OCC_10,Quota part time - Ateco 2 cifre (base 2010),REF_AREA,nazionale,nazionale,1,2026-07-22
534_50_DF_DCSC_GI_OCC_11,Tassi di ingresso e di uscita (base 2010),REF_AREA,nazionale,nazionale,1,2026-07-22
534_50_DF_DCSC_GI_OCC_12,Tassi di ingresso e di uscita - Ateco 3 cifre (base 2010),REF_AREA,nazionale,nazionale,1,2026-08-09
534_50_DF_DCSC_GI_OCC_13,Dipendenti (base 2005),REF_AREA,nazionale,nazionale,1,2026-07-22
534_50_DF_DCSC_GI_OCC_14,Quota part time (base 2005),REF_AREA,nazionale,nazionale,1,2026-08-09
534_50_DF_DCSC_GI_OCC_15,Tassi di ingresso e di uscita (base 2005),REF_AREA,nazionale,nazionale,1,2026-07-22
534_50_DF_DCSC_GI_OCC_16,Dipendenti (base 2021),REF_AREA,nazionale,nazionale,1,2026-07-22
534_50_DF_DCSC_GI_OCC_17,Quota part time (base 2021),REF_AREA,nazionale,nazionale,1,2026-08-09
534_50_DF_DCSC_GI_OCC_18,Tassi di ingresso e di uscita (base 2021),REF_AREA,nazionale,nazionale,1,2026-07-22
534_50_DF_DCSC_GI_OCC_2,Quota part time (base 2015),REF_AREA,nazionale,nazionale,1,2026-08-09
534_50_DF_DCSC_GI_OCC_3,Tassi di ingresso e di uscita (base 2015),REF_AREA,nazionale,nazionale,1,2026-07-22
534_50_DF_DCSC_GI_OCC_4,Dipendenti - Ateco 3 cifre (base 2015),REF_AREA,nazionale,nazionale,1,2026-08-15
534_50_DF_DCSC_GI_OCC_5,Quota part time - Ateco 2 cifre (base 2015),REF_AREA,nazionale,nazionale,1,2026-07-22
534_50_DF_DCSC_GI_OCC_6,Tassi di ingresso e di uscita - Ateco 3 cifre (base 2015),REF_AREA,nazionale,nazionale,1,2026-08-09
534_50_DF_DCSC_GI_OCC_7,Dipendenti (base 2010),REF_AREA,nazionale,nazionale,1,2026-07-22
534_50_DF_DCSC_GI_OCC_8,Dipendenti - Ateco 3 cifre (base 2010),REF_AREA,nazionale,nazionale,1,2026-08-15
534_50_DF_DCSC_GI_OCC_9,Quota part time (base 2010),REF_AREA,nazionale,nazionale,1,2026-07-22
535_194,Retribuzioni lorde - Imprese con almeno 500 dipendenti,REF_AREA,nazionale,nazionale,1,2026-07-22
535_194_DF_DCSC_GI_RE_1,Dati grezzi (base 2015),REF_AREA,nazionale,nazionale,1,2026-08-09
535_194_DF_DCSC_GI_RE_10,Dati destagionalizzati (base 2021),REF_AREA,nazionale,nazionale,1,2026-07-23
535_194_DF_DCSC_GI_RE_2,Dati grezzi - Ateco 3 cifre (base 2015),REF_AREA,nazionale,nazionale,1,2026-08-15
535_194_DF_DCSC_GI_RE_3,Dati destagionalizzati (base 2015),REF_AREA,nazionale,nazionale,1,2026-07-23
535_194_DF_DCSC_GI_RE_4,Dati grezzi (base 2010),REF_AREA,nazionale,nazionale,1,2026-07-23
535_194_DF_DCSC_GI_RE_5,Dati grezzi - Ateco 3 cifre (base 2010),REF_AREA,nazionale,nazionale,1,2026-08-15
535_194_DF_DCSC_GI_RE_6,Dati destagionalizzati (base 2010),REF_AREA,nazionale,nazionale,1,2026-07-23
535_194_DF_DCSC_GI_RE_7,Dati grezzi (base 2005),REF_AREA,nazionale,nazionale,1,2026-07-23
535_194_DF_DCSC_GI_RE_8,Dati destagionalizzati (base 2005),REF_AREA,nazionale,nazionale,1,2026-07-23
535_194_DF_DCSC_GI_RE_9,Dati grezzi (base 2021),REF_AREA,nazionale,nazionale,1,2026-08-15
536_193,Imprese con almeno 500 dipendenti,REF_AREA,nazionale,nazionale,1,2026-08-09
536_193_DF_DCSC_GI_COS_1,Dati grezzi (base 2015),REF_AREA,nazionale,nazionale,1,2026-07-23
536_193_DF_DCSC_GI_COS_10,Dati destagionalizzati (base 2021),REF_AREA,nazionale,nazionale,1,2026-07-23
536_193_DF_DCSC_GI_COS_2,Dati grezzi - Ateco 3 cifre (base 2015),REF_AREA,nazionale,nazionale,1,2026-07-23
536_193_DF_DCSC_GI_COS_3,Dati destagionalizzati (base 2015),REF_AREA,nazionale,nazionale,1,2026-07-23
536_193_DF_DCSC_GI_COS_4,Dati grezzi (base 2010),REF_AREA,nazionale,nazionale,1,2026-07-23
536_193_DF_DCSC_GI_COS_5,Dati grezzi - Ateco 3 cifre (base 2010),REF_AREA,nazionale,nazionale,1,2026-07-23
536_193_DF_DCSC_GI_COS_6,Dati destagionalizzati (base 2010),REF_AREA,nazionale,nazionale,1,2026-07-23
536_193_DF_DCSC_GI_COS_7,Dati grezzi (base 2005),REF_AREA,nazionale,nazionale,1,2026-07-23
536_193_DF_DCSC_GI_COS_8,Dati destagionalizzati (base 2005),REF_AREA,nazionale,nazionale,1,2026-07-23
536_193_DF_DCSC_GI_COS_9,Dati grezzi (base 2021),REF_AREA,nazionale,nazionale,1,2026-07-23
536_278,Imprese ed enti pubblici con almeno 10 dipendenti,REF_AREA,ripartizione,nazionale|ripartizione,6,2026-07-23
536_278_DF_DCSC_COSTLAVSTRUT_1_1,Imprese ed enti pubblici con almeno 10 dipendenti,REF_AREA,ripartizione,nazionale|ripartizione,6,2026-07-23
536_279,Imprese ed enti pubblici con almeno 10 dipendenti - nuova metodologia,REF_AREA,ripartizione,nazionale|ripartizione,6,2026-07-24
56_1045,Iscritti all'università - comune dell'ateneo,REF_AREA,comune,nazionale|ripartizione|regione|provincia|comune,416,2026-07-23
56_1045_DF_DCIS_ISCRITTI_COM_A_1,Iscritti per sesso,REF_AREA,comune,nazionale|ripartizione|regione|provincia|comune,416,2026-07-23
56_1045_DF_DCIS_ISCRITTI_COM_A_2,Iscritti per cittadinanza,REF_AREA,comune,nazionale|ripartizione|regione|provincia|comune,416,2026-07-23
56_1045_DF_DCIS_ISCRITTI_COM_A_3,Iscritti per gruppo di corsi di laurea,REF_AREA,comune,nazionale|ripartizione|regione|provincia|comune,416,2026-07-23
56_1046,Iscritti all'università - comune di residenza,REF_AREA,comune,nazionale|ripartizione|regione|provincia|comune,8422,2026-07-23
56_1046_DF_DCIS_ISCRITTI_COM_R_1,Iscritti per sesso,REF_AREA,comune,nazionale|ripartizione|regione|provincia|comune,8422,2026-07-23
56_1046_DF_DCIS_ISCRITTI_COM_R_2,Iscritti per cittadinanza,REF_AREA,comune,nazionale|ripartizione|regione|provincia|comune,8422,2026-07-23
56_1046_DF_DCIS_ISCRITTI_COM_R_3,Iscritti per gruppo di corsi di laurea,REF_AREA,comune,nazionale|ripartizione|regione|provincia|comune,8422,2026-07-23
56_1135,Docenti universitari,REF_AREA,nazionale,nazionale,1,2026-07-23
56_1135_DF_DCIS_DOCENTI1_1,Docenti universitari,REF_AREA,nazionale,nazionale,1,2026-07-23
56_188,Docenti universitari 2007-2011,REF_AREA,nazionale,nazionale,1,2026-07-23
56_188_DF_DCIS_DOCENTI_1,Docenti universitari 2007-2011,REF_AREA,nazionale,nazionale,1,2026-07-23
56_189,Indicatori sull'università,REF_AREA,regione,nazionale|ripartizione|regione,28,2026-07-23
56_189_DF_INDUNIV_1,Indicatori sull' università,REF_AREA,regione,nazionale|ripartizione|regione,28,2026-07-23
56_77,Servizi per gli alunni con disabilità,REF_AREA,provincia,nazionale|ripartizione|regione|provincia,139,2026-08-09
56_77_DF_DCIS_SANSCUOLE_1,Scuole per presenza di barriere architettoniche,REF_AREA,provincia,nazionale|ripartizione|regione|provincia,139,2026-08-09
56_77_DF_DCIS_SANSCUOLE_2,Scuole con alunni con disabilità e postazioni informatiche adattate,REF_AREA,provincia,nazionale|ripartizione|regione|provincia,139,2026-07-23
56_858,Iscritti all'università,RESIDENCE_TERR,provincia,nazionale|ripartizione|regione|provincia,31,2026-08-09
56_858_DF_DCIS_ISCRITTI1_1,Iscritti,RESIDENCE_TERR,provincia,nazionale|ripartizione|regione|provincia,31,2026-07-23
56_858_DF_DCIS_ISCRITTI1_3,Iscritti per regione dell'ateneo e di residenza (2008-2010),RESIDENCE_TERR,regione,nazionale|ripartizione|regione,30,2026-08-09
5_42,Conto trimestrale - edizioni ottobre 2019 - luglio 2024,REF_AREA,nazionale,nazionale,1,2026-07-23
5_42_DF_DCCN_FPQ_B19_1,Conto economico - edizioni ottobre 2019 - luglio 2024,REF_AREA,nazionale,nazionale,1,2026-07-23
5_42_DF_DCCN_FPQ_B19_2,Indicatori (in rapporto al PIL) - edizioni ottobre 2019 - luglio 2024,REF_AREA,nazionale,nazionale,1,2026-07-23
5_815,Conto annuale - edizioni ottobre 2019 - aprile 2024,REF_AREA,nazionale,nazionale,1,2026-08-09
5_815_DF_DCCN_FPA_B19_1,Conto economico per sottosettore - edizioni ottobre 2019 - aprile 2024,REF_AREA,nazionale,nazionale,1,2026-07-23
5_815_DF_DCCN_FPA_B19_2,Indicatori (in rapporto al PIL) - edizioni ottobre 2019 - aprile 2024,REF_AREA,nazionale,nazionale,1,2026-07-23
5_815_DF_DCCN_FPA_B19_3,Redditi e retribuzione pro capite per sottosettore -edizioni ottobre 2019 - aprile 2024,REF_AREA,nazionale,nazionale,1,2026-07-23
5_815_DF_DCCN_FPA_B19_4,Investimenti fissi lordi per sottosettore - edizioni ottobre 2019 - aprile 2024,REF_AREA,nazionale,nazionale,1,2026-07-23
5_815_DF_DCCN_FPA_B19_5,Imposte e contributi sociali per sottosettore - edizioni ottobre 2019 - aprile 2024,REF_AREA,nazionale,nazionale,1,2026-08-09
5_815_DF_DCCN_FPA_B19_6,Formazione della spesa per consumi finali - edizioni ottobre 2019 - aprile 2024,REF_AREA,nazionale,nazionale,1,2026-07-23
5_94,Uscite annuali per sottosettore - edizioni ottobre 2019 - aprile 2024,REF_AREA,nazionale,nazionale,1,2026-08-09
5_94_DF_DCCN_OTEPPA_B19_1,Spesa per consumi per funzione (COFOG 2 e 3 cifre) -  edizioni ottobre 2019 - aprile 2024,REF_AREA,nazionale,nazionale,1,2026-08-09
5_94_DF_DCCN_OTEPPA_B19_2,Voci di uscita per funzione (COFOG 2 e 3 cifre) - edizioni febbraio 2020 - dicembre 2023,REF_AREA,nazionale,nazionale,1,2026-08-09
609_1,Ambiente urbano,REF_AREA,comune,nazionale|ripartizione|regione|provincia|comune,258,2026-07-23
609_1_DF_DCCV_URBANENV_1,Acqua - consumo,REF_AREA,comune,nazionale|ripartizione|regione|provincia|comune,250,2026-07-23
609_1_DF_DCCV_URBANENV_10,Energia - teleriscaldamento,REF_AREA,comune,nazionale|ripartizione|regione|provincia|comune,248,2026-07-23
609_1_DF_DCCV_URBANENV_11,Mobilità urbana - mobilità sostenibile,REF_AREA,comune,nazionale|ripartizione|regione|provincia|comune,256,2026-07-23
609_1_DF_DCCV_URBANENV_12,Mobilità urbana - parco veicolare,REF_AREA,comune,nazionale|ripartizione|regione|provincia|comune,252,2026-07-23
609_1_DF_DCCV_URBANENV_13,Mobilità urbana - trasporto pubblico locale,REF_AREA,comune,nazionale|ripartizione|regione|provincia|comune,256,2026-07-23
609_1_DF_DCCV_URBANENV_14,Rifiuti urbani - produzione,REF_AREA,comune,nazionale|ripartizione|regione|provincia|comune,250,2026-07-23
609_1_DF_DCCV_URBANENV_15,Raccolta differenziata - frazioni merceologiche,REF_AREA,comune,nazionale|ripartizione|regione|provincia|comune,248,2026-07-23
609_1_DF_DCCV_URBANENV_16,Rumore - attività di misura,REF_AREA,comune,nazionale|ripartizione|regione|provincia|comune,250,2026-07-23
609_1_DF_DCCV_URBANENV_17,Rumore - attività temporanee,REF_AREA,comune,nazionale|ripartizione|regione|provincia|comune,248,2026-07-23
609_1_DF_DCCV_URBANENV_18,Verde urbano - densità,REF_AREA,comune,nazionale|ripartizione|regione|provincia|comune,250,2026-07-23
609_1_DF_DCCV_URBANENV_19,Verde urbano - disponibilità,REF_AREA,comune,nazionale|ripartizione|regione|provincia|comune,250,2026-07-23
609_1_DF_DCCV_URBANENV_2,Acqua - razionamento,REF_AREA,comune,nazionale|ripartizione|regione|provincia|comune,244,2026-07-23
609_1_DF_DCCV_URBANENV_20,Verde urbano - tipologia di verde,REF_AREA,comune,nazionale|ripartizione|regione|provincia|comune,250,2026-07-23
609_1_DF_DCCV_URBANENV_21,Verde urbano - forestazione,REF_AREA,comune,nazionale|ripartizione|regione|provincia|comune,248,2026-07-23
609_1_DF_DCCV_URBANENV_22,Rifiuti urbani - servizio di raccolta,REF_AREA,comune,nazionale|ripartizione|regione|provincia|comune,244,2026-07-23
609_1_DF_DCCV_URBANENV_3,Qualità dell'aria - monitoraggio inquinanti,REF_AREA,comune,nazionale|ripartizione|regione|provincia|comune,250,2026-07-23
609_1_DF_DCCV_URBANENV_4,Qualità dell'aria - valori di concentrazione e numero di superamenti,REF_AREA,comune,nazionale|ripartizione|regione|provincia|comune,250,2026-07-23
609_1_DF_DCCV_URBANENV_5,Eco management - illuminazione pubblica stradale,REF_AREA,comune,nazionale|ripartizione|regione|provincia|comune,250,2026-07-23
609_1_DF_DCCV_URBANENV_6,Eco management - livello di digitalizzazione,REF_AREA,comune,nazionale|ripartizione|regione|provincia|comune,250,2026-07-23
609_1_DF_DCCV_URBANENV_7,Energia - consumi energetici domestici e non domestici,REF_AREA,comune,nazionale|ripartizione|regione|provincia|comune,250,2026-07-23
609_1_DF_DCCV_URBANENV_8,Energia - fonti rinnovabili,REF_AREA,comune,nazionale|ripartizione|regione|provincia|comune,255,2026-07-23
609_1_DF_DCCV_URBANENV_9,Energia - rete di ricarica per auto elettriche,REF_AREA,comune,nazionale|ripartizione|regione|provincia|comune,248,2026-07-23
60_1004,Musei ed istituzioni similari - comuni,REF_AREA,comune,nazionale|ripartizione|regione|provincia|comune,3116,2026-07-23
60_1004_DF_DCIS_MUSVIS_COM_1,Musei ed istituzioni similari - comuni,REF_AREA,comune,nazionale|ripartizione|regione|provincia|comune,3116,2026-07-23
60_130,Internet: accesso e tipo di utilizzo,REF_AREA,regione,nazionale|ripartizione|regione,34,2026-07-23
60_130_DF_DCCV_ICT_11,Tipo di acquisti e ordini - reg. e tipo di comune,REF_AREA,regione,nazionale|ripartizione|regione,34,2026-07-23
60_130_DF_DCCV_ICT_2,Famiglie e accesso ad internet - reg. e tipo comune,REF_AREA,regione,nazionale|ripartizione|regione,34,2026-07-23
60_130_DF_DCCV_ICT_3,Famiglie e tipo di connessione - reg. e tipo di comune,REF_AREA,regione,nazionale|ripartizione|regione,34,2026-07-23
60_130_DF_DCCV_ICT_5,Attività svolte su internet - reg. e tipo di comune,REF_AREA,regione,nazionale|ripartizione|regione,34,2026-07-23
60_130_DF_DCCV_ICT_7,Interazione con la PA - reg. e tipo di comune,REF_AREA,regione,nazionale|ripartizione|regione,34,2026-07-23
60_130_DF_DCCV_ICT_9,Acquisti o ordini - reg. e tipo di comune,REF_AREA,regione,nazionale|ripartizione|regione,34,2026-07-23
60_195,Musei ed istituzioni similari,REF_AREA,regione,nazionale|ripartizione|regione,27,2026-08-09
60_195_DF_DCIS_MUSVIS_1,Musei ed istituzioni similari - Principali dati,REF_AREA,regione,nazionale|ripartizione|regione,27,2026-08-09
60_195_DF_DCIS_MUSVIS_2,Appartenenza a circuito museale,REF_AREA,regione,nazionale|ripartizione|regione,27,2026-07-23
60_195_DF_DCIS_MUSVIS_3,Tipo di gestione e accesso gratuito,REF_AREA,regione,nazionale|ripartizione|regione,27,2026-08-09
60_195_DF_DCIS_MUSVIS_4,Periodo di apertura,REF_AREA,regione,nazionale|ripartizione|regione,27,2026-08-09
60_195_DF_DCIS_MUSVIS_5,Tipo di servizi e dotazioni,REF_AREA,regione,nazionale|ripartizione|regione,27,2026-08-09
60_3,Archivi di stato,REF_AREA,regione,nazionale|ripartizione|regione,27,2026-07-23
60_3_DF_DCIS_ARCHIVIST_1,Attività svolte,REF_AREA,regione,nazionale|ripartizione|regione,27,2026-07-23
60_3_DF_DCIS_ARCHIVIST_2,Superficie per destinazione di uso,REF_AREA,regione,nazionale|ripartizione|regione,27,2026-07-23
60_3_DF_DCIS_ARCHIVIST_3,Tipologia di materiale conservato,REF_AREA,regione,nazionale|ripartizione|regione,27,2026-07-23
60_3_DF_DCIS_ARCHIVIST_4,Utenti per motivo,REF_AREA,regione,nazionale|ripartizione|regione,27,2026-07-23
60_3_DF_DCIS_ARCHIVIST_5,Ricerche per tipologia,REF_AREA,regione,nazionale|ripartizione|regione,27,2026-07-23
60_41,Biblioteche pubbliche statali,REF_AREA,regione,nazionale|ripartizione|regione,20,2026-07-23
60_41_DF_DCIS_BIBLIOT_1,Biblioteche pubbliche statali - Principali dati,REF_AREA,regione,nazionale|ripartizione|regione,20,2026-07-23
60_41_DF_DCIS_BIBLIOT_2,Prestiti per tipo di richiedente,REF_AREA,regione,nazionale|ripartizione|regione,20,2026-07-23
60_41_DF_DCIS_BIBLIOT_3,Personale impiegato,REF_AREA,regione,nazionale|ripartizione|regione,20,2026-07-23
610_119_DF_DCCV_TRASPRIV_1,Trasporto privato,REF_AREA,comune,nazionale|ripartizione|regione|provincia|comune,253,2026-07-23
612_933,Laureati - caratteristiche socio-demografiche e curriculum,REF_AREA,nazionale,nazionale,1,2026-07-23
612_933_DF_DCCV_LAU_DEM_FORM_1,Tipo di diploma,REF_AREA,nazionale,nazionale,1,2026-07-23
612_933_DF_DCCV_LAU_DEM_FORM_2,Giudizio (da 0 a 10) sui fattori di scelta ateneo,REF_AREA,nazionale,nazionale,1,2026-07-23
612_933_DF_DCCV_LAU_DEM_FORM_3,Gruppo di laurea,REF_AREA,nazionale,nazionale,1,2026-07-23
612_933_DF_DCCV_LAU_DEM_FORM_4,Partecipazione Erasmus,REF_AREA,nazionale,nazionale,1,2026-07-23
612_933_DF_DCCV_LAU_DEM_FORM_5,Laurea precedente,REF_AREA,nazionale,nazionale,1,2026-07-23
612_933_DF_DCCV_LAU_DEM_FORM_6,Iscrizione ad altra formazione,REF_AREA,nazionale,nazionale,1,2026-07-23
612_933_DF_DCCV_LAU_DEM_FORM_7,Conclusa altra formazione,REF_AREA,nazionale,nazionale,1,2026-07-23
612_933_DF_DCCV_LAU_DEM_FORM_8,Titolo di studio del padre e della madre,REF_AREA,nazionale,nazionale,1,2026-07-23
612_937,Laureati - ricerca di lavoro,REF_AREA,nazionale,nazionale,1,2026-07-23
612_937_DF_DCCV_LAU_RIC_1,Ricerca di lavoro in Italia o all'estero (occupati e non),REF_AREA,nazionale,nazionale,1,2026-07-23
612_937_DF_DCCV_LAU_RIC_2,Occupazione e orario desiderati (occupati e non),REF_AREA,nazionale,nazionale,1,2026-07-23
612_939,Laureati - condizione occupazionale,REF_AREA,provincia,nazionale|ripartizione|regione|provincia,32,2026-07-23
612_939_DF_DCCV_LAU_OCCUP_RED_1,Gruppo di laurea e condizione occupazionale,REF_AREA,provincia,provincia,1,2026-07-23
612_939_DF_DCCV_LAU_OCCUP_RED_2,Gruppo di laurea e professione,REF_AREA,provincia,provincia,1,2026-07-23
612_939_DF_DCCV_LAU_OCCUP_RED_6,Soddisfazione per il lavoro,REF_AREA,provincia,provincia,1,2026-07-23
612_939_DF_DCCV_LAU_OCCUP_RED_7,Regione di residenza e condizione occupazionale,REF_AREA,provincia,nazionale|ripartizione|regione|provincia,32,2026-07-23
612_939_DF_DCCV_LAU_OCCUP_RED_8,Regione di residenza e reddito mensile,REF_AREA,provincia,nazionale|ripartizione|regione|provincia,32,2026-07-23
613_934,Diplomati - caratteristiche socio-demografiche e curriculum,REF_AREA,provincia,nazionale|ripartizione|regione|provincia,29,2026-07-23
613_934_DF_DCCV_DIPL_DEM_FORM_1,Tipo di diploma,REF_AREA,provincia,provincia,1,2026-07-23
613_934_DF_DCCV_DIPL_DEM_FORM_10,Iscrizione a università - sesso e tipo di diploma,REF_AREA,provincia,provincia,1,2026-07-23
613_934_DF_DCCV_DIPL_DEM_FORM_11,Iscrizione a università - regione di dimora abituale,REF_AREA,provincia,nazionale|ripartizione|regione|provincia,29,2026-07-23
613_934_DF_DCCV_DIPL_DEM_FORM_12,Iscrizione a studi terziari non universitari - sesso e tipo di diploma,REF_AREA,provincia,provincia,1,2026-07-23
613_934_DF_DCCV_DIPL_DEM_FORM_13,Iscrizione a studi terziari non universitari - regione di dimora abituale,REF_AREA,provincia,nazionale|ripartizione|regione|provincia,29,2026-07-23
613_934_DF_DCCV_DIPL_DEM_FORM_2,Natura giuridica della scuola e soddisfazione,REF_AREA,provincia,provincia,1,2026-07-23
613_934_DF_DCCV_DIPL_DEM_FORM_3,Età all'intervista,REF_AREA,provincia,provincia,1,2026-07-23
613_934_DF_DCCV_DIPL_DEM_FORM_4,Cittadinanza e familiari coabitanti,REF_AREA,provincia,provincia,1,2026-07-23
613_934_DF_DCCV_DIPL_DEM_FORM_5,Regione di dimora abituale,REF_AREA,provincia,nazionale|ripartizione|regione|provincia,29,2026-07-23
613_934_DF_DCCV_DIPL_DEM_FORM_6,Titolo di studio del padre e della madre,REF_AREA,provincia,provincia,1,2026-07-23
613_934_DF_DCCV_DIPL_DEM_FORM_7,Iscrizione ad un qualsiasi tipo di corso post-diploma,REF_AREA,provincia,provincia,1,2026-07-23
613_934_DF_DCCV_DIPL_DEM_FORM_8,Iscrizione a corsi di formazione professionale - sesso e tipo di diploma,REF_AREA,provincia,provincia,1,2026-07-23
613_934_DF_DCCV_DIPL_DEM_FORM_9,Iscrizione a corsi di formazione professionale - regione di dimora abituale,REF_AREA,provincia,nazionale|ripartizione|regione|provincia,29,2026-07-23
613_935,Diplomati - condizione occupazionale e retribuzione,REF_AREA,provincia,nazionale|ripartizione|regione|provincia,30,2026-07-23
613_935_DF_DCCV_DIPL_OCCUP_REDD_1,Sesso e tipo di diploma,REF_AREA,provincia,provincia,1,2026-07-23
613_935_DF_DCCV_DIPL_OCCUP_REDD_10,Regione e retribuzione,REF_AREA,provincia,nazionale|ripartizione|regione|provincia,30,2026-07-23
613_935_DF_DCCV_DIPL_OCCUP_REDD_2,Professione CP2011,REF_AREA,provincia,provincia,1,2026-07-23
613_935_DF_DCCV_DIPL_OCCUP_REDD_3,Tipo di occupazione e ore di lavoro,REF_AREA,provincia,provincia,1,2026-07-23
613_935_DF_DCCV_DIPL_OCCUP_REDD_4,Settore d'impiego e attività economica,REF_AREA,provincia,provincia,1,2026-07-23
613_935_DF_DCCV_DIPL_OCCUP_REDD_5,Retribuzione e tipo di diploma,REF_AREA,provincia,provincia,1,2026-07-23
613_935_DF_DCCV_DIPL_OCCUP_REDD_6,Retribuzione e tipo di occupazione,REF_AREA,provincia,provincia,1,2026-07-23
613_935_DF_DCCV_DIPL_OCCUP_REDD_7,Utilità del diploma,REF_AREA,provincia,provincia,1,2026-07-23
613_935_DF_DCCV_DIPL_OCCUP_REDD_8,Soddisfazione per il lavoro (punteggio medio),REF_AREA,provincia,provincia,1,2026-07-23
613_935_DF_DCCV_DIPL_OCCUP_REDD_9,Regione e condizione occupazionale,REF_AREA,provincia,nazionale|ripartizione|regione|provincia,30,2026-07-23
613_936,Diplomati - ricerca di lavoro,REF_AREA,provincia,nazionale|ripartizione|regione|provincia,29,2026-07-23
613_936_DF_DCCV_DIPL_RIC_1,Ricerca di lavoro e occupazione attuale,REF_AREA,provincia,provincia,1,2026-07-23
613_936_DF_DCCV_DIPL_RIC_2,Ricerca di lavoro e regione di dimora abituale,REF_AREA,provincia,nazionale|ripartizione|regione|provincia,29,2026-07-23
613_936_DF_DCCV_DIPL_RIC_3,"Occupazione, orario e luogo di lavoro desiderati",REF_AREA,provincia,provincia,1,2026-07-23
61_69,Opere librarie pubblicate,REF_AREA,regione,nazionale|ripartizione|regione,28,2026-08-09
61_69_DF_DCIS_PUBBLICATE3_1,Opere librarie pubblicate - Principali dati,REF_AREA,regione,nazionale|ripartizione|regione,28,2026-08-09
61_69_DF_DCIS_PUBBLICATE3_2,Prezzo e copie stampate,REF_AREA,regione,nazionale|ripartizione|regione,28,2026-07-23
669_1073,Gettito delle imposte ambientali versione 2014,REF_AREA,nazionale,nazionale,1,2026-08-09
669_1073_DF_DCCN_IMPAMB1_B14_1,Categoria di imposta - edizioni dicembre 2014 - ottobre 2018,REF_AREA,nazionale,nazionale,1,2026-07-23
669_1073_DF_DCCN_IMPAMB1_B14_2,Unità che corrisponde l'imposta - edizioni dicembre 2014 - ottobre 2018,REF_AREA,nazionale,nazionale,1,2026-08-09
669_1073_DF_DCCN_IMPAMB1_B14_3,Gettito corrisposto dalle attività produttive - edizioni dicembre 2014 - ottobre 2018,REF_AREA,nazionale,nazionale,1,2026-08-09
669_1073_DF_DCCN_IMPAMB1_B14_4,Classe CEPA - edizioni dicembre 2014 - ottobre 2018,REF_AREA,nazionale,nazionale,1,2026-07-23
669_1073_DF_DCCN_IMPAMB1_B14_5,Destinazione del gettito - edizioni dicembre 2014 - ottobre 2018,REF_AREA,nazionale,nazionale,1,2026-07-23
669_1080,Emissioni atmosferiche NAMEA (NACE Rev. 2) versione 2014,REF_AREA,nazionale,nazionale,1,2026-08-09
669_1080_DF_DCCN_CONTIEMATMREV2_B14_1,Attività produttive - edizioni novembre 2014 - novembre 2018,REF_AREA,nazionale,nazionale,1,2026-08-09
669_1080_DF_DCCN_CONTIEMATMREV2_B14_2,Famiglie - edizioni novembre 2014 - novembre 2018,REF_AREA,nazionale,nazionale,1,2026-08-09
669_1080_DF_DCCN_CONTIEMATMREV2_B14_3,Raccordo tra totale NAMEA e totale UNFCCC/CLRTAP - edizioni novembre 2014 - novembre 2018,REF_AREA,nazionale,nazionale,1,2026-07-23
669_1080_DF_DCCN_CONTIEMATMREV2_B14_4,Intensità della produzione e del valore aggiunto - edizioni novembre 2014 - novembre 2018,REF_AREA,nazionale,nazionale,1,2026-08-09
669_1080_DF_DCCN_CONTIEMATMREV2_B14_5,Intensità dell'occupazione - edizioni novembre 2014 - novembre 2018,REF_AREA,nazionale,nazionale,1,2026-08-09
669_1081,Conti dei flussi fisici di energia (PEFA) versione 2014,REF_AREA,nazionale,nazionale,1,2026-07-23
669_1081_DF_DCCN_PEFA_B14_1,"Risorse e impieghi, schema di sintesi - edizione dicembre 2018",REF_AREA,nazionale,nazionale,1,2026-07-23
669_1081_DF_DCCN_PEFA_B14_2,Risorse per attività e tipo di flusso - edizione dicembre 2018,REF_AREA,nazionale,nazionale,1,2026-07-23
669_1081_DF_DCCN_PEFA_B14_3,Impieghi per attività e tipo di flusso - edizione dicembre 2018,REF_AREA,nazionale,nazionale,1,2026-07-23
669_1081_DF_DCCN_PEFA_B14_4,Impieghi rilevanti per le emissioni atmosferiche (impieghi da combustione) - edizione dicembre 2018,REF_AREA,nazionale,nazionale,1,2026-08-09
669_1081_DF_DCCN_PEFA_B14_5,Vettori di indicatori chiave sui flussi di energia - edizione dicembre 2018,REF_AREA,nazionale,nazionale,1,2026-07-23
669_1081_DF_DCCN_PEFA_B14_6,Tavola di raccordo: consumo di energia - edizione dicembre 2018,REF_AREA,nazionale,nazionale,1,2026-07-23
669_1113,Spese per la protezione dell'ambiente versione 2014,REF_AREA,nazionale,nazionale,1,2026-08-09
669_1113_DF_DCCN_SPESAPROTAMB_B14_1,Spesa nazionale - edizioni aprile 2018 e gennaio 2019,REF_AREA,nazionale,nazionale,1,2026-07-23
669_1113_DF_DCCN_SPESAPROTAMB_B14_2,Aggregati economici per settore istituzionale - edizioni aprile 2018 e gennaio 2019,REF_AREA,nazionale,nazionale,1,2026-07-23
669_1113_DF_DCCN_SPESAPROTAMB_B14_3,Investimenti e produzione ausiliaria delle società come produttori ausiliari per attività economica - edizioni aprile 2018 e gennaio 2019,REF_AREA,nazionale,nazionale,1,2026-08-09
669_1116,Conti dei flussi di materia versione 2014,REF_AREA,nazionale,nazionale,1,2026-07-23
669_1116_DF_DCCN_FLUMAT_B14_1,Indicatori aggregati - edizioni gennaio 2016 - febbraio 2019,REF_AREA,nazionale,nazionale,1,2026-07-23
669_1116_DF_DCCN_FLUMAT_B14_2,Estrazione interna di materiali utilizzati - edizioni gennaio 2016 - febbraio 2019,REF_AREA,nazionale,nazionale,1,2026-07-24
669_1116_DF_DCCN_FLUMAT_B14_3,Scambi con il resto del mondo - edizioni gennaio 2016 - febbraio 2019,REF_AREA,nazionale,nazionale,1,2026-07-24
669_1119,Conti dei beni e servizi ambientali versione 2014,REF_AREA,nazionale,nazionale,1,2026-08-09
669_1119_DF_DCCN_EGSS_B14_1,"Produzione, valore aggiunto, esportazioni - edizione febbraio 2019",REF_AREA,nazionale,nazionale,1,2026-07-24
669_1119_DF_DCCN_EGSS_B14_2,Occupazione (unità di lavoro) - edizione febbraio 2019,REF_AREA,nazionale,nazionale,1,2026-07-24
669_964,Gettito delle imposte ambientali,REF_AREA,nazionale,nazionale,1,2026-08-09
669_967,Emissioni atmosferiche NAMEA (NACE Rev. 2) versione 2011,REF_AREA,nazionale,nazionale,1,2026-08-09
68_1220,Viaggi e loro organizzazione,RESIDENCE_TERR,nazionale,nazionale,1,2026-07-24
68_1220_DF_DCCV_VIAGGI_ORG_1,Prenotazione dell'alloggio,RESIDENCE_TERR,nazionale,nazionale,1,2026-07-24
68_1220_DF_DCCV_VIAGGI_ORG_2,Prenotazione del trasporto,RESIDENCE_TERR,nazionale,nazionale,1,2026-07-24
68_1220_DF_DCCV_VIAGGI_ORG_3,Prenotazione via internet,RESIDENCE_TERR,nazionale,nazionale,1,2026-07-24
68_1220_DF_DCCV_VIAGGI_ORG_4,Prenotazione dell'alloggio via internet,RESIDENCE_TERR,nazionale,nazionale,1,2026-07-24
68_1220_DF_DCCV_VIAGGI_ORG_5,Prenotazione del trasporto via internet,RESIDENCE_TERR,nazionale,nazionale,1,2026-07-24
68_1221,Viaggi per motivo,RESIDENCE_TERR,nazionale,nazionale,1,2026-07-24
68_1221_DF_DCCV_VIAGGI_CAPI_2_1,Vacanze,RESIDENCE_TERR,nazionale,nazionale,1,2026-07-24
68_1221_DF_DCCV_VIAGGI_CAPI_2_2,Vacanze di 4 notti e più,RESIDENCE_TERR,nazionale,nazionale,1,2026-07-24
68_1221_DF_DCCV_VIAGGI_CAPI_2_3,Vacanze di piacere/svago - dati annuali,RESIDENCE_TERR,nazionale,nazionale,1,2026-07-24
68_1221_DF_DCCV_VIAGGI_CAPI_2_4,Vacanze di piacere/svago - dati trimestrali,RESIDENCE_TERR,nazionale,nazionale,1,2026-07-24
68_1221_DF_DCCV_VIAGGI_CAPI_2_5,Vacanze di piacere/svago per luogo di destinazione,RESIDENCE_TERR,nazionale,nazionale,1,2026-07-24
68_1221_DF_DCCV_VIAGGI_CAPI_2_6,Vacanze di piacere /svago per durata,RESIDENCE_TERR,nazionale,nazionale,1,2026-07-24
68_1221_DF_DCCV_VIAGGI_CAPI_2_7,Viaggi di lavoro,RESIDENCE_TERR,nazionale,nazionale,1,2026-07-24
68_1221_DF_DCCV_VIAGGI_CAPI_2_8,Viaggi culturali - dati trimestrali,RESIDENCE_TERR,nazionale,nazionale,1,2026-07-24
68_1221_DF_DCCV_VIAGGI_CAPI_2_9,Viaggi culturali per tipo di attività,RESIDENCE_TERR,nazionale,nazionale,1,2026-07-24
68_161,Persone andate e non andate in vacanza,RESIDENCE_TERR,nazionale,nazionale,1,2026-07-24
68_265,Spesa per viaggi in alloggi a pagamento,RESIDENCE_TERR,nazionale,nazionale,1,2026-07-24
68_265_DF_DCCV_VIAGGI_SPESE_CAPI_1,Viaggi in totale,RESIDENCE_TERR,nazionale,nazionale,1,2026-07-24
68_265_DF_DCCV_VIAGGI_SPESE_CAPI_2,Vacanze,RESIDENCE_TERR,nazionale,nazionale,1,2026-07-24
68_265_DF_DCCV_VIAGGI_SPESE_CAPI_3,Tipo di alloggio,RESIDENCE_TERR,nazionale,nazionale,1,2026-07-24
68_338,Visite in giornata (escursioni),RESIDENCE_TERR,nazionale,nazionale,1,2026-07-24
68_338_DF_DCCV_ESC_CAPI_1,Dati trimestrali,RESIDENCE_TERR,nazionale,nazionale,1,2026-07-24
68_338_DF_DCCV_ESC_CAPI_2,Motivo prevalente,RESIDENCE_TERR,nazionale,nazionale,1,2026-07-24
68_338_DF_DCCV_ESC_CAPI_3,Mezzo di trasporto prevalente,RESIDENCE_TERR,nazionale,nazionale,1,2026-07-24
68_338_DF_DCCV_ESC_CAPI_4,Regione di destinazione,RESIDENCE_TERR,nazionale,nazionale,1,2026-07-24
68_356,Persone che hanno viaggiato,RESIDENCE_TERR,ripartizione,nazionale|ripartizione,6,2026-07-24
68_356_DF_DCCV_TURISTI_CAPI_1,Viaggiatori per 100 residenti,RESIDENCE_TERR,ripartizione,nazionale|ripartizione,6,2026-07-24
68_356_DF_DCCV_TURISTI_CAPI_6,Residenza,RESIDENCE_TERR,ripartizione,nazionale|ripartizione,6,2026-07-24
68_356_DF_DCCV_TURISTI_CAPI_7,Viaggiatori per lavoro,RESIDENCE_TERR,ripartizione,nazionale|ripartizione,6,2026-07-24
68_357,Pernottamenti in viaggio,RESIDENCE_TERR,ripartizione,nazionale|ripartizione,6,2026-07-24
68_357_DF_DCCV_TURNOT_CAPI_1,Pernottamenti in Italia e regione di destinazione,RESIDENCE_TERR,nazionale,nazionale,1,2026-07-24
68_357_DF_DCCV_TURNOT_CAPI_2,Pernottamenti all'estero e paese di destinazione,RESIDENCE_TERR,nazionale,nazionale,1,2026-07-24
68_357_DF_DCCV_TURNOT_CAPI_3,Destinazione e tipo di viaggio,RESIDENCE_TERR,nazionale,nazionale,1,2026-07-24
68_357_DF_DCCV_TURNOT_CAPI_4,Sesso e classe di età,RESIDENCE_TERR,nazionale,nazionale,1,2026-07-24
68_357_DF_DCCV_TURNOT_CAPI_5,Condizione professionale,RESIDENCE_TERR,nazionale,nazionale,1,2026-07-24
68_357_DF_DCCV_TURNOT_CAPI_6,Destinazione e residenza,RESIDENCE_TERR,ripartizione,nazionale|ripartizione,6,2026-07-24
68_357_DF_DCCV_TURNOT_CAPI_7,Destinazione e tipo di alloggio,RESIDENCE_TERR,nazionale,nazionale,1,2026-07-24
68_357_DF_DCCV_TURNOT_CAPI_8,N. medio notti in viaggio,RESIDENCE_TERR,nazionale,nazionale,1,2026-07-24
68_357_DF_DCCV_TURNOT_CAPI_9,Notti di vacanza per 1.000 residenti (medie giornaliere),RESIDENCE_TERR,nazionale,nazionale,1,2026-07-24
68_359,Viaggi per caratteristiche del viaggiatore,REF_AREA,regione,nazionale|ripartizione|regione,10,2026-07-24
68_359_DF_DCCV_VIAGGI_RES_1,"Viaggi per sesso, classe di età della persona che ha viaggiato e tipologia del viaggio. Dati assoluti (in migliaia) - Livello Nazionale",REF_AREA,nazionale,nazionale,1,2026-07-24
68_359_DF_DCCV_VIAGGI_RES_10,Viaggi per sesso e tipologia del viaggio. Dati percentuali sul totale dei viaggi dello stesso tipo - Livello Nazionale,REF_AREA,nazionale,nazionale,1,2026-07-24
68_359_DF_DCCV_VIAGGI_RES_11,Viaggi per classe di età e tipologia del viaggio. Dati percentuali sul totale dei viaggi dello stesso tipo - Livello Nazionale,REF_AREA,nazionale,nazionale,1,2026-07-24
68_359_DF_DCCV_VIAGGI_RES_12,Viaggi per tipologia del viaggio e residenza della persona che ha viaggiato. Dati percentuali sul totale dei viaggi dello stesso tipo - Livello Ripartizionale,REF_AREA,regione,nazionale|ripartizione|regione,4,2026-07-24
68_359_DF_DCCV_VIAGGI_RES_13,"Viaggi per tipologia del viaggio, residenza della persona che ha viaggiato e destinazione. Dati percentuali sul totale dei viaggi dello stesso tipo e con la stessa destinazione - Livello Ripartizionale",REF_AREA,regione,nazionale|ripartizione|regione,4,2026-07-24
68_359_DF_DCCV_VIAGGI_RES_14,"Viaggi per sesso, classe di età e tipologia del viaggio. Dati percentuali sul totale dei viaggi dello stesso tipo effettuati da persone con le stesse caratteristiche - Livello Nazionale",REF_AREA,nazionale,nazionale,1,2026-07-24
68_359_DF_DCCV_VIAGGI_RES_15,Viaggi per destinazione e tipologia del viaggio. Dati percentuali sul totale dei viaggi dello stesso tipo e con la stessa area geografica di provenienza della persona che ha viaggiato - Livello Ripartizionale,REF_AREA,regione,nazionale|ripartizione|regione,4,2026-07-24
68_359_DF_DCCV_VIAGGI_RES_16,Viaggi delle persone di 15 anni e più per condizione e posizione nella professione della persona che ha viaggiato e tipologia del viaggio. Dati percentuali sul totale dei viaggi dello stesso tipo - Livello Nazionale,REF_AREA,nazionale,nazionale,1,2026-07-24
68_359_DF_DCCV_VIAGGI_RES_17,"Viaggi di vacanza per durata della vacanza, principale mezzo di trasporto e residenza della persona che ha viaggiato. Dati percentuali sul totale delle vacanze della stessa durata e area geografica di provenienza della persona che ha viaggiato - Livello Ripartizionale",REF_AREA,regione,nazionale|ripartizione|regione,4,2026-07-24
68_359_DF_DCCV_VIAGGI_RES_18,"Viaggi di vacanza per durata della vacanza, principale alloggio e residenza della persona che ha viaggiato. Dati percentuali sul totale delle vacanze della stessa durata e area geografica di provenienza della persona che ha viaggiato - Livello ripartizionale",REF_AREA,regione,nazionale|ripartizione|regione,4,2026-07-24
68_359_DF_DCCV_VIAGGI_RES_2,Viaggi per residenza della persona che ha viaggiato e tipologia del viaggio. Dati assoluti (in migliaia) - Livello Ripartizionale,REF_AREA,regione,nazionale|ripartizione|regione,4,2026-07-24
68_359_DF_DCCV_VIAGGI_RES_3,"Viaggi per tipologia del viaggio, residenza della persona che ha viaggiato e destinazione. Dati assoluti (in migliaia) - Livello Ripartizionale",REF_AREA,regione,nazionale|ripartizione|regione,4,2026-07-24
68_359_DF_DCCV_VIAGGI_RES_4,Viaggi per residenza della persona che ha viaggiato e tipologia del viaggio. Dati assoluti (in migliaia) - Tipologia comunale,REF_AREA,nazionale,nazionale,7,2026-07-24
68_359_DF_DCCV_VIAGGI_RES_5,Viaggi delle persone di 15 anni e più per condizione e posizione nella professione della persona che ha viaggiato e tipologia del viaggio. Dati assoluti (in migliaia) - Livello Nazionale,REF_AREA,nazionale,nazionale,1,2026-07-24
68_359_DF_DCCV_VIAGGI_RES_6,"Viaggi di vacanza per durata della vacanza, principale mezzo di trasporto e residenza della persona che ha viaggiato. Dati assoluti (in migliaia) - Livello Ripartizionale",REF_AREA,regione,nazionale|ripartizione|regione,4,2026-07-24
68_359_DF_DCCV_VIAGGI_RES_7,"Viaggi di vacanza per durata della vacanza, principale tipo di alloggio e residenza della persona che ha viaggiato. Dati assoluti (in migliaia) - Livello Ripartizionale",REF_AREA,regione,nazionale|ripartizione|regione,4,2026-07-24
68_359_DF_DCCV_VIAGGI_RES_8,Viaggi per residenza della persona che ha viaggiato e tipologia del viaggio. Dati percentuali sul totale dei viaggi con la stessa area di provenienza della persona che ha viaggiato - Livello Ripartizionale,REF_AREA,regione,nazionale|ripartizione|regione,4,2026-07-24
68_359_DF_DCCV_VIAGGI_RES_9,Viaggi per residenza della persona che ha viaggiato e tipologia del viaggio. Dati percentuali sul totale dei viaggi con la stessa area di provenienza della persona che ha viaggiato - Tipologia comunale,REF_AREA,nazionale,nazionale,7,2026-07-24
68_365,Viaggi per motivo del viaggio,REF_AREA,nazionale,nazionale,1,2026-07-24
68_365_DF_DCCV_VIAGGI_1,Vacanze per motivo prevalente e durata. Dati assoluti (in migliaia) - Livello Nazionale,REF_AREA,nazionale,nazionale,1,2026-07-24
68_365_DF_DCCV_VIAGGI_2,Vacanze per motivo prevalente e durata. Dati percentuali sul totale delle vacanze della stessa durata - Livello Nazionale,REF_AREA,nazionale,nazionale,1,2026-07-24
68_365_DF_DCCV_VIAGGI_3,Vacanze di 4 notti e più per trimestre e classe di durata. Dati assoluti (in migliaia) - Livello Nazionale,REF_AREA,nazionale,nazionale,1,2026-07-24
68_365_DF_DCCV_VIAGGI_4,Vacanze di 4 notti e più per trimestre e classe di durata. Dati percentuali sul totale delle vacanze di 4 e più notti nel periodo di riferimento - Livello Nazionale,REF_AREA,nazionale,nazionale,1,2026-07-24
68_365_DF_DCCV_VIAGGI_5,Vacanze di piacere/svago per tipo di vacanza e durata. Dati assoluti (in migliaia) - Livello Nazionale,REF_AREA,nazionale,nazionale,1,2026-07-24
68_365_DF_DCCV_VIAGGI_6,Vacanze di piacere/svago per tipo di vacanza e durata. Dati percentuali sul totale delle vacanze della stessa durata - Livello Nazionale,REF_AREA,nazionale,nazionale,1,2026-07-24
68_365_DF_DCCV_VIAGGI_7,Viaggi di piacere/svago per tipo di luogo e destinazione principale. Dati per 100 viaggi nella stessa destinazione - Livello Nazionale,REF_AREA,nazionale,nazionale,1,2026-07-24
68_365_DF_DCCV_VIAGGI_8,Viaggi di lavoro per motivo prevalente. Dati assoluti (in migliaia) - Livello Nazionale,REF_AREA,nazionale,nazionale,1,2026-07-24
68_365_DF_DCCV_VIAGGI_9,Viaggi di lavoro per motivo prevalente. Dati percentuali sul totale dei viaggi di lavoro - Livello Nazionale,REF_AREA,nazionale,nazionale,1,2026-07-24
68_370,Persone che non hanno viaggiato per vacanza (dati trimestrali),REF_AREA,nazionale,nazionale,1,2026-07-24
68_370_DF_DCCV_NON_TURISTI_1,Persone che non hanno viaggiato per vacanza per motivo prevalente e trimestre. Dati assoluti (in migliaia) - Livello nazionale,REF_AREA,nazionale,nazionale,1,2026-07-24
68_370_DF_DCCV_NON_TURISTI_2,Persone che non hanno viaggiato per vacanza per motivo prevalente e trimestre. Dati percentuali - Livello nazionale,REF_AREA,nazionale,nazionale,1,2026-07-24
68_371,Persone che hanno viaggiato (dati trimestrali),REF_AREA,regione,nazionale|ripartizione|regione,4,2026-07-24
68_371_DF_DCCV_TURISTI_1,"Persone che hanno viaggiato per tipologia del viaggio, destinazione e trimestre. Dati assoluti (in migliaia) - Livello Nazionale",REF_AREA,nazionale,nazionale,1,2026-07-24
68_371_DF_DCCV_TURISTI_10,Occupati di 15 anni e più che hanno viaggiato per lavoro per trimestre. Dati assoluti (in migliaia) - Livello ripartizionale,REF_AREA,regione,nazionale|ripartizione|regione,4,2026-07-24
68_371_DF_DCCV_TURISTI_11,Occupati di 15 anni e più che hanno viaggiato per lavoro per sesso e trimestre. Dati per 100 abitanti con le stesse caratteristiche - Livello Nazionale,REF_AREA,nazionale,nazionale,1,2026-07-24
68_371_DF_DCCV_TURISTI_12,Occupati di 15 anni e più che hanno viaggiato per lavoro per trimestre. Dati per 100 abitanti con le stesse caratteristiche - Livello ripartizionale,REF_AREA,regione,nazionale|ripartizione|regione,4,2026-07-24
68_371_DF_DCCV_TURISTI_13,"Persone di 15 anni e più che hanno viaggiato per tipologia del viaggio, condizione professionale e trimestre. Dati assoluti (in migliaia) - Livello Nazionale",REF_AREA,nazionale,nazionale,1,2026-07-24
68_371_DF_DCCV_TURISTI_14,"Persone di 15 anni e più che hanno viaggiato per tipologia del viaggio, condizione professionale e trimestre. Dati per 100 abitanti con le stesse caratteristiche - Livello Nazionale",REF_AREA,nazionale,nazionale,1,2026-07-24
68_371_DF_DCCV_TURISTI_15,Persone che hanno viaggiato. Media annuale. Dati per 100 abitanti - Livello ripartizionale,REF_AREA,regione,nazionale|ripartizione|regione,4,2026-07-24
68_371_DF_DCCV_TURISTI_16,Persone di 15 anni e più occupate che hanno viaggiato per lavoro. Media annuale. Dati assoluti (in migliaia) - Livello ripartizionale,REF_AREA,regione,nazionale|ripartizione|regione,4,2026-07-24
68_371_DF_DCCV_TURISTI_17,Persone di 15 anni e più occupate che hanno viaggiato per lavoro. Media annuale. Dati per 100 abitanti con le stesse caratteristiche - Livello ripartizionale,REF_AREA,regione,nazionale|ripartizione|regione,4,2026-07-24
68_371_DF_DCCV_TURISTI_18,Tipologia del viaggio e destinazione,REF_AREA,nazionale,nazionale,1,2026-07-24
68_371_DF_DCCV_TURISTI_19,Tipologia del viaggio e sesso,REF_AREA,nazionale,nazionale,1,2026-07-24
68_371_DF_DCCV_TURISTI_2,"Persone che hanno viaggiato per tipologia del viaggio, sesso e trimestre. Dati assoluti (in migliaia) - Livello Nazionale",REF_AREA,nazionale,nazionale,1,2026-07-24
68_371_DF_DCCV_TURISTI_20,Tipologia del viaggio e classe di età,REF_AREA,nazionale,nazionale,1,2026-07-24
68_371_DF_DCCV_TURISTI_21,Tipologia del viaggio e condizione professionale,REF_AREA,nazionale,nazionale,1,2026-07-24
68_371_DF_DCCV_TURISTI_22,Livello ripartizionale,REF_AREA,regione,nazionale|ripartizione|regione,4,2026-07-24
68_371_DF_DCCV_TURISTI_23,Valori medi,REF_AREA,regione,nazionale|ripartizione|regione,4,2026-07-24
68_371_DF_DCCV_TURISTI_24,Sesso,REF_AREA,nazionale,nazionale,1,2026-07-24
68_371_DF_DCCV_TURISTI_25,Livello ripartizionale,REF_AREA,regione,nazionale|ripartizione|regione,4,2026-07-24
68_371_DF_DCCV_TURISTI_26,Valori medi,REF_AREA,regione,nazionale|ripartizione|regione,4,2026-07-24
68_371_DF_DCCV_TURISTI_3,"Persone che hanno viaggiato per tipologia del viaggio, classe di età e trimestre. Dati assoluti (in migliaia) - Livello Nazionale",REF_AREA,nazionale,nazionale,1,2026-07-24
68_371_DF_DCCV_TURISTI_4,Persone che hanno viaggiato per tipologia del viaggio e trimestre. Dati assoluti (in migliaia) - Livello ripartizionale,REF_AREA,regione,nazionale|ripartizione|regione,4,2026-07-24
68_371_DF_DCCV_TURISTI_5,"Persone che hanno viaggiato per tipologia del viaggio, destinazione e trimestre. Dati per 100 abitanti - Livello nazionale",REF_AREA,nazionale,nazionale,1,2026-07-24
68_371_DF_DCCV_TURISTI_6,Persone che hanno viaggiato per tipologia del viaggio e trimestre - Dati per 100 abitanti - Livello ripartizionale,REF_AREA,regione,nazionale|ripartizione|regione,4,2026-07-24
68_371_DF_DCCV_TURISTI_7,"Persone che hanno viaggiato per tipologia del viaggio, sesso e trimestre. Dati per 100 abitanti con le stesse caratteristiche - Livello Nazionale",REF_AREA,nazionale,nazionale,1,2026-07-24
68_371_DF_DCCV_TURISTI_8,"Persone che hanno viaggiato per tipologia del viaggio, classe di età e trimestre. Dati per 100 abitanti con le stesse caratteristiche - Livello Nazionale",REF_AREA,nazionale,nazionale,1,2026-07-24
68_371_DF_DCCV_TURISTI_9,Occupati di 15 anni e più che hanno viaggiato per lavoro per sesso e trimestre. Dati assoluti (in migliaia) - Livello Nazionale,REF_AREA,nazionale,nazionale,1,2026-07-24
68_380,Viaggi per caratteristiche del viaggio,REF_AREA,regione,nazionale|ripartizione|regione,4,2026-07-24
68_380_DF_DCCV_VIAGGI_CHARACT_1,"Viaggi per trimestre, destinazione principale e tipologia del viaggio. Dati assoluti (in migliaia) - Livello Nazionale",REF_AREA,nazionale,nazionale,1,2026-07-24
68_380_DF_DCCV_VIAGGI_CHARACT_10,Viaggi di vacanza e di lavoro per destinazione principale e alloggio prevalente. Dati assoluti (in migliaia) - Livello Nazionale,REF_AREA,nazionale,nazionale,1,2026-07-24
68_380_DF_DCCV_VIAGGI_CHARACT_11,Viaggi per trimestre e tipologia del viaggio. Dati percentuali sul totale dei viaggi effettuati nello stesso periodo- Livello Nazionale,REF_AREA,nazionale,nazionale,1,2026-07-24
68_380_DF_DCCV_VIAGGI_CHARACT_12,Viaggi per destinazione principale e organizzazione. Dati percentuali sul totale dei viaggi con la stessa destinazione - Livello Nazionale,REF_AREA,nazionale,nazionale,1,2026-07-24
68_380_DF_DCCV_VIAGGI_CHARACT_13,"Viaggi per anno, mese di inizio e tipologia del viaggio. Dati percentuali sul totale dei viaggi dello stesso tipo - Livello Nazionale",REF_AREA,nazionale,nazionale,1,2026-07-24
68_380_DF_DCCV_VIAGGI_CHARACT_14,Viaggi per destinazione principale e tipologia del viaggio. Dati percentuali sul totale dei viaggi dello stesso tipo - Livello Nazionale,REF_AREA,nazionale,nazionale,1,2026-07-24
68_380_DF_DCCV_VIAGGI_CHARACT_15,Viaggi per organizzazione dell'alloggio e tipologia del viaggio. Dati percentuali sul totale dei viaggi dello stesso tipo - Livello Nazionale,REF_AREA,nazionale,nazionale,1,2026-07-24
68_380_DF_DCCV_VIAGGI_CHARACT_16,Viaggi per organizzazione del trasporto e tipologia del viaggio. Dati percentuali sul totale dei viaggi dello stesso tipo - Livello Nazionale,REF_AREA,nazionale,nazionale,1,2026-07-24
68_380_DF_DCCV_VIAGGI_CHARACT_17,Viaggi con prenotazione tramite internet per tipologia del viaggio. Dati percentuali sul totale dei viaggi dello stesso tipo - Livello Nazionale,REF_AREA,nazionale,nazionale,1,2026-07-24
68_380_DF_DCCV_VIAGGI_CHARACT_18,"Viaggi per destinazione principale, organizzazione e tipologia del viaggio. Dati percentuali sul totale dei viaggi dello stesso tipo e con la stessa destinazione - Livello Nazionale",REF_AREA,nazionale,nazionale,1,2026-07-24
68_380_DF_DCCV_VIAGGI_CHARACT_19,"Viaggi di vacanza e di lavoro per destinazione principale, principale mezzo di trasporto. Dati percentuali sul totale dei viaggi dello stesso tipo e con la stessa destinazione - Livello Nazionale",REF_AREA,nazionale,nazionale,1,2026-07-24
68_380_DF_DCCV_VIAGGI_CHARACT_2,"Viaggi per anno, mese di inizio e tipologia del viaggio. Dati assoluti (in migliaia) - Livello Nazionale",REF_AREA,nazionale,nazionale,1,2026-07-24
68_380_DF_DCCV_VIAGGI_CHARACT_20,Viaggi di vacanza e di lavoro per destinazione principale e alloggio prevalente. Dati percentuali sul totale dei viaggi dello stesso tipo e con la stessa destinazione - Livello Nazionale,REF_AREA,nazionale,nazionale,1,2026-07-24
68_380_DF_DCCV_VIAGGI_CHARACT_21,Viaggi all'estero per paese di destinazione e tipologia del viaggio. Dati assoluti (in migliaia) - Livello Nazionale,REF_AREA,nazionale,nazionale,1,2026-07-24
68_380_DF_DCCV_VIAGGI_CHARACT_22,Viaggi all'estero per paese di destinazione e tipologia del viaggio.. Dati percentuali sul totale dei viaggi all'estero dello stesso tipo - Livello Nazionale,REF_AREA,nazionale,nazionale,1,2026-07-24
68_380_DF_DCCV_VIAGGI_CHARACT_23,Viaggi in Italia per regione di destinazione e tipologia del viaggio. Dati assoluti (in migliaia) - Livello Nazionale,REF_AREA,nazionale,nazionale,1,2026-07-24
68_380_DF_DCCV_VIAGGI_CHARACT_24,Viaggi in Italia per regione di destinazione e tipologia del viaggio. Dati percentuali sul totale dei viaggi in Italia dello stesso tipo - Livello Nazionale,REF_AREA,nazionale,nazionale,1,2026-07-24
68_380_DF_DCCV_VIAGGI_CHARACT_25,Viaggi medi procapite per ripartizione geografica,REF_AREA,regione,nazionale|ripartizione|regione,4,2026-07-24
68_380_DF_DCCV_VIAGGI_CHARACT_3,Viaggi per destinazione principale e tipologia del viaggio. Dati assoluti (in migliaia) - Livello Nazionale,REF_AREA,nazionale,nazionale,1,2026-07-24
68_380_DF_DCCV_VIAGGI_CHARACT_4,"Viaggi per destinazione principale, organizzazione e tipologia del viaggio. Dati assoluti (in migliaia) - Livello Nazionale",REF_AREA,nazionale,nazionale,1,2026-07-24
68_380_DF_DCCV_VIAGGI_CHARACT_5,Viaggi per destinazione principale e organizzazione. Dati assoluti (in migliaia) - Livello Nazionale,REF_AREA,nazionale,nazionale,1,2026-07-24
68_380_DF_DCCV_VIAGGI_CHARACT_6,Viaggi per organizzazione dell'alloggio e tipologia del viaggio. Dati assoluti (in migliaia) - Livello Nazionale,REF_AREA,nazionale,nazionale,1,2026-07-24
68_380_DF_DCCV_VIAGGI_CHARACT_7,Viaggi per organizzazione del trasporto e tipologia del viaggio. Dati assoluti (in migliaia) - Livello Nazionale,REF_AREA,nazionale,nazionale,1,2026-07-24
68_380_DF_DCCV_VIAGGI_CHARACT_8,Viaggi con prenotazione tramite internet per tipologia del viaggio. Dati assoluti (in migliaia) - Livello Nazionale,REF_AREA,nazionale,nazionale,1,2026-07-24
68_380_DF_DCCV_VIAGGI_CHARACT_9,"Viaggi di vacanza e di lavoro per destinazione principale, principale mezzo di trasporto. Dati assoluti (in migliaia) - Livello Nazionale",REF_AREA,nazionale,nazionale,1,2026-07-24
68_381,Pernottamenti in viaggio,REF_AREA,regione,nazionale|ripartizione|regione,4,2026-07-24
68_381_DF_DCCV_TURNOT_1,"Notti per trimestre, destinazione principale e tipologia del viaggio. Dati assoluti (in migliaia) - Livello Nazionale",REF_AREA,nazionale,nazionale,1,2026-07-24
68_381_DF_DCCV_TURNOT_10,Notti per destinazione e tipologia del viaggio. Dati percentuali sul totale delle notti in viaggi dello stesso tipo - Livello Nazionale,REF_AREA,nazionale,nazionale,1,2026-07-24
68_381_DF_DCCV_TURNOT_11,"Notti per destinazione principale, alloggio prevalente e tipologia del viaggio. Dati percentuali sul totale delle notti in viaggio dello stesso tipo e con la stessa destinazione - Livello Nazionale",REF_AREA,nazionale,nazionale,1,2026-07-24
68_381_DF_DCCV_TURNOT_12,Notti per destinazione e tipologia del viaggio. Dati percentuali sul totale delle notti in viaggio dello stesso tipo e con la stessa destinazione - Livello Ripartizionale,REF_AREA,regione,nazionale|ripartizione|regione,4,2026-07-24
68_381_DF_DCCV_TURNOT_13,Notti per destinazione e tipologia del viaggio. Dati percentuali sul totale delle notti in viaggio dello stesso tipo e con la stessa area geografica di provenienza della persona che ha viaggiato - Livello Ripartizionale,REF_AREA,regione,nazionale|ripartizione|regione,4,2026-07-24
68_381_DF_DCCV_TURNOT_14,"Notti per sesso, classe di età della persona che ha viaggiato e tipologia del viaggio. Dati percentuali sul totale delle notti in viaggio dello stesso tipo effettuati da persone dello stesso sesso - Livello Nazionale",REF_AREA,nazionale,nazionale,1,2026-07-24
68_381_DF_DCCV_TURNOT_15,Notti in Italia per regione di destinazione e tipologia del viaggio. Dati percentuali sul totale delle notti in viaggi in Italia dello stesso tipo - Livello Nazionale,REF_AREA,nazionale,nazionale,1,2026-07-24
68_381_DF_DCCV_TURNOT_16,Notti all'estero per paese di destinazione e tipologia del viaggio. Dati percentuali sul totale delle notti in viaggi all'estero dello stesso tipo - Livello Nazionale,REF_AREA,nazionale,nazionale,1,2026-07-24
68_381_DF_DCCV_TURNOT_17,Notti delle persone di 15 anni e più per condizione e posizione nella professione della persona che ha viaggiato e tipologia del viaggio. Dati percentuali sul totale delle notti in viaggi dello stesso tipo - Livello Nazionale,REF_AREA,nazionale,nazionale,1,2026-07-24
68_381_DF_DCCV_TURNOT_18,"Durata media del viaggio per trimestre, destinazione principale e tipologia del viaggio - Livello Nazionale",REF_AREA,nazionale,nazionale,1,2026-07-24
68_381_DF_DCCV_TURNOT_19,Presenze turistiche medie giornaliere di vacanza in Italia per ripartizione geografica di destinazione e trimestre. Dati per 1000 residenti - Livello Nazionale,REF_AREA,nazionale,nazionale,1,2026-07-24
68_381_DF_DCCV_TURNOT_2,"Notti per destinazione principale, alloggio prevalente e tipologia del viaggio. Dati assoluti (in migliaia) - Livello Nazionale",REF_AREA,nazionale,nazionale,1,2026-07-24
68_381_DF_DCCV_TURNOT_3,Notti per destinazione e tipologia del viaggio. Dati assoluti (in migliaia) - Livello Nazionale,REF_AREA,nazionale,nazionale,1,2026-07-24
68_381_DF_DCCV_TURNOT_4,"Notti per sesso, classe di età della persona che ha viaggiato e tipologia del viaggio. Dati assoluti (in migliaia) - Livello Nazionale",REF_AREA,nazionale,nazionale,1,2026-07-24
68_381_DF_DCCV_TURNOT_5,Notti per destinazione e tipologia del viaggio. Dati assoluti (in migliaia) - Livello Ripartizionale,REF_AREA,regione,nazionale|ripartizione|regione,4,2026-07-24
68_381_DF_DCCV_TURNOT_6,Notti in Italia per regione di destinazione e tipologia del viaggio. Dati assoluti (in migliaia) - Livello Nazionale,REF_AREA,nazionale,nazionale,1,2026-07-24
68_381_DF_DCCV_TURNOT_7,Notti all'estero per paese di destinazione e tipologia del viaggio. Dati assoluti (in migliaia) - Livello Nazionale,REF_AREA,nazionale,nazionale,1,2026-07-24
68_381_DF_DCCV_TURNOT_8,Notti delle persone di 15 anni e più per condizione e posizione nella professione della persona che ha viaggiato e tipologia del viaggio. Dati assoluti (in migliaia),REF_AREA,nazionale,nazionale,1,2026-07-24
68_381_DF_DCCV_TURNOT_9,Notti di vacanza e lavoro per trimestre. Dati percentuali sul totale delle notti in viaggio - Livello Nazionale,REF_AREA,nazionale,nazionale,1,2026-07-24
68_697,Viaggi per motivo,RESIDENCE_TERR,nazionale,nazionale,1,2026-07-24
68_697_DF_DCCV_VIAGGI_CAPI_1,Vacanze,RESIDENCE_TERR,nazionale,nazionale,1,2026-07-24
68_697_DF_DCCV_VIAGGI_CAPI_2,Vacanze di 4 notti e più,RESIDENCE_TERR,nazionale,nazionale,1,2026-07-24
68_697_DF_DCCV_VIAGGI_CAPI_3,Vacanze di piacere/svago - dati annuali,RESIDENCE_TERR,nazionale,nazionale,1,2026-07-24
68_697_DF_DCCV_VIAGGI_CAPI_4,Vacanze di piacere/svago - dati trimestrali,RESIDENCE_TERR,nazionale,nazionale,1,2026-07-24
68_697_DF_DCCV_VIAGGI_CAPI_5,Vacanze di piacere/svago per luogo di destinazione,RESIDENCE_TERR,nazionale,nazionale,1,2026-07-24
68_697_DF_DCCV_VIAGGI_CAPI_6,Vacanze di piacere /svago per durata,RESIDENCE_TERR,nazionale,nazionale,1,2026-07-24
68_698,Viaggi e loro caratteristiche,RESIDENCE_TERR,ripartizione,nazionale|ripartizione,6,2026-07-24
68_698_DF_DCCV_VIAGGI_CHARACT_CAPI_1,Destinazione - dati trimestrali,RESIDENCE_TERR,nazionale,nazionale,1,2026-07-24
68_698_DF_DCCV_VIAGGI_CHARACT_CAPI_10,Regione di destinazione,RESIDENCE_TERR,nazionale,nazionale,1,2026-07-24
68_698_DF_DCCV_VIAGGI_CHARACT_CAPI_11,Paese estero di destinazione,RESIDENCE_TERR,nazionale,nazionale,1,2026-07-24
68_698_DF_DCCV_VIAGGI_CHARACT_CAPI_12,Viaggi procapite,RESIDENCE_TERR,ripartizione,nazionale|ripartizione,6,2026-07-24
68_698_DF_DCCV_VIAGGI_CHARACT_CAPI_2,Alloggio e destinazione,RESIDENCE_TERR,nazionale,nazionale,1,2026-07-24
68_698_DF_DCCV_VIAGGI_CHARACT_CAPI_3,Mezzo di trasporto e destinazione,RESIDENCE_TERR,nazionale,nazionale,1,2026-07-24
68_698_DF_DCCV_VIAGGI_CHARACT_CAPI_5,Tipo di prenotazione e destinazione (fino al 2018),RESIDENCE_TERR,nazionale,nazionale,1,2026-07-24
68_698_DF_DCCV_VIAGGI_CHARACT_CAPI_6,Prenotazione dell'alloggio,RESIDENCE_TERR,nazionale,nazionale,1,2026-07-24
68_698_DF_DCCV_VIAGGI_CHARACT_CAPI_7,Prenotazione del trasporto,RESIDENCE_TERR,nazionale,nazionale,1,2026-07-24
68_698_DF_DCCV_VIAGGI_CHARACT_CAPI_8,Prenotazione via internet,RESIDENCE_TERR,nazionale,nazionale,1,2026-07-24
68_698_DF_DCCV_VIAGGI_CHARACT_CAPI_9,Mese di inizio,RESIDENCE_TERR,nazionale,nazionale,1,2026-07-24
68_699,Viaggi per caratteristiche del viaggiatore,RESIDENCE_TERR,ripartizione,nazionale|ripartizione,9,2026-07-24
68_699_DF_DCCV_VIAGGI_RES_CAPI_3,Residenza e destinazione,RESIDENCE_TERR,ripartizione,nazionale|ripartizione,9,2026-07-24
68_699_DF_DCCV_VIAGGI_RES_CAPI_4,Residenza e tipo di viaggio,RESIDENCE_TERR,ripartizione,nazionale|ripartizione,9,2026-07-24
68_699_DF_DCCV_VIAGGI_RES_CAPI_5,Vacanze - residenza e tipo di alloggio,RESIDENCE_TERR,ripartizione,nazionale|ripartizione,6,2026-07-24
68_699_DF_DCCV_VIAGGI_RES_CAPI_6,Vacanze - residenza e mezzo di trasporto,RESIDENCE_TERR,ripartizione,nazionale|ripartizione,6,2026-07-24
68_702,Viaggi e pernottamenti - Serie ricostruite 1997-2013,RESIDENCE_TERR,regione,nazionale|ripartizione|regione,4,2026-07-24
68_702_DF_DCCV_TUR_RIC_CAPI_2,Residenza - rip.,RESIDENCE_TERR,regione,nazionale|ripartizione|regione,4,2026-07-24
6_1095_DF_DCCN_ISTITUZ_TNA1_B19_1,Reddito disponibile delle famiglie nelle regioni italiane - edizioni gennaio 2020 - dicembre 2023,REF_AREA,provincia,nazionale|ripartizione|regione|provincia,32,2026-08-09
6_20,Ricerca e Sviluppo,REF_AREA,regione,nazionale|ripartizione|regione,28,2026-07-24
6_20_DF_DCSP_RS_1,Spesa (% sul Pil),REF_AREA,nazionale,nazionale,1,2026-07-25
6_20_DF_DCSP_RS_10,Addetti per titolo di studio,REF_AREA,nazionale,nazionale,1,2026-07-25
6_20_DF_DCSP_RS_11,Addetti per disciplina scientifica,REF_AREA,nazionale,nazionale,1,2026-07-25
6_20_DF_DCSP_RS_12,Addetti delle imprese per settore economico (Ateco 2 cifre),REF_AREA,nazionale,nazionale,1,2026-07-25
6_20_DF_DCSP_RS_13,Addetti - reg.,REF_AREA,regione,nazionale|ripartizione|regione,28,2026-08-09
6_20_DF_DCSP_RS_14,Spesa delle imprese per settore utilizzatore,REF_AREA,nazionale,nazionale,1,2026-07-25
6_20_DF_DCSP_RS_15,Spesa in R&S intra-muros delle imprese per controllo societario,REF_AREA,nazionale,nazionale,1,2026-07-25
6_20_DF_DCSP_RS_2,Stanziamenti delle amministrazioni centrali e locali,REF_AREA,nazionale,nazionale,1,2026-07-25
6_20_DF_DCSP_RS_3,Spesa per tipo di ricerca,REF_AREA,nazionale,nazionale,1,2026-07-25
6_20_DF_DCSP_RS_4,Spesa per fonte di finanziamento,REF_AREA,nazionale,nazionale,1,2026-07-25
6_20_DF_DCSP_RS_5,Spesa per disciplina scientifica,REF_AREA,nazionale,nazionale,1,2026-07-25
6_20_DF_DCSP_RS_6,Spesa per tipo di costi sostenuti,REF_AREA,nazionale,nazionale,1,2026-07-25
6_20_DF_DCSP_RS_7,Spesa - reg.,REF_AREA,regione,nazionale|ripartizione|regione,28,2026-07-25
6_20_DF_DCSP_RS_8,Spesa delle imprese per classe di addetti,REF_AREA,nazionale,nazionale,1,2026-07-25
6_20_DF_DCSP_RS_9,Spesa delle imprese per settore economico (Ateco 2 cifre),REF_AREA,nazionale,nazionale,1,2026-07-25
6_379_DF_DCCN_OCCTSEC2010_B19_1,Occupazione regionale - edizioni gennaio 2020 - dicembre 2023,REF_AREA,provincia,nazionale|ripartizione|regione|provincia,32,2026-08-09
6_379_DF_DCCN_OCCTSEC2010_B19_2,Occupazione provinciale - edizioni gennaio 2020 - dicembre 2023,REF_AREA,provincia,nazionale|ripartizione|regione|provincia,139,2026-08-09
6_379_DF_DCCN_OCCTSEC2010_B19_3,Tasso di irregolarità - edizioni gennaio 2020 - dicembre 2023,REF_AREA,provincia,nazionale|ripartizione|regione|provincia,32,2026-07-25
6_379_DF_DCCN_OCCTSEC2010_B19_4,Popolazione media annua - edizioni gennaio 2020 - dicembre 2023,REF_AREA,provincia,nazionale|ripartizione|regione|provincia,32,2026-07-25
6_382_DF_DCCN_SQCT_B19_1,Sequenza dei conti - edizioni gennaio 2020 - dicembre 2023,REF_AREA,provincia,nazionale|ripartizione|regione|provincia,32,2026-07-25
6_39,ICT nelle imprese con almeno 10 addetti,REF_AREA,regione,nazionale|ripartizione|regione,29,2026-07-25
6_39_DF_DCSP_ICT_1,Principali indicatori,REF_AREA,nazionale,nazionale,1,2026-07-25
6_39_DF_DCSP_ICT_10,Intelligenza Artificiale,REF_AREA,nazionale,nazionale,1,2026-07-25
6_39_DF_DCSP_ICT_11,Robotica e stampa 3d,REF_AREA,nazionale,nazionale,1,2026-07-25
6_39_DF_DCSP_ICT_12,"Tecnologie per l'organizzzazione interna, di filiera e internet delle cose",REF_AREA,regione,nazionale|ripartizione|regione,29,2026-07-25
6_39_DF_DCSP_ICT_13,Sicurezza informatica,REF_AREA,nazionale,nazionale,1,2026-07-25
6_39_DF_DCSP_ICT_14,Competenze e formazione in ICT,REF_AREA,nazionale,nazionale,1,2026-07-25
6_39_DF_DCSP_ICT_15,Indicatori Industria 4.0 - aree tecnologiche di acquisto,REF_AREA,nazionale,nazionale,1,2026-07-25
6_39_DF_DCSP_ICT_16,Indicatori Industria 4.0 - fattori di digitalizzazione,REF_AREA,nazionale,nazionale,1,2026-07-25
6_39_DF_DCSP_ICT_17,Indicatori DESI,REF_AREA,nazionale,nazionale,1,2026-07-25
6_39_DF_DCSP_ICT_18,ICT nelle imprese - rip,REF_AREA,regione,nazionale|ripartizione|regione,5,2026-07-25
6_39_DF_DCSP_ICT_19,ICT nelle imprese - reg,REF_AREA,regione,nazionale|ripartizione|regione,29,2026-07-25
6_39_DF_DCSP_ICT_2,"Connessione e utilizzo di internet, sito web",REF_AREA,nazionale,nazionale,1,2026-07-25
6_39_DF_DCSP_ICT_20,ICT e ambiente,REF_AREA,nazionale,nazionale,1,2026-07-25
6_39_DF_DCSP_ICT_3,Social media,REF_AREA,nazionale,nazionale,1,2026-07-25
6_39_DF_DCSP_ICT_4,Commercio elettronico,REF_AREA,regione,nazionale|ripartizione|regione,29,2026-07-25
6_39_DF_DCSP_ICT_5,Vendite on-line,REF_AREA,nazionale,nazionale,1,2026-07-25
6_39_DF_DCSP_ICT_6,Acquisti on-line,REF_AREA,nazionale,nazionale,1,2026-07-25
6_39_DF_DCSP_ICT_7,Fatturazione elettronica,REF_AREA,nazionale,nazionale,1,2026-07-25
6_39_DF_DCSP_ICT_8,Cloud Computing,REF_AREA,nazionale,nazionale,1,2026-07-25
6_39_DF_DCSP_ICT_9,Analisi di dati e Big Data,REF_AREA,nazionale,nazionale,1,2026-07-25
6_471,Innovazione nelle imprese con almeno 10 addetti,REF_AREA,regione,nazionale|ripartizione|regione,28,2026-08-09
6_471_DF_DCSP_LACIS_1,Innovazione nelle imprese con almeno 10 addetti - Principali dati,REF_AREA,nazionale,nazionale,1,2026-07-25
6_471_DF_DCSP_LACIS_10,Mercato di riferimento e classe di addetti,REF_AREA,nazionale,nazionale,1,2026-07-25
6_471_DF_DCSP_LACIS_11,Mercato di riferimento e settori economici (Ateco 2 cifre),REF_AREA,nazionale,nazionale,1,2026-07-25
6_471_DF_DCSP_LACIS_12,Addetti laureati e classe di addetti,REF_AREA,nazionale,nazionale,1,2026-07-25
6_471_DF_DCSP_LACIS_13,Addetti laureati e settori economici (Ateco 2 cifre),REF_AREA,nazionale,nazionale,1,2026-07-25
6_471_DF_DCSP_LACIS_14,Implementazione dell'attività innovativa di prodotto e/o processo e classe di addetti,REF_AREA,nazionale,nazionale,1,2026-07-25
6_471_DF_DCSP_LACIS_15,Implementazione dell'attività innovativa di prodotto e/o processo e settori economici (Ateco 2 cifre),REF_AREA,nazionale,nazionale,1,2026-07-25
6_471_DF_DCSP_LACIS_16,Tipo di finanziamento e classe di addetti,REF_AREA,nazionale,nazionale,1,2026-07-25
6_471_DF_DCSP_LACIS_17,Tipo di finaziamento e settori economici (Ateco 2 cifre),REF_AREA,nazionale,nazionale,1,2026-08-09
6_471_DF_DCSP_LACIS_18,Tipo di innovazione di prodotto/processo introdotta e classe di addetti,REF_AREA,nazionale,nazionale,1,2026-07-25
6_471_DF_DCSP_LACIS_19,Tipo di innovazione di prodotto/processo introdotta e settori economici (Ateco 2 cifre),REF_AREA,nazionale,nazionale,1,2026-08-09
6_471_DF_DCSP_LACIS_2,Tipo di attività innovativa e classe di addetti,REF_AREA,nazionale,nazionale,1,2026-07-25
6_471_DF_DCSP_LACIS_24,Tipo di spesa per l'innovazione e classe di addetti,REF_AREA,nazionale,nazionale,1,2026-08-09
6_471_DF_DCSP_LACIS_25,Tipo di spesa per l'innovazione e settori economici (Ateco 2 cifre),REF_AREA,nazionale,nazionale,1,2026-07-25
6_471_DF_DCSP_LACIS_26,Localizzazione del partner della cooperazione e classe di addetti,REF_AREA,nazionale,nazionale,1,2026-08-09
6_471_DF_DCSP_LACIS_27,Localizzazione del partner della cooperazione e settori economici (Ateco 2 cifre),REF_AREA,nazionale,nazionale,1,2026-08-09
6_471_DF_DCSP_LACIS_28,Tipo di partner della cooperazione e classe di addetti,REF_AREA,nazionale,nazionale,1,2026-07-25
6_471_DF_DCSP_LACIS_29,Tipo di partner della cooperazione e settori economici (Ateco 2 cifre),REF_AREA,nazionale,nazionale,1,2026-07-25
6_471_DF_DCSP_LACIS_3,Tipo di attività innovativa e settori economici (Ateco 2 cifre),REF_AREA,nazionale,nazionale,1,2026-08-09
6_471_DF_DCSP_LACIS_30,Dati regionali,REF_AREA,regione,nazionale|ripartizione|regione,28,2026-07-25
6_471_DF_DCSP_LACIS_31,Approfondimenti sui dati regionali,REF_AREA,regione,nazionale|ripartizione|regione,28,2026-08-09
6_471_DF_DCSP_LACIS_32,Strategie aziendali e classe di addetti,REF_AREA,nazionale,nazionale,1,2026-08-09
6_471_DF_DCSP_LACIS_33,Strategie aziendali e settori economici (Ateco 2 cifre),REF_AREA,nazionale,nazionale,1,2026-08-09
6_471_DF_DCSP_LACIS_34,Tipi di prodotti e servizi venduti e classe di addetti,REF_AREA,nazionale,nazionale,1,2026-08-09
6_471_DF_DCSP_LACIS_35,Tipi di prodotti e servizi venduti e settori economici (Ateco 2 cifre),REF_AREA,nazionale,nazionale,1,2026-08-09
6_471_DF_DCSP_LACIS_36,Forme di tutela della proprietà industriale e classe di addetti,REF_AREA,nazionale,nazionale,1,2026-07-25
6_471_DF_DCSP_LACIS_37,Forme di tutela della proprietà industriale e settori economici (Ateco 2 cifre),REF_AREA,nazionale,nazionale,1,2026-08-09
6_471_DF_DCSP_LACIS_38,"Tecnologia, servizi tecnici e conoscenze acquisite e classe di addetti",REF_AREA,nazionale,nazionale,1,2026-08-09
6_471_DF_DCSP_LACIS_39,"Tecnologia, servizi tecnici e conoscenze acquisite e settori economici (Ateco 2 cifre)",REF_AREA,nazionale,nazionale,1,2026-08-09
6_471_DF_DCSP_LACIS_67,Benefici ambientali (Ateco 2 cifre),REF_AREA,regione,nazionale|ripartizione|regione,28,2026-07-25
6_471_DF_DCSP_LACIS_68,Benefici ambientali e classe di addetti,REF_AREA,nazionale,nazionale,1,2026-07-25
6_471_DF_DCSP_LACIS_69,Fattori ambientali (Ateco 2 cifre),REF_AREA,nazionale,nazionale,1,2026-07-25
6_471_DF_DCSP_LACIS_70,Fattori ambientali e classe di addetti,REF_AREA,nazionale,nazionale,1,2026-07-25
6_471_DF_DCSP_LACIS_71,Conseguenze dell'emergenza sanitaria COVID-19 e classe di addetti,REF_AREA,regione,nazionale|ripartizione|regione,28,2026-07-25
6_471_DF_DCSP_LACIS_72,Conseguenze dell'emergenza sanitaria COVID-19 (Ateco 2 cifre),REF_AREA,nazionale,nazionale,1,2026-07-25
6_471_DF_DCSP_LACIS_73,Conseguenze dell'emergenza sanitaria COVID-19 su spese per innovazione e fatturato e classe di addetti,REF_AREA,regione,nazionale|ripartizione|regione,28,2026-07-25
6_471_DF_DCSP_LACIS_74,Conseguenze dell'emergenza sanitaria COVID-19 su spese per innovazione e fatturato (Ateco 2 cifre),REF_AREA,nazionale,nazionale,1,2026-08-09
6_471_DF_DCSP_LACIS_75,Cambiamento climatico e classe di addetti,REF_AREA,nazionale,nazionale,1,2026-08-09
6_471_DF_DCSP_LACIS_76,Cambiamento climatico (Ateco 2 cifre),REF_AREA,nazionale,nazionale,1,2026-08-09
6_471_TS_DF_DCSP_LACIS_1,Innovazione nelle imprese con almeno 10 addetti - Serie storica - fino al 2020 - Principali dati,REF_AREA,nazionale,nazionale,1,2026-07-25
6_471_TS_DF_DCSP_LACIS_10,Mercato di riferimento e classe di addetti,REF_AREA,nazionale,nazionale,1,2026-07-25
6_471_TS_DF_DCSP_LACIS_11,Mercato di riferimento e settori economici (Ateco 2 cifre),REF_AREA,nazionale,nazionale,1,2026-07-25
6_471_TS_DF_DCSP_LACIS_12,Addetti laureati e classe di addetti,REF_AREA,nazionale,nazionale,1,2026-07-25
6_471_TS_DF_DCSP_LACIS_13,Addetti laureati e settori economici (Ateco 2 cifre),REF_AREA,nazionale,nazionale,1,2026-07-25
6_471_TS_DF_DCSP_LACIS_14,Implementazione dell'attività innovativa di prodotto e/o processo e classe di addetti,REF_AREA,nazionale,nazionale,1,2026-07-25
6_471_TS_DF_DCSP_LACIS_15,Implementazione dell'attività innovativa di prodotto e/o processo e settori economici (Ateco 2 cifre),REF_AREA,nazionale,nazionale,1,2026-07-25
6_471_TS_DF_DCSP_LACIS_16,Tipo di finanziamento e classe di addetti,REF_AREA,nazionale,nazionale,1,2026-07-25
6_471_TS_DF_DCSP_LACIS_17,Tipo di finaziamento e settori economici (Ateco 2 cifre),REF_AREA,nazionale,nazionale,1,2026-07-25
6_471_TS_DF_DCSP_LACIS_18,Tipo di innovazione di prodotto/processo introdotta e classe di addetti,REF_AREA,nazionale,nazionale,1,2026-07-25
6_471_TS_DF_DCSP_LACIS_19,Tipo di innovazione di prodotto/processo introdotta e settori economici (Ateco 2 cifre),REF_AREA,nazionale,nazionale,1,2026-07-25
6_471_TS_DF_DCSP_LACIS_2,Tipo di attività innovativa e classe di addetti,REF_AREA,nazionale,nazionale,1,2026-07-25
6_471_TS_DF_DCSP_LACIS_20,Metodi di sviluppo dell'innovazione di prodotto/processo e classe di addetti,REF_AREA,nazionale,nazionale,1,2026-08-09
6_471_TS_DF_DCSP_LACIS_21,Metodi di sviluppo dell'innovazione di prodotto/processo e settori economici (Ateco 2 cifre),REF_AREA,nazionale,nazionale,1,2026-08-09
6_471_TS_DF_DCSP_LACIS_22,Fatturato derivante da nuovi prodotti e classe di addetti,REF_AREA,nazionale,nazionale,1,2026-07-25
6_471_TS_DF_DCSP_LACIS_23,Fatturato derivante da nuovi prodotti e settori economici (Ateco 2 cifre),REF_AREA,nazionale,nazionale,1,2026-07-25
6_471_TS_DF_DCSP_LACIS_24,Tipo di spesa per l'innovazione e classe di addetti,REF_AREA,nazionale,nazionale,1,2026-08-09
6_471_TS_DF_DCSP_LACIS_25,Tipo di spesa per l'innovazione e settori economici (Ateco 2 cifre),REF_AREA,nazionale,nazionale,1,2026-08-09
6_471_TS_DF_DCSP_LACIS_26,Localizzazione del partner della cooperazione e classe di addetti,REF_AREA,nazionale,nazionale,1,2026-07-25
6_471_TS_DF_DCSP_LACIS_27,Localizzazione del partner della cooperazione e settori economici (Ateco 2 cifre),REF_AREA,nazionale,nazionale,1,2026-07-25
6_471_TS_DF_DCSP_LACIS_28,Tipo di partner della cooperazione e classe di addetti,REF_AREA,nazionale,nazionale,1,2026-07-25
6_471_TS_DF_DCSP_LACIS_29,Tipo di partner della cooperazione e settori economici (Ateco 2 cifre),REF_AREA,nazionale,nazionale,1,2026-07-25
6_471_TS_DF_DCSP_LACIS_3,Tipo di attività innovativa e settori economici (Ateco 2 cifre),REF_AREA,nazionale,nazionale,1,2026-07-25
6_471_TS_DF_DCSP_LACIS_30,Dati regionali,REF_AREA,regione,nazionale|ripartizione|regione,28,2026-07-25
6_471_TS_DF_DCSP_LACIS_31,Approfondimenti sui dati regionali,REF_AREA,regione,nazionale|ripartizione|regione,28,2026-07-25
6_471_TS_DF_DCSP_LACIS_32,Strategie aziendali e classe di addetti,REF_AREA,nazionale,nazionale,1,2026-08-09
6_471_TS_DF_DCSP_LACIS_33,Strategie aziendali e settori economici (Ateco 2 cifre),REF_AREA,nazionale,nazionale,1,2026-08-09
6_471_TS_DF_DCSP_LACIS_34,Tipi di prodotti e servizi venduti e classe di addetti,REF_AREA,nazionale,nazionale,1,2026-07-25
6_471_TS_DF_DCSP_LACIS_35,Tipi di prodotti e servizi venduti e settori economici (Ateco 2 cifre),REF_AREA,nazionale,nazionale,1,2026-08-09
6_471_TS_DF_DCSP_LACIS_36,Forme di tutela della proprietà industriale e classe di addetti,REF_AREA,nazionale,nazionale,1,2026-08-09
6_471_TS_DF_DCSP_LACIS_37,Forme di tutela della proprietà industriale e settori economici (Ateco 2 cifre),REF_AREA,nazionale,nazionale,1,2026-08-09
6_471_TS_DF_DCSP_LACIS_38,"Tecnologia, servizi tecnici e conoscenze acquisite e classe di addetti",REF_AREA,nazionale,nazionale,1,2026-08-09
6_471_TS_DF_DCSP_LACIS_39,"Tecnologia, servizi tecnici e conoscenze acquisite e settori economici (Ateco 2 cifre)",REF_AREA,nazionale,nazionale,1,2026-08-09
6_471_TS_DF_DCSP_LACIS_4,Età dell'impresa e classe di addetti,REF_AREA,nazionale,nazionale,1,2026-07-25
6_471_TS_DF_DCSP_LACIS_40,Pratiche di organizzazione del lavoro e classe di addetti,REF_AREA,nazionale,nazionale,1,2026-08-09
6_471_TS_DF_DCSP_LACIS_41,Pratiche di organizzazione del lavoro e settori economici (Ateco 2 cifre),REF_AREA,nazionale,nazionale,1,2026-08-09
6_471_TS_DF_DCSP_LACIS_5,Età dell'impresa e classe di addetti e settori economici (Ateco 2 digit),REF_AREA,nazionale,nazionale,1,2026-07-25
6_471_TS_DF_DCSP_LACIS_6,Impatto degli interventi legislativo-normativi e settori economici (Ateco 2 digit),REF_AREA,nazionale,nazionale,1,2026-08-09
6_471_TS_DF_DCSP_LACIS_7,Impatto degli interventi legislativo-normativi e classe di addetti,REF_AREA,nazionale,nazionale,1,2026-07-25
6_471_TS_DF_DCSP_LACIS_8,Fattori che hanno scoraggiato attività di innovazione e settori economici (Ateco 2 digit),REF_AREA,nazionale,nazionale,1,2026-07-25
6_471_TS_DF_DCSP_LACIS_9,Fattori che hanno scoraggiato attività di innovazione e classe di addetti,REF_AREA,nazionale,nazionale,1,2026-07-25
6_498_DF_DCCN_PILT_B19_1,Prodotto interno lordo lato produzione - edizioni gennaio 2020 - dicembre 2023,REF_AREA,provincia,nazionale|ripartizione|regione|provincia,32,2026-07-25
6_64,Clima di fiducia delle imprese,REF_AREA,nazionale,nazionale,1,2026-07-25
6_64_DF_DCSC_IESI_1,Clima di fiducia delle imprese - media pesata di indici in base 2010=100,REF_AREA,nazionale,nazionale,1,2026-07-25
6_64_DF_DCSC_IESI_2,Clima di fiducia delle imprese - media pesata di indici in base 2021=100,REF_AREA,nazionale,nazionale,1,2026-07-25
71_1028,Conti dei beni e servizi ambientali - classificazione CEP,REF_AREA,nazionale,nazionale,1,2026-07-25
71_1028_DF_DCCN_EGSS1_1,"Produzione, valore aggiunto, esportazioni",REF_AREA,nazionale,nazionale,1,2026-07-25
71_1028_DF_DCCN_EGSS1_2,Investimenti per la mitigazione dei cambiamenti climatici,REF_AREA,nazionale,nazionale,1,2026-07-25
71_1028_DF_DCCN_EGSS1_3,Occupazione (unità di lavoro),REF_AREA,nazionale,nazionale,1,2026-07-25
71_953,Spese per la protezione dell'ambiente - classificazione CEP,REF_AREA,nazionale,nazionale,1,2026-07-25
71_953_DF_DCCN_SPESAPROTAMB1_1,Spesa nazionale,REF_AREA,nazionale,nazionale,1,2026-07-25
71_953_DF_DCCN_SPESAPROTAMB1_2,Aggregati economici per settore istituzionale,REF_AREA,nazionale,nazionale,1,2026-07-25
71_953_DF_DCCN_SPESAPROTAMB1_3,Investimenti e produzione ausiliaria delle società come produttori ausiliari per attività economica,REF_AREA,nazionale,nazionale,1,2026-07-25
723_1036,Famiglie - condizione occupazionale,REF_AREA,regione,nazionale|ripartizione|regione,30,2026-07-25
723_1036_DF_DCCV_FAMCOND1_1,"Presenza di occupati, pensionati, disoccupati",REF_AREA,regione,nazionale|ripartizione|regione,6,2026-07-25
723_1036_DF_DCCV_FAMCOND1_2,Presenza di occupati e stranieri,REF_AREA,regione,nazionale|ripartizione|regione,6,2026-07-25
723_1036_DF_DCCV_FAMCOND1_3,Tipologia di occupazione,REF_AREA,regione,nazionale|ripartizione|regione,6,2026-07-25
723_1036_DF_DCCV_FAMCOND1_4,Dati regionali,REF_AREA,regione,nazionale|ripartizione|regione,30,2026-07-25
723_1040,Individui per ruolo in famiglia - condizione occupazionale,REF_AREA,regione,nazionale|ripartizione|regione,6,2026-07-25
723_1040_DF_DCCV_RUOLOFAMCOND_1,"Occupati, disoccupati, inattivi per età",REF_AREA,regione,nazionale|ripartizione|regione,6,2026-07-25
723_1040_DF_DCCV_RUOLOFAMCOND_2,"Occupati, disoccupati, inattivi per titolo di studio",REF_AREA,nazionale,nazionale,1,2026-07-25
723_1040_DF_DCCV_RUOLOFAMCOND_3,"Occupati, disoccupati, inattivi per cittadinanza",REF_AREA,nazionale,nazionale,1,2026-07-25
723_1040_DF_DCCV_RUOLOFAMCOND_4,"Genitori occupati, disoccupati, inattivi per numero di figli",REF_AREA,regione,nazionale|ripartizione|regione,6,2026-07-25
723_1040_DF_DCCV_RUOLOFAMCOND_5,"Genitori occupati, disoccupati, inattivi per età del figlio più piccolo",REF_AREA,regione,nazionale|ripartizione|regione,6,2026-07-25
723_1040_DF_DCCV_RUOLOFAMCOND_6,Tassi per età,REF_AREA,regione,nazionale|ripartizione|regione,6,2026-07-25
723_1040_DF_DCCV_RUOLOFAMCOND_7,Tassi dei genitori per numero dei figli,REF_AREA,regione,nazionale|ripartizione|regione,6,2026-07-25
723_1040_DF_DCCV_RUOLOFAMCOND_8,Tassi dei genitori per età del figlio più piccolo,REF_AREA,regione,nazionale|ripartizione|regione,6,2026-07-25
723_1041,Coppie - condizione occupazionale,REF_AREA,regione,nazionale|ripartizione|regione,30,2026-07-25
723_1041_DF_DCCV_COPPIECOND_1,"Presenza di occupati, regime orario, età della donna e numero di figli",REF_AREA,regione,nazionale|ripartizione|regione,6,2026-07-25
723_1041_DF_DCCV_COPPIECOND_2,"Presenza di occupati, regime orario, età della donna ed età del figlio più piccolo",REF_AREA,regione,nazionale|ripartizione|regione,6,2026-07-25
723_1041_DF_DCCV_COPPIECOND_3,"Presenza di occupati, regime orario, età e titolo di studio della donna",REF_AREA,regione,nazionale|ripartizione|regione,6,2026-07-25
723_1041_DF_DCCV_COPPIECOND_4,"Condizione occupazionale dei partner, presenza di figli e titolo di studio della donna",REF_AREA,nazionale,nazionale,1,2026-07-25
723_1041_DF_DCCV_COPPIECOND_5,Dati regionali,REF_AREA,regione,nazionale|ripartizione|regione,30,2026-07-25
723_1206,Famiglie - condizione occupazionale - regolamento precedente (fino al 2020),REF_AREA,regione,nazionale|ripartizione|regione,30,2026-07-25
723_1206_DF_DCCV_FAMCOND1_UNT2020_1,"Presenza di occupati, pensionati, disoccupati",REF_AREA,regione,nazionale|ripartizione|regione,6,2026-07-25
723_1206_DF_DCCV_FAMCOND1_UNT2020_2,Presenza di occupati e stranieri,REF_AREA,regione,nazionale|ripartizione|regione,6,2026-07-25
723_1206_DF_DCCV_FAMCOND1_UNT2020_3,Tipologia di occupazione,REF_AREA,regione,nazionale|ripartizione|regione,6,2026-07-25
723_1206_DF_DCCV_FAMCOND1_UNT2020_4,Dati regionali,REF_AREA,regione,nazionale|ripartizione|regione,30,2026-07-25
723_1207,Coppie - condizione occupazionale - regolamento precedente (fino al 2020),REF_AREA,regione,nazionale|ripartizione|regione,30,2026-07-25
723_1207_DF_DCCV_COPPIECOND_UNT2020_1,"Presenza di occupati, regime orario, età della donna e numero di figli",REF_AREA,regione,nazionale|ripartizione|regione,6,2026-07-25
723_1207_DF_DCCV_COPPIECOND_UNT2020_2,"Presenza di occupati, regime orario, età della donna ed età del figlio più piccolo",REF_AREA,regione,nazionale|ripartizione|regione,6,2026-07-25
723_1207_DF_DCCV_COPPIECOND_UNT2020_3,"Presenza di occupati, regime orario, età e titolo di studio della donna",REF_AREA,regione,nazionale|ripartizione|regione,6,2026-07-25
723_1207_DF_DCCV_COPPIECOND_UNT2020_4,Condizione occupazionale dei partner ed età della donna,REF_AREA,regione,nazionale|ripartizione|regione,6,2026-07-25
723_1207_DF_DCCV_COPPIECOND_UNT2020_5,"Condizione occupazionale dei partner, presenza di figli e titolo di studio della donna",REF_AREA,nazionale,nazionale,1,2026-07-25
723_1207_DF_DCCV_COPPIECOND_UNT2020_6,Dati regionali,REF_AREA,regione,nazionale|ripartizione|regione,30,2026-07-25
723_1208,Individui per ruolo in famiglia - condizione occupazionale- regolamento precedente (fino al 2020),REF_AREA,regione,nazionale|ripartizione|regione,6,2026-07-25
723_1208_DF_DCCV_RUOLOFAMCOND_UNT2020_1,"Occupati, disoccupati, inattivi per età",REF_AREA,regione,nazionale|ripartizione|regione,6,2026-07-25
723_1208_DF_DCCV_RUOLOFAMCOND_UNT2020_2,"Occupati, disoccupati, inattivi per titolo di studio",REF_AREA,regione,nazionale|ripartizione|regione,6,2026-07-25
723_1208_DF_DCCV_RUOLOFAMCOND_UNT2020_3,"Occupati, disoccupati, inattivi per cittadinanza",REF_AREA,nazionale,nazionale,1,2026-07-25
723_1208_DF_DCCV_RUOLOFAMCOND_UNT2020_4,"Genitori occupati, disoccupati, inattivi per numero di figli",REF_AREA,regione,nazionale|ripartizione|regione,6,2026-07-25
723_1208_DF_DCCV_RUOLOFAMCOND_UNT2020_5,"Genitori occupati, disoccupati, inattivi per età del figlio più piccolo",REF_AREA,regione,nazionale|ripartizione|regione,6,2026-07-25
723_1208_DF_DCCV_RUOLOFAMCOND_UNT2020_6,Tassi per età,REF_AREA,regione,nazionale|ripartizione|regione,6,2026-07-25
723_1208_DF_DCCV_RUOLOFAMCOND_UNT2020_7,Tassi dei genitori per numero dei figli,REF_AREA,regione,nazionale|ripartizione|regione,6,2026-07-25
723_1208_DF_DCCV_RUOLOFAMCOND_UNT2020_8,Tassi dei genitori per età del figlio più piccolo,REF_AREA,regione,nazionale|ripartizione|regione,6,2026-07-25
729_1050,Superfici territoriali,REF_AREA,comune,nazionale|ripartizione|regione|provincia|comune,8717,2026-07-25
729_995,Caratteristiche geo-morfologiche dei comuni,REF_AREA,comune,nazionale|ripartizione|regione|provincia|comune,8117,2026-07-25
72_1028,Contributi e altri trasferimenti a fini ambientali,REF_AREA,nazionale,nazionale,1,2026-07-25
72_1028_DF_DCCN_ESST_1,Contributi e altri trasferimenti a fini ambientali - per settore istituzionale erogante e ricevente e per finalità ambientale,REF_AREA,nazionale,nazionale,1,2026-07-25
72_1028_DF_DCCN_ESST_2,Contributi e altri trasferimenti a fini ambientali erogati da Amministrazioni pubbliche a Società - per attività economica e finalità ambientale,REF_AREA,nazionale,nazionale,1,2026-07-25
72_155,Procedimenti civili,REF_AREA,nazionale,nazionale,1,2026-07-25
72_155_DF_DCAR_NUM_PROC_CIV_1,Movimento,REF_AREA,nazionale,nazionale,1,2026-07-25
72_155_DF_DCAR_NUM_PROC_CIV_2,Sopravvenuti per Distretto di Corte di Appello,REF_AREA,nazionale,nazionale,1,2026-07-25
72_158,"Procedimenti civili - lavoro, previdenza e assistenza obbligatorie",REF_AREA,nazionale,nazionale,1,2026-07-25
72_158_DF_DCAR_PROC_CIV_1,"Procedimenti civili - lavoro, previdenza e assistenza obbligatorie",REF_AREA,nazionale,nazionale,1,2026-07-25
730_1006,Sequenza dei conti - edizioni ottobre 2014 - aprile 2019,REF_AREA,nazionale,nazionale,1,2026-07-25
730_1006_DF_DCCN_SQCN_B14_1,Sequenza dei conti - edizioni ottobre 2014 - aprile 2019,REF_AREA,nazionale,nazionale,1,2026-07-25
730_1047,Prodotto interno lordo e principali componenti - edizioni ottobre 2014 - aprile 2019,REF_AREA,nazionale,nazionale,1,2026-07-25
730_1047_DF_DCCN_PILN_B14_1,Prodotto interno lordo e principali componenti - edizioni ottobre 2014 - aprile 2019,REF_AREA,nazionale,nazionale,1,2026-07-25
730_1048,Principali aggregati annnuali di contabilità nazionale - edizioni ottobre 2014 - aprile 2019,REF_AREA,nazionale,nazionale,1,2026-08-09
730_1048_DF_DCCN_ANA_B14_1,Produzione e valore aggiunto per branca di attività - edizioni ottobre 2014 - aprile 2019,REF_AREA,nazionale,nazionale,1,2026-08-09
730_1048_DF_DCCN_ANA_B14_2,Redditi da lavoro dipendente e componenti per branca di attività - edizioni ottobre 2014 - aprile 2019,REF_AREA,nazionale,nazionale,1,2026-07-25
730_1048_DF_DCCN_ANA_B14_3,Imposte e contributi alla produzione per branca di attività - edizioni ottobre 2014 - aprile 2019,REF_AREA,nazionale,nazionale,1,2026-07-25
730_1048_DF_DCCN_ANA_B14_4,Investimenti fissi lordi per tipo di investimento e branca proprietaria - edizioni ottobre 2014 - aprile 2019,REF_AREA,nazionale,nazionale,1,2026-08-09
730_1048_DF_DCCN_ANA_B14_5,Stock di capitale e ammortamenti per tipo di investimento e branca proprietaria - edizioni ottobre 2014 - aprile 2019,REF_AREA,nazionale,nazionale,1,2026-08-09
730_1048_DF_DCCN_ANA_B14_6,Spesa per consumi finali delle famiglie per voce di spesa (Coicop 3 cifre) e durata - edizioni ottobre 2014 - aprile 2019,REF_AREA,nazionale,nazionale,1,2026-07-25
730_1048_DF_DCCN_ANA_B14_7,Valori pro capite - edizioni ottobre 2014 - aprile 2019,REF_AREA,nazionale,nazionale,1,2026-07-25
730_1049,"Occupazione regolare, irregolare e popolazione - edizioni ottobre 2014 - aprile 2019",REF_AREA,nazionale,nazionale,1,2026-08-09
730_1049_DF_DCCN_OCCNSEC2010_B14_1,"Occupati, unità di lavoro, posizioni lavorative e ore lavorate - edizioni ottobre 2014 - aprile 2019",REF_AREA,nazionale,nazionale,1,2026-08-09
730_1049_DF_DCCN_OCCNSEC2010_B14_2,Tassi di irregolarità - edizioni ottobre 2014 - aprile 2019,REF_AREA,nazionale,nazionale,1,2026-07-25
730_1049_DF_DCCN_OCCNSEC2010_B14_3,Popolazione media annua - edizioni ottobre 2014 - aprile 2019,REF_AREA,nazionale,nazionale,1,2026-07-25
732_1051,Conto economico delle risorse e degli impieghi  e contributi alla crescita del Pil - edizioni ottobre 2014 - agosto 2019,REF_AREA,nazionale,nazionale,1,2026-07-25
732_1051_DF_DCCN_SQCQ_B14_1,Conto economico delle risorse e degli impieghi - edizioni ottobre 2014 - agosto 2019,REF_AREA,nazionale,nazionale,1,2026-07-25
732_1051_DF_DCCN_SQCQ_B14_2,Contributi alla crescita del PIL - edizioni dicembre 2014 - agosto 2019,REF_AREA,nazionale,nazionale,1,2026-07-25
732_1051_DF_DCCN_SQCQ_B14_3,Prodotto interno lordo e variazioni (stima preliminare) - edizioni maggio 2016 - luglio 2019,REF_AREA,nazionale,nazionale,1,2026-07-25
732_1052,Prodotto interno lordo e principali componenti - edizioni ottobre 2014 - agosto 2019,REF_AREA,nazionale,nazionale,1,2026-07-25
732_1052_DF_DCCN_PILQ_B14_1,Prodotto interno lordo e principali componenti - edizioni ottobre 2014 - agosto 2019,REF_AREA,nazionale,nazionale,1,2026-07-25
732_1053,Principali aggregati trimestrali di Contabilità Nazionale - edizioni ottobre 2014 - agosto 2019,REF_AREA,nazionale,nazionale,1,2026-08-09
732_1053_DF_DCCN_QNA_B14_1,Valore aggiunto per branca di attività - edizioni ottobre 2014 - agosto 2019,REF_AREA,nazionale,nazionale,1,2026-08-09
732_1053_DF_DCCN_QNA_B14_2,Investimenti fissi lordi per tipo di investimento - edizioni ottobre 2014 - agosto 2019,REF_AREA,nazionale,nazionale,1,2026-07-25
732_1053_DF_DCCN_QNA_B14_3,Spesa per i consumi finali delle famiglie - edizioni ottobre 2014 - agosto 2019,REF_AREA,nazionale,nazionale,1,2026-07-25
732_1053_DF_DCCN_QNA_B14_4,Spesa per consumi finali delle famiglie per voce di spesa (Coicop 2 cifre) e durata - edizioni ottobre 2014 - agosto 2019,REF_AREA,nazionale,nazionale,1,2026-08-09
732_1053_DF_DCCN_QNA_B14_5,Redditi da lavoro dipendente e componenti per branca di attività - edizioni ottobre 2014 - agosto 2019,REF_AREA,nazionale,nazionale,1,2026-08-09
732_1053_DF_DCCN_QNA_B14_6,Costi e margini per branca di attività - edizioni dicembre 2014 - agosto 2019,REF_AREA,nazionale,nazionale,1,2026-07-25
732_1054,Occupazione per branca di attività - edizioni ottobre 2014 - agosto 2019,REF_AREA,nazionale,nazionale,1,2026-08-09
732_1054_DF_DCCN_OCCQSEC2010_B14_1,Occupazione per branca di attività - edizioni ottobre 2014 - agosto 2019,REF_AREA,nazionale,nazionale,1,2026-08-09
733_1055,"Sequenza dei conti e stock di attività non finanziarie, per settore istituzionale - edizioni ottobre 2015 - aprile 2019",REF_AREA,nazionale,nazionale,1,2026-07-25
733_1055_DF_DCCN_ISTITUZ_ANA_B14_1,Sequenza dei conti - edizioni ottobre 2015 - aprile 2019,REF_AREA,nazionale,nazionale,1,2026-08-09
733_1055_DF_DCCN_ISTITUZ_ANA_B14_2,Indicatori su famiglie consumatrici e società non finanziarie - edizioni ottobre 2015 - aprile 2019,REF_AREA,nazionale,nazionale,1,2026-07-25
733_1055_DF_DCCN_ISTITUZ_ANA_B14_3,Stock di attività non finanziarie - edizioni marzo 2015 - dicembre 2018,REF_AREA,nazionale,nazionale,1,2026-07-25
733_1056,Occupazione per branca di attività - edizioni ottobre 2014 - aprile 2019,REF_AREA,nazionale,nazionale,1,2026-08-09
733_1056_DF_DCCN_OCCSISEC2010_B14_1,Occupazione per branca di attività - edizioni ottobre 2014 - aprile 2019,REF_AREA,nazionale,nazionale,1,2026-07-25
733_1056_DF_DCCN_OCCSISEC2010_B14_2,Occupazione per sottosettore - edizioni ottobre 2015 - aprile 2019,REF_AREA,nazionale,nazionale,1,2026-07-25
734_1059,Conto trimestrale - edizioni gennaio 2016 - giugno 2019,REF_AREA,nazionale,nazionale,1,2026-07-25
734_1059_DF_DCCN_FPQ_B14_1,Conto economico - edizioni gennaio 2016 - giugno 2019,REF_AREA,nazionale,nazionale,1,2026-07-25
734_1059_DF_DCCN_FPQ_B14_2,Indicatori (in rapporto al PIL) - edizioni gennaio 2016 - giugno 2019,REF_AREA,nazionale,nazionale,1,2026-07-25
734_1060,Conto annuale - edizioni fino ad aprile 2019,REF_AREA,nazionale,nazionale,1,2026-07-25
734_1060_DF_DCCN_FPA_B14_1,Conto economico per sottosettore - edizioni ottobre 2015 - aprile 2019,REF_AREA,nazionale,nazionale,1,2026-07-25
734_1060_DF_DCCN_FPA_B14_2,Indicatori (in rapporto al PIL) - edizioni maggio 2016 - aprile 2019,REF_AREA,nazionale,nazionale,1,2026-07-25
734_1060_DF_DCCN_FPA_B14_3,Redditi e retribuzione pro capite per sottosettore - edizioni aprile 2017 - aprile 2019,REF_AREA,nazionale,nazionale,1,2026-07-25
734_1060_DF_DCCN_FPA_B14_4,Investimenti fissi lordi per sottosettore - edizioni maggio 2016 - aprile 2019,REF_AREA,nazionale,nazionale,1,2026-07-25
734_1060_DF_DCCN_FPA_B14_5,Imposte e contributi sociali per sottosettore - edizioni aprile 2017 - aprile 2019,REF_AREA,nazionale,nazionale,1,2026-07-25
734_1060_DF_DCCN_FPA_B14_6,Formazione della spesa per consumi finali - edizioni aprile 2017 - aprile 2019,REF_AREA,nazionale,nazionale,1,2026-07-25
734_1061,Uscite annuali per sottosettore - edizioni fino ad aprile 2019,REF_AREA,nazionale,nazionale,1,2026-08-09
734_1061_DF_DCCN_OTEPPA_B14_1,Spesa per consumi per funzione (COFOG 2 e 3 cifre) - edizioni dicembre 2015 - aprile 2019,REF_AREA,nazionale,nazionale,1,2026-07-25
734_1061_DF_DCCN_OTEPPA_B14_2,Voci di uscita per funzione (COFOG 2 e 3 cifre) - edizioni dicembre 2015 - dicembre 2018,REF_AREA,nazionale,nazionale,1,2026-08-09
737_1082,Sequenza dei conti - edizioni ottobre 2014 - dicembre 2018,REF_AREA,provincia,nazionale|ripartizione|regione|provincia,32,2026-07-25
737_1082_DF_DCCN_SQCT_B14_1,Sequenza dei conti - edizioni ottobre 2014 - dicembre 2018,REF_AREA,provincia,nazionale|ripartizione|regione|provincia,32,2026-07-25
737_1083,Prodotto interno lordo lato produzione - edizioni ottobre 2014 - dicembre 2018,REF_AREA,provincia,nazionale|ripartizione|regione|provincia,32,2026-07-25
737_1083_DF_DCCN_PILT_B14_1,Prodotto interno lordo lato produzione - edizioni ottobre 2014 - dicembre 2018,REF_AREA,provincia,nazionale|ripartizione|regione|provincia,32,2026-07-25
737_1084,Principali aggregati territoriali di Contabilità nazionale - edizioni ottobre 2014 - dicembre 2018,REF_AREA,provincia,nazionale|ripartizione|regione|provincia,142,2026-08-09
737_1084_DF_DCCN_TNA_B14_1,Valore aggiunto per branca di attività - edizioni ottobre 2014 - dicembre 2018,REF_AREA,provincia,nazionale|ripartizione|regione|provincia,142,2026-08-09
737_1084_DF_DCCN_TNA_B14_2,Redditi da lavoro dipendente e componenti per branca di attività - edizioni ottobre 2014 - dicembre 2018,REF_AREA,provincia,nazionale|ripartizione|regione|provincia,32,2026-08-09
737_1084_DF_DCCN_TNA_B14_3,Spesa per consumi finali delle famiglie per voce di spesa (Coicop 2 cifre) e durata - edizioni ottobre 2014 - dicembre 2018,REF_AREA,provincia,nazionale|ripartizione|regione|provincia,32,2026-08-09
737_1084_DF_DCCN_TNA_B14_4,Spesa per consumi finali della Pa per funzione di spesa - edizioni ottobre 2014 - dicembre 2018,REF_AREA,provincia,nazionale|ripartizione|regione|provincia,32,2026-08-09
737_1084_DF_DCCN_TNA_B14_5,Investimenti fissi lordi per branca proprietaria - edizioni ottobre 2014 - dicembre 2018,REF_AREA,provincia,nazionale|ripartizione|regione|provincia,32,2026-08-09
737_1084_DF_DCCN_TNA_B14_6,Valori pro capite - edizioni ottobre 2014 - dicembre 2018,REF_AREA,provincia,nazionale|ripartizione|regione|provincia,142,2026-07-25
737_1087,"Occupazione regolare, irregolare e popolazione - edizioni ottobre 2014 - dicembre 2018",REF_AREA,provincia,nazionale|ripartizione|regione|provincia,142,2026-08-09
737_1087_DF_DCCN_OCCTSEC2010_B14_1,Occupazione regionale - edizioni ottobre 2014 - dicembre 2018,REF_AREA,provincia,nazionale|ripartizione|regione|provincia,32,2026-08-09
737_1087_DF_DCCN_OCCTSEC2010_B14_2,Occupazione provinciale - edizioni ottobre 2014 - dicembre 2018,REF_AREA,provincia,nazionale|ripartizione|regione|provincia,142,2026-08-09
737_1087_DF_DCCN_OCCTSEC2010_B14_3,Tasso di irregolarità - edizioni ottobre 2014 - dicembre 2018,REF_AREA,provincia,nazionale|ripartizione|regione|provincia,32,2026-07-25
737_1087_DF_DCCN_OCCTSEC2010_B14_4,Popolazione media annua - edizioni ottobre 2014 - dicembre 2018,REF_AREA,provincia,nazionale|ripartizione|regione|provincia,32,2026-07-25
737_1093,Reddito disponibile delle famiglie nelle regioni italiane - edizioni novembre 2015 - dicembre 2018,REF_AREA,provincia,nazionale|ripartizione|regione|provincia,32,2026-08-09
737_1093_DF_DCCN_ISTITUZ_TNA_B14_1,Reddito disponibile delle famiglie nelle regioni italiane - edizioni novembre 2015 - dicembre 2018,REF_AREA,provincia,nazionale|ripartizione|regione|provincia,32,2026-08-09
73_1187,Altri delitti denunciati dalle forze di polizia all'autorità giudiziaria,REF_AREA,provincia,nazionale|ripartizione|regione|provincia,134,2026-07-25
73_1187_DF_DCCV_ALTRIDELPS_1,In totale e per centomila abitanti,REF_AREA,provincia,nazionale|ripartizione|regione|provincia,134,2026-07-25
73_1187_DF_DCCV_ALTRIDELPS_2,Per mese del commesso delitto,REF_AREA,provincia,nazionale|ripartizione|regione|provincia,134,2026-07-25
73_160,Procedimenti penali,REF_AREA,nazionale,nazionale,1,2026-07-25
73_160_DF_DCAR_NUM_PROC_PEN_1,Procedimenti penali,REF_AREA,nazionale,nazionale,1,2026-07-25
73_173,Detenuti adulti presenti nelle carceri italiane,REF_AREA,regione,nazionale|ripartizione|regione,28,2026-07-25
73_173_DF_DCCV_DETENUTI_1,Reati,REF_AREA,nazionale,nazionale,1,2026-07-25
73_173_DF_DCCV_DETENUTI_2,Età,REF_AREA,regione,nazionale|ripartizione|regione,28,2026-07-25
73_173_DF_DCCV_DETENUTI_3,Luogo di nascita,REF_AREA,regione,nazionale|ripartizione|regione,28,2026-07-25
73_173_DF_DCCV_DETENUTI_4,Provenienza geografica,REF_AREA,regione,nazionale|ripartizione|regione,28,2026-07-25
73_173_DF_DCCV_DETENUTI_5,Posizione giuridica,REF_AREA,regione,nazionale|ripartizione|regione,28,2026-07-25
73_173_DF_DCCV_DETENUTI_6,Capienza delle strutture e detenuti ogni 100 posti,REF_AREA,regione,nazionale|ripartizione|regione,28,2026-07-25
73_230,Autori e vittime dei delitti denunciati dalle forze di polizia all' autorità giudiziaria,REF_AREA,provincia,nazionale|ripartizione|regione|provincia,134,2026-08-09
73_230_DF_DCCV_AUTVITTPS_1,"Sesso, età, cittadinanza",REF_AREA,nazionale,nazionale,1,2026-08-09
73_230_DF_DCCV_AUTVITTPS_2,Stranieri - paesi di cittadinanza,REF_AREA,nazionale,nazionale,1,2026-08-09
73_230_DF_DCCV_AUTVITTPS_3,"Sesso, età - reg.",REF_AREA,provincia,nazionale|ripartizione|regione|provincia,134,2026-08-09
73_230_DF_DCCV_AUTVITTPS_4,Cittadinanza - reg.,REF_AREA,provincia,nazionale|ripartizione|regione|provincia,134,2026-07-25
73_230_DF_DCCV_AUTVITTPS_5,"Delitti violenti, sesso, età, cittadinanza",REF_AREA,nazionale,nazionale,1,2026-07-25
73_230_DF_DCCV_AUTVITTPS_6,"Delitti violenti, sesso, età - reg.",REF_AREA,provincia,nazionale|ripartizione|regione|provincia,134,2026-07-25
73_230_DF_DCCV_AUTVITTPS_7,"Autori di delitto - sesso, età, cittadinanza - prov.",REF_AREA,provincia,nazionale|ripartizione|regione|provincia,134,2026-08-09
73_230_DF_DCCV_AUTVITTPS_8,"Vittime di delitto - sesso, età, cittadinanza - prov.",REF_AREA,provincia,nazionale|ripartizione|regione|provincia,134,2026-08-09
73_342,Segnalazioni relative a persone denunciate e arrestate o fermate dalle forze di polizia,REF_AREA,provincia,nazionale|ripartizione|regione|provincia,134,2026-07-25
73_342_DF_DCCV_SEGNALAZPS_1,Segnalazioni in totale,REF_AREA,provincia,nazionale|ripartizione|regione|provincia,134,2026-07-25
73_342_DF_DCCV_SEGNALAZPS_2,Segnalazioni relative a minori,REF_AREA,regione,nazionale|ripartizione|regione,28,2026-07-25
73_436,Procedimenti e reati al momento della decisione del PM - minori,REF_AREA,provincia,nazionale|ripartizione|regione|provincia,30,2026-08-09
73_436_DF_DCCV_PROCEEDCRIME_M_1,"Procedimenti e reati, tipo di comune",REF_AREA,provincia,nazionale|ripartizione|regione|provincia,30,2026-08-09
73_436_DF_DCCV_PROCEEDCRIME_M_10,"Dettaglio reati, identità autore, mese di accadimento",REF_AREA,provincia,nazionale|ripartizione|regione|provincia,30,2026-08-09
73_436_DF_DCCV_PROCEEDCRIME_M_11,"Dettaglio reati, intervallo medio e mediano tra iscrizione e definizione del procedimento",REF_AREA,nazionale,nazionale,1,2026-08-09
73_436_DF_DCCV_PROCEEDCRIME_M_12,"Procedimenti in totale, dettaglio reati, tipo di decisione",REF_AREA,nazionale,nazionale,1,2026-08-09
73_436_DF_DCCV_PROCEEDCRIME_M_13,"Reati violenti, tipo di comune",REF_AREA,provincia,nazionale|ripartizione|regione|provincia,30,2026-08-09
73_436_DF_DCCV_PROCEEDCRIME_M_14,"Reati violenti, distretto corte d'appello, mese di definizione",REF_AREA,nazionale,nazionale,1,2026-08-09
73_436_DF_DCCV_PROCEEDCRIME_M_15,"Reati violenti, mese di definizione, numero autori",REF_AREA,nazionale,nazionale,1,2026-08-09
73_436_DF_DCCV_PROCEEDCRIME_M_16,"Reati violenti, delitti concorrenti",REF_AREA,provincia,nazionale|ripartizione|regione|provincia,30,2026-08-09
73_436_DF_DCCV_PROCEEDCRIME_M_17,"Reati violenti, intervallo tra iscrizione e definizione del reato",REF_AREA,provincia,nazionale|ripartizione|regione|provincia,30,2026-08-09
73_436_DF_DCCV_PROCEEDCRIME_M_18,"Reati violenti, intervallo tra iscrizione e definizione del reato, Distretto corte d'Appello",REF_AREA,nazionale,nazionale,1,2026-08-09
73_436_DF_DCCV_PROCEEDCRIME_M_19,"Reati violenti dopo la decisione del PM, intervallo tra iscrizione e definizione del reato",REF_AREA,provincia,nazionale|ripartizione|regione|provincia,30,2026-08-09
73_436_DF_DCCV_PROCEEDCRIME_M_2,Procedimenti e reati al momento della decisione del PM - minori - Principali dati,REF_AREA,nazionale,nazionale,1,2026-08-09
73_436_DF_DCCV_PROCEEDCRIME_M_20,"Reati violenti, autore ignoto, tipo di comune",REF_AREA,provincia,nazionale|ripartizione|regione|provincia,30,2026-08-09
73_436_DF_DCCV_PROCEEDCRIME_M_21,"Reati violenti, identità autore, mese di accadimento",REF_AREA,provincia,nazionale|ripartizione|regione|provincia,30,2026-08-09
73_436_DF_DCCV_PROCEEDCRIME_M_22,"Reati violenti, tipo di decisione",REF_AREA,nazionale,nazionale,1,2026-08-09
73_436_DF_DCCV_PROCEEDCRIME_M_3,"Procedimenti, Distretto corte d'Appello, mese di definizione",REF_AREA,nazionale,nazionale,1,2026-08-09
73_436_DF_DCCV_PROCEEDCRIME_M_4,"Procedimenti, mese di definizione, numero autori",REF_AREA,nazionale,nazionale,1,2026-08-09
73_436_DF_DCCV_PROCEEDCRIME_M_5,"Procedimenti, delitti concorrenti",REF_AREA,provincia,nazionale|ripartizione|regione|provincia,30,2026-08-09
73_436_DF_DCCV_PROCEEDCRIME_M_6,"Procedimenti, intervallo tra iscrizione e definizione del reato",REF_AREA,provincia,nazionale|ripartizione|regione|provincia,30,2026-08-09
73_436_DF_DCCV_PROCEEDCRIME_M_7,"Procedimenti, dettaglio reati, intervallo tra iscrizione e definizione del reato, Distretto corte d'Appello",REF_AREA,nazionale,nazionale,1,2026-08-09
73_436_DF_DCCV_PROCEEDCRIME_M_8,"Reati, intervallo tra iscrizione e definizione del reato",REF_AREA,provincia,nazionale|ripartizione|regione|provincia,30,2026-08-09
73_436_DF_DCCV_PROCEEDCRIME_M_9,"Reati, autore ignoto, tipo di comune",REF_AREA,provincia,nazionale|ripartizione|regione|provincia,30,2026-08-09
73_440_DF_DCCV_PROCEEDCRIME_A_1,"Procedimenti e reati, tipo di comune",REF_AREA,provincia,nazionale|ripartizione|regione|provincia,30,2026-08-15
73_440_DF_DCCV_PROCEEDCRIME_A_10,"Dettaglio reati, identità autore, mese di accadimento",REF_AREA,provincia,nazionale|ripartizione|regione|provincia,30,2026-08-09
73_440_DF_DCCV_PROCEEDCRIME_A_11,"Dettaglio reati, intervallo medio e mediano tra iscrizione e definizione del procedimento",REF_AREA,nazionale,nazionale,1,2026-08-09
73_440_DF_DCCV_PROCEEDCRIME_A_12,"Procedimenti in totale, dettaglio reati, tipo di decisione",REF_AREA,nazionale,nazionale,1,2026-08-09
73_440_DF_DCCV_PROCEEDCRIME_A_13,"Dettaglio reati, identità autore, definizione del reato",REF_AREA,provincia,nazionale|ripartizione|regione|provincia,139,2026-08-09
73_440_DF_DCCV_PROCEEDCRIME_A_14,"Reati violenti, tipo di comune",REF_AREA,regione,nazionale|ripartizione|regione,28,2026-08-15
73_440_DF_DCCV_PROCEEDCRIME_A_15,"Reati violenti, distretto corte d'appello, mese di definizione",REF_AREA,nazionale,nazionale,1,2026-08-09
73_440_DF_DCCV_PROCEEDCRIME_A_16,"Reati violenti, mese di definizione, numero autori",REF_AREA,nazionale,nazionale,1,2026-08-09
73_440_DF_DCCV_PROCEEDCRIME_A_17,"Reati violenti, delitti concorrenti",REF_AREA,provincia,nazionale|ripartizione|regione|provincia,30,2026-08-09
73_440_DF_DCCV_PROCEEDCRIME_A_18,"Reati violenti, intervallo tra iscrizione e definizione del reato",REF_AREA,provincia,nazionale|ripartizione|regione|provincia,30,2026-08-09
73_440_DF_DCCV_PROCEEDCRIME_A_19,"Reati violenti, intervallo tra iscrizione e definizione del reato, Distretto corte d'Appello",REF_AREA,nazionale,nazionale,1,2026-08-09
73_440_DF_DCCV_PROCEEDCRIME_A_20,"Reati violenti dopo la decisione del PM, intervallo tra iscrizione e definizione del reato",REF_AREA,regione,nazionale|ripartizione|regione,28,2026-08-09
73_440_DF_DCCV_PROCEEDCRIME_A_21,"Reati violenti, autore ignoto, tipo di comune",REF_AREA,regione,nazionale|ripartizione|regione,28,2026-08-09
73_440_DF_DCCV_PROCEEDCRIME_A_22,"Reati violenti, identità autore, mese di accadimento",REF_AREA,provincia,nazionale|ripartizione|regione|provincia,30,2026-08-09
73_440_DF_DCCV_PROCEEDCRIME_A_23,"Reati violenti, tipo di decisione",REF_AREA,nazionale,nazionale,1,2026-08-09
73_440_DF_DCCV_PROCEEDCRIME_A_24,"Reati violenti, identità autore, definizione del reato - prov.",REF_AREA,provincia,nazionale|ripartizione|regione|provincia,139,2026-08-09
73_440_DF_DCCV_PROCEEDCRIME_A_5,"Procedimenti, delitti concorrenti",REF_AREA,provincia,nazionale|ripartizione|regione|provincia,30,2026-08-09
73_440_DF_DCCV_PROCEEDCRIME_A_6,"Procedimenti, intervallo tra iscrizione e definizione del reato",REF_AREA,provincia,nazionale|ripartizione|regione|provincia,30,2026-08-09
73_440_DF_DCCV_PROCEEDCRIME_A_7,"Procedimenti, dettaglio reati, intervallo tra iscrizione e definizione del reato, Distretto corte d'Appello",REF_AREA,provincia,nazionale|ripartizione|regione|provincia,30,2026-08-15
73_440_DF_DCCV_PROCEEDCRIME_A_8,"Reati, intervallo tra iscrizione e definizione del reato",REF_AREA,provincia,nazionale|ripartizione|regione|provincia,30,2026-08-15
73_440_DF_DCCV_PROCEEDCRIME_A_9,"Reati, autore ignoto, tipo di comune",REF_AREA,provincia,nazionale|ripartizione|regione|provincia,30,2026-08-09
73_58,Condannati con sentenza irrevocabile - Caratteristiche delle sentenze,REF_AREA,regione,nazionale|ripartizione|regione,29,2026-08-09
73_58_DF_DCCV_CONDCRIM1_1,"Reati, natura del reato",REF_AREA,nazionale,nazionale,1,2026-08-09
73_58_DF_DCCV_CONDCRIM1_10,"Intervallo fra delitto e sentenza, reati, ufficio di giudizio",REF_AREA,nazionale,nazionale,1,2026-08-10
73_58_DF_DCCV_CONDCRIM1_11,"Reati commessi, ufficio giudiziario, anno del commesso reato",REF_AREA,nazionale,nazionale,1,2026-08-10
73_58_DF_DCCV_CONDCRIM1_12,"Dettaglio reati commessi, età al momento del reato",REF_AREA,nazionale,nazionale,1,2026-08-10
73_58_DF_DCCV_CONDCRIM1_13,Dettaglio reati commessi - reg.,REF_AREA,regione,nazionale|ripartizione|regione,29,2026-08-10
73_58_DF_DCCV_CONDCRIM1_14,"Reati violenti, natura del reato",REF_AREA,nazionale,nazionale,1,2026-08-10
73_58_DF_DCCV_CONDCRIM1_15,"Reati violenti, misure di sicurezza",REF_AREA,nazionale,nazionale,1,2026-08-10
73_58_DF_DCCV_CONDCRIM1_16,"Reati violenti per condannati con precedenti penali, età al momento del reato più grave",REF_AREA,nazionale,nazionale,1,2026-08-10
73_58_DF_DCCV_CONDCRIM1_17,"Reati violenti, ufficio di giudizio, intervallo fra reato e sentenza",REF_AREA,nazionale,nazionale,1,2026-08-10
73_58_DF_DCCV_CONDCRIM1_18,"Reati violenti, precedenti penali",REF_AREA,nazionale,nazionale,1,2026-08-10
73_58_DF_DCCV_CONDCRIM1_19,"Intervallo fra delitto e sentenza, reati violenti, ufficio di giudizio",REF_AREA,nazionale,nazionale,1,2026-08-10
73_58_DF_DCCV_CONDCRIM1_2,"Reati, misure di sicurezza",REF_AREA,nazionale,nazionale,1,2026-08-10
73_58_DF_DCCV_CONDCRIM1_20,"Reati violenti commessi, ufficio giudiziario, anno del commesso reato",REF_AREA,nazionale,nazionale,1,2026-08-10
73_58_DF_DCCV_CONDCRIM1_21,"Reati violenti commessi, età al momento del reato",REF_AREA,nazionale,nazionale,1,2026-08-10
73_58_DF_DCCV_CONDCRIM1_22,Reati violenti commessi - reg.,REF_AREA,regione,nazionale|ripartizione|regione,29,2026-08-10
73_58_DF_DCCV_CONDCRIM1_3,"Reati, età al momento del reato più grave",REF_AREA,nazionale,nazionale,1,2026-08-10
73_58_DF_DCCV_CONDCRIM1_4,"Reati, ufficio di giudizio, intervallo fra reato e sentenza",REF_AREA,nazionale,nazionale,1,2026-08-10
73_58_DF_DCCV_CONDCRIM1_5,"Dettaglio reati, precedenti penali",REF_AREA,nazionale,nazionale,1,2026-08-10
73_58_DF_DCCV_CONDCRIM1_6,"Natura del reato, età al momento del reato più grave",REF_AREA,nazionale,nazionale,1,2026-08-10
73_58_DF_DCCV_CONDCRIM1_7,"Ufficio di giudizio, distretto di corte d'appello",REF_AREA,nazionale,nazionale,1,2026-08-10
73_58_DF_DCCV_CONDCRIM1_8,"Misure di sicurezza, distretto di corte d'appello",REF_AREA,nazionale,nazionale,1,2026-08-10
73_58_DF_DCCV_CONDCRIM1_9,"Distretto di corte d'appello, età al momento del reato più grave - Minori",REF_AREA,nazionale,nazionale,1,2026-08-10
73_59,Condannati con sentenza irrevocabile - Caratteristiche demografiche,REF_AREA,regione,nazionale|ripartizione|regione,29,2026-08-10
73_59_DF_DCCV_CONDGEO1_1,"Reati, ufficio giudiziario, anno del commesso reato",REF_AREA,nazionale,nazionale,1,2026-08-10
73_59_DF_DCCV_CONDGEO1_10,"Provenienza geografica italiana, età",REF_AREA,nazionale,nazionale,1,2026-08-10
73_59_DF_DCCV_CONDGEO1_11,Provenienza geografica italiana - reg,REF_AREA,regione,nazionale|ripartizione|regione,28,2026-08-10
73_59_DF_DCCV_CONDGEO1_12,Provenienza geografica italiana - Minori,REF_AREA,regione,nazionale|ripartizione|regione,28,2026-08-10
73_59_DF_DCCV_CONDGEO1_13,"Provenienza geografica estera, età",REF_AREA,nazionale,nazionale,1,2026-08-10
73_59_DF_DCCV_CONDGEO1_14,Provenienza geografica estera - rip.,REF_AREA,ripartizione,nazionale|ripartizione,6,2026-08-10
73_59_DF_DCCV_CONDGEO1_15,"Reati violenti, ufficio giudiziario, anno del commesso delitto",REF_AREA,nazionale,nazionale,1,2026-08-10
73_59_DF_DCCV_CONDGEO1_16,"Reati violenti, provenienza geografica estera",REF_AREA,nazionale,nazionale,1,2026-08-10
73_59_DF_DCCV_CONDGEO1_17,Reati violenti - reg.,REF_AREA,regione,nazionale|ripartizione|regione,29,2026-08-10
73_59_DF_DCCV_CONDGEO1_18,"Reati violenti, ufficio giudiziario - Minori",REF_AREA,ripartizione,nazionale|ripartizione,6,2026-08-10
73_59_DF_DCCV_CONDGEO1_19,"Reati violenti, pena inflitta, periodo reclusione - Minori",REF_AREA,nazionale,nazionale,1,2026-08-10
73_59_DF_DCCV_CONDGEO1_2,"Reati, provenienza geografica estera",REF_AREA,nazionale,nazionale,1,2026-08-10
73_59_DF_DCCV_CONDGEO1_20,"Reati violenti, provenienza geografica - Minori",REF_AREA,ripartizione,nazionale|ripartizione,6,2026-08-10
73_59_DF_DCCV_CONDGEO1_21,"Reati violenti, età",REF_AREA,nazionale,nazionale,1,2026-08-10
73_59_DF_DCCV_CONDGEO1_22,"Reati violenti, pena inflitta, periodo reclusione",REF_AREA,nazionale,nazionale,1,2026-08-10
73_59_DF_DCCV_CONDGEO1_23,"Reati violenti, delitti concorrenti",REF_AREA,nazionale,nazionale,1,2026-08-10
73_59_DF_DCCV_CONDGEO1_3,Reati - reg.,REF_AREA,regione,nazionale|ripartizione|regione,29,2026-08-10
73_59_DF_DCCV_CONDGEO1_4,"Reati, ufficio giudiziario - Minori",REF_AREA,nazionale,nazionale,1,2026-07-26
73_59_DF_DCCV_CONDGEO1_5,"Reati, pena inflitta, periodo reclusione - Minori",REF_AREA,nazionale,nazionale,1,2026-08-10
73_59_DF_DCCV_CONDGEO1_6,"Reati, provenienza geografica - Minori",REF_AREA,ripartizione,nazionale|ripartizione,6,2026-08-10
73_59_DF_DCCV_CONDGEO1_7,"Dettaglio reati, età",REF_AREA,nazionale,nazionale,1,2026-08-10
73_59_DF_DCCV_CONDGEO1_8,"Dettaglio reati, pena inflitta, periodo reclusione",REF_AREA,nazionale,nazionale,1,2026-08-10
73_59_DF_DCCV_CONDGEO1_9,"Dettaglio reati, reati concorrenti",REF_AREA,nazionale,nazionale,1,2026-08-10
73_67,Delitti denunciati dalle forze di polizia all'autorità giudiziaria,REF_AREA,comune,nazionale|ripartizione|regione|provincia|comune,242,2026-08-10
73_67_DF_DCCV_DELITTIPS_1,Tipo di reato,REF_AREA,comune,nazionale|ripartizione|regione|provincia|comune,242,2026-07-26
73_67_DF_DCCV_DELITTIPS_2,"Tipo, identità dell'autore, commessi durante l'anno - grandi comuni",REF_AREA,comune,nazionale|ripartizione|regione|provincia|comune,40,2026-07-26
73_67_DF_DCCV_DELITTIPS_3,"Con autore noto, tipo e periodo del commesso delitto",REF_AREA,comune,nazionale|ripartizione|regione|provincia|comune,242,2026-08-10
73_67_DF_DCCV_DELITTIPS_4,Con autore noto e periodo del commesso delitto - prov.,REF_AREA,provincia,nazionale|ripartizione|regione|provincia,134,2026-07-26
73_67_DF_DCCV_DELITTIPS_5,"Delitti di cui si è scoperto l'autore, tipo - grandi comuni",REF_AREA,comune,nazionale|ripartizione|regione|provincia|comune,40,2026-07-26
73_67_DF_DCCV_DELITTIPS_6,"Delitti di cui si è scoperto l'autore, tipo",REF_AREA,regione,nazionale|ripartizione|regione,28,2026-07-26
73_67_DF_DCCV_DELITTIPS_7,Delitti di cui si è scoperto l'autore - prov.,REF_AREA,provincia,nazionale|ripartizione|regione|provincia,134,2026-07-26
73_67_DF_DCCV_DELITTIPS_8,Tasso di delittuosità - grandi comuni,REF_AREA,comune,nazionale|ripartizione|regione|provincia|comune,40,2026-07-26
73_67_DF_DCCV_DELITTIPS_9,Tasso di delittuosità - prov,REF_AREA,provincia,nazionale|ripartizione|regione|provincia,134,2026-07-26
740_1088_DF_DICA_N01SS_1,Attività prevalente - Dati di sintesi,REF_AREA,provincia,nazionale|ripartizione|regione|provincia,138,2026-08-10
740_1088_DF_DICA_N01SS_2,Attività prevalente - Forma giuridica,REF_AREA,provincia,nazionale|ripartizione|regione|provincia,138,2026-08-10
740_1088_DF_DICA_N01SS_3,Attività prevalente - Attività economica,REF_AREA,provincia,nazionale|ripartizione|regione|provincia,138,2026-08-10
740_1088_DF_DICA_N01SS_4,Attività prevalente - Finanziamento prevalente,REF_AREA,provincia,nazionale|ripartizione|regione|provincia,138,2026-08-10
740_1088_DF_DICA_N01SS_5,Attività prevalente - Orientamento istituzione,REF_AREA,provincia,nazionale|ripartizione|regione|provincia,138,2026-08-10
740_1089_DF_DICA_N01C_1,Risorse umane complessive - Dati di sintesi,REF_AREA,provincia,nazionale|ripartizione|regione|provincia,138,2026-08-10
740_1089_DF_DICA_N01C_2,Risorse umane complessive - Istituzioni non profit,REF_AREA,provincia,nazionale|ripartizione|regione|provincia,138,2026-08-10
740_1089_DF_DICA_N01C_3,Risorse umane complessive -Risorse economiche,REF_AREA,provincia,nazionale|ripartizione|regione|provincia,138,2026-08-10
740_1089_DF_DICA_N01C_4,Risorse umane complessive - Risorse umane,REF_AREA,provincia,nazionale|ripartizione|regione|provincia,138,2026-08-10
740_1089_DF_DICA_N01C_5,Istituzioni non profit per caratteristiche istituzione,REF_AREA,provincia,nazionale|ripartizione|regione|provincia,138,2026-08-10
740_1089_DF_DICA_N01C_6,Risorse umane complessive - Risorse economiche per caratteristiche istituzione,REF_AREA,provincia,nazionale|ripartizione|regione|provincia,138,2026-08-10
740_1089_DF_DICA_N01C_7,Risorse umane complessive - Risorse umane per caratteristiche istituzione,REF_AREA,provincia,nazionale|ripartizione|regione|provincia,138,2026-08-10
740_1090_DF_DICA_N02M_1,Mission - Dati di sintesi,REF_AREA,provincia,nazionale|ripartizione|regione|provincia,138,2026-08-10
740_1090_DF_DICA_N02M_2,Mission - Periodo di assunzione della forma giuridica,REF_AREA,provincia,nazionale|ripartizione|regione|provincia,138,2026-08-10
740_1090_DF_DICA_N02M_3,Mission - Attività economica,REF_AREA,provincia,nazionale|ripartizione|regione|provincia,138,2026-08-10
740_1090_DF_DICA_N02M_4,Mission - Finanziamento prevalente,REF_AREA,provincia,nazionale|ripartizione|regione|provincia,138,2026-08-10
740_1090_DF_DICA_N02M_5,Mission - Orientamento istituzione,REF_AREA,provincia,nazionale|ripartizione|regione|provincia,138,2026-08-10
740_1091_DF_DICA_N03G_1,Istituzioni e risorse umane complessive - Dati di sintesi,REF_AREA,provincia,nazionale|ripartizione|regione|provincia,138,2026-08-10
740_1091_DF_DICA_N03G_2,Istituzioni e risorse umane complessive - Attività economica,REF_AREA,provincia,nazionale|ripartizione|regione|provincia,138,2026-08-10
740_1091_DF_DICA_N03G_3,Istituzioni e risorse umane complessive -Orientamento istituzione,REF_AREA,regione,nazionale|ripartizione|regione,28,2026-08-10
740_1091_DF_DICA_N03G_4,Istituzioni e risorse umane complessive -Finanziamento prevalente,REF_AREA,provincia,nazionale|ripartizione|regione|provincia,138,2026-08-10
740_1091_DF_DICA_N03G_5,Istituzioni e risorse umane complessive - ICNPO prevalente (completa),REF_AREA,provincia,nazionale|ripartizione|regione|provincia,138,2026-08-10
740_1092_DF_DICA_N05W_1,Risorse umane retribuite,REF_AREA,provincia,nazionale|ripartizione|regione|provincia,138,2026-08-10
740_1120_DF_DICA_N03B_1,Risorse economiche - Dati di sintesi,REF_AREA,provincia,nazionale|ripartizione|regione|provincia,138,2026-08-10
740_1120_DF_DICA_N03B_2,"Risorse economiche - Entrate registrate, classe delle risorse umane",REF_AREA,provincia,nazionale|ripartizione|regione|provincia,138,2026-08-10
740_1120_DF_DICA_N03B_3,"Risorse economiche - Uscite registrate, classe delle risorse umane",REF_AREA,provincia,nazionale|ripartizione|regione|provincia,138,2026-08-10
741_1096_DF_DICA_IPSTRIPNP_1,"Istituzioni, risorse umane e genere - Dati di sintesi",REF_AREA,provincia,nazionale|ripartizione|regione|provincia,139,2026-08-10
741_1096_DF_DICA_IPSTRIPNP_10,"Istituzioni, risorse umane e genere - Ateco (categorie)",REF_AREA,provincia,nazionale|ripartizione|regione|provincia,139,2026-08-10
741_1096_DF_DICA_IPSTRIPNP_11,"Istituzioni, risorse umane e genere - Ateco (classi), classe dei dipendenti, sesso dei dipendenti",REF_AREA,provincia,nazionale|ripartizione|regione|provincia,139,2026-08-10
741_1096_DF_DICA_IPSTRIPNP_12,"Istituzioni, risorse umane e genere - Ateco  (categorie)",REF_AREA,provincia,nazionale|ripartizione|regione|provincia,139,2026-08-10
741_1096_DF_DICA_IPSTRIPNP_13,"Istituzioni, risorse umane e genere - Ateco (categorie), classe dei volontari",REF_AREA,provincia,nazionale|ripartizione|regione|provincia,139,2026-08-10
741_1096_DF_DICA_IPSTRIPNP_2,"Istituzioni, risorse umane e genere - Ateco (categorie), forma giuridica e classe di unità locali",REF_AREA,provincia,nazionale|ripartizione|regione|provincia,139,2026-08-10
741_1096_DF_DICA_IPSTRIPNP_3,"Istituzioni, risorse umane e genere - Ateco (categorie), forma giuridica e classe della risorsa umana",REF_AREA,provincia,nazionale|ripartizione|regione|provincia,139,2026-08-10
741_1096_DF_DICA_IPSTRIPNP_4,"Istituzioni, risorse umane e genere - Ateco (categorie), classe del personale effettivo in servizio",REF_AREA,provincia,nazionale|ripartizione|regione|provincia,129,2026-08-10
741_1096_DF_DICA_IPSTRIPNP_5,"Istituzioni, risorse umane e genere - Ateco (categorie), classe dei dipendenti",REF_AREA,provincia,nazionale|ripartizione|regione|provincia,138,2026-08-10
741_1096_DF_DICA_IPSTRIPNP_6,"Istituzioni, risorse umane e genere - Ateco (categorie), classe dei volontari",REF_AREA,provincia,nazionale|ripartizione|regione|provincia,138,2026-08-10
741_1096_DF_DICA_IPSTRIPNP_7,"Istituzioni, risorse umane e genere - Ateco (gruppi), classe del personale effettivo in servizio",REF_AREA,provincia,nazionale|ripartizione|regione|provincia,139,2026-08-10
741_1096_DF_DICA_IPSTRIPNP_8,"Istituzioni, risorse umane e genere - Ateco (gruppi), classe dei dipendenti",REF_AREA,provincia,nazionale|ripartizione|regione|provincia,138,2026-08-10
741_1096_DF_DICA_IPSTRIPNP_9,"Istituzioni, risorse umane e genere - Ateco (classi), classe del personale effettivo in servizio, sesso del personale effettivo in servizio",REF_AREA,provincia,nazionale|ripartizione|regione|provincia,138,2026-08-10
741_1097_DF_DICA_IPSTRIPCOM_1,"Istituzioni, risorse umane e genere  -  dati comunali - Dati di sintesi",REF_AREA,comune,nazionale|ripartizione|regione|provincia|comune,12471,2026-07-26
741_1097_DF_DICA_IPSTRIPCOM_10,"Istituzioni, risorse umane e genere  -  dati comunali - Ateco (gruppi)",REF_AREA,comune,nazionale|ripartizione|regione|provincia|comune,12471,2026-07-26
741_1097_DF_DICA_IPSTRIPCOM_11,"Istituzioni, risorse umane e genere  -  dati comunali - Ateco (divisioni), classe dei dipendenti, sesso dei dipendenti",REF_AREA,comune,nazionale|ripartizione|regione|provincia|comune,12471,2026-07-26
741_1097_DF_DICA_IPSTRIPCOM_12,"Istituzioni, risorse umane e genere  -  dati comunali - Ateco  (gruppi)",REF_AREA,comune,nazionale|ripartizione|regione|provincia|comune,12471,2026-07-26
741_1097_DF_DICA_IPSTRIPCOM_2,"Istituzioni, risorse umane e genere  -  dati comunali - Ateco (gruppi), classe di unità locali",REF_AREA,comune,nazionale|ripartizione|regione|provincia|comune,12471,2026-07-26
741_1097_DF_DICA_IPSTRIPCOM_3,"Istituzioni, risorse umane e genere  -  dati comunali - Ateco (gruppi), classe della risorsa umana nel complesso",REF_AREA,comune,nazionale|ripartizione|regione|provincia|comune,12471,2026-07-26
741_1097_DF_DICA_IPSTRIPCOM_4,"Istituzioni, risorse umane e genere  -  dati comunali - Ateco (gruppi), classe del personale effettivo in servizio",REF_AREA,comune,nazionale|ripartizione|regione|provincia|comune,12471,2026-07-26
741_1097_DF_DICA_IPSTRIPCOM_5,"Istituzioni, risorse umane e genere  -  dati comunali - Ateco (gruppi), classe dei dipendenti",REF_AREA,comune,nazionale|ripartizione|regione|provincia|comune,8504,2026-08-15
741_1097_DF_DICA_IPSTRIPCOM_6,"Istituzioni, risorse umane e genere  -  dati comunali - Ateco (gruppi), classe dei volontari",REF_AREA,comune,nazionale|ripartizione|regione|provincia|comune,12471,2026-07-26
741_1097_DF_DICA_IPSTRIPCOM_7,"Istituzioni, risorse umane e genere  -  dati comunali - Ateco  (gruppi), classe del personale effettivo in servizio",REF_AREA,comune,nazionale|ripartizione|regione|provincia|comune,12471,2026-07-26
741_1097_DF_DICA_IPSTRIPCOM_8,"Istituzioni, risorse umane e genere  -  dati comunali - Ateco  (gruppi), classe dei dipendenti",REF_AREA,comune,nazionale|ripartizione|regione|provincia|comune,12471,2026-07-26
741_1097_DF_DICA_IPSTRIPCOM_9,"Istituzioni, risorse umane e genere  -  dati comunali - Ateco (divisioni), classe del personale effettivo in servizio, sesso del personale effettivo in servizio",REF_AREA,comune,nazionale|ripartizione|regione|provincia|comune,12471,2026-07-26
741_1098_DF_DICA_IPSTRULNP_1,"Unità locali, risorse umane e genere - Dati di sintesi",REF_AREA,provincia,nazionale|ripartizione|regione|provincia,140,2026-08-10
741_1098_DF_DICA_IPSTRULNP_10,"Dipendenti - Ateco (classi), classe del dipendenti, sesso del dipendenti",REF_AREA,provincia,nazionale|ripartizione|regione|provincia,138,2026-08-10
741_1098_DF_DICA_IPSTRULNP_2,"Unità locali - Ateco (categorie), titolo di possesso, classe di superficie delle unità locali",REF_AREA,provincia,nazionale|ripartizione|regione|provincia,138,2026-08-10
741_1098_DF_DICA_IPSTRULNP_3,"Unità locali con personale effettivo in servizio - Ateco (categorie), classe del personale effettivo in servizio, sesso del personale effettivo in servizio",REF_AREA,provincia,nazionale|ripartizione|regione|provincia,138,2026-08-10
741_1098_DF_DICA_IPSTRULNP_4,"Unità locali con dipendenti - Ateco (categorie), classe dei dipendenti, sesso dei dipendenti",REF_AREA,provincia,nazionale|ripartizione|regione|provincia,138,2026-08-10
741_1098_DF_DICA_IPSTRULNP_5,"Unità locali - Ateco (categorie), classe dei dipendenti",REF_AREA,provincia,nazionale|ripartizione|regione|provincia,138,2026-08-10
741_1098_DF_DICA_IPSTRULNP_6,"Unità locali - Ateco (categorie), classe del personale effettivo in servizio",REF_AREA,provincia,nazionale|ripartizione|regione|provincia,140,2026-08-10
741_1098_DF_DICA_IPSTRULNP_7,Personale effettivo in servizio - Ateco (categorie),REF_AREA,provincia,nazionale|ripartizione|regione|provincia,138,2026-08-10
741_1098_DF_DICA_IPSTRULNP_8,"Personale effettivo in servizio - Ateco (classi), classe del personale effettivo in servizio, sesso del personale effettivo in servizio",REF_AREA,provincia,nazionale|ripartizione|regione|provincia,138,2026-08-10
741_1098_DF_DICA_IPSTRULNP_9,Dipendenti - Ateco (categorie),REF_AREA,provincia,nazionale|ripartizione|regione|provincia,138,2026-08-10
741_1099_DF_DICA_IPSTRULCOM_1,"Unità locali, risorse umane e genere - dati comunali - Dati di sintesi",REF_AREA,comune,nazionale|ripartizione|regione|provincia|comune,8504,2026-08-10
741_1099_DF_DICA_IPSTRULCOM_2,"Unità locali - Ateco (gruppi), classe del personale effettivo in servizio",REF_AREA,comune,nazionale|ripartizione|regione|provincia|comune,8504,2026-08-10
741_1099_DF_DICA_IPSTRULCOM_3,"Unità locali - Ateco (gruppi), classe dei dipendenti",REF_AREA,comune,nazionale|ripartizione|regione|provincia|comune,8504,2026-08-10
741_1099_DF_DICA_IPSTRULCOM_4,"Unità locali - Ateco (gruppi), titolo di possesso, classe di superficie delle unità locali",REF_AREA,comune,nazionale|ripartizione|regione|provincia|comune,8504,2026-08-10
741_1099_DF_DICA_IPSTRULCOM_5,"Unità locali con personale effettivo in servizio - Ateco (gruppi), classe del personale, sesso del personale effettivo",REF_AREA,comune,nazionale|ripartizione|regione|provincia|comune,8504,2026-08-10
741_1099_DF_DICA_IPSTRULCOM_6,"Personale effettivo in servizio - Ateco (divisioni), classe del personale effettivo in servizio, sesso del personale effettivo in servizio",REF_AREA,comune,nazionale|ripartizione|regione|provincia|comune,8504,2026-08-10
741_1099_DF_DICA_IPSTRULCOM_7,Personale effettivo in servizio - Ateco (gruppi),REF_AREA,comune,nazionale|ripartizione|regione|provincia|comune,8504,2026-08-10
741_1099_DF_DICA_IPSTRULCOM_8,"Dipendenti - Ateco (divisioni), classe dei dipendenti, sesso dei dipendenti",REF_AREA,comune,nazionale|ripartizione|regione|provincia|comune,8504,2026-08-10
741_1099_DF_DICA_IPSTRULCOM_9,Dipendenti - Ateco (gruppi),REF_AREA,comune,nazionale|ripartizione|regione|provincia|comune,8504,2026-08-10
741_1101_DF_DICA_IPIF_1,Attività formativa del personale - Dati di sintesi,REF_AREA,provincia,nazionale|ripartizione|regione|provincia,125,2026-08-10
741_1101_DF_DICA_IPIF_2,"Attività formativa del personale - Classe di personale effettivo, tipo di attività formativa",REF_AREA,provincia,nazionale|ripartizione|regione|provincia,134,2026-08-10
741_1101_DF_DICA_IPIF_3,"Attività formativa del personale - Classe di personale effettivo, attività formativa, ore di formazione e partecipanti",REF_AREA,provincia,nazionale|ripartizione|regione|provincia,134,2026-08-10
742_1102_DF_DCSI_CPI_CONTROLLO_1,"Proprietà, controllo, gestione - Sezione Ateco, classe di addetti - reg.  (2018 - 2022)",REF_AREA,regione,nazionale|ripartizione|regione,28,2026-08-10
742_1102_DF_DCSI_CPI_CONTROLLO_10,"Conseguenze del passaggio generazionale - Sezione Ateco, classe di addetti - reg. (2018 - 2022)",REF_AREA,regione,nazionale|ripartizione|regione,28,2026-08-10
742_1102_DF_DCSI_CPI_CONTROLLO_11,"Conseguenze del passaggio generazionale - Divisione Ateco (2 digit), classe di addetti (2018 - 2022)",REF_AREA,nazionale,nazionale,1,2026-08-10
742_1102_DF_DCSI_CPI_CONTROLLO_12,Conseguenze del passaggio generazionale - Classe di Ateco (4 digit) (2018 - 2022),REF_AREA,nazionale,nazionale,1,2026-08-10
742_1102_DF_DCSI_CPI_CONTROLLO_13,Tipo di gestione - Macrosettori economici - prov. (2018-2022),REF_AREA,provincia,nazionale|ripartizione|regione|provincia,135,2026-08-10
742_1102_DF_DCSI_CPI_CONTROLLO_14,"Tipo di gestione - Sezione Ateco, classe di addetti - reg. (2018-2022)",REF_AREA,regione,nazionale|ripartizione|regione,27,2026-08-10
742_1102_DF_DCSI_CPI_CONTROLLO_15,"Tipo di gestione - Divisione Ateco (2 digit), classe di addetti (2018-2022)",REF_AREA,nazionale,nazionale,1,2026-08-10
742_1102_DF_DCSI_CPI_CONTROLLO_16,Tipo di gestione - Classe di Ateco (4 digit) (2018-2022),REF_AREA,nazionale,nazionale,1,2026-08-10
742_1102_DF_DCSI_CPI_CONTROLLO_17,Ostacoli al passaggio generazionale - Macrosettori economici - prov.,REF_AREA,provincia,nazionale|ripartizione|regione|provincia,135,2026-08-10
742_1102_DF_DCSI_CPI_CONTROLLO_18,"Ostacoli al passaggio generazionale - Sezione Ateco, classe di addetti - reg.",REF_AREA,regione,nazionale|ripartizione|regione,28,2026-08-10
742_1102_DF_DCSI_CPI_CONTROLLO_19,"Ostacoli al passaggio generazionale - Divisione Ateco (2 digit), classe di addetti",REF_AREA,nazionale,nazionale,1,2026-08-10
742_1102_DF_DCSI_CPI_CONTROLLO_2,"Proprietà, controllo, gestione - Macrosettori economici - prov. (2018 - 2022)",REF_AREA,provincia,nazionale|ripartizione|regione|provincia,135,2026-08-10
742_1102_DF_DCSI_CPI_CONTROLLO_20,Ostacoli al passaggio generazionale - Classe di Ateco (4 digit),REF_AREA,nazionale,nazionale,1,2026-08-10
742_1102_DF_DCSI_CPI_CONTROLLO_21,Obiettivi strategici perseguiti - Macrosettori economici - prov. (2018 - 2022),REF_AREA,provincia,nazionale|ripartizione|regione|provincia,135,2026-08-10
742_1102_DF_DCSI_CPI_CONTROLLO_22,"Obiettivi strategici perseguiti - Sezione Ateco, classe di addetti - reg. (2018 - 2022)",REF_AREA,regione,nazionale|ripartizione|regione,27,2026-08-10
742_1102_DF_DCSI_CPI_CONTROLLO_23,"Obiettivi strategici perseguiti - Divisione Ateco (2 digit), classe di addetti (2018 -2022)",REF_AREA,nazionale,nazionale,1,2026-08-10
742_1102_DF_DCSI_CPI_CONTROLLO_24,Obiettivi strategici perseguiti - Classe di Ateco (4 digit) (2018 - 2022),REF_AREA,nazionale,nazionale,1,2026-08-10
742_1102_DF_DCSI_CPI_CONTROLLO_25,Obiettivi strategici futuri - Macrosettori economici - prov. (2018 - 2022),REF_AREA,provincia,nazionale|ripartizione|regione|provincia,134,2026-08-10
742_1102_DF_DCSI_CPI_CONTROLLO_26,"Obiettivi strategici futuri - Sezione Ateco, classe di addetti - reg. (2018 - 2022)",REF_AREA,regione,nazionale|ripartizione|regione,27,2026-08-10
742_1102_DF_DCSI_CPI_CONTROLLO_27,"Obiettivi strategici futuri - Divisione Ateco (2 digit), classe di addetti (2018 - 2022)",REF_AREA,nazionale,nazionale,1,2026-08-10
742_1102_DF_DCSI_CPI_CONTROLLO_28,Obiettivi strategici futuri - Classe di Ateco (4 digit) (2018 - 2022),REF_AREA,nazionale,nazionale,1,2026-08-10
742_1102_DF_DCSI_CPI_CONTROLLO_3,"Proprietà, controllo, gestione - Classe di Ateco (4 digit)  (2018 - 2022)",REF_AREA,nazionale,nazionale,1,2026-08-10
742_1102_DF_DCSI_CPI_CONTROLLO_4,"Proprietà, controllo, gestione - Divisione Ateco (2 digit), classe di addetti  (2018 - 2022)",REF_AREA,nazionale,nazionale,1,2026-08-10
742_1102_DF_DCSI_CPI_CONTROLLO_5,Periodo del passaggio generazionale - Macrosettori economici - prov. (2018 - 2022),REF_AREA,provincia,nazionale|ripartizione|regione|provincia,135,2026-08-10
742_1102_DF_DCSI_CPI_CONTROLLO_6,"Periodo del passaggio generazionale - Sezione Ateco, classe di addetti - reg. (2018 - 2022)",REF_AREA,regione,nazionale|ripartizione|regione,28,2026-08-10
742_1102_DF_DCSI_CPI_CONTROLLO_7,"Periodo del passaggio generazionale - Divisione Ateco (2 digit), classe di addetti (2018 - 2022)",REF_AREA,nazionale,nazionale,1,2026-08-10
742_1102_DF_DCSI_CPI_CONTROLLO_8,Periodo del passaggio generazionale - Classe di Ateco (4 digit) (2018 - 2022),REF_AREA,nazionale,nazionale,1,2026-08-10
742_1102_DF_DCSI_CPI_CONTROLLO_9,Conseguenze del passaggio generazionale - Macrosettori economici - prov. (2018 - 2022),REF_AREA,provincia,nazionale|ripartizione|regione|provincia,135,2026-08-10
742_1103_DF_DCSI_CPI_RISORSE_1,Acquisizione di risorse umane - Macrosettori economici - prov. (2018 - 2022),REF_AREA,provincia,nazionale|ripartizione|regione|provincia,135,2026-08-10
742_1103_DF_DCSI_CPI_RISORSE_10,"Competenze - Sezione Ateco, classe di addetti - reg. (2018 - 2022)",REF_AREA,regione,nazionale|ripartizione|regione,27,2026-08-10
742_1103_DF_DCSI_CPI_RISORSE_11,"Competenze - Divisione Ateco (2 digit), classe di addetti (2018 - 2022)",REF_AREA,nazionale,nazionale,1,2026-08-10
742_1103_DF_DCSI_CPI_RISORSE_12,Competenze - Classe di Ateco (4 digit) (2018 - 2022),REF_AREA,nazionale,nazionale,1,2026-08-10
742_1103_DF_DCSI_CPI_RISORSE_13,Ostacoli - Macrosettori economici - prov. (2018-2022),REF_AREA,provincia,nazionale|ripartizione|regione|provincia,135,2026-08-10
742_1103_DF_DCSI_CPI_RISORSE_14,"Ostacoli - Sezione Ateco, classe di addetti - reg. (2018 - 2022)",REF_AREA,regione,nazionale|ripartizione|regione,27,2026-08-10
742_1103_DF_DCSI_CPI_RISORSE_15,"Ostacoli - Divisione Ateco (2 digit), classe di addetti (2018 - 2022)",REF_AREA,nazionale,nazionale,1,2026-08-10
742_1103_DF_DCSI_CPI_RISORSE_16,Ostacoli - Classe di Ateco (4 digit) (2018 - 2022),REF_AREA,nazionale,nazionale,1,2026-08-10
742_1103_DF_DCSI_CPI_RISORSE_17,Modalità di acquisizione - Macrosettori economici - prov.,REF_AREA,provincia,nazionale|ripartizione|regione|provincia,135,2026-08-10
742_1103_DF_DCSI_CPI_RISORSE_18,"Modalità di acquisizione - Sezione Ateco, classe di addetti - reg.",REF_AREA,regione,nazionale|ripartizione|regione,28,2026-08-10
742_1103_DF_DCSI_CPI_RISORSE_19,"Modalità di acquisizione - Divisione Ateco (2 digit), classe di addetti",REF_AREA,nazionale,nazionale,1,2026-08-10
742_1103_DF_DCSI_CPI_RISORSE_2,"Acquisizione di risorse umane - Divisione Ateco (2 digit), classe di addetti (2018 - 2022)",REF_AREA,nazionale,nazionale,1,2026-08-10
742_1103_DF_DCSI_CPI_RISORSE_20,Modalità di acquisizione - Classe di Ateco (4 digit),REF_AREA,nazionale,nazionale,1,2026-08-10
742_1103_DF_DCSI_CPI_RISORSE_21,Area funzionale interessata - Macrosettori economici - prov.,REF_AREA,provincia,nazionale|ripartizione|regione|provincia,135,2026-08-10
742_1103_DF_DCSI_CPI_RISORSE_22,"Area funzionale interessata - Sezione Ateco, classe di addetti - reg.",REF_AREA,regione,nazionale|ripartizione|regione,28,2026-08-10
742_1103_DF_DCSI_CPI_RISORSE_23,"Area funzionale interessata - Divisione Ateco (2 digit), classe di addetti",REF_AREA,nazionale,nazionale,1,2026-08-10
742_1103_DF_DCSI_CPI_RISORSE_24,Area funzionale interessata - Classe di Ateco (4 digit),REF_AREA,provincia,nazionale|ripartizione|regione|provincia,135,2026-08-10
742_1103_DF_DCSI_CPI_RISORSE_25,Pratiche di gestione del personale - Macrosettori economici - prov. (2018 - 2022),REF_AREA,provincia,nazionale|ripartizione|regione|provincia,135,2026-08-10
742_1103_DF_DCSI_CPI_RISORSE_26,"Pratiche di gestione del personale - Sezione Ateco, classe di addetti - reg.",REF_AREA,regione,nazionale|ripartizione|regione,28,2026-08-10
742_1103_DF_DCSI_CPI_RISORSE_27,"Pratiche di gestione del personale - Divisione Ateco (2 digit), classe di addetti (2018 -2019)",REF_AREA,nazionale,nazionale,1,2026-08-10
742_1103_DF_DCSI_CPI_RISORSE_28,Pratiche di gestione del personale - Classe di Ateco (4 digit) (2018 - 2022),REF_AREA,nazionale,nazionale,1,2026-08-10
742_1103_DF_DCSI_CPI_RISORSE_29,Pratiche per attrarre e/o trattenere personale qualificato - Macrosettori economici - prov. (2018 - 2022),REF_AREA,provincia,nazionale|ripartizione|regione|provincia,135,2026-08-10
742_1103_DF_DCSI_CPI_RISORSE_3,"Acquisizione di risorse umane - Sezione Ateco, classe di addetti - reg. (2018 - 2022)",REF_AREA,regione,nazionale|ripartizione|regione,27,2026-08-10
742_1103_DF_DCSI_CPI_RISORSE_30,"Pratiche per attrarre e/o trattenere personale qualificato - Sezione Ateco, classe di addetti - reg. (2018-2022)",REF_AREA,regione,nazionale|ripartizione|regione,28,2026-08-10
742_1103_DF_DCSI_CPI_RISORSE_31,"Pratiche per attrarre e/o trattenere personale qualificato - Divisione Ateco (2 digit), classe di addetti (2018 - 2022)",REF_AREA,nazionale,nazionale,1,2026-08-10
742_1103_DF_DCSI_CPI_RISORSE_32,Pratiche per attrarre e/o trattenere personale qualificato - Classe di Ateco (4 digit) (2018-2022),REF_AREA,nazionale,nazionale,1,2026-08-10
742_1103_DF_DCSI_CPI_RISORSE_4,Acquisizione di risorse umane - Classe di Ateco (4 digit) (2018 - 2022),REF_AREA,nazionale,nazionale,1,2026-08-10
742_1103_DF_DCSI_CPI_RISORSE_5,Posizione professionale - Macrosettori economici - prov. (2018 - 2022),REF_AREA,provincia,nazionale|ripartizione|regione|provincia,135,2026-08-10
742_1103_DF_DCSI_CPI_RISORSE_6,"Posizione professionale - Sezione Ateco, classe di addetti - reg. (2018-2022)",REF_AREA,regione,nazionale|ripartizione|regione,27,2026-08-10
742_1103_DF_DCSI_CPI_RISORSE_7,"Posizione professionale - Divisione Ateco (2 digit), classe di addetti (2018-2022)",REF_AREA,provincia,nazionale|ripartizione|regione|provincia,135,2026-08-10
742_1103_DF_DCSI_CPI_RISORSE_8,Posizione professionale - Classe di Ateco (4 digit) (2018 - 2022),REF_AREA,provincia,nazionale|ripartizione|regione|provincia,135,2026-08-10
742_1103_DF_DCSI_CPI_RISORSE_9,Competenze - Macrosettori economici - prov. (2018 - 2022),REF_AREA,provincia,nazionale|ripartizione|regione|provincia,135,2026-08-10
742_1105_DF_DCSI_CPI_FORMAZIONE_1,Formazione non obbligatoria - Macrosettori economici - prov. (2018 - 2022),REF_AREA,provincia,nazionale|ripartizione|regione|provincia,135,2026-08-10
742_1105_DF_DCSI_CPI_FORMAZIONE_10,"Competenze - Sezione Ateco, classe di addetti - reg.",REF_AREA,regione,nazionale|ripartizione|regione,28,2026-08-10
742_1105_DF_DCSI_CPI_FORMAZIONE_11,"Competenze - Divisione Ateco (2 digit), classe di addetti",REF_AREA,nazionale,nazionale,1,2026-08-10
742_1105_DF_DCSI_CPI_FORMAZIONE_12,Competenze - Classe di Ateco (4 digit),REF_AREA,nazionale,nazionale,1,2026-08-10
742_1105_DF_DCSI_CPI_FORMAZIONE_13,Personale coinvolto - Macrosettori economici - prov. (2018 - 2022),REF_AREA,provincia,nazionale|ripartizione|regione|provincia,134,2026-08-10
742_1105_DF_DCSI_CPI_FORMAZIONE_14,"Personale coinvolto - Sezione Ateco, classe di addetti - reg. (2018 - 2019)",REF_AREA,regione,nazionale|ripartizione|regione,27,2026-08-10
742_1105_DF_DCSI_CPI_FORMAZIONE_15,"Personale coinvolto - Divisione Ateco (2 digit), classe di addetti (2018 -2019)",REF_AREA,nazionale,nazionale,1,2026-08-10
742_1105_DF_DCSI_CPI_FORMAZIONE_16,Personale coinvolto - Classe di Ateco (4 digit) (2018 - 2022),REF_AREA,nazionale,nazionale,1,2026-08-10
742_1105_DF_DCSI_CPI_FORMAZIONE_17,Andamento della spesa per formazione - Macrosettori economici - prov.,REF_AREA,provincia,nazionale|ripartizione|regione|provincia,135,2026-08-10
742_1105_DF_DCSI_CPI_FORMAZIONE_18,"Andamento della spesa per formazione - Sezione Ateco, classe di addetti - reg.",REF_AREA,regione,nazionale|ripartizione|regione,28,2026-08-10
742_1105_DF_DCSI_CPI_FORMAZIONE_19,"Andamento della spesa per formazione - Divisione Ateco (2 digit), classe di addetti",REF_AREA,nazionale,nazionale,1,2026-08-10
742_1105_DF_DCSI_CPI_FORMAZIONE_2,"Formazione non obbligatoria - Sezione Ateco, classe di addetti - reg. (2018 - 2019)",REF_AREA,regione,nazionale|ripartizione|regione,28,2026-08-10
742_1105_DF_DCSI_CPI_FORMAZIONE_20,Andamento della spesa per formazione - Classe di Ateco (4 digit),REF_AREA,nazionale,nazionale,1,2026-08-10
742_1105_DF_DCSI_CPI_FORMAZIONE_21,Limitazione nella spesa o mancata formazione - Macrosettori economici - prov.,REF_AREA,provincia,nazionale|ripartizione|regione|provincia,135,2026-08-10
742_1105_DF_DCSI_CPI_FORMAZIONE_22,"Limitazione nella spesa o mancata formazione - Sezione Ateco, classe di addetti - reg.",REF_AREA,regione,nazionale|ripartizione|regione,28,2026-08-10
742_1105_DF_DCSI_CPI_FORMAZIONE_23,"Limitazione nella spesa o mancata formazione - Divisione Ateco (2 digit), classe di addetti",REF_AREA,nazionale,nazionale,1,2026-08-10
742_1105_DF_DCSI_CPI_FORMAZIONE_24,Limitazione nella spesa o mancata formazione - Classe di Ateco (4 digit),REF_AREA,nazionale,nazionale,1,2026-08-10
742_1105_DF_DCSI_CPI_FORMAZIONE_3,Formazione non obbligatoria - Classe di Ateco (4 digit),REF_AREA,nazionale,nazionale,1,2026-08-10
742_1105_DF_DCSI_CPI_FORMAZIONE_4,"Formazione non obbligatoria - Divisione Ateco (2 digit), classe di addetti",REF_AREA,nazionale,nazionale,1,2026-08-10
742_1105_DF_DCSI_CPI_FORMAZIONE_5,Attività di formazione - Macrosettori economici - prov. (2018 - 2022),REF_AREA,provincia,nazionale|ripartizione|regione|provincia,135,2026-08-10
742_1105_DF_DCSI_CPI_FORMAZIONE_6,"Attività di formazione - Divisione Ateco (2 digit), classe di addetti (2018 -2019)",REF_AREA,nazionale,nazionale,1,2026-08-10
742_1105_DF_DCSI_CPI_FORMAZIONE_7,Attività di formazione - Classe di Ateco (4 digit),REF_AREA,nazionale,nazionale,1,2026-08-10
742_1105_DF_DCSI_CPI_FORMAZIONE_8,"Attività di formazione - Sezione Ateco, classe di addetti - reg. (2018 - 2019)",REF_AREA,regione,nazionale|ripartizione|regione,28,2026-08-10
742_1105_DF_DCSI_CPI_FORMAZIONE_9,Competenze - Macrosettori economici - prov.,REF_AREA,provincia,nazionale|ripartizione|regione|provincia,135,2026-08-10
742_1106_DF_DCSI_CPI_RELAZIONI_1,Relazioni tra imprese - Macrosettori economici - prov. (2018-2022),REF_AREA,provincia,nazionale|ripartizione|regione|provincia,133,2026-08-10
742_1106_DF_DCSI_CPI_RELAZIONI_10,"Numero delle controparti - Sezione Ateco, classe di addetti - reg. (2018 2022)",REF_AREA,regione,nazionale|ripartizione|regione,28,2026-08-10
742_1106_DF_DCSI_CPI_RELAZIONI_11,"Relazioni tra imprese - Divisione Ateco (2 digit), classe di addetti  (2018-2022)",REF_AREA,nazionale,nazionale,1,2026-08-10
742_1106_DF_DCSI_CPI_RELAZIONI_12,"Tipo di controparti - Divisione Ateco (2 digit), classe di addetti (2018-2022)",REF_AREA,nazionale,nazionale,1,2026-08-10
742_1106_DF_DCSI_CPI_RELAZIONI_13,"Motivi della relazione - Divisione Ateco (2 digit), classe di addetti (2018 2022)",REF_AREA,nazionale,nazionale,1,2026-08-10
742_1106_DF_DCSI_CPI_RELAZIONI_14,"Numero delle controparti - Divisione Ateco (2 digit), classe di addetti (2018 2022)",REF_AREA,nazionale,nazionale,1,2026-08-10
742_1106_DF_DCSI_CPI_RELAZIONI_15,"Difficoltà nell'attivare relazioni - Divisione Ateco (2 digit), classe di addetti (2018 2022)",REF_AREA,nazionale,nazionale,1,2026-08-10
742_1106_DF_DCSI_CPI_RELAZIONI_16,Relazioni tra imprese - Classe di Ateco (4 digit) (2018-2022),REF_AREA,nazionale,nazionale,1,2026-08-11
742_1106_DF_DCSI_CPI_RELAZIONI_17,Tipo di controparti - Classe di Ateco (4 digit) (2018-2022),REF_AREA,nazionale,nazionale,1,2026-08-11
742_1106_DF_DCSI_CPI_RELAZIONI_18,Motivi della relazione - Classe di Ateco (2018 2022),REF_AREA,nazionale,nazionale,1,2026-08-11
742_1106_DF_DCSI_CPI_RELAZIONI_19,Numero delle controparti - Classe di Ateco (4 digit) (2018 2022),REF_AREA,nazionale,nazionale,1,2026-08-11
742_1106_DF_DCSI_CPI_RELAZIONI_2,Tipo di controparti - Macrosettori economici - prov. (2018-2022),REF_AREA,provincia,nazionale|ripartizione|regione|provincia,135,2026-08-11
742_1106_DF_DCSI_CPI_RELAZIONI_20,Difficoltà nell'attivare relazioni - Classe di Ateco (4 digit) (2018 2022),REF_AREA,nazionale,nazionale,1,2026-08-11
742_1106_DF_DCSI_CPI_RELAZIONI_21,Aree funzionali interessate - Macrosettori economici - prov. (2018 2022),REF_AREA,provincia,nazionale|ripartizione|regione|provincia,135,2026-08-11
742_1106_DF_DCSI_CPI_RELAZIONI_22,"Aree funzionali interessate - Divisione Ateco (2 digit), classe di addetti (2018 2022)",REF_AREA,nazionale,nazionale,1,2026-08-11
742_1106_DF_DCSI_CPI_RELAZIONI_23,"Aree funzionali interessate - Sezione Ateco, classe di addetti - reg.(2018 2022)",REF_AREA,regione,nazionale|ripartizione|regione,28,2026-08-11
742_1106_DF_DCSI_CPI_RELAZIONI_24,Aree funzionali interessate - Classe di Ateco (4 digit) (2018 2022),REF_AREA,nazionale,nazionale,1,2026-08-11
742_1106_DF_DCSI_CPI_RELAZIONI_25,Subfornitore principale - Macrosettori economici - prov.,REF_AREA,provincia,nazionale|ripartizione|regione|provincia,135,2026-08-11
742_1106_DF_DCSI_CPI_RELAZIONI_26,"Subfornitore principale - Sezione Ateco, classe di addetti - reg.",REF_AREA,regione,nazionale|ripartizione|regione,28,2026-08-11
742_1106_DF_DCSI_CPI_RELAZIONI_27,"Subfornitore principale - Divisione Ateco (2 digit), classe di addetti",REF_AREA,nazionale,nazionale,1,2026-08-11
742_1106_DF_DCSI_CPI_RELAZIONI_28,Subfornitore principale - Classe di Ateco (4 digit),REF_AREA,nazionale,nazionale,1,2026-08-11
742_1106_DF_DCSI_CPI_RELAZIONI_29,Main customer - Economic sectors - prov.,REF_AREA,provincia,nazionale|ripartizione|regione|provincia,135,2026-08-11
742_1106_DF_DCSI_CPI_RELAZIONI_3,Motivi della relazione - Macrosettori economici - prov. (2018 2022),REF_AREA,provincia,nazionale|ripartizione|regione|provincia,135,2026-08-11
742_1106_DF_DCSI_CPI_RELAZIONI_30,"Committente principale - Sezione Ateco, classe di addetti - reg.",REF_AREA,regione,nazionale|ripartizione|regione,28,2026-08-11
742_1106_DF_DCSI_CPI_RELAZIONI_31,"Committente principale - Divisione Ateco (2 digit), classe di addetti",REF_AREA,nazionale,nazionale,1,2026-08-11
742_1106_DF_DCSI_CPI_RELAZIONI_32,Committente principale - Classe di Ateco (4 digit),REF_AREA,nazionale,nazionale,1,2026-08-11
742_1106_DF_DCSI_CPI_RELAZIONI_33,Attività imprese partner - Macrosettori economici - prov.,REF_AREA,provincia,nazionale|ripartizione|regione|provincia,135,2026-08-11
742_1106_DF_DCSI_CPI_RELAZIONI_34,"Attività imprese partner - Sezione Ateco, classe di addetti - reg.",REF_AREA,regione,nazionale|ripartizione|regione,28,2026-08-11
742_1106_DF_DCSI_CPI_RELAZIONI_35,"Attività imprese partner - Divisione Ateco (2 digit), classe di addetti",REF_AREA,nazionale,nazionale,1,2026-08-11
742_1106_DF_DCSI_CPI_RELAZIONI_36,Attività imprese partner - Classe di Ateco (4 digit),REF_AREA,nazionale,nazionale,1,2026-08-11
742_1106_DF_DCSI_CPI_RELAZIONI_4,Numero delle controparti - Macrosettori economici - prov. (2018 2022),REF_AREA,provincia,nazionale|ripartizione|regione|provincia,135,2026-08-11
742_1106_DF_DCSI_CPI_RELAZIONI_5,Difficoltà nell'attivare relazioni - Macrosettori economici - prov. (2018 2022),REF_AREA,provincia,nazionale|ripartizione|regione|provincia,135,2026-08-11
742_1106_DF_DCSI_CPI_RELAZIONI_6,"Relazioni tra imprese - Sezione Ateco, classe di addetti - reg. (2018-2022)",REF_AREA,regione,nazionale|ripartizione|regione,27,2026-08-11
742_1106_DF_DCSI_CPI_RELAZIONI_7,"Tipo di controparti - Sezione Ateco, classe di addetti - reg. (2018-2022)",REF_AREA,regione,nazionale|ripartizione|regione,28,2026-08-11
742_1106_DF_DCSI_CPI_RELAZIONI_8,"Difficoltà nell'attivare relazioni - Sezione Ateco, classe di addetti - reg.(2018 2022)",REF_AREA,regione,nazionale|ripartizione|regione,28,2026-08-11
742_1106_DF_DCSI_CPI_RELAZIONI_9,"Motivi della relazione - Sezione Ateco, classe di addetti - reg. (2018 2022)",REF_AREA,regione,nazionale|ripartizione|regione,28,2026-08-11
742_1107_DF_DCSI_CPI_MERCATO_10,"Ostacoli alla capacità competitiva - Sezione Ateco, classe di addetti - reg.",REF_AREA,provincia,nazionale|ripartizione|regione|provincia,135,2026-08-11
742_1107_DF_DCSI_CPI_MERCATO_11,Ostacoli alla capacità competitiva - Classe di Ateco (4 digit),REF_AREA,nazionale,nazionale,1,2026-08-11
742_1107_DF_DCSI_CPI_MERCATO_12,Punti di forza della capacità competitiva - Classe di Ateco (4 digit) (2018-2022),REF_AREA,nazionale,nazionale,1,2026-08-11
742_1107_DF_DCSI_CPI_MERCATO_13,Mercato geografico di riferimento - Classe di Ateco (4 digit),REF_AREA,nazionale,nazionale,1,2026-08-11
742_1107_DF_DCSI_CPI_MERCATO_14,"Ostacoli alla capacità competitiva - Divisione Ateco (2 digit), classe di addetti (2018-2022)",REF_AREA,nazionale,nazionale,1,2026-08-11
742_1107_DF_DCSI_CPI_MERCATO_15,"Punti di forza della capacità competitiva - Divisione Ateco (2 digit), classe di addetti (2018-2022)",REF_AREA,nazionale,nazionale,1,2026-08-11
742_1107_DF_DCSI_CPI_MERCATO_16,"Mercato geografico di riferimento - Divisione Ateco (2 digit), classe di addetti",REF_AREA,nazionale,nazionale,1,2026-08-11
742_1107_DF_DCSI_CPI_MERCATO_17,Competitività e mercato - Macrosettori economici - prov. (2018-2022),REF_AREA,provincia,nazionale|ripartizione|regione|provincia,135,2026-08-11
742_1107_DF_DCSI_CPI_MERCATO_18,Mercato geografico di riferimento - Macrosettori economici - prov.,REF_AREA,provincia,nazionale|ripartizione|regione|provincia,135,2026-08-11
742_1107_DF_DCSI_CPI_MERCATO_19,Punti di forza della capacità competitiva - Macrosettori economici - prov. (2018-2022),REF_AREA,provincia,nazionale|ripartizione|regione|provincia,135,2026-08-11
742_1107_DF_DCSI_CPI_MERCATO_20,Ostacoli alla capacità competitiva - Macrosettori economici - prov. (2018-2022),REF_AREA,provincia,nazionale|ripartizione|regione|provincia,135,2026-08-11
742_1107_DF_DCSI_CPI_MERCATO_21,Cliente - Macrosettori economici - prov.(2018-2022),REF_AREA,provincia,nazionale|ripartizione|regione|provincia,135,2026-08-11
742_1107_DF_DCSI_CPI_MERCATO_22,"Cliente - Sezione Ateco, classe di addetti - reg.(2018-2022)",REF_AREA,provincia,nazionale|ripartizione|regione|provincia,135,2026-08-11
742_1107_DF_DCSI_CPI_MERCATO_23,"Cliente - Divisione Ateco (2 digit), classe di addetti (2018-2022)",REF_AREA,nazionale,nazionale,1,2026-08-11
742_1107_DF_DCSI_CPI_MERCATO_24,Cliente - Classe di Ateco (4 digit) (2018-2022),REF_AREA,nazionale,nazionale,1,2026-08-11
742_1107_DF_DCSI_CPI_MERCATO_25,Criterio di determinazione dei prezzi - Macrosettori economici - prov. (2018-2022),REF_AREA,provincia,nazionale|ripartizione|regione|provincia,135,2026-08-11
742_1107_DF_DCSI_CPI_MERCATO_26,"Prices determination criterion - Nace sectors, class of persons employed - reg. (2018-2022)",REF_AREA,provincia,nazionale|ripartizione|regione|provincia,135,2026-08-11
742_1107_DF_DCSI_CPI_MERCATO_27,"Criterio di determinazione dei prezzi - Divisione Ateco (2 digit), classe di addetti (2018-2022)",REF_AREA,nazionale,nazionale,1,2026-08-11
742_1107_DF_DCSI_CPI_MERCATO_28,Criterio di determinazione dei prezzi - Classe di Ateco (4 digit) (2018-2022),REF_AREA,nazionale,nazionale,1,2026-08-11
742_1107_DF_DCSI_CPI_MERCATO_29,Capacità competitiva - Macrosettori economici - prov.,REF_AREA,provincia,nazionale|ripartizione|regione|provincia,135,2026-08-11
742_1107_DF_DCSI_CPI_MERCATO_30,"Capacità competitiva - Sezione Ateco, classe di addetti - reg.",REF_AREA,provincia,nazionale|ripartizione|regione|provincia,135,2026-08-11
742_1107_DF_DCSI_CPI_MERCATO_31,"Capacità competitiva - Divisione Ateco (2 digit), classe di addetti",REF_AREA,nazionale,nazionale,1,2026-08-11
742_1107_DF_DCSI_CPI_MERCATO_32,Capacità competitiva - Classe di Ateco (4 digit),REF_AREA,nazionale,nazionale,1,2026-08-11
742_1107_DF_DCSI_CPI_MERCATO_5,"Competitività e mercato - Sezione Ateco, classe di addetti - reg. (2018-2022)",REF_AREA,provincia,nazionale|ripartizione|regione|provincia,135,2026-08-11
742_1107_DF_DCSI_CPI_MERCATO_6,"Competitività e mercato - Divisione Ateco (2 digit), classe di addetti (2018-2022)",REF_AREA,nazionale,nazionale,1,2026-08-11
742_1107_DF_DCSI_CPI_MERCATO_7,Competitività e mercato - Classe di Ateco (4 digit) (2018-2022),REF_AREA,nazionale,nazionale,1,2026-08-11
742_1107_DF_DCSI_CPI_MERCATO_8,"Mercato geografico di riferimento - Sezione Ateco, classe di addetti - reg.",REF_AREA,provincia,nazionale|ripartizione|regione|provincia,135,2026-08-11
742_1107_DF_DCSI_CPI_MERCATO_9,"Punti di forza della capacità competitiva - Sezione Ateco, classe di addetti - reg. (2018-2022)",REF_AREA,provincia,nazionale|ripartizione|regione|provincia,135,2026-08-11
742_1111_DF_DCSI_CPI_FINANZA_10,"Utilizzo delle fonti - Sezione Ateco, classe di addetti - reg.",REF_AREA,provincia,nazionale|ripartizione|regione|provincia,135,2026-08-11
742_1111_DF_DCSI_CPI_FINANZA_11,Utilizzo delle fonti - Classe di Ateco (4 digit),REF_AREA,nazionale,nazionale,1,2026-08-11
742_1111_DF_DCSI_CPI_FINANZA_12,"Fonti di finanziamento - Sezione Ateco, classe di addetti - reg. (2018-2022)",REF_AREA,provincia,nazionale|ripartizione|regione|provincia,134,2026-08-11
742_1111_DF_DCSI_CPI_FINANZA_13,Dipendenza da fonti esterne - Macrosettori economici - prov. (2018-2022),REF_AREA,provincia,nazionale|ripartizione|regione|provincia,134,2026-08-11
742_1111_DF_DCSI_CPI_FINANZA_14,"Dipendenza da fonti esterne - Sezione Ateco, classe di addetti - reg. (2018-2022)",REF_AREA,regione,nazionale|ripartizione|regione,27,2026-08-11
742_1111_DF_DCSI_CPI_FINANZA_15,"Dipendenza da fonti esterne - Divisione Ateco (2 digit), classe di addetti (2018-2022)",REF_AREA,nazionale,nazionale,1,2026-08-11
742_1111_DF_DCSI_CPI_FINANZA_16,Dipendenza da fonti esterne - Classe di Ateco (4 digit) (2018-2022),REF_AREA,nazionale,nazionale,1,2026-08-11
742_1111_DF_DCSI_CPI_FINANZA_17,Dipendenza dalle banche - Macrosettori economici - prov. (2018-2022),REF_AREA,provincia,nazionale|ripartizione|regione|provincia,134,2026-08-11
742_1111_DF_DCSI_CPI_FINANZA_18,"Dipendenza dalle banche - Sezione Ateco, classe di addetti - reg. (2018-2022)",REF_AREA,regione,nazionale|ripartizione|regione,27,2026-08-11
742_1111_DF_DCSI_CPI_FINANZA_19,"Dipendenza dalle banche - Divisione Ateco (2 digit), classe di addetti (2018-2022)",REF_AREA,nazionale,nazionale,1,2026-08-11
742_1111_DF_DCSI_CPI_FINANZA_20,Dipendenza dalle banche - Classe di Ateco (4 digit) (2018-2022),REF_AREA,nazionale,nazionale,1,2026-08-11
742_1111_DF_DCSI_CPI_FINANZA_21,Numero di banche - NUM - Macrosettori economici - prov.,REF_AREA,provincia,nazionale|ripartizione|regione|provincia,135,2026-08-11
742_1111_DF_DCSI_CPI_FINANZA_22,"Numero di banche - NUM - Sezione Ateco, classe di addetti - reg.",REF_AREA,provincia,nazionale|ripartizione|regione|provincia,135,2026-08-11
742_1111_DF_DCSI_CPI_FINANZA_23,"Numero di banche - NUM - Divisione Ateco (2 digit), classe di addetti",REF_AREA,nazionale,nazionale,1,2026-08-11
742_1111_DF_DCSI_CPI_FINANZA_24,Numero di banche - NUM - Classe di Ateco (4 digit),REF_AREA,nazionale,nazionale,1,2026-08-11
742_1111_DF_DCSI_CPI_FINANZA_25,Quota di indebitamento - QUO - Macrosettori economici - prov.,REF_AREA,provincia,nazionale|ripartizione|regione|provincia,135,2026-07-27
742_1111_DF_DCSI_CPI_FINANZA_26,Tipologia della banca principale - TIP - Macrosettori economici - prov.,REF_AREA,provincia,nazionale|ripartizione|regione|provincia,135,2026-08-11
742_1111_DF_DCSI_CPI_FINANZA_27,Determinanti nella scelta della banca - DET - Macrosettori economici - prov.,REF_AREA,provincia,nazionale|ripartizione|regione|provincia,135,2026-08-11
742_1111_DF_DCSI_CPI_FINANZA_28,Richieste di valutazione della banca - RIC - Macrosettori economici - prov.,REF_AREA,provincia,nazionale|ripartizione|regione|provincia,135,2026-08-11
742_1111_DF_DCSI_CPI_FINANZA_29,Strumenti per migliorare la posizione creditizia - STR - Macrosettori economici - prov.,REF_AREA,provincia,nazionale|ripartizione|regione|provincia,135,2026-08-11
742_1111_DF_DCSI_CPI_FINANZA_30,"Quota di indebitamento - QUO - Divisione Ateco (2 digit), classe di addetti",REF_AREA,nazionale,nazionale,1,2026-07-27
742_1111_DF_DCSI_CPI_FINANZA_31,"Tipologia della banca principale - TIP - Divisione Ateco (2 digit), classe di addetti",REF_AREA,nazionale,nazionale,1,2026-08-11
742_1111_DF_DCSI_CPI_FINANZA_32,"Determinanti nella scelta della banca - DET - Divisione Ateco (2 digit), classe di addetti",REF_AREA,nazionale,nazionale,1,2026-08-11
742_1111_DF_DCSI_CPI_FINANZA_33,"Richieste di valutazione della banca - RIC - Divisione Ateco (2 digit), classe di addetti",REF_AREA,nazionale,nazionale,1,2026-08-11
742_1111_DF_DCSI_CPI_FINANZA_34,"Strumenti per migliorare la posizione creditizia - STR - Divisione Ateco (2 digit), classe di addetti",REF_AREA,nazionale,nazionale,1,2026-07-27
742_1111_DF_DCSI_CPI_FINANZA_35,Quota di indebitamento - QUO - Classe di Ateco (4 digit),REF_AREA,nazionale,nazionale,1,2026-07-27
742_1111_DF_DCSI_CPI_FINANZA_36,Tipologia della banca principale - TIP - Classe di Ateco (4 digit),REF_AREA,nazionale,nazionale,1,2026-08-11
742_1111_DF_DCSI_CPI_FINANZA_37,Determinanti nella scelta della banca - DET - Classe di Ateco (4 digit),REF_AREA,nazionale,nazionale,1,2026-08-11
742_1111_DF_DCSI_CPI_FINANZA_38,Richieste di valutazione della banca - RIC - Classe di Ateco (4 digit),REF_AREA,nazionale,nazionale,1,2026-08-11
742_1111_DF_DCSI_CPI_FINANZA_39,Strumenti per migliorare la posizione creditizia - STR - Classe di Ateco (4 digit),REF_AREA,nazionale,nazionale,1,2026-08-11
742_1111_DF_DCSI_CPI_FINANZA_40,"Quota di indebitamento - QUO - Sezione Ateco, classe di addetti - reg.",REF_AREA,provincia,nazionale|ripartizione|regione|provincia,135,2026-08-11
742_1111_DF_DCSI_CPI_FINANZA_41,"Tipologia della banca principale - TIP - Sezione Ateco, classe di addetti - reg.",REF_AREA,provincia,nazionale|ripartizione|regione|provincia,135,2026-08-11
742_1111_DF_DCSI_CPI_FINANZA_42,"Determinanti nella scelta della banca - DET - Sezione Ateco, classe di addetti - reg.",REF_AREA,provincia,nazionale|ripartizione|regione|provincia,135,2026-08-11
742_1111_DF_DCSI_CPI_FINANZA_43,"Richieste di valutazione della banca - RIC - Sezione Ateco, classe di addetti - reg.",REF_AREA,provincia,nazionale|ripartizione|regione|provincia,135,2026-08-11
742_1111_DF_DCSI_CPI_FINANZA_44,"Strumenti per migliorare la posizione creditizia - STR - Sezione Ateco, classe di addetti - reg.",REF_AREA,provincia,nazionale|ripartizione|regione|provincia,135,2026-08-11
742_1111_DF_DCSI_CPI_FINANZA_5,Fonti di finanziamento - Macrosettori economici - prov. (2018-2022),REF_AREA,provincia,nazionale|ripartizione|regione|provincia,134,2026-08-11
742_1111_DF_DCSI_CPI_FINANZA_6,Utilizzo delle fonti - Macrosettori economici - prov.,REF_AREA,provincia,nazionale|ripartizione|regione|provincia,135,2026-08-11
742_1111_DF_DCSI_CPI_FINANZA_7,"Fonti di finanziamento - Divisione Ateco (2 digit), classe di addetti (2018-2022)",REF_AREA,nazionale,nazionale,1,2026-08-11
742_1111_DF_DCSI_CPI_FINANZA_8,"Utilizzo delle fonti - Divisione Ateco (2 digit), classe di addetti",REF_AREA,nazionale,nazionale,1,2026-08-11
742_1111_DF_DCSI_CPI_FINANZA_9,Fonti di finanziamento - Classe di Ateco (4 digit) (2018-2022),REF_AREA,nazionale,nazionale,1,2026-08-11
742_1115_DF_DCSI_CPI_INTERNAZ_1,"Internazionalizzazione produttiva - Divisione Ateco (2 digit), classe di addetti",REF_AREA,nazionale,nazionale,1,2026-08-11
742_1115_DF_DCSI_CPI_INTERNAZ_10,"Aree di delocalizzazione - Contratti/Accordi - Sezione Ateco, classe di addetti - reg.",REF_AREA,regione,nazionale|ripartizione|regione,28,2026-08-11
742_1115_DF_DCSI_CPI_INTERNAZ_11,"Destinazione della produzione - Contratti/Accordi - Sezione Ateco, classe di addetti - reg.",REF_AREA,regione,nazionale|ripartizione|regione,28,2026-08-11
742_1115_DF_DCSI_CPI_INTERNAZ_12,"Aree di delocalizzazione - IDE - Divisione Ateco (2 digit), classe di addetti",REF_AREA,nazionale,nazionale,1,2026-08-11
742_1115_DF_DCSI_CPI_INTERNAZ_13,"Destinazione della produzione - IDE - Divisione Ateco (2 digit), classe di addetti",REF_AREA,nazionale,nazionale,1,2026-08-11
742_1115_DF_DCSI_CPI_INTERNAZ_14,"Aree di delocalizzazione - Contratti/Accordi - Divisione Ateco (2 digit), classe di addetti",REF_AREA,nazionale,nazionale,1,2026-08-11
742_1115_DF_DCSI_CPI_INTERNAZ_15,"Destinazione della produzione - Contratti/Accordi - Divisione Ateco (2 digit), classe di addetti",REF_AREA,nazionale,nazionale,1,2026-08-11
742_1115_DF_DCSI_CPI_INTERNAZ_16,Aree di delocalizzazione - IDE - Classe di Ateco (4 digit),REF_AREA,nazionale,nazionale,1,2026-08-11
742_1115_DF_DCSI_CPI_INTERNAZ_17,Destinazione della produzione - IDE - Classe di Ateco (4 digit),REF_AREA,nazionale,nazionale,1,2026-07-27
742_1115_DF_DCSI_CPI_INTERNAZ_18,Aree di delocalizzazione - Contratti/Accordi - Classe di Ateco (4 digit),REF_AREA,nazionale,nazionale,1,2026-08-11
742_1115_DF_DCSI_CPI_INTERNAZ_19,Destinazione della produzione - Contratti/Accordi - Classe di Ateco (4 digit),REF_AREA,nazionale,nazionale,1,2026-08-11
742_1115_DF_DCSI_CPI_INTERNAZ_2,Internazionalizzazione produttiva - Macrosettori economici - prov.,REF_AREA,provincia,nazionale|ripartizione|regione|provincia,135,2026-08-11
742_1115_DF_DCSI_CPI_INTERNAZ_20,Destinazione della produzione - Contratti/Accordi - Macrosettori economici - prov.,REF_AREA,provincia,nazionale|ripartizione|regione|provincia,134,2026-08-11
742_1115_DF_DCSI_CPI_INTERNAZ_21,Tipo di impresa cui è stato fornito un servizio - Macrosettori economici - prov.,REF_AREA,provincia,nazionale|ripartizione|regione|provincia,134,2026-08-11
742_1115_DF_DCSI_CPI_INTERNAZ_22,"Tipo di impresa cui è stato fornito un servizio - Sezione Ateco, classe di addetti - reg.",REF_AREA,regione,nazionale|ripartizione|regione,28,2026-08-11
742_1115_DF_DCSI_CPI_INTERNAZ_23,"Tipo di impresa cui è stato fornito un servizio - Divisione Ateco (2 digit), classe di addetti",REF_AREA,nazionale,nazionale,1,2026-08-11
742_1115_DF_DCSI_CPI_INTERNAZ_24,Tipo di impresa cui è stato fornito un servizio - Classe di Ateco (4 digit),REF_AREA,nazionale,nazionale,1,2026-08-11
742_1115_DF_DCSI_CPI_INTERNAZ_25,Tipo di impresa cui è stato commissionato un servizio - Macrosettori economici - prov.,REF_AREA,provincia,nazionale|ripartizione|regione|provincia,134,2026-08-11
742_1115_DF_DCSI_CPI_INTERNAZ_26,"Tipo di impresa cui è stato commissionato un servizio - Sezione Ateco, classe di addetti - reg.",REF_AREA,regione,nazionale|ripartizione|regione,28,2026-08-11
742_1115_DF_DCSI_CPI_INTERNAZ_27,"Tipo di impresa cui è stato commissionato un servizio - Divisione Ateco (2 digit), classe di addetti",REF_AREA,nazionale,nazionale,1,2026-08-11
742_1115_DF_DCSI_CPI_INTERNAZ_28,Tipo di impresa cui è stato commissionato un servizio - Classe di Ateco (4 digit),REF_AREA,nazionale,nazionale,1,2026-08-11
742_1115_DF_DCSI_CPI_INTERNAZ_29,Aree di delocalizzazione dell'attività produttiva - Macrosettori economici - prov.,REF_AREA,provincia,nazionale|ripartizione|regione|provincia,134,2026-08-11
742_1115_DF_DCSI_CPI_INTERNAZ_3,"Internazionalizzazione produttiva - Sezione Ateco, classe di addetti - reg.",REF_AREA,regione,nazionale|ripartizione|regione,28,2026-08-11
742_1115_DF_DCSI_CPI_INTERNAZ_30,"Aree di delocalizzazione dell'attività produttiva - Sezione Ateco, classe di addetti - reg.",REF_AREA,regione,nazionale|ripartizione|regione,28,2026-08-11
742_1115_DF_DCSI_CPI_INTERNAZ_31,"Aree di delocalizzazione dell'attività produttiva - Divisione Ateco (2 digit), classe di addetti",REF_AREA,nazionale,nazionale,1,2026-08-11
742_1115_DF_DCSI_CPI_INTERNAZ_32,Aree di delocalizzazione dell'attività produttiva - Classe di Ateco (4 digit),REF_AREA,nazionale,nazionale,1,2026-08-11
742_1115_DF_DCSI_CPI_INTERNAZ_33,Ostacoli alla delocalizzazione - Macrosettori economici - prov.,REF_AREA,provincia,nazionale|ripartizione|regione|provincia,135,2026-08-11
742_1115_DF_DCSI_CPI_INTERNAZ_34,"Ostacoli alla delocalizzazione - Sezione Ateco, classe di addetti - reg.",REF_AREA,regione,nazionale|ripartizione|regione,28,2026-08-11
742_1115_DF_DCSI_CPI_INTERNAZ_35,"Ostacoli alla delocalizzazione - Divisione Ateco (2 digit), classe di addetti",REF_AREA,nazionale,nazionale,1,2026-08-11
742_1115_DF_DCSI_CPI_INTERNAZ_36,Ostacoli alla delocalizzazione - Classe di Ateco (4 digit),REF_AREA,nazionale,nazionale,1,2026-08-11
742_1115_DF_DCSI_CPI_INTERNAZ_4,Internazionalizzazione produttiva - Classe di Ateco (4 digit),REF_AREA,nazionale,nazionale,1,2026-08-11
742_1115_DF_DCSI_CPI_INTERNAZ_5,Aree di delocalizzazione - IDE - Macrosettori economici - prov.,REF_AREA,provincia,nazionale|ripartizione|regione|provincia,120,2026-08-11
742_1115_DF_DCSI_CPI_INTERNAZ_6,Destinazione della produzione - IDE - Macrosettori economici - prov.,REF_AREA,provincia,nazionale|ripartizione|regione|provincia,121,2026-08-11
742_1115_DF_DCSI_CPI_INTERNAZ_7,Aree di delocalizzazione - Contratti/Accordi - Macrosettori economici - prov.,REF_AREA,provincia,nazionale|ripartizione|regione|provincia,134,2026-08-11
742_1115_DF_DCSI_CPI_INTERNAZ_8,"Aree di delocalizzazione - IDE - Sezione Ateco, classe di addetti - reg.",REF_AREA,regione,nazionale|ripartizione|regione,28,2026-08-11
742_1115_DF_DCSI_CPI_INTERNAZ_9,"Destinazione della produzione - IDE - Sezione Ateco, classe di addetti - reg.",REF_AREA,regione,nazionale|ripartizione|regione,28,2026-08-11
742_1136_DF_DCSI_CPI_ENVRESSINT_1,"Azioni per sostenibilità ambientale, responsabilità sociale e sicurezza - Macrosettori economici - prov",REF_AREA,provincia,nazionale|ripartizione|regione|provincia,135,2026-07-27
742_1136_DF_DCSI_CPI_ENVRESSINT_10,"Strumenti finanziari - Sezioni Ateco, classe di addetti - reg.",REF_AREA,regione,nazionale|ripartizione|regione,28,2026-08-11
742_1136_DF_DCSI_CPI_ENVRESSINT_11,Strumenti finanziari - Classe di Ateco (4 digit),REF_AREA,nazionale,nazionale,1,2026-08-11
742_1136_DF_DCSI_CPI_ENVRESSINT_12,"Strumenti finanziari - Divisione di Ateco (2 digit), classe di addetti",REF_AREA,nazionale,nazionale,1,2026-08-11
742_1136_DF_DCSI_CPI_ENVRESSINT_13,Modalità di finanziamento - Macrosettori economici - prov,REF_AREA,provincia,nazionale|ripartizione|regione|provincia,135,2026-08-11
742_1136_DF_DCSI_CPI_ENVRESSINT_14,"Modalità di finanziamento - Sezioni Ateco, classe di addetti - reg.",REF_AREA,regione,nazionale|ripartizione|regione,28,2026-08-11
742_1136_DF_DCSI_CPI_ENVRESSINT_15,Modalità di finanziamento - Classe di Ateco (4 digit),REF_AREA,nazionale,nazionale,1,2026-08-11
742_1136_DF_DCSI_CPI_ENVRESSINT_16,"Modalità di finanziamento - Divisione di Ateco (2 digit), classe di addetti",REF_AREA,nazionale,nazionale,1,2026-08-11
742_1136_DF_DCSI_CPI_ENVRESSINT_2,"Azioni per sostenibilità ambientale, responsabilità sociale e sicurezza - Sezioni Ateco, classe di addetti - reg.",REF_AREA,regione,nazionale|ripartizione|regione,28,2026-08-11
742_1136_DF_DCSI_CPI_ENVRESSINT_3,"Azioni per sostenibilità ambientale, responsabilità sociale e sicurezza - Classe di Ateco (4 digit)",REF_AREA,nazionale,nazionale,1,2026-07-27
742_1136_DF_DCSI_CPI_ENVRESSINT_4,"Azioni per sostenibilità ambientale, responsabilità sociale e sicurezza - Divisione di Ateco (2 digit), classe di addetti",REF_AREA,nazionale,nazionale,1,2026-07-27
742_1136_DF_DCSI_CPI_ENVRESSINT_5,Motivazioni - Macrosettori economici - prov,REF_AREA,provincia,nazionale|ripartizione|regione|provincia,135,2026-08-11
742_1136_DF_DCSI_CPI_ENVRESSINT_6,"Motivazioni - Sezioni Ateco, classe di addetti - reg.",REF_AREA,regione,nazionale|ripartizione|regione,28,2026-08-11
742_1136_DF_DCSI_CPI_ENVRESSINT_7,Motivazioni - Classe di Ateco (4 digit),REF_AREA,nazionale,nazionale,1,2026-08-11
742_1136_DF_DCSI_CPI_ENVRESSINT_8,"Motivazioni - Divisione di Ateco (2 digit), classe di addetti",REF_AREA,nazionale,nazionale,1,2026-08-11
742_1136_DF_DCSI_CPI_ENVRESSINT_9,Strumenti finanziari - Macrosettori economici - prov,REF_AREA,provincia,nazionale|ripartizione|regione|provincia,135,2026-08-11
742_1137_DF_DCSI_CPI_ENVIROM_1,"Strategie per la sostenibilità ambientale - Sezioni Ateco, classe di addetti - reg.",REF_AREA,regione,nazionale|ripartizione|regione,28,2026-07-27
742_1137_DF_DCSI_CPI_ENVIROM_10,"Azioni per ridurre i consumi - Sezioni Ateco, classe di addetti - reg.",REF_AREA,regione,nazionale|ripartizione|regione,28,2026-08-11
742_1137_DF_DCSI_CPI_ENVIROM_11,Azioni per ridurre i consumi - Classe di Ateco (4 digit),REF_AREA,nazionale,nazionale,1,2026-08-11
742_1137_DF_DCSI_CPI_ENVIROM_12,"Azioni per ridurre i consumi - Divisione di Ateco (2 digit), classe di addetti",REF_AREA,nazionale,nazionale,1,2026-08-11
742_1137_DF_DCSI_CPI_ENVIROM_13,Strategie di promozione - Macrosettori economici - prov,REF_AREA,provincia,nazionale|ripartizione|regione|provincia,135,2026-07-27
742_1137_DF_DCSI_CPI_ENVIROM_14,"Strategie di promozione - Sezioni Ateco, classe di addetti - reg.",REF_AREA,regione,nazionale|ripartizione|regione,28,2026-08-11
742_1137_DF_DCSI_CPI_ENVIROM_15,Strategie di promozione - Classe di Ateco (4 digit),REF_AREA,nazionale,nazionale,1,2026-08-11
742_1137_DF_DCSI_CPI_ENVIROM_16,"Strategie di promozione - Divisione di Ateco (2 digit), classe di addetti",REF_AREA,nazionale,nazionale,1,2026-08-11
742_1137_DF_DCSI_CPI_ENVIROM_2,"Strategie per la sostenibilità ambientale - Divisione di Ateco (2 digit), classe di addetti",REF_AREA,nazionale,nazionale,1,2026-07-27
742_1137_DF_DCSI_CPI_ENVIROM_3,Strategie per la sostenibilità ambientale - Classe di Ateco (4 digit),REF_AREA,nazionale,nazionale,1,2026-07-27
742_1137_DF_DCSI_CPI_ENVIROM_4,Strategie per la sostenibilità ambientale - Macro settori economici - prov,REF_AREA,provincia,nazionale|ripartizione|regione|provincia,135,2026-07-27
742_1137_DF_DCSI_CPI_ENVIROM_5,Tipologie di investimento - Macrosettori economici - prov,REF_AREA,provincia,nazionale|ripartizione|regione|provincia,135,2026-08-11
742_1137_DF_DCSI_CPI_ENVIROM_6,"Tipologie di investimento - Sezioni Ateco, classe di addetti - reg.",REF_AREA,regione,nazionale|ripartizione|regione,28,2026-08-11
742_1137_DF_DCSI_CPI_ENVIROM_7,"Tipologie di investimento - Divisione di Ateco (2 digit), classe di addetti",REF_AREA,nazionale,nazionale,1,2026-08-11
742_1137_DF_DCSI_CPI_ENVIROM_8,Tipologie di investimento - Classe di Ateco (4 digit),REF_AREA,nazionale,nazionale,1,2026-08-11
742_1137_DF_DCSI_CPI_ENVIROM_9,Azioni per ridurre i consumi - Macrosettori economici - prov,REF_AREA,provincia,nazionale|ripartizione|regione|provincia,135,2026-08-11
742_1138_DF_DCSI_CPI_LABCOLL_1,Strategie per il benessere lavorativo e di interesse collettivo - Macrosettori economici - prov.,REF_AREA,provincia,nazionale|ripartizione|regione|provincia,135,2026-08-11
742_1138_DF_DCSI_CPI_LABCOLL_10,"Azioni intraprese a sostegno della genitorialità - Sezioni Ateco, classe di addetti - reg.",REF_AREA,regione,nazionale|ripartizione|regione,28,2026-08-11
742_1138_DF_DCSI_CPI_LABCOLL_11,Azioni intraprese a sostegno della genitorialità - Classe di Ateco (4 digit),REF_AREA,nazionale,nazionale,1,2026-08-11
742_1138_DF_DCSI_CPI_LABCOLL_12,"Azioni intraprese a sostegno della genitorialità - Divisione di Ateco (2 digit), classe di addetti",REF_AREA,nazionale,nazionale,1,2026-08-11
742_1138_DF_DCSI_CPI_LABCOLL_13,Azioni da intraprendere a sostegno della genitorialità - Macrosettori economici - prov.,REF_AREA,provincia,nazionale|ripartizione|regione|provincia,135,2026-08-11
742_1138_DF_DCSI_CPI_LABCOLL_14,"Azioni da intraprendere a sostegno della genitorialità - Sezioni Ateco, classe di addetti - reg.",REF_AREA,regione,nazionale|ripartizione|regione,28,2026-08-11
742_1138_DF_DCSI_CPI_LABCOLL_15,"Azioni da intraprendere a sostegno della genitorialità - Divisione di Ateco (2 digit), classe di addetti",REF_AREA,nazionale,nazionale,1,2026-08-11
742_1138_DF_DCSI_CPI_LABCOLL_16,Azioni da intraprendere a sostegno della genitorialità - Classe di Ateco (4 digit),REF_AREA,nazionale,nazionale,1,2026-08-11
742_1138_DF_DCSI_CPI_LABCOLL_17,Iniziative di interesse collettivo - Macrosettori economici - prov.,REF_AREA,provincia,nazionale|ripartizione|regione|provincia,135,2026-08-11
742_1138_DF_DCSI_CPI_LABCOLL_18,"Iniziative di interesse collettivo - Sezioni Ateco, classe di addetti - reg.",REF_AREA,regione,nazionale|ripartizione|regione,28,2026-08-11
742_1138_DF_DCSI_CPI_LABCOLL_19,Iniziative di interesse collettivo - Classe di Ateco (4 digit),REF_AREA,nazionale,nazionale,1,2026-08-11
742_1138_DF_DCSI_CPI_LABCOLL_2,"Strategie per il benessere lavorativo e di interesse collettivo - Sezioni Ateco, classe di addetti - reg.",REF_AREA,regione,nazionale|ripartizione|regione,28,2026-08-11
742_1138_DF_DCSI_CPI_LABCOLL_20,"Iniziative di interesse collettivo - Divisione di Ateco (2 digit), classe di addetti",REF_AREA,nazionale,nazionale,1,2026-08-11
742_1138_DF_DCSI_CPI_LABCOLL_3,"Strategie per il benessere lavorativo e di interesse collettivo - Divisione di Ateco (2 digit), classe di addetti",REF_AREA,nazionale,nazionale,1,2026-08-11
742_1138_DF_DCSI_CPI_LABCOLL_4,Strategie per il benessere lavorativo e di interesse collettivo - Classe di Ateco (4 digit),REF_AREA,nazionale,nazionale,1,2026-08-11
742_1138_DF_DCSI_CPI_LABCOLL_5,Benessere lavorativo - Macrosettori economici - prov.,REF_AREA,provincia,nazionale|ripartizione|regione|provincia,135,2026-08-11
742_1138_DF_DCSI_CPI_LABCOLL_6,"Benessere lavorativo - Sezioni Ateco, classe di addetti - reg.",REF_AREA,regione,nazionale|ripartizione|regione,28,2026-08-11
742_1138_DF_DCSI_CPI_LABCOLL_7,Benessere lavorativo - Classe di Ateco (4 digit),REF_AREA,nazionale,nazionale,1,2026-08-11
742_1138_DF_DCSI_CPI_LABCOLL_8,"Benessere lavorativo - Divisione di Ateco (2 digit), classe di addetti",REF_AREA,nazionale,nazionale,1,2026-08-11
742_1138_DF_DCSI_CPI_LABCOLL_9,Azioni intraprese a sostegno della genitorialità - Macrosettori economici - prov.,REF_AREA,provincia,nazionale|ripartizione|regione|provincia,135,2026-08-11
742_1139_DF_DCSI_CPI_LOCSEC_1,Strategie a beneficio del territorio e per la sicurezza - Macrosettori economici - prov.,REF_AREA,provincia,nazionale|ripartizione|regione|provincia,135,2026-07-27
742_1139_DF_DCSI_CPI_LOCSEC_10,"Fattori di successo delle iniziative - Sezioni Ateco, classe di addetti - reg.",REF_AREA,regione,nazionale|ripartizione|regione,28,2026-08-11
742_1139_DF_DCSI_CPI_LOCSEC_11,"Fattori di successo delle iniziative - Divisione di Ateco (2 digit), classe di addetti",REF_AREA,nazionale,nazionale,1,2026-08-11
742_1139_DF_DCSI_CPI_LOCSEC_12,Fattori di successo delle iniziative - Classe di Ateco (4 digit),REF_AREA,provincia,nazionale|ripartizione|regione|provincia,135,2026-08-11
742_1139_DF_DCSI_CPI_LOCSEC_13,Aspetti connessi alla sicurezza - Macrosettori economici - prov.,REF_AREA,provincia,nazionale|ripartizione|regione|provincia,135,2026-08-11
742_1139_DF_DCSI_CPI_LOCSEC_14,"Aspetti connessi alla sicurezza - Sezioni Ateco, classe di addetti - reg.",REF_AREA,regione,nazionale|ripartizione|regione,28,2026-08-11
742_1139_DF_DCSI_CPI_LOCSEC_15,"Aspetti connessi alla sicurezza - Divisione di Ateco (2 digit), classe di addetti",REF_AREA,nazionale,nazionale,1,2026-08-11
742_1139_DF_DCSI_CPI_LOCSEC_16,Aspetti connessi alla sicurezza - Classe di Ateco (4 digit),REF_AREA,provincia,nazionale|ripartizione|regione|provincia,135,2026-08-11
742_1139_DF_DCSI_CPI_LOCSEC_17,Motivi di rilevanza della sicurezza - Macrosettori economici - prov.,REF_AREA,provincia,nazionale|ripartizione|regione|provincia,135,2026-08-11
742_1139_DF_DCSI_CPI_LOCSEC_18,"Motivi di rilevanza della sicurezza - Sezioni Ateco, classe di addetti - reg.",REF_AREA,regione,nazionale|ripartizione|regione,28,2026-08-11
742_1139_DF_DCSI_CPI_LOCSEC_19,"Motivi di rilevanza della sicurezza - Divisione di Ateco (2 digit), classe di addetti",REF_AREA,nazionale,nazionale,1,2026-08-11
742_1139_DF_DCSI_CPI_LOCSEC_2,"Strategie a beneficio del territorio e per la sicurezza - Sezioni Ateco, classe di addetti - reg.",REF_AREA,regione,nazionale|ripartizione|regione,28,2026-08-11
742_1139_DF_DCSI_CPI_LOCSEC_20,Motivi di rilevanza della sicurezza - Classe di Ateco (4 digit),REF_AREA,provincia,nazionale|ripartizione|regione|provincia,135,2026-08-11
742_1139_DF_DCSI_CPI_LOCSEC_21,Azioni per garantire la sicurezza - Macrosettori economici - prov.,REF_AREA,provincia,nazionale|ripartizione|regione|provincia,135,2026-08-11
742_1139_DF_DCSI_CPI_LOCSEC_22,"Azioni per garantire la sicurezza - Sezioni Ateco, classe di addetti - reg.",REF_AREA,regione,nazionale|ripartizione|regione,28,2026-08-11
742_1139_DF_DCSI_CPI_LOCSEC_23,"Azioni per garantire la sicurezza - Divisione di Ateco (2 digit), classe di addetti",REF_AREA,nazionale,nazionale,1,2026-08-11
742_1139_DF_DCSI_CPI_LOCSEC_24,Azioni per garantire la sicurezza - Classe di Ateco (4 digit),REF_AREA,provincia,nazionale|ripartizione|regione|provincia,135,2026-08-11
742_1139_DF_DCSI_CPI_LOCSEC_3,"Strategie a beneficio del territorio e per la sicurezza - Divisione di Ateco (2 digit), classe di addetti",REF_AREA,nazionale,nazionale,1,2026-08-11
742_1139_DF_DCSI_CPI_LOCSEC_4,Strategie a beneficio del territorio e per la sicurezza - Classe di Ateco (4 digit),REF_AREA,provincia,nazionale|ripartizione|regione|provincia,135,2026-08-11
742_1139_DF_DCSI_CPI_LOCSEC_5,Iniziative per rafforzare le conoscenze - Macrosettori economici - prov.,REF_AREA,provincia,nazionale|ripartizione|regione|provincia,135,2026-08-11
742_1139_DF_DCSI_CPI_LOCSEC_6,"Iniziative per rafforzare le conoscenze - Sezioni Ateco, classe di addetti - reg.",REF_AREA,regione,nazionale|ripartizione|regione,28,2026-08-11
742_1139_DF_DCSI_CPI_LOCSEC_7,"Iniziative per rafforzare le conoscenze - Divisione di Ateco (2 digit), classe di addetti",REF_AREA,nazionale,nazionale,1,2026-08-11
742_1139_DF_DCSI_CPI_LOCSEC_8,Iniziative per rafforzare le conoscenze - Classe di Ateco (4 digit),REF_AREA,provincia,nazionale|ripartizione|regione|provincia,135,2026-08-11
742_1139_DF_DCSI_CPI_LOCSEC_9,Fattori di successo delle iniziative - Macrosettori economici - prov.,REF_AREA,provincia,nazionale|ripartizione|regione|provincia,135,2026-08-11
742_1142_DF_CPI_INNOVDIG_1,Innovazione e piattaforme digitali - Macrosettori economici - prov (2018 - 2022),REF_AREA,provincia,nazionale|ripartizione|regione|provincia,134,2026-07-28
742_1142_DF_CPI_INNOVDIG_10,"Piattaforme digitali - Sezioni Ateco, classe di addetti - reg. (2018 - 2022)",REF_AREA,regione,nazionale|ripartizione|regione,28,2026-08-11
742_1142_DF_CPI_INNOVDIG_11,"Piattaforme digitali - Divisione di Ateco (2 digit), classe di addetti (2018 - 2022)",REF_AREA,nazionale,nazionale,1,2026-07-28
742_1142_DF_CPI_INNOVDIG_12,Piattaforme digitali - Classe di Ateco (4 digit) (2018 - 2022),REF_AREA,nazionale,nazionale,1,2026-08-11
742_1142_DF_CPI_INNOVDIG_13,Conseguenze dell'utilizzo di piattaforme digitali - Macrosettori economici - prov,REF_AREA,provincia,nazionale|ripartizione|regione|provincia,135,2026-07-28
742_1142_DF_CPI_INNOVDIG_14,"Conseguenze dell'utilizzo di piattaforme digitali - Sezioni Ateco, classe di addetti - reg.",REF_AREA,regione,nazionale|ripartizione|regione,28,2026-07-28
742_1142_DF_CPI_INNOVDIG_15,"Conseguenze dell'utilizzo di piattaforme digitali - Divisione di Ateco (2 digit), classe di addetti",REF_AREA,nazionale,nazionale,1,2026-07-28
742_1142_DF_CPI_INNOVDIG_16,Conseguenze dell'utilizzo di piattaforme digitali - Classe di Ateco (4 digit),REF_AREA,nazionale,nazionale,1,2026-08-11
742_1142_DF_CPI_INNOVDIG_2,"Innovazione e piattaforme digitali - Sezioni Ateco, classe di addetti - reg. (2018 - 2022)",REF_AREA,regione,nazionale|ripartizione|regione,27,2026-08-11
742_1142_DF_CPI_INNOVDIG_3,"Innovazione e piattaforme digitali - Divisione di Ateco (2 digit), classe di addetti (2018 - 2022)",REF_AREA,nazionale,nazionale,1,2026-07-28
742_1142_DF_CPI_INNOVDIG_4,Innovazione e piattaforme digitali - Classe di Ateco (4 digit) (2018 - 2022),REF_AREA,provincia,nazionale|ripartizione|regione|provincia,134,2026-08-11
742_1142_DF_CPI_INNOVDIG_5,Progetti di innovazione - Macrosettori economici - prov. (2018 - 2022),REF_AREA,provincia,nazionale|ripartizione|regione|provincia,135,2026-08-12
742_1142_DF_CPI_INNOVDIG_6,"Progetti di innovazione - Sezioni Ateco, classe di addetti - reg. (2018 - 2022)",REF_AREA,regione,nazionale|ripartizione|regione,28,2026-08-12
742_1142_DF_CPI_INNOVDIG_7,"Progetti di innovazione - Divisione di Ateco (2 digit), classe di addetti (2018 - 2022)",REF_AREA,nazionale,nazionale,1,2026-08-12
742_1142_DF_CPI_INNOVDIG_8,Progetti di innovazione - Classe di Ateco (4 digit) (2018 - 2022),REF_AREA,nazionale,nazionale,1,2026-08-12
742_1142_DF_CPI_INNOVDIG_9,Piattaforme digitali - Macrosettori economici - prov (2018 - 2022),REF_AREA,provincia,nazionale|ripartizione|regione|provincia,135,2026-07-28
742_1145_DF_CPI_CLOUDINV_1,"Software gestionali, cloud, investimenti digitali - Macrosettori economici - prov. (2018 - 2022)",REF_AREA,provincia,nazionale|ripartizione|regione|provincia,135,2026-08-12
742_1145_DF_CPI_CLOUDINV_10,"Servizi cloud - Sezioni Ateco, classe di addetti - reg. (2018 - 2022)",REF_AREA,regione,nazionale|ripartizione|regione,28,2026-08-12
742_1145_DF_CPI_CLOUDINV_11,"Servizi cloud - Divisione di Ateco (2 digit), classe di addetti (2018 - 2022)",REF_AREA,nazionale,nazionale,1,2026-08-12
742_1145_DF_CPI_CLOUDINV_12,Servizi cloud - Classe di Ateco (4 digit) (2018 - 2022),REF_AREA,nazionale,nazionale,1,2026-08-12
742_1145_DF_CPI_CLOUDINV_13,Investimenti effettuati - Macrosettori economici - prov. (2018 - 2022),REF_AREA,provincia,nazionale|ripartizione|regione|provincia,135,2026-08-12
742_1145_DF_CPI_CLOUDINV_14,"Investimenti effettuati - Sezioni Ateco, classe di addetti - reg. (2018 - 2022)",REF_AREA,regione,nazionale|ripartizione|regione,28,2026-08-12
742_1145_DF_CPI_CLOUDINV_15,"Investimenti effettuati - Divisione di Ateco (2 digit), classe di addetti (2018 - 2022)",REF_AREA,nazionale,nazionale,1,2026-08-12
742_1145_DF_CPI_CLOUDINV_16,Investimenti effettuati - Classe di Ateco (4 digit) (2018 - 2022),REF_AREA,nazionale,nazionale,1,2026-08-12
742_1145_DF_CPI_CLOUDINV_17,Investimenti previsti - Macrosettori economici - prov (2018 - 2022),REF_AREA,provincia,nazionale|ripartizione|regione|provincia,135,2026-08-12
742_1145_DF_CPI_CLOUDINV_18,"Investimenti previsti - Sezioni Ateco, classe di addetti - reg. (2018 - 2022)",REF_AREA,regione,nazionale|ripartizione|regione,28,2026-08-12
742_1145_DF_CPI_CLOUDINV_19,"Investimenti previsti - Divisione di Ateco (2 digit), classe di addetti (2018 - 2022)",REF_AREA,nazionale,nazionale,1,2026-08-12
742_1145_DF_CPI_CLOUDINV_2,"Software gestionali, cloud, investimenti digitali - Sezioni Ateco, classe di addetti - reg. (2018 - 2022)",REF_AREA,regione,nazionale|ripartizione|regione,28,2026-08-12
742_1145_DF_CPI_CLOUDINV_20,Investimenti previsti - Classe di Ateco (4 digit) (2018 - 2022),REF_AREA,nazionale,nazionale,1,2026-08-12
742_1145_DF_CPI_CLOUDINV_21,Conseguenze dei processi di digitalizzazione - Macrosettori economici - prov,REF_AREA,provincia,nazionale|ripartizione|regione|provincia,135,2026-07-28
742_1145_DF_CPI_CLOUDINV_22,"Conseguenze dei processi di digitalizzazione - Sezioni Ateco, classe di addetti - reg.",REF_AREA,regione,nazionale|ripartizione|regione,28,2026-07-28
742_1145_DF_CPI_CLOUDINV_23,"Conseguenze dei processi di digitalizzazione - Divisione di Ateco (2 digit), classe di addetti",REF_AREA,nazionale,nazionale,1,2026-08-12
742_1145_DF_CPI_CLOUDINV_24,Conseguenze dei processi di digitalizzazione - Classe di Ateco (4 digit),REF_AREA,nazionale,nazionale,1,2026-07-28
742_1145_DF_CPI_CLOUDINV_3,"Software gestionali, cloud, investimenti digitali - Divisione di Ateco (2 digit), classe di addetti (2018-2022)",REF_AREA,nazionale,nazionale,1,2026-08-12
742_1145_DF_CPI_CLOUDINV_4,"Software gestionali, cloud, investimenti digitali - Classe di Ateco (4 digit) (2018 - 2022)",REF_AREA,nazionale,nazionale,1,2026-08-12
742_1145_DF_CPI_CLOUDINV_5,Software per la gestione aziendale - Macrosettori economici - prov. (2018 - 2022),REF_AREA,provincia,nazionale|ripartizione|regione|provincia,135,2026-08-12
742_1145_DF_CPI_CLOUDINV_6,"Software per la gestione aziendale - Sezioni Ateco, classe di addetti - reg. (2018 - 2022)",REF_AREA,regione,nazionale|ripartizione|regione,28,2026-08-12
742_1145_DF_CPI_CLOUDINV_7,"Software per la gestione aziendale - Divisione di Ateco (2 digit), classe di addetti (2018 - 2022)",REF_AREA,provincia,nazionale|ripartizione|regione|provincia,135,2026-08-12
742_1145_DF_CPI_CLOUDINV_8,Software per la gestione aziendale - Classe di Ateco (4 digit) (2018 - 2022),REF_AREA,nazionale,nazionale,1,2026-08-12
742_1145_DF_CPI_CLOUDINV_9,Servizi cloud - Macrosettori economici - prov. (2018 - 2022),REF_AREA,provincia,nazionale|ripartizione|regione|provincia,135,2026-08-12
742_1146_DF_CPI_TRAINDIG_1,Formazione e competenze digitali - Macrosettori economici - prov,REF_AREA,provincia,nazionale|ripartizione|regione|provincia,135,2026-08-12
742_1146_DF_CPI_TRAINDIG_10,"Competenze digitali possedute - COMPP - Sezioni Ateco, classe di addetti - reg.",REF_AREA,provincia,nazionale|ripartizione|regione|provincia,135,2026-08-12
742_1146_DF_CPI_TRAINDIG_11,"Competenze digitali possedute - COMPP - Divisione di Ateco (2 digit), classe di addetti",REF_AREA,nazionale,nazionale,1,2026-08-12
742_1146_DF_CPI_TRAINDIG_12,Competenze digitali possedute - COMPP - Classe di Ateco (4 digit),REF_AREA,nazionale,nazionale,1,2026-08-12
742_1146_DF_CPI_TRAINDIG_13,Competenze digitali rilevanti - COMPR - Macrosettori economici - prov,REF_AREA,provincia,nazionale|ripartizione|regione|provincia,135,2026-08-12
742_1146_DF_CPI_TRAINDIG_14,"Competenze digitali rilevanti - COMPR - Sezioni Ateco, classe di addetti - reg.",REF_AREA,provincia,nazionale|ripartizione|regione|provincia,135,2026-08-12
742_1146_DF_CPI_TRAINDIG_15,"Competenze digitali rilevanti - COMPR - Divisione di Ateco (2 digit), classe di addetti",REF_AREA,nazionale,nazionale,1,2026-08-12
742_1146_DF_CPI_TRAINDIG_16,Competenze digitali rilevanti - COMPR - Classe di Ateco (4 digit),REF_AREA,nazionale,nazionale,1,2026-08-12
742_1146_DF_CPI_TRAINDIG_17,Mansioni professionali rilevanti - MANS - Macrosettori economici - prov,REF_AREA,provincia,nazionale|ripartizione|regione|provincia,135,2026-08-12
742_1146_DF_CPI_TRAINDIG_18,"Mansioni professionali rilevanti - MANS - Sezioni Ateco, classe di addetti - reg.",REF_AREA,provincia,nazionale|ripartizione|regione|provincia,135,2026-08-12
742_1146_DF_CPI_TRAINDIG_19,"Mansioni professionali rilevanti - MANS - Divisione di Ateco (2 digit), classe di addetti",REF_AREA,nazionale,nazionale,1,2026-08-12
742_1146_DF_CPI_TRAINDIG_2,"Formazione e competenze digitali - Sezioni Ateco, classe di addetti - reg.",REF_AREA,provincia,nazionale|ripartizione|regione|provincia,135,2026-08-12
742_1146_DF_CPI_TRAINDIG_20,Mansioni professionali rilevanti - MANS - Classe di Ateco (4 digit),REF_AREA,nazionale,nazionale,1,2026-08-12
742_1146_DF_CPI_TRAINDIG_21,Azioni per affrontare le conseguenze - AZI - Macrosettori economici - prov,REF_AREA,provincia,nazionale|ripartizione|regione|provincia,135,2026-08-12
742_1146_DF_CPI_TRAINDIG_22,"Azioni per affrontare le conseguenze - AZI - Sezioni Ateco, classe di addetti - reg.",REF_AREA,provincia,nazionale|ripartizione|regione|provincia,135,2026-08-12
742_1146_DF_CPI_TRAINDIG_23,"Azioni per affrontare le conseguenze - AZI - Divisione di Ateco (2 digit), classe di addetti",REF_AREA,nazionale,nazionale,1,2026-08-12
742_1146_DF_CPI_TRAINDIG_24,Azioni per affrontare le conseguenze - AZI - Classe di Ateco (4 digit),REF_AREA,nazionale,nazionale,1,2026-08-12
742_1146_DF_CPI_TRAINDIG_3,"Formazione e competenze digitali - Divisione di Ateco (2 digit), classe di addetti",REF_AREA,nazionale,nazionale,1,2026-08-12
742_1146_DF_CPI_TRAINDIG_4,Formazione e competenze digitali - Classe di Ateco (4 digit),REF_AREA,nazionale,nazionale,1,2026-08-12
742_1146_DF_CPI_TRAINDIG_5,Attività di formazione - FORM - Macrosettori economici - prov,REF_AREA,provincia,nazionale|ripartizione|regione|provincia,135,2026-08-12
742_1146_DF_CPI_TRAINDIG_6,"Attività di formazione - FORM - Sezioni Ateco, classe di addetti - reg.",REF_AREA,provincia,nazionale|ripartizione|regione|provincia,135,2026-08-12
742_1146_DF_CPI_TRAINDIG_7,"Attività di formazione - FORM - Divisione di Ateco (2 digit), classe di addetti",REF_AREA,nazionale,nazionale,1,2026-08-12
742_1146_DF_CPI_TRAINDIG_8,Attività di formazione - FORM - Classe di Ateco (4 digit),REF_AREA,nazionale,nazionale,1,2026-08-12
742_1146_DF_CPI_TRAINDIG_9,Competenze digitali possedute - COMPP - Macrosettori economici - prov,REF_AREA,provincia,nazionale|ripartizione|regione|provincia,135,2026-08-12
74_171,Procedimenti di giustizia amministrativa,REF_AREA,provincia,nazionale|ripartizione|regione|provincia,30,2026-07-28
74_171_DF_DCAR_PROC_AMM_1,Procedimenti,REF_AREA,provincia,nazionale|ripartizione|regione|provincia,30,2026-07-28
74_171_DF_DCAR_PROC_AMM_2,Consiglio di stato,REF_AREA,regione,nazionale|ripartizione|regione,28,2026-07-28
74_171_DF_DCAR_PROC_AMM_3,Consiglio di giustizia amministrativa per la Regione siciliana,REF_AREA,regione,nazionale|ripartizione|regione,3,2026-07-28
74_171_DF_DCAR_PROC_AMM_4,Serie interrotte,REF_AREA,regione,nazionale|ripartizione|regione,28,2026-07-28
74_172,Decisioni di giustizia amministrativa,REF_AREA,provincia,nazionale|ripartizione|regione|provincia,30,2026-07-28
74_172_DF_DCAR_DEC_AMM_1,Decisioni,REF_AREA,provincia,nazionale|ripartizione|regione|provincia,30,2026-07-28
74_172_DF_DCAR_DEC_AMM_2,Consiglio di stato - serie interrotte,REF_AREA,regione,nazionale|ripartizione|regione,28,2026-07-28
750_1117,"Conti della branca agricoltura, silvicoltura e pesca - versione 2014",REF_AREA,regione,nazionale|ripartizione|regione,28,2026-08-12
750_1117_DF_DCCN_VAAGSIPET_B14_1,Produzione e valore aggiunto ai prezzi base - edizioni giugno 2015 - maggio 2019,REF_AREA,regione,nazionale|ripartizione|regione,28,2026-07-28
750_1117_DF_DCCN_VAAGSIPET_B14_2,Prodotti e voci di costo - edizioni giugno 2015 - maggio 2019,REF_AREA,regione,nazionale|ripartizione|regione,28,2026-08-12
750_1118,"Conti della branca agricoltura, silvicoltura e pesca - versione 2011",REF_AREA,regione,nazionale|ripartizione|regione,28,2026-08-12
760_1140,Sistema dei conti della sanità - versione 2014,REF_AREA,nazionale,nazionale,1,2026-07-28
760_1140_DF_DCCN_SHA_B14_1,Spesa sanitaria per tipo di funzione di assistenza sanitaria e finanziamento - edizioni giugno 2018 e giugno 2019,REF_AREA,nazionale,nazionale,1,2026-07-28
760_1140_DF_DCCN_SHA_B14_2,Spesa sanitaria per tipo di funzione di assistenza sanitaria e soggetto erogatore - edizioni giugno 2018 e giugno 2019,REF_AREA,nazionale,nazionale,1,2026-07-28
760_1140_DF_DCCN_SHA_B14_3,Spesa sanitaria per soggetto erogatore e tipo di finanziamento - edizioni giugno 2018 e giugno 2019,REF_AREA,nazionale,nazionale,1,2026-07-28
77_47,Atti notarili,REF_AREA,nazionale,nazionale,1,2026-07-28
77_47_DF_DCAR_ATT_NOTAR_1,Atti notarili,REF_AREA,nazionale,nazionale,1,2026-07-28
77_68,Convenzioni contenute negli atti notarili,REF_AREA,nazionale,nazionale,1,2026-07-28
77_68_DF_DCAR_CONV_ATT_NOT_1,Convenzioni contenute negli atti notarili,REF_AREA,nazionale,nazionale,1,2026-07-28
78_1112,Donne che hanno subito violenza - caratteristiche demografiche e abitudini,REF_AREA,regione,nazionale|ripartizione|regione,28,2026-07-28
78_1112_DF_DCCV_VIOL_CARAT_1,Tipo di autore e regione,REF_AREA,regione,nazionale|ripartizione|regione,28,2026-07-28
78_1112_DF_DCCV_VIOL_CARAT_10,"Tipo di autore, titolo di studio della donna",REF_AREA,nazionale,nazionale,1,2026-07-28
78_1112_DF_DCCV_VIOL_CARAT_11,"Tipo di autore, condizione professionale della donna",REF_AREA,nazionale,nazionale,1,2026-07-28
78_1112_DF_DCCV_VIOL_CARAT_2,Dettaglio tipo di violenza e tipo di autore,REF_AREA,nazionale,nazionale,1,2026-07-28
78_1112_DF_DCCV_VIOL_CARAT_3,"Cittadinanza, età",REF_AREA,nazionale,nazionale,1,2026-07-28
78_1112_DF_DCCV_VIOL_CARAT_4,"Cittadinanza, condizione professionale",REF_AREA,nazionale,nazionale,1,2026-07-28
78_1112_DF_DCCV_VIOL_CARAT_5,"Cittadinanza, titolo di studio",REF_AREA,nazionale,nazionale,1,2026-07-28
78_1112_DF_DCCV_VIOL_CARAT_6,"Cittadinanza, stato civile",REF_AREA,nazionale,nazionale,1,2026-07-28
78_1112_DF_DCCV_VIOL_CARAT_7,"Cittadinanza, presenza di limitazioni nelle attività quotidiane",REF_AREA,nazionale,nazionale,1,2026-07-28
78_1112_DF_DCCV_VIOL_CARAT_8,"Tipo di autore, età della donna",REF_AREA,nazionale,nazionale,1,2026-07-28
78_1112_DF_DCCV_VIOL_CARAT_9,"Tipo di autore, stato civile della donna",REF_AREA,nazionale,nazionale,1,2026-07-28
78_1121,Vittime che si rivolgono al 1522 (numero antiviolenza e stalking),REF_AREA,regione,nazionale|ripartizione|regione,29,2026-08-12
78_1121_DF_DCCV_1522_VITTIME_1,"Vittime – sesso, classi età, regione",REF_AREA,regione,nazionale|ripartizione|regione,29,2026-07-28
78_1121_DF_DCCV_1522_VITTIME_10,"Vittime - sesso, motivo contatto, regione",REF_AREA,regione,nazionale|ripartizione|regione,29,2026-07-28
78_1121_DF_DCCV_1522_VITTIME_11,"Vittime - sesso, presenza figli",REF_AREA,nazionale,nazionale,1,2026-07-28
78_1121_DF_DCCV_1522_VITTIME_12,"Vittime con figli -sesso, violenza assistita/subita figli",REF_AREA,nazionale,nazionale,1,2026-07-28
78_1121_DF_DCCV_1522_VITTIME_13,"Vittime con figli che assistono - sesso, violenza assistita figli, reazioni figli",REF_AREA,nazionale,nazionale,1,2026-07-28
78_1121_DF_DCCV_1522_VITTIME_14,"Vittime - sesso, tipo violenza, stato d’animo della vittima",REF_AREA,nazionale,nazionale,1,2026-07-28
78_1121_DF_DCCV_1522_VITTIME_2,"Vittime – sesso, classi età, cittadinanza",REF_AREA,nazionale,nazionale,1,2026-07-28
78_1121_DF_DCCV_1522_VITTIME_3,"Vittime – sesso, titolo di studio, denuncia e motivo del ritiro",REF_AREA,nazionale,nazionale,1,2026-07-28
78_1121_DF_DCCV_1522_VITTIME_4,"Vittime – sesso, stato civile, tipo violenza",REF_AREA,nazionale,nazionale,1,2026-07-28
78_1121_DF_DCCV_1522_VITTIME_5,"Vittime – sesso, stato civile, regione",REF_AREA,regione,nazionale|ripartizione|regione,29,2026-07-28
78_1121_DF_DCCV_1522_VITTIME_6,"Vittime - sesso, stato occupazionale, denuncia/non denuncia",REF_AREA,nazionale,nazionale,1,2026-07-28
78_1121_DF_DCCV_1522_VITTIME_7,"Vittime - sesso, denuncia/non denuncia, regione",REF_AREA,regione,nazionale|ripartizione|regione,29,2026-07-28
78_1121_DF_DCCV_1522_VITTIME_8,"Vittime - sesso, tipo violenza, regione",REF_AREA,regione,nazionale|ripartizione|regione,29,2026-07-28
78_1121_DF_DCCV_1522_VITTIME_9,"Vittime - sesso, tipo violenza, stato occupazionale",REF_AREA,nazionale,nazionale,1,2026-07-28
78_1161,Opinioni su ruoli di genere e su violenza contro le donne – adulti,REF_AREA,regione,nazionale|ripartizione|regione,28,2026-07-28
78_1161_DF_DCCV_RUOLIGEN_1,Accordo o accettabilità di almeno uno stereotipo - età,REF_AREA,nazionale,nazionale,1,2026-07-28
78_1161_DF_DCCV_RUOLIGEN_10,Accettabilità violenza nella coppia - età,REF_AREA,nazionale,nazionale,1,2026-07-28
78_1161_DF_DCCV_RUOLIGEN_11,Accettabilità violenza nella coppia - titolo di studio,REF_AREA,nazionale,nazionale,1,2026-07-28
78_1161_DF_DCCV_RUOLIGEN_12,Accettabilità violenza nella coppia - reg.,REF_AREA,regione,nazionale|ripartizione|regione,28,2026-07-28
78_1161_DF_DCCV_RUOLIGEN_13,Percezione diffusione violenza nella coppia - età,REF_AREA,nazionale,nazionale,1,2026-07-28
78_1161_DF_DCCV_RUOLIGEN_14,Percezione diffusione violenza nella coppia - titolo di studio,REF_AREA,nazionale,nazionale,1,2026-07-28
78_1161_DF_DCCV_RUOLIGEN_15,Percezione diffusione violenza nella coppia - reg.,REF_AREA,regione,nazionale|ripartizione|regione,28,2026-07-28
78_1161_DF_DCCV_RUOLIGEN_16,Indicazione di alcune cause della violenza nella coppia - età,REF_AREA,nazionale,nazionale,1,2026-07-28
78_1161_DF_DCCV_RUOLIGEN_17,Indicazione di alcune cause della violenza nella coppia - titolo di studio,REF_AREA,nazionale,nazionale,1,2026-07-28
78_1161_DF_DCCV_RUOLIGEN_18,Indicazione di alcune cause della violenza nella coppia - reg.,REF_AREA,regione,nazionale|ripartizione|regione,28,2026-07-28
78_1161_DF_DCCV_RUOLIGEN_19,Cosa si consiglierebbe a una donna che ha subito violenza dal compagno - età,REF_AREA,nazionale,nazionale,1,2026-07-28
78_1161_DF_DCCV_RUOLIGEN_2,Accordo o accettabilità di almeno uno stereotipo - titolo di studio,REF_AREA,nazionale,nazionale,1,2026-07-28
78_1161_DF_DCCV_RUOLIGEN_20,Cosa si consiglierebbe a una donna che ha subito violenza dal compagno - titolo di studio,REF_AREA,nazionale,nazionale,1,2026-07-28
78_1161_DF_DCCV_RUOLIGEN_21,Cosa si consiglierebbe a una donna che ha subito violenza dal compagno - reg.,REF_AREA,regione,nazionale|ripartizione|regione,28,2026-07-28
78_1161_DF_DCCV_RUOLIGEN_3,Accordo o accettabilità di almeno uno stereotipo - reg.,REF_AREA,regione,nazionale|ripartizione|regione,28,2026-07-28
78_1161_DF_DCCV_RUOLIGEN_4,Opinioni su ruoli tradizionali - età,REF_AREA,nazionale,nazionale,1,2026-07-28
78_1161_DF_DCCV_RUOLIGEN_5,Opinioni su ruoli tradizionali - titolo di studio,REF_AREA,nazionale,nazionale,1,2026-07-28
78_1161_DF_DCCV_RUOLIGEN_6,Opinioni su ruoli tradizionali - reg.,REF_AREA,regione,nazionale|ripartizione|regione,28,2026-07-28
78_1161_DF_DCCV_RUOLIGEN_7,Opinioni su violenza sessuale - età,REF_AREA,regione,nazionale|ripartizione|regione,28,2026-07-28
78_1161_DF_DCCV_RUOLIGEN_8,Opinioni su violenza sessuale - titolo di studio,REF_AREA,nazionale,nazionale,1,2026-07-28
78_1161_DF_DCCV_RUOLIGEN_9,Opinioni su violenza sessuale - reg.,REF_AREA,regione,nazionale|ripartizione|regione,28,2026-07-28
78_1205,Utenti del 1522 ( numero antiviolenza e stalking ),REF_AREA,regione,nazionale|ripartizione|regione,27,2026-07-28
78_1205_DF_DCCV_1522UTENTI4_1,"Motivi della chiamata, sesso, nazionalità, regione (chiamate valide)",REF_AREA,regione,nazionale|ripartizione|regione,27,2026-07-28
78_1205_DF_DCCV_1522UTENTI4_10,Modalità di conoscenza del 1522 (%) - chiamate valide,REF_AREA,nazionale,nazionale,1,2026-07-28
78_1205_DF_DCCV_1522UTENTI4_11,"Caratteristiche della violenza - sesso, nazionalità , regione (chiamate valide)",REF_AREA,regione,nazionale|ripartizione|regione,27,2026-07-28
78_1205_DF_DCCV_1522UTENTI4_12,Caratteristiche della violenza (%) - chiamate valide,REF_AREA,nazionale,nazionale,1,2026-07-28
78_1205_DF_DCCV_1522UTENTI4_13,"Esito della telefonata - sesso, nazionalità, regione (chiamate valide)",REF_AREA,regione,nazionale|ripartizione|regione,27,2026-07-28
78_1205_DF_DCCV_1522UTENTI4_2,Motivo della chiamata (%),REF_AREA,nazionale,nazionale,1,2026-07-28
78_1205_DF_DCCV_1522UTENTI4_3,"Tipologia utenti– sesso, nazionalità, regione (chiamate valide)",REF_AREA,regione,nazionale|ripartizione|regione,27,2026-07-28
78_1205_DF_DCCV_1522UTENTI4_4,Tipologia di utenza (%),REF_AREA,nazionale,nazionale,1,2026-07-28
78_1205_DF_DCCV_1522UTENTI4_5,"Presenza disabilità - sesso , regione (chiamate valide)",REF_AREA,regione,nazionale|ripartizione|regione,27,2026-07-28
78_1205_DF_DCCV_1522UTENTI4_6,Presenza disabilità (%) - chiamate valide,REF_AREA,nazionale,nazionale,1,2026-07-28
78_1205_DF_DCCV_1522UTENTI4_7,"Orientamento sessuale - sesso, regione (chiamate valide)",REF_AREA,regione,nazionale|ripartizione|regione,27,2026-07-28
78_1205_DF_DCCV_1522UTENTI4_8,Orientamento sessuale (%) - chiamate valide,REF_AREA,nazionale,nazionale,1,2026-07-28
78_1205_DF_DCCV_1522UTENTI4_9,"Modalità di conoscenza del 1522 - nazionalità , regione (chiamate valide)",REF_AREA,regione,nazionale|ripartizione|regione,27,2026-07-28
78_1260,Centri  antiviolenza,REF_AREA,regione,nazionale|ripartizione|regione,27,2026-07-28
7_1027_DF_DCCN_PEFA_B19_1,Risorse e impieghi: schema di sintesi - edizioni dicembre 2019 - dicembre 2023,REF_AREA,nazionale,nazionale,1,2026-07-28
7_1027_DF_DCCN_PEFA_B19_2,Risorse per attività e tipo di flusso - edizioni dicembre 2019 - dicembre 2023,REF_AREA,nazionale,nazionale,1,2026-07-28
7_1027_DF_DCCN_PEFA_B19_3,Impieghi per attività e tipo di flusso - edizioni dicembre 2019 - dicembre 2023,REF_AREA,nazionale,nazionale,1,2026-08-12
7_1027_DF_DCCN_PEFA_B19_4,Impieghi rilevanti per le emissioni atmosferiche (impieghi da combustione) - edizioni dicembre 2019 - dicembre 2023,REF_AREA,nazionale,nazionale,1,2026-07-28
7_1027_DF_DCCN_PEFA_B19_5,Vettori di indicatori chiave sui flussi di energia - edizioni dicembre 2019 - dicembre 2023,REF_AREA,nazionale,nazionale,1,2026-07-28
7_1027_DF_DCCN_PEFA_B19_6,Tavola di raccordo: consumo di energia - edizioni dicembre 2019 - dicembre 2023,REF_AREA,nazionale,nazionale,1,2026-08-12
7_1027_DF_DCCN_PEFA_B19_7,Impieghi dei flussi di energia per tipo di uso - edizioni dicembre 2019 - dicembre 2023,REF_AREA,nazionale,nazionale,1,2026-08-12
7_1027_DF_DCCN_PEFA_B19_8,Intensità energetica - edizioni dicembre 2019 - dicembre 2023,REF_AREA,nazionale,nazionale,1,2026-07-28
7_1027_DF_DCCN_PEFA_B19_9,Intensità di emissione  dei consumi energetici - edizioni dicembre 2019 - dicembre 2023,REF_AREA,nazionale,nazionale,1,2026-07-28
7_1028_DF_DCCN_EGSS_B19_1,"Produzione, valore aggiunto, esportazioni - edizioni febbraio 2020 - dicembre 2023",REF_AREA,nazionale,nazionale,1,2026-07-28
7_1028_DF_DCCN_EGSS_B19_2,Occupazione (unità di lavoro) - edizioni febbraio 2020 - dicembre 2023,REF_AREA,nazionale,nazionale,1,2026-07-28
7_187_DF_DCCN_CONTIEMATMREV2_B19_1,Attività produttive - edizioni novembre 2019 - dicembre 2023,REF_AREA,nazionale,nazionale,1,2026-07-28
7_187_DF_DCCN_CONTIEMATMREV2_B19_2,Famiglie - edizioni novembre 2019 - dicembre 2023,REF_AREA,nazionale,nazionale,1,2026-07-28
7_187_DF_DCCN_CONTIEMATMREV2_B19_3,Raccordo tra totale NAMEA e totale UNFCCC/CLRTAP - edizioni novembre 2019 - dicembre 2023,REF_AREA,nazionale,nazionale,1,2026-07-28
7_187_DF_DCCN_CONTIEMATMREV2_B19_4,Intensità della produzione e del valore aggiunto - edizioni novembre 2019 - dicembre 2023,REF_AREA,nazionale,nazionale,1,2026-08-12
7_187_DF_DCCN_CONTIEMATMREV2_B19_5,Intensità della occupazione - edizioni novembre 2019 - dicembre 2023,REF_AREA,nazionale,nazionale,1,2026-07-28
7_26_DF_DCCN_IMPAMB1_B19_1,Categoria di imposta - edizioni ottobre 2019 - aprile 2024,REF_AREA,nazionale,nazionale,1,2026-07-28
7_26_DF_DCCN_IMPAMB1_B19_2,Unità che corrisponde l'imposta - edizioni ottobre 2019 - aprile 2024,REF_AREA,nazionale,nazionale,1,2026-07-28
7_26_DF_DCCN_IMPAMB1_B19_3,Gettito corrisposto dalle attività economiche - edizioni ottobre 2019 - aprile 2024,REF_AREA,nazionale,nazionale,1,2026-07-28
7_26_DF_DCCN_IMPAMB1_B19_4,Classe CEPA - edizioni ottobre 2019 - aprile 2024,REF_AREA,nazionale,nazionale,1,2026-07-28
7_26_DF_DCCN_IMPAMB1_B19_5,Destinazione del gettito - edizioni ottobre 2019 - aprile 2024,REF_AREA,nazionale,nazionale,1,2026-07-28
7_334_DF_DCCN_FLUMAT_B19_1,Indicatori aggregati nazionali - edizioni febbraio 2020 - giugno 2024,REF_AREA,nazionale,nazionale,1,2026-07-28
7_334_DF_DCCN_FLUMAT_B19_2,Estrazione interna di materiali utilizzati - edizioni febbraio 2020 - giugno 2024,REF_AREA,nazionale,nazionale,1,2026-07-28
7_334_DF_DCCN_FLUMAT_B19_3,Scambi con il resto del mondo - edizioni febbraio 2020 - giugno 2024,REF_AREA,nazionale,nazionale,1,2026-07-28
7_334_DF_DCCN_FLUMAT_B19_4,Indicatori aggregati regionali - edizioni febbraio 2022 - giugno 2024,REF_AREA,provincia,nazionale|ripartizione|regione|provincia,30,2026-07-28
7_953,Spese per la protezione dell'ambiente - edizioni febbraio 2020 - febbraio 2024,REF_AREA,nazionale,nazionale,1,2026-07-28
7_953_DF_DCCN_SPESAPROTAMB_B19_1,Spesa nazionale - edizioni febbraio 2020 - febbraio 2024,REF_AREA,nazionale,nazionale,1,2026-07-28
7_953_DF_DCCN_SPESAPROTAMB_B19_2,Aggregati economici per settore istituzionale - edizioni febbraio 2020 - febbraio 2024,REF_AREA,nazionale,nazionale,1,2026-07-28
7_953_DF_DCCN_SPESAPROTAMB_B19_3,Investimenti e produzione ausiliaria delle società come produttori ausiliari per attività economica - edizioni febbraio 2020 - febbraio 2024,REF_AREA,nazionale,nazionale,1,2026-07-29
82_87,Aspetti della vita quotidiana - Famiglie,REF_AREA,regione,nazionale|ripartizione|regione,36,2026-07-29
82_87_DF_DCCV_AVQ_FAMIGLIE_100,Difficoltà a raggiungere alcuni servizi,REF_AREA,regione,nazionale|ripartizione|regione,36,2026-07-29
82_87_DF_DCCV_AVQ_FAMIGLIE_101,Energia elettrica - regioni e tipo di comune,REF_AREA,regione,nazionale|ripartizione|regione,36,2026-07-29
82_87_DF_DCCV_AVQ_FAMIGLIE_102,Gas - regioni e tipo di comune,REF_AREA,regione,nazionale|ripartizione|regione,36,2026-07-29
82_87_DF_DCCV_AVQ_FAMIGLIE_103,Modulistica fiscale,REF_AREA,regione,nazionale|ripartizione|regione,36,2026-07-29
82_87_DF_DCCV_AVQ_FAMIGLIE_104,Mobilità e condizioni delle strade,REF_AREA,regione,nazionale|ripartizione|regione,36,2026-07-29
82_87_DF_DCCV_AVQ_FAMIGLIE_105,Altri problemi,REF_AREA,regione,nazionale|ripartizione|regione,36,2026-07-29
82_87_DF_DCCV_AVQ_FAMIGLIE_12,Tipologie familiari - regioni e tipo comune,REF_AREA,regione,nazionale|ripartizione|regione,36,2026-07-29
82_87_DF_DCCV_AVQ_FAMIGLIE_13,Giudizio sulla situazione economica - ampiezza della famiglia,REF_AREA,nazionale,nazionale,1,2026-07-29
82_87_DF_DCCV_AVQ_FAMIGLIE_14,Giudizio sulla situazione economica - reg. e tipo di comune,REF_AREA,regione,nazionale|ripartizione|regione,36,2026-07-29
82_87_DF_DCCV_AVQ_FAMIGLIE_15,Possesso di beni durevoli - reg. e tipo di comune,REF_AREA,regione,nazionale|ripartizione|regione,36,2026-07-29
82_87_DF_DCCV_AVQ_FAMIGLIE_16,Spazi esterni e riscaldamento nell'abitazione,REF_AREA,regione,nazionale|ripartizione|regione,36,2026-07-29
82_87_DF_DCCV_AVQ_FAMIGLIE_17,Modalità di fornitura del gas,REF_AREA,regione,nazionale|ripartizione|regione,36,2026-07-29
82_87_DF_DCCV_AVQ_FAMIGLIE_18,Cambio dell'abitazione,REF_AREA,regione,nazionale|ripartizione|regione,14,2026-07-29
82_87_DF_DCCV_AVQ_FAMIGLIE_19,"Spese, acqua e altri problemi dell'abitazione",REF_AREA,regione,nazionale|ripartizione|regione,36,2026-07-29
82_87_DF_DCCV_AVQ_FAMIGLIE_2,Coppie con figli - reg.,REF_AREA,regione,nazionale|ripartizione|regione,36,2026-07-29
82_87_DF_DCCV_AVQ_FAMIGLIE_3,Coppie senza figli - reg.,REF_AREA,regione,nazionale|ripartizione|regione,36,2026-07-29
82_87_DF_DCCV_AVQ_FAMIGLIE_5,"Monogenitori - sesso, stato civile, ripartizioni",REF_AREA,regione,nazionale|ripartizione|regione,8,2026-07-29
82_87_DF_DCCV_AVQ_FAMIGLIE_6,Monogenitori  - regioni e tipo di comune,REF_AREA,regione,nazionale|ripartizione|regione,36,2026-07-29
82_87_DF_DCCV_AVQ_FAMIGLIE_9,Persone sole - ripartizioni e tipo di comune,REF_AREA,regione,nazionale|ripartizione|regione,14,2026-07-29
83_277,Imprese agricole e addetti,REF_AREA,provincia,nazionale|ripartizione|regione|provincia,135,2026-07-29
83_277_DF_DICA_ASIAAGR_1,Settori economici (Ateco 5 cifre),REF_AREA,nazionale,nazionale,1,2026-07-29
83_277_DF_DICA_ASIAAGR_2,Settori economici (Ateco 4 cifre) - rip.,REF_AREA,ripartizione,nazionale|ripartizione,6,2026-07-29
83_277_DF_DICA_ASIAAGR_3,Settori economici (Ateco 3 cifre) - prov.,REF_AREA,provincia,nazionale|ripartizione|regione|provincia,135,2026-07-29
83_277_DF_DICA_ASIAAGR_4,"Classe di addetti, settori economici (Ateco 3 cifre)",REF_AREA,nazionale,nazionale,1,2026-07-29
83_277_DF_DICA_ASIAAGR_5,Classe di addetti - prov.,REF_AREA,provincia,nazionale|ripartizione|regione|provincia,135,2026-07-29
83_277_DF_DICA_ASIAAGR_6,"Forma giuridica, settori economici (Ateco 3 cifre)",REF_AREA,nazionale,nazionale,1,2026-07-29
83_277_DF_DICA_ASIAAGR_7,"Forma giuridica, classe di addetti - reg.",REF_AREA,regione,nazionale|ripartizione|regione,28,2026-07-29
83_277_DF_DICA_ASIAAGR_8,Forma giuridica - prov,REF_AREA,provincia,nazionale|ripartizione|regione|provincia,135,2026-07-29
83_63,Aspetti della vita quotidiana,REF_AREA,regione,nazionale|ripartizione|regione,36,2026-08-12
83_63_DF_DCCV_AVQ_PERSONE_103,Sport - regioni e tipo di comune,REF_AREA,regione,nazionale|ripartizione|regione,36,2026-07-29
83_63_DF_DCCV_AVQ_PERSONE_107,Incontri con amici - regioni e tipo di comune,REF_AREA,regione,nazionale|ripartizione|regione,36,2026-07-29
83_63_DF_DCCV_AVQ_PERSONE_112,Informazione politica (canale) - regioni e tipo di comune,REF_AREA,regione,nazionale|ripartizione|regione,36,2026-07-29
83_63_DF_DCCV_AVQ_PERSONE_113,Informazione politica (frequenza) - regioni e tipo di comune,REF_AREA,regione,nazionale|ripartizione|regione,36,2026-07-29
83_63_DF_DCCV_AVQ_PERSONE_114,Informazione politica (motivo) - regioni e tipo di comune,REF_AREA,regione,nazionale|ripartizione|regione,36,2026-07-29
83_63_DF_DCCV_AVQ_PERSONE_119,Discussione politica - regioni e tipo di comune,REF_AREA,regione,nazionale|ripartizione|regione,36,2026-07-29
83_63_DF_DCCV_AVQ_PERSONE_120,Giovani che vivono in famiglia,REF_AREA,regione,nazionale|ripartizione|regione,13,2026-07-29
83_63_DF_DCCV_AVQ_PERSONE_121,Giovani che vivono in famiglia - reg.,REF_AREA,regione,nazionale|ripartizione|regione,30,2026-07-29
83_63_DF_DCCV_AVQ_PERSONE_122,Attività politica - regioni e tipo di comune,REF_AREA,regione,nazionale|ripartizione|regione,36,2026-07-29
83_63_DF_DCCV_AVQ_PERSONE_127,Fiducia interpersonale - regioni e tipo di comune,REF_AREA,regione,nazionale|ripartizione|regione,36,2026-07-29
83_63_DF_DCCV_AVQ_PERSONE_128,Fiducia verso particolari persone - regioni e tipo di comune,REF_AREA,regione,nazionale|ripartizione|regione,36,2026-07-29
83_63_DF_DCCV_AVQ_PERSONE_132,Associazionismo - regioni e tipo di comune,REF_AREA,regione,nazionale|ripartizione|regione,36,2026-07-29
83_63_DF_DCCV_AVQ_PERSONE_136,Pratica religiosa - regioni e tipo di comune,REF_AREA,regione,nazionale|ripartizione|regione,36,2026-07-29
83_63_DF_DCCV_AVQ_PERSONE_141,Grado di soddisfazione (da 0 - a 10) per la vita nel complesso - regioni e tipo di comune,REF_AREA,regione,nazionale|ripartizione|regione,36,2026-07-29
83_63_DF_DCCV_AVQ_PERSONE_145,Grado di soddisfazione (da 0 - a 10) per la vita nel complesso (valore medio e mediano) - regioni e tipo di comune,REF_AREA,regione,nazionale|ripartizione|regione,36,2026-07-29
83_63_DF_DCCV_AVQ_PERSONE_150,Soddisfazione per alcuni aspetti - regioni e tipo di comune,REF_AREA,regione,nazionale|ripartizione|regione,36,2026-08-12
83_63_DF_DCCV_AVQ_PERSONE_154,Soddisfazione per il lavoro - ripartizioni e tipo di comune,REF_AREA,regione,nazionale|ripartizione|regione,14,2026-07-29
83_63_DF_DCCV_AVQ_PERSONE_158,Treno - regioni e tipo di comune,REF_AREA,regione,nazionale|ripartizione|regione,36,2026-08-12
83_63_DF_DCCV_AVQ_PERSONE_159,Pullman - regioni e tipo di comune,REF_AREA,regione,nazionale|ripartizione|regione,36,2026-07-29
83_63_DF_DCCV_AVQ_PERSONE_160,Autobus - regioni e tipo di comune,REF_AREA,regione,nazionale|ripartizione|regione,36,2026-07-29
83_63_DF_DCCV_AVQ_PERSONE_165,Tipo di certificato richiesto e autocertificazione - regioni e tipo di comune,REF_AREA,regione,nazionale|ripartizione|regione,36,2026-07-29
83_63_DF_DCCV_AVQ_PERSONE_167,Spostamenti verso scuola - regioni e tipo di comune,REF_AREA,regione,nazionale|ripartizione|regione,36,2026-07-29
83_63_DF_DCCV_AVQ_PERSONE_170,Spostamenti per andare a lavoro - regioni e tipo di comune,REF_AREA,regione,nazionale|ripartizione|regione,36,2026-07-29
83_63_DF_DCCV_AVQ_PERSONE_204,Abitudine al fumo - regioni e tipo di comune,REF_AREA,regione,nazionale|ripartizione|regione,36,2026-07-29
83_63_DF_DCCV_AVQ_PERSONE_208,Stato di salute - regioni e tipo di comune,REF_AREA,regione,nazionale|ripartizione|regione,36,2026-07-29
83_63_DF_DCCV_AVQ_PERSONE_212,Consumo di farmaci - regioni e tipo di comune,REF_AREA,regione,nazionale|ripartizione|regione,36,2026-07-29
83_63_DF_DCCV_AVQ_PERSONE_216,Ricorso al pronto soccorso e alla guardia medica - regioni e tipo di comune,REF_AREA,regione,nazionale|ripartizione|regione,36,2026-07-29
83_63_DF_DCCV_AVQ_PERSONE_220,Ricoveri ospedalieri - regioni e tipo di comune,REF_AREA,regione,nazionale|ripartizione|regione,36,2026-07-29
83_63_DF_DCCV_AVQ_PERSONE_227,Spettacoli - regioni e tipo di comune,REF_AREA,regione,nazionale|ripartizione|regione,36,2026-07-29
83_63_DF_DCCV_AVQ_PERSONE_231,Tv e radio - regioni e tipo di comune,REF_AREA,regione,nazionale|ripartizione|regione,36,2026-07-29
83_63_DF_DCCV_AVQ_PERSONE_235,Quotidiani e libri - regioni e tipo di comune,REF_AREA,regione,nazionale|ripartizione|regione,36,2026-07-29
83_63_DF_DCCV_AVQ_PERSONE_239,Internet - reg. e tipo di comune,REF_AREA,regione,nazionale|ripartizione|regione,36,2026-07-29
83_63_DF_DCCV_AVQ_PERSONE_243,PC - reg. e tipo di comune,REF_AREA,regione,nazionale|ripartizione|regione,36,2026-07-29
83_63_DF_DCCV_AVQ_PERSONE_256,Soddisfazione per i vari aspetti del ricovero - regioni e tipo di comune,REF_AREA,regione,nazionale|ripartizione|regione,36,2026-07-29
83_63_DF_DCCV_AVQ_PERSONE__YOUTH_1,"Giovani - Cultura sport, salute e stili di vita",REF_AREA,regione,nazionale|ripartizione|regione,36,2026-08-12
83_85,Aspetti della vita quotidiana - Persone,REF_AREA,regione,nazionale|ripartizione|regione,36,2026-08-12
83_85_DF_DCCV_AVQ_PERSONE1_103,Anagrafe - regioni e tipo di comune,REF_AREA,regione,nazionale|ripartizione|regione,36,2026-07-29
83_85_DF_DCCV_AVQ_PERSONE1_104,ASL - regioni e tipo di comune,REF_AREA,regione,nazionale|ripartizione|regione,36,2026-07-29
83_85_DF_DCCV_AVQ_PERSONE1_108,Ufficio postale - regioni e tipo di comune,REF_AREA,regione,nazionale|ripartizione|regione,36,2026-07-29
83_85_DF_DCCV_AVQ_PERSONE1_109,Banca - regioni e tipo di comune,REF_AREA,regione,nazionale|ripartizione|regione,36,2026-07-29
83_85_DF_DCCV_AVQ_PERSONE1_205,Persone andate in vacanza - numero di periodi,REF_AREA,regione,nazionale|ripartizione|regione,36,2026-07-29
83_85_DF_DCCV_AVQ_PERSONE1_210,Persone non andate in vacanza - motivi della mancata vacanza,REF_AREA,regione,nazionale|ripartizione|regione,36,2026-07-29
83_85_DF_DCCV_AVQ_PERSONE1_214,Acqua e bevande gassate - regioni e tipo di comune,REF_AREA,regione,nazionale|ripartizione|regione,36,2026-07-29
83_85_DF_DCCV_AVQ_PERSONE1_218,Vino e birra - regioni e tipo di comune,REF_AREA,regione,nazionale|ripartizione|regione,36,2026-07-29
83_85_DF_DCCV_AVQ_PERSONE1_222,"Aperitivi, amari e liquori - regioni e tipo di comune",REF_AREA,regione,nazionale|ripartizione|regione,36,2026-07-29
83_85_DF_DCCV_AVQ_PERSONE1_226,Alcolici fuori pasto - regioni e tipo di comune,REF_AREA,regione,nazionale|ripartizione|regione,36,2026-07-29
83_85_DF_DCCV_AVQ_PERSONE1_231,Indice di massa corporea - regioni e tipo di comune,REF_AREA,regione,nazionale|ripartizione|regione,36,2026-07-29
83_85_DF_DCCV_AVQ_PERSONE1_235,Incidenti in ambiente domestico - regioni e tipo di comune,REF_AREA,regione,nazionale|ripartizione|regione,36,2026-07-29
83_85_DF_DCCV_AVQ_PERSONE1_239,Abitudini nei pasti - regioni e tipo di comune,REF_AREA,regione,nazionale|ripartizione|regione,36,2026-07-30
83_85_DF_DCCV_AVQ_PERSONE1_243,"Salumi, carni, uova, pesce - regioni e tipo di comune",REF_AREA,regione,nazionale|ripartizione|regione,36,2026-07-30
83_85_DF_DCCV_AVQ_PERSONE1_247,"Pane, legumi, dolci, latte e formaggi - regioni e tipo di comune",REF_AREA,regione,nazionale|ripartizione|regione,36,2026-07-30
83_85_DF_DCCV_AVQ_PERSONE1_251,"Verdure, ortaggi e frutta - regioni e tipo di comune",REF_AREA,regione,nazionale|ripartizione|regione,36,2026-07-30
83_85_DF_DCCV_AVQ_PERSONE1_255,Olio e sale - regioni e tipo di comune,REF_AREA,regione,nazionale|ripartizione|regione,36,2026-07-30
85_170,Volontariato in organizzazioni,REF_AREA,nazionale,nazionale,1,2026-07-30
85_171,Volontariato in organizzazioni,REF_AREA,nazionale,nazionale,1,2026-07-30
85_171_DF_DCSA_VOLON_ORG1_1,"Volontariato organizzato - Sesso, appartenenza a più gruppi o associazioni, settore dell'organizzazione",REF_AREA,nazionale,nazionale,1,2026-07-30
85_171_DF_DCSA_VOLON_ORG1_2,"Volontariato organizzato - Sesso, tipo di organizzazione",REF_AREA,nazionale,nazionale,1,2026-07-30
85_171_DF_DCSA_VOLON_ORG1_3,"Volontariato organizzato - Sesso, motivazioni",REF_AREA,nazionale,nazionale,1,2026-07-30
85_171_DF_DCSA_VOLON_ORG1_4,"Volontariato organizzato - Sesso, ricadute personali",REF_AREA,nazionale,nazionale,1,2026-07-30
85_83,Volontariato con o senza organizzazioni,REF_AREA,regione,nazionale|ripartizione|regione,34,2026-07-30
85_83_DF_DCSA_VOLON_6,Regioni e tipo di comuni,REF_AREA,regione,nazionale|ripartizione|regione,34,2026-07-30
85_84,Volontariato con o senza organizzazioni,REF_AREA,regione,nazionale|ripartizione|regione,34,2026-07-30
85_84_DF_DCSA_VOLON1_1,"Volontariato - Sesso, età e tipo di volontariato",REF_AREA,nazionale,nazionale,1,2026-07-30
85_84_DF_DCSA_VOLON1_2,Attività volontaria - Sesso e tipo di volontariato,REF_AREA,nazionale,nazionale,1,2026-07-30
85_84_DF_DCSA_VOLON1_3,Numero di anni di attività volontaria - Sesso e tipo di volontariato,REF_AREA,nazionale,nazionale,1,2026-07-30
85_84_DF_DCSA_VOLON1_4,"Volontariato - Titolo di studio, condizione lavorativa",REF_AREA,nazionale,nazionale,1,2026-07-30
85_84_DF_DCSA_VOLON1_5,Volontariato - Ampiezza della famiglia e risorse economiche,REF_AREA,nazionale,nazionale,1,2026-07-30
85_84_DF_DCSA_VOLON1_6,Volontariato - Regioni e tipo di comuni,REF_AREA,regione,nazionale|ripartizione|regione,34,2026-07-30
8_197_DF_DCCN_PRODUTTIVITA_B19_1,Indicatori di produttività - edizioni novembre 2019 - aprile 2024,REF_AREA,nazionale,nazionale,1,2026-07-30
8_197_DF_DCCN_PRODUTTIVITA_B19_2,Contributi alla crescita del valore aggiunto - edizioni novembre 2019 - aprile 2024,REF_AREA,nazionale,nazionale,1,2026-07-30
8_197_DF_DCCN_PRODUTTIVITA_B19_3,Contributi alla crescita della produttività del lavoro - edizioni novembre 2019 - aprile 2024,REF_AREA,nazionale,nazionale,1,2026-07-30
8_197_DF_DCCN_PRODUTTIVITA_B19_4,Serie per il calcolo delle produttività - edizioni novembre 2019 - aprile 2024,REF_AREA,nazionale,nazionale,1,2026-07-30
8_197_DF_DCCN_PRODUTTIVITA_B19_5,Contributi settoriali alla variazione della produttività del lavoro - edizioni novembre 2019 - aprile 2024,REF_AREA,nazionale,nazionale,1,2026-07-30
8_277,Imprese - Ent (1 impresa corrisponde a 1 o più unità giuridiche attive),REF_AREA,regione,nazionale|ripartizione|regione,28,2026-08-15
8_277_DF_DICA_ASIAUE1P_ENT_1,Imprese e addetti (Ent) - Principali dati,REF_AREA,regione,nazionale|ripartizione|regione,28,2026-08-15
8_277_DF_DICA_ASIAUE1P_ENT_10,Imprese e addetti appartenenti ad un gruppo (Ent) - Settori economici (Ateco 1 cifra) - Tipo di relazione e Governance - regioni,REF_AREA,regione,nazionale|ripartizione|regione,28,2026-07-30
8_277_DF_DICA_ASIAUE1P_ENT_2,"Imprese e addetti (Ent) - Forma giuridica, settori economici (Ateco 5 cifre) - Italia",REF_AREA,nazionale,nazionale,1,2026-08-15
8_277_DF_DICA_ASIAUE1P_ENT_3,"Imprese e addetti (Ent) - Forma giuridica, settori economici (Ateco 4 cifre) - ripartizioni",REF_AREA,ripartizione,nazionale|ripartizione,6,2026-08-15
8_277_DF_DICA_ASIAUE1P_ENT_4,"Imprese e addetti (Ent) - Forma giuridica, settori economici (Ateco 3 cifre) - regioni",REF_AREA,regione,nazionale|ripartizione|regione,28,2026-08-15
8_277_DF_DICA_ASIAUE1P_ENT_5,"Imprese e addetti (Ent) - Forma giuridica, settori economici (Ateco 2 cifre) , classe di addetti - ripartizioni",REF_AREA,ripartizione,nazionale|ripartizione,6,2026-08-15
8_277_DF_DICA_ASIAUE1P_ENT_6,"Imprese e addetti appartenenti ad un gruppo (Ent) - Forma giuridica, settori economici (Ateco 1 cifra), classe di addetti - Tipo di relazione",REF_AREA,nazionale,nazionale,1,2026-07-30
8_277_DF_DICA_ASIAUE1P_ENT_7,"Imprese e addetti appartenenti ad un gruppo (Ent) - Forma giuridica, settori economici (Ateco 1 cifra), classe di addetti - Governance",REF_AREA,nazionale,nazionale,1,2026-07-30
8_277_DF_DICA_ASIAUE1P_ENT_8,Imprese e addetti appartenenti ad un gruppo (Ent) - Settori economici (Ateco 2 cifre) - Tipo di relazione,REF_AREA,nazionale,nazionale,1,2026-07-30
8_277_DF_DICA_ASIAUE1P_ENT_9,Imprese e addetti appartenenti ad un gruppo (Ent) - Settori economici (Ateco 2 cifre) - Governance,REF_AREA,nazionale,nazionale,1,2026-07-30
91_963,Sistema dei conti della sanità,REF_AREA,nazionale,nazionale,1,2026-07-30
91_963_DF_DCCN_SHA_1,Spesa sanitaria per tipo di funzione di assistenza sanitaria e finanziamento,REF_AREA,nazionale,nazionale,1,2026-07-30
91_963_DF_DCCN_SHA_2,Spesa sanitaria per tipo di funzione di assistenza sanitaria e soggetto erogatore,REF_AREA,nazionale,nazionale,1,2026-07-30
91_963_DF_DCCN_SHA_3,Spesa sanitaria per soggetto erogatore e tipo di finanziamento,REF_AREA,nazionale,nazionale,1,2026-07-30
92_1225,Principali aggregati annnuali di contabilità nazionale,REF_AREA,nazionale,nazionale,1,2026-08-12
92_1225_DF_DCCN_ANA1_1,Produzione e valore aggiunto per branca di attività,REF_AREA,nazionale,nazionale,1,2026-08-12
92_1225_DF_DCCN_ANA1_2,Redditi da lavoro dipendente e componenti per branca di attività,REF_AREA,nazionale,nazionale,1,2026-07-30
92_1225_DF_DCCN_ANA1_3,Imposte e contributi alla produzione per branca di attività,REF_AREA,nazionale,nazionale,1,2026-07-30
92_1225_DF_DCCN_ANA1_4,Investimenti fissi lordi per tipo di investimento e branca proprietaria,REF_AREA,nazionale,nazionale,1,2026-08-12
92_1225_DF_DCCN_ANA1_5,Stock di capitale e ammortamenti per tipo di investimento e branca proprietaria,REF_AREA,nazionale,nazionale,1,2026-08-12
92_1225_DF_DCCN_ANA1_6,Spesa per consumi finali delle famiglie per voce di spesa (Coicop 2018 3 cifre) e durata,REF_AREA,nazionale,nazionale,1,2026-07-30
92_1225_DF_DCCN_ANA1_7,Valori pro capite,REF_AREA,nazionale,nazionale,1,2026-07-30
92_143,Principali aggregati per branca di attività -  (Nace Rev.1.1) - edizioni precedenti ottobre 2011,REF_AREA,nazionale,nazionale,1,2026-07-30
92_504,Principali aggregati annnuali di contabilità nazionale - edizioni settembre 2019 - marzo 2024,REF_AREA,nazionale,nazionale,1,2026-08-12
92_504_DF_DCCN_ANA_1,Produzione e valore aggiunto per branca di attività - edizioni settembre 2019 - marzo 2024,REF_AREA,nazionale,nazionale,1,2026-07-30
92_504_DF_DCCN_ANA_2,Redditi da lavoro dipendente e componenti per branca di attività - edizioni settembre 2019 - marzo 2024,REF_AREA,nazionale,nazionale,1,2026-08-12
92_504_DF_DCCN_ANA_3,Imposte e contributi alla produzione per branca di attività - edizioni settembre 2019 - marzo 2024,REF_AREA,nazionale,nazionale,1,2026-08-12
92_504_DF_DCCN_ANA_4,Investimenti fissi lordi per tipo di investimento e branca proprietaria - edizioni settembre 2019 - marzo 2024,REF_AREA,nazionale,nazionale,1,2026-08-12
92_504_DF_DCCN_ANA_5,Stock di capitale e ammortamenti per tipo di investimento e branca proprietaria,REF_AREA,nazionale,nazionale,1,2026-08-12
92_504_DF_DCCN_ANA_6,Spesa per consumi finali delle famiglie per voce di spesa (Coicop 3 cifre) e durata - edizioni settembre 2019 - marzo 2024,REF_AREA,nazionale,nazionale,1,2026-08-12
92_504_DF_DCCN_ANA_7,Valori pro capite - edizioni settembre 2019 - marzo 2024,REF_AREA,nazionale,nazionale,1,2026-07-30
92_505,Sequenza dei conti,REF_AREA,nazionale,nazionale,1,2026-07-30
92_505_DF_DCCN_SQCN_1,Sequenza dei conti,REF_AREA,nazionale,nazionale,1,2026-07-30
92_506,Prodotto interno lordo e principali componenti,REF_AREA,nazionale,nazionale,1,2026-07-30
92_506_DF_DCCN_PILN_1,Prodotto interno lordo e principali componenti,REF_AREA,nazionale,nazionale,1,2026-07-30
92_507,Occupazione regolare e irregolare,REF_AREA,nazionale,nazionale,1,2026-07-30
92_507_DF_DCCN_OCCNSEC2010_1,"Occupati, unità di lavoro, posizioni lavorative e ore lavorate",REF_AREA,nazionale,nazionale,1,2026-08-12
92_507_DF_DCCN_OCCNSEC2010_2,Tassi di irregolarità,REF_AREA,nazionale,nazionale,1,2026-07-30
92_507_DF_DCCN_OCCNSEC2010_3,Popolazione media annua,REF_AREA,nazionale,nazionale,1,2026-07-30
93_1095,Reddito disponibile delle famiglie  nelle regioni italiane,REF_AREA,provincia,nazionale|ripartizione|regione|provincia,32,2026-08-12
93_1095_DF_DCCN_ISTITUZ_TNA1_1,Reddito disponibile delle famiglie nelle regioni italiane,REF_AREA,provincia,nazionale|ripartizione|regione|provincia,32,2026-07-30
93_1227,Principali aggregati territoriali di Contabilità Nazionale,REF_AREA,provincia,nazionale|ripartizione|regione|provincia,139,2026-08-12
93_1227_DF_DCCN_TNA1_1,Valore aggiunto per branca di attività,REF_AREA,provincia,nazionale|ripartizione|regione|provincia,139,2026-08-12
93_1227_DF_DCCN_TNA1_2,Redditi da lavoro dipendente e componenti per branca di attività,REF_AREA,provincia,nazionale|ripartizione|regione|provincia,32,2026-08-12
93_1227_DF_DCCN_TNA1_3,Spesa per consumi finali delle famiglie per voce di spesa (Coicop 2018 2 cifre) e durata,REF_AREA,provincia,nazionale|ripartizione|regione|provincia,32,2026-07-30
93_1227_DF_DCCN_TNA1_4,Spesa per consumi finali della Pa per funzione di spesa,REF_AREA,provincia,nazionale|ripartizione|regione|provincia,32,2026-07-30
93_1227_DF_DCCN_TNA1_5,Investimenti fissi lordi per branca proprietaria,REF_AREA,provincia,nazionale|ripartizione|regione|provincia,32,2026-08-12
93_1227_DF_DCCN_TNA1_6,Valori pro capite,REF_AREA,provincia,nazionale|ripartizione|regione|provincia,139,2026-07-30
93_209,Aggregati dei conti per branca di attività (NACE Rev.1.1) - edizione ottobre 2010,REF_AREA,provincia,nazionale|ripartizione|regione|provincia,32,2026-08-12
93_256,Occupazione per branca di attività economica (NACE Rev.1.1) - edizione ottobre 2010,REF_AREA,provincia,nazionale|ripartizione|regione|provincia,32,2026-08-12
93_379,Occupazione regolare ed irregolare,REF_AREA,provincia,nazionale|ripartizione|regione|provincia,139,2026-08-12
93_379_DF_DCCN_OCCTSEC2010_1,Occupazione regionale,REF_AREA,provincia,nazionale|ripartizione|regione|provincia,32,2026-08-12
93_379_DF_DCCN_OCCTSEC2010_2,Occupazione provinciale,REF_AREA,provincia,nazionale|ripartizione|regione|provincia,139,2026-08-12
93_379_DF_DCCN_OCCTSEC2010_3,Tasso di irregolarità,REF_AREA,provincia,nazionale|ripartizione|regione|provincia,32,2026-07-30
93_379_DF_DCCN_OCCTSEC2010_4,Popolazione media annua,REF_AREA,provincia,nazionale|ripartizione|regione|provincia,32,2026-07-30
93_382,Sequenza dei conti,REF_AREA,provincia,nazionale|ripartizione|regione|provincia,32,2026-07-30
93_382_DF_DCCN_SQCT_1,Sequenza dei conti,REF_AREA,provincia,nazionale|ripartizione|regione|provincia,32,2026-07-30
93_48,"Conti della branca agricoltura, silvicoltura e pesca",REF_AREA,regione,nazionale|ripartizione|regione,28,2026-08-12
93_48_DF_DCCN_VAAGSIPET_1,Produzione e valore aggiunto ai prezzi base,REF_AREA,regione,nazionale|ripartizione|regione,28,2026-07-30
93_48_DF_DCCN_VAAGSIPET_2,Prodotti e voci di costo,REF_AREA,regione,nazionale|ripartizione|regione,28,2026-08-12
93_498,Prodotto interno lordo lato produzione,REF_AREA,provincia,nazionale|ripartizione|regione|provincia,139,2026-07-30
93_498_DF_DCCN_PILT_1,Prodotto interno lordo lato produzione,REF_AREA,provincia,nazionale|ripartizione|regione|provincia,139,2026-07-30
93_500,Principali aggregati territoriali di Contabilità Nazionale - edizioni gennaio 2020 - dicembre 2023,REF_AREA,provincia,nazionale|ripartizione|regione|provincia,139,2026-08-12
93_500_DF_DCCN_TNA_1,Valore aggiunto per branca di attività - edizioni gennaio 2020 - dicembre 2023,REF_AREA,provincia,nazionale|ripartizione|regione|provincia,139,2026-08-12
93_500_DF_DCCN_TNA_2,Redditi da lavoro dipendente e componenti per branca di attività - edizioni gennaio 2020 - dicembre 2023,REF_AREA,provincia,nazionale|ripartizione|regione|provincia,32,2026-08-12
93_500_DF_DCCN_TNA_3,Spesa per consumi finali delle famiglie per voce di spesa (Coicop 2 cifre) e durata - edizioni gennaio 2020 - dicembre 2023,REF_AREA,provincia,nazionale|ripartizione|regione|provincia,32,2026-08-12
93_500_DF_DCCN_TNA_4,Spesa per consumi finali della Pa per funzione di spesa - edizioni gennaio 2020 - dicembre 2023,REF_AREA,provincia,nazionale|ripartizione|regione|provincia,32,2026-08-12
93_500_DF_DCCN_TNA_5,Investimenti fissi lordi per branca proprietaria - edizioni gennaio 2020 - dicembre 2023,REF_AREA,provincia,nazionale|ripartizione|regione|provincia,32,2026-08-12
93_500_DF_DCCN_TNA_6,Valori pro capite - edizioni gennaio 2020 - dicembre 2023,REF_AREA,provincia,nazionale|ripartizione|regione|provincia,139,2026-08-12
94_1063,Stock  di attività non finanziarie  e sequenza dei conti per settore istituzionale,REF_AREA,provincia,nazionale|ripartizione|regione|provincia,32,2026-08-12
94_1063_DF_DCCN_ISTITUZ_ANA1_1,Sequenza dei conti,REF_AREA,provincia,nazionale|ripartizione|regione|provincia,32,2026-08-12
94_1063_DF_DCCN_ISTITUZ_ANA1_2,Indicatori su famiglie consumatrici e società non finanziarie,REF_AREA,nazionale,nazionale,1,2026-07-30
94_1063_DF_DCCN_ISTITUZ_ANA1_3,Valore aggiunto e redditi da lavoro dipendente per branca di attività economica,REF_AREA,provincia,nazionale|ripartizione|regione|provincia,32,2026-08-12
94_1063_DF_DCCN_ISTITUZ_ANA1_4,Investimenti fissi lordi per tipo di investimento,REF_AREA,nazionale,nazionale,1,2026-07-30
94_1063_DF_DCCN_ISTITUZ_ANA1_5,Stock di attività non finanziarie,REF_AREA,provincia,nazionale|ripartizione|regione|provincia,32,2026-07-30
94_251,Sequenza dei conti - edizioni fino a settembre 2015,REF_AREA,nazionale,nazionale,1,2026-08-12
94_335,Occupazione per branca di attività - edizioni marzo 2012 e marzo 2013,REF_AREA,nazionale,nazionale,1,2026-07-30
94_571,"Sequenza dei conti e stock di attività non finanziarie, per settore istituzionale",REF_AREA,nazionale,nazionale,1,2026-08-12
94_805,Occupazione  per branca di attività,REF_AREA,nazionale,nazionale,1,2026-07-30
94_805_DF_DCCN_OCCSISEC2010_1,Occupazione per branca di attività,REF_AREA,nazionale,nazionale,1,2026-07-30
94_805_DF_DCCN_OCCSISEC2010_2,Occupazione per sottosettore,REF_AREA,nazionale,nazionale,1,2026-07-30
95_42,Conto trimestrale,REF_AREA,nazionale,nazionale,1,2026-07-30
95_42_DF_DCCN_FPQ_1,Conto economico,REF_AREA,nazionale,nazionale,1,2026-07-30
95_42_DF_DCCN_FPQ_2,Indicatori (in rapporto al PIL),REF_AREA,nazionale,nazionale,1,2026-07-30
95_815,Conto annuale per sottosettore,REF_AREA,nazionale,nazionale,1,2026-07-30
95_815_DF_DCCN_FPA_1,Conto economico per sottosettore,REF_AREA,nazionale,nazionale,1,2026-07-30
95_815_DF_DCCN_FPA_2,Indicatori (in rapporto al PIL),REF_AREA,nazionale,nazionale,1,2026-07-30
95_815_DF_DCCN_FPA_3,Redditi e retribuzione pro capite per sottosettore,REF_AREA,nazionale,nazionale,1,2026-07-30
95_815_DF_DCCN_FPA_4,Investimenti fissi lordi per sottosettore,REF_AREA,nazionale,nazionale,1,2026-07-30
95_815_DF_DCCN_FPA_5,Imposte e contributi sociali per sottosettore,REF_AREA,nazionale,nazionale,1,2026-07-30
95_815_DF_DCCN_FPA_6,Formazione della spesa per consumi finali,REF_AREA,nazionale,nazionale,1,2026-07-30
95_94,Uscite annuali per sottosettore,REF_AREA,nazionale,nazionale,1,2026-08-12
95_94_DF_DCCN_OTEPPA_1,Spesa per consumi per funzione (COFOG 2 e 3 cifre),REF_AREA,nazionale,nazionale,1,2026-07-30
95_94_DF_DCCN_OTEPPA_2,Voci di uscita per funzione (COFOG 2 e 3 cifre),REF_AREA,nazionale,nazionale,1,2026-08-12
96_1068,Conti della Protezione sociale versione 2014,REF_AREA,nazionale,nazionale,1,2026-07-30
96_1068_DF_DCCN_PROTSOC_B14_1,Conti economici consolidati - edizioni maggio 2015 e aprile 2019,REF_AREA,nazionale,nazionale,1,2026-07-30
96_1068_DF_DCCN_PROTSOC_B14_2,"Prestazioni secondo evento, rischio e bisogno - edizioni maggio 2015 e aprile 2019",REF_AREA,nazionale,nazionale,1,2026-07-30
96_1069,Conti della Protezione sociale versione 2011,REF_AREA,nazionale,nazionale,1,2026-07-30
97_1027,Conti dei flussi fisici di energia (PEFA),REF_AREA,nazionale,nazionale,1,2026-08-12
97_1027_DF_DCCN_PEFA_1,Risorse e impieghi: schema di sintesi,REF_AREA,nazionale,nazionale,1,2026-07-30
97_1027_DF_DCCN_PEFA_2,Risorse per attività e tipo di flusso,REF_AREA,nazionale,nazionale,1,2026-07-30
97_1027_DF_DCCN_PEFA_3,Impieghi per attività e tipo di flusso,REF_AREA,nazionale,nazionale,1,2026-08-12
97_1027_DF_DCCN_PEFA_4,Impieghi rilevanti per le emissioni atmosferiche (impieghi da combustione),REF_AREA,nazionale,nazionale,1,2026-07-30
97_1027_DF_DCCN_PEFA_5B,Vettori di indicatori chiave sui flussi di energia,REF_AREA,nazionale,nazionale,1,2026-07-30
97_1027_DF_DCCN_PEFA_6,Tavola di raccordo: consumo di energia,REF_AREA,nazionale,nazionale,1,2026-07-30
97_1027_DF_DCCN_PEFA_7,Impieghi dei flussi di energia per tipo di uso,REF_AREA,nazionale,nazionale,1,2026-08-12
97_1027_DF_DCCN_PEFA_8,Intensità energetica,REF_AREA,nazionale,nazionale,1,2026-07-30
97_1027_DF_DCCN_PEFA_9,Intensità di emissione  dei consumi energetici,REF_AREA,nazionale,nazionale,1,2026-07-30
97_1028,Conti dei beni e servizi ambientali,REF_AREA,nazionale,nazionale,1,2026-07-30
97_1028_DF_DCCN_EGSS_1,"Produzione, valore aggiunto, esportazioni",REF_AREA,nazionale,nazionale,1,2026-07-30
97_1028_DF_DCCN_EGSS_2,Occupazione (unità di lavoro),REF_AREA,nazionale,nazionale,1,2026-07-30
97_187,Emissioni atmosferiche NAMEA (NACE Rev.2),REF_AREA,nazionale,nazionale,1,2026-07-30
97_187_DF_DCCN_CONTIEMATMREV2_1,Attività produttive,REF_AREA,nazionale,nazionale,1,2026-08-12
97_187_DF_DCCN_CONTIEMATMREV2_2,Famiglie,REF_AREA,nazionale,nazionale,1,2026-07-30
97_187_DF_DCCN_CONTIEMATMREV2_3,Raccordo tra totale NAMEA e totale UNFCCC/CLRTAP,REF_AREA,nazionale,nazionale,1,2026-07-30
97_187_DF_DCCN_CONTIEMATMREV2_4,Intensità della produzione e del valore aggiunto,REF_AREA,nazionale,nazionale,1,2026-07-30
97_187_DF_DCCN_CONTIEMATMREV2_5,Intensità della occupazione,REF_AREA,nazionale,nazionale,1,2026-08-12
97_26,Gettito delle imposte ambientali,REF_AREA,nazionale,nazionale,1,2026-07-30
97_26_DF_DCCN_IMPAMB1_1,Categoria di imposta,REF_AREA,nazionale,nazionale,1,2026-07-30
97_26_DF_DCCN_IMPAMB1_2,Unità che corrisponde l'imposta,REF_AREA,nazionale,nazionale,1,2026-07-30
97_26_DF_DCCN_IMPAMB1_3,Gettito corrisposto dalle attività economiche,REF_AREA,nazionale,nazionale,1,2026-07-30
97_26_DF_DCCN_IMPAMB1_5,Destinazione del gettito,REF_AREA,nazionale,nazionale,1,2026-07-30
97_334,Conti dei flussi di materia,REF_AREA,provincia,nazionale|ripartizione|regione|provincia,30,2026-07-30
97_334_DF_DCCN_FLUMAT_1,Indicatori aggregati nazionali,REF_AREA,nazionale,nazionale,1,2026-07-30
97_334_DF_DCCN_FLUMAT_2,Estrazione interna di materiali utilizzati,REF_AREA,nazionale,nazionale,1,2026-07-30
97_334_DF_DCCN_FLUMAT_3,Scambi con il resto del mondo,REF_AREA,nazionale,nazionale,1,2026-07-30
97_334_DF_DCCN_FLUMAT_4,Indicatori aggregati regionali,REF_AREA,provincia,nazionale|ripartizione|regione|provincia,30,2026-07-30
97_366,Conti della Protezione sociale,REF_AREA,nazionale,nazionale,1,2026-07-30
97_366_DF_DCCN_PROTSOC_1,Conti economici consolidati,REF_AREA,nazionale,nazionale,1,2026-07-30
97_366_DF_DCCN_PROTSOC_2,"Prestazioni secondo evento, rischio e bisogno",REF_AREA,nazionale,nazionale,1,2026-07-30
97_79,Emissioni atmosferiche NAMEA (NACE Rev.1.1),REF_AREA,nazionale,nazionale,1,2026-08-12
97_932,Conti dell'impiego di energia versione 2014,REF_AREA,nazionale,nazionale,1,2026-07-30
97_953,Spese per la protezione dell'ambiente,REF_AREA,nazionale,nazionale,1,2026-07-30
97_953_DF_DCCN_SPESAPROTAMB_1,Spesa nazionale,REF_AREA,nazionale,nazionale,1,2026-07-30
97_953_DF_DCCN_SPESAPROTAMB_2,Aggregati economici per settore istituzionale,REF_AREA,nazionale,nazionale,1,2026-07-30
97_953_DF_DCCN_SPESAPROTAMB_3,"Investimenti, consumi intermedi e produzione ausiliaria delle società come produttori ausiliari per attività economica",REF_AREA,nazionale,nazionale,1,2026-07-30
98_1066,Misure di produttività - Conti versione 2014,REF_AREA,nazionale,nazionale,1,2026-08-12
98_1066_DF_DCCN_PRODUTTIVITA_B14_1,Indicatori di produttività - edizioni marzo 2015 - marzo 2019,REF_AREA,nazionale,nazionale,1,2026-07-30
98_1066_DF_DCCN_PRODUTTIVITA_B14_2,Contributi alla crescita del valore aggiunto - edizioni marzo 2015 - marzo 2019,REF_AREA,nazionale,nazionale,1,2026-07-30
98_1066_DF_DCCN_PRODUTTIVITA_B14_3,Contributi alla crescita della produttività del lavoro - edizioni marzo 2015 - marzo 2019,REF_AREA,nazionale,nazionale,1,2026-07-30
98_1066_DF_DCCN_PRODUTTIVITA_B14_4,Serie per il calcolo delle produttività - edizioni marzo 2015 - marzo 2019,REF_AREA,nazionale,nazionale,1,2026-07-30
98_1066_DF_DCCN_PRODUTTIVITA_B14_5,Contributi settoriali alla variazione della produttività del lavoro - edizioni marzo 2015 - marzo 2019,REF_AREA,nazionale,nazionale,1,2026-07-30
98_1067,Misure di produttività - Conti versione 2011,REF_AREA,nazionale,nazionale,1,2026-07-30
98_197,Misure di produttività,REF_AREA,nazionale,nazionale,1,2026-07-30
98_197_DF_DCCN_PRODUTTIVITA_1,Indicatori di produttività,REF_AREA,nazionale,nazionale,1,2026-07-30
98_197_DF_DCCN_PRODUTTIVITA_2,Contributi alla crescita del valore aggiunto,REF_AREA,nazionale,nazionale,1,2026-07-30
98_197_DF_DCCN_PRODUTTIVITA_3,Contributi alla crescita della produttività del lavoro,REF_AREA,nazionale,nazionale,1,2026-07-30
98_197_DF_DCCN_PRODUTTIVITA_4,Serie per il calcolo delle produttività,REF_AREA,nazionale,nazionale,1,2026-07-30
98_197_DF_DCCN_PRODUTTIVITA_5,Contributi settoriali alla variazione della produttività del lavoro,REF_AREA,nazionale,nazionale,1,2026-07-30
9_951,Cave e miniere,REF_AREA,regione,nazionale|ripartizione|regione,30,2026-07-31
9_951_DF_DCCV_CAVE_MIN_1,Siti estrattivi,REF_AREA,regione,nazionale|ripartizione|regione,28,2026-07-31
9_951_DF_DCCV_CAVE_MIN_2,Risorse minerali non energetiche estratte (in unità di peso),REF_AREA,regione,nazionale|ripartizione|regione,28,2026-07-31
9_951_DF_DCCV_CAVE_MIN_3,Risorse minerali non energetiche estratte (in unità di volume),REF_AREA,regione,nazionale|ripartizione|regione,28,2026-07-31
9_951_DF_DCCV_CAVE_MIN_4,Acque minerali naturali estratte a fini di produzione (in unità di peso e volume),REF_AREA,regione,nazionale|ripartizione|regione,28,2026-07-31
9_951_DF_DCCV_CAVE_MIN_5,Indicatore Intesità di Estrazione (in unità di peso e volume),REF_AREA,regione,nazionale|ripartizione|regione,30,2026-07-31
CPI,Prezzi al consumo,REF_AREA,nazionale,nazionale,1,2026-07-31
DCAT_CENSAGRIC2020_AGE_INF,Aziende per tipo di informatizzazione ed età del capo azienda,REF_AREA,comune,nazionale|ripartizione|regione|provincia|comune,8021,2026-08-12
DCAT_CENSAGRIC2020_GAIN,Aziende con attività connesse,REF_AREA,comune,nazionale|ripartizione|regione|provincia|comune,8023,2026-08-12
DCCV_CARGEOMOR_COM,Superfici esposte a rischio idrogeologico,REF_AREA,comune,nazionale|ripartizione|regione|provincia|comune,8117,2026-07-31
DCCV_CARGEOMOR_ST_COM,Superfici territoriali,REF_AREA,comune,nazionale|ripartizione|regione|provincia|comune,8717,2026-07-31
DF_BES_TERRIT,Bes dei territori,REF_AREA,provincia,nazionale|ripartizione|regione|provincia,141,2026-07-31
DF_BES_TERRIT_0,Indicatori per singolo territorio,REF_AREA,provincia,nazionale|ripartizione|regione|provincia,141,2026-07-31
DF_BES_TERRIT_0T,Indicatori e territorio,REF_AREA,provincia,nazionale|ripartizione|regione|provincia,141,2026-07-31
DF_BES_TERRIT_1,Salute,REF_AREA,provincia,nazionale|ripartizione|regione|provincia,137,2026-07-31
DF_BES_TERRIT_10,Ambiente,REF_AREA,provincia,nazionale|ripartizione|regione|provincia,141,2026-07-31
DF_BES_TERRIT_11,"Innovazione, ricerca e creatività",REF_AREA,provincia,nazionale|ripartizione|regione|provincia,137,2026-07-31
DF_BES_TERRIT_12,Qualità dei servizi,REF_AREA,provincia,nazionale|ripartizione|regione|provincia,141,2026-07-31
DF_BES_TERRIT_2,Istruzione e formazione,REF_AREA,provincia,nazionale|ripartizione|regione|provincia,141,2026-07-31
DF_BES_TERRIT_3,Lavoro e conciliazione dei tempi di vita,REF_AREA,provincia,nazionale|ripartizione|regione|provincia,137,2026-07-31
DF_BES_TERRIT_4,Benessere economico,REF_AREA,provincia,nazionale|ripartizione|regione|provincia,141,2026-07-31
DF_BES_TERRIT_5,Relazioni sociali,REF_AREA,provincia,nazionale|ripartizione|regione|provincia,137,2026-07-31
DF_BES_TERRIT_6,Politica e istituzioni,REF_AREA,provincia,nazionale|ripartizione|regione|provincia,141,2026-07-31
DF_BES_TERRIT_7,Sicurezza,REF_AREA,provincia,nazionale|ripartizione|regione|provincia,141,2026-07-31
DF_BES_TERRIT_9,Paesaggio e patrimonio culturale,REF_AREA,provincia,nazionale|ripartizione|regione|provincia,141,2026-07-31
DF_CENSAGRIC2020_AGE_TRA,Aziende con corsi di formazione per età del capo azienda,REF_AREA,comune,nazionale|ripartizione|regione|provincia|comune,7898,2026-08-13
DF_COMP_FRA_IND_MUNICIPAL_01,Indice composito di fragilità e sue componenti - livello comunale,REF_AREA,comune,nazionale|ripartizione|regione|provincia|comune,8037,2026-08-02
DF_COMP_FRA_IND_MUNICIPAL_02,Indice composito di fragilità e sue componenti - per singolo comune,REF_AREA,comune,nazionale|ripartizione|regione|provincia|comune,8037,2026-08-02
DF_DCAT_CENSAGRIC2020_AGE,"Aziende e superficie utilizzata e aziende biologiche, per età del capo azienda",REF_AREA,comune,nazionale|ripartizione|regione|provincia|comune,8021,2026-08-13
DF_DCAT_CENSAGRIC2020_AGE_ASS,Aziende per tipo di associazionismo ed età del capo azienda,REF_AREA,comune,nazionale|ripartizione|regione|provincia|comune,7925,2026-08-13
DF_DCAT_CENSAGRIC2020_AGE_EDU,Aziende per titolo di studio ed età del capo azienda,REF_AREA,comune,nazionale|ripartizione|regione|provincia|comune,8021,2026-08-13
DF_DCAT_CENSAGRIC2020_AGE_GAIN,Aziende con attività connesse per età del capo azienda,REF_AREA,comune,nazionale|ripartizione|regione|provincia|comune,7307,2026-08-13
DF_DCAT_CENSAGRIC2020_AGE_GAIN_SPA2023_1,Aziende con attività connesse,REF_AREA,regione,nazionale|ripartizione|regione,28,2026-08-13
DF_DCAT_CENSAGRIC2020_AGE_INV,Aziende per tipo di investimento ed età del capo azienda,REF_AREA,comune,nazionale|ripartizione|regione|provincia|comune,7593,2026-08-13
DF_DCAT_CENSAGRIC2020_AGE_INV_SPA2023_1,Aziende con investimenti,REF_AREA,regione,nazionale|ripartizione|regione,28,2026-08-03
DF_DCAT_CENSAGRIC2020_AGE_MANDUR,Aziende per durata della conduzione ed età del capo azienda,REF_AREA,comune,nazionale|ripartizione|regione|provincia|comune,8021,2026-08-13
DF_DCAT_CENSAGRIC2020_AGE_MANTOV,"Aziende per soggetto da cui è stata rilevata la conduzione, per età del capo azienda",REF_AREA,comune,nazionale|ripartizione|regione|provincia|comune,8021,2026-08-13
DF_DCAT_CENSAGRIC2020_AGE_MAR,Aziende per tipo di commercializzazione ed età del capo azienda,REF_AREA,comune,nazionale|ripartizione|regione|provincia|comune,7973,2026-08-13
DF_DCAT_CENSAGRIC2020_AGE_OWN,Aziende e superifici per titolo di possesso ed età del capo azienda,REF_AREA,comune,nazionale|ripartizione|regione|provincia|comune,8021,2026-08-13
DF_DCAT_CENSAGRIC2020_AGE_SELF,Aziende per autoconsumo della produzione finale ed età del capo azienda,REF_AREA,comune,nazionale|ripartizione|regione|provincia|comune,8017,2026-08-13
DF_DCAT_CENSAGRIC2020_AU_CATTLE_1,Unità agricole e numero di capi per tipo di allevamento e zona altimetrica,REF_AREA,comune,nazionale|ripartizione|regione|provincia|comune,7910,2026-08-13
DF_DCAT_CENSAGRIC2020_CATTLE_SPA2023_1,Aziende e capi per tipo di allevamento,REF_AREA,regione,nazionale|ripartizione|regione,28,2026-08-03
DF_DCAT_CENSAGRIC2020_CROPS_ALL,Aziende con superficie agricola utilizzata per tipo di coltivazione,REF_AREA,comune,nazionale|ripartizione|regione|provincia|comune,8023,2026-08-15
DF_DCAT_CENSAGRIC2020_CROPS_SPA2023_1,Aziende con superficie agricola utilizzata per tipo di coltivazione,REF_AREA,regione,nazionale|ripartizione|regione,28,2026-08-03
DF_DCAT_CENSAGRIC2020_ECSIZE_ALL,Dimensione economica e orientamento tecnico economico,REF_AREA,comune,nazionale|ripartizione|regione|provincia|comune,8023,2026-08-13
DF_DCAT_CENSAGRIC2020_INV_ALL,Aziende con investimenti,REF_AREA,comune,nazionale|ripartizione|regione|provincia|comune,8021,2026-08-13
DF_DCAT_CENSAGRIC2020_IRRCROPS_SPA2023_1,Aziende e superfici irrigate per tipo di coltivazione,REF_AREA,regione,nazionale|ripartizione|regione,28,2026-08-03
DF_DCAT_CENSAGRIC2020_IRRSIS,Aziende e superfici irrigate per sistema di irrigazione,REF_AREA,comune,nazionale|ripartizione|regione|provincia|comune,7831,2026-08-13
DF_DCAT_CENSAGRIC2020_IRRSIS_SPA2023,Aziende e superfici irrigate per sistema di irrigazione,REF_AREA,regione,nazionale|ripartizione|regione,28,2026-08-03
DF_DCAT_CENSAGRIC2020_IRRSOU,Aziende e superfici irrigate per fonte di approvvigionamento,REF_AREA,comune,nazionale|ripartizione|regione|provincia|comune,7831,2026-08-03
DF_DCAT_CENSAGRIC2020_IRRSOU_SPA2023_1,Aziende e superfici irrigate per fonte di approvvigionamento,REF_AREA,regione,nazionale|ripartizione|regione,28,2026-08-03
DF_DCAT_CENSAGRIC2020_LABCAT_ALL,Aziende e giornate di lavoro per sesso e categoria di manodopera,REF_AREA,comune,nazionale|ripartizione|regione|provincia|comune,8021,2026-08-13
DF_DCAT_CENSAGRIC2020_LABCAT_SPA2023_1,Aziende e giornate di lavoro per sesso e categoria di manodopera,REF_AREA,regione,nazionale|ripartizione|regione,28,2026-08-03
DF_DCAT_CENSAGRIC2020_LEGOWN_ALL,Aziende e superfici per forma giuridica e titolo di possesso,REF_AREA,comune,nazionale|ripartizione|regione|provincia|comune,8023,2026-08-13
DF_DCAT_CENSAGRIC2020_LEGOWN_SPA2023_1,Aziende e superfici per forma giuridica e titolo di possesso,REF_AREA,regione,nazionale|ripartizione|regione,28,2026-08-03
DF_DCAT_CENSAGRIC2020_ORG_CROPS,Aziende con superfice biologica per tipo di coltivazione,REF_AREA,comune,nazionale|ripartizione|regione|provincia|comune,6404,2026-08-15
DF_DCAT_CENSAGRIC2020_QUAL_ALL,"Numero e giornate di lavoro del capo azienda per titolo di studio, categoria di manodopera del capo azienda, sesso, età del capo azienda",REF_AREA,provincia,nazionale|ripartizione|regione|provincia,135,2026-08-13
DF_DCAT_CENSAGRIC2020_QUAL_SPA2023_1,"Numero e giornate di lavoro del capo azienda per titolo di studio, categoria di manodopera del capo azienda, sesso, età del capo azienda",REF_AREA,regione,nazionale|ripartizione|regione,28,2026-08-13
DF_DCAT_CENSAGRIC2020_SAUAZONE_SPA2023_1,Aziende per classi di superfici (SAU),REF_AREA,regione,nazionale|ripartizione|regione,28,2026-08-03
DF_DCAT_CENSAGRIC2020_SAU_AZONE_ALL,Aziende per classi di superfici (SAU) e zona altimetrica,REF_AREA,comune,nazionale|ripartizione|regione|provincia|comune,8023,2026-08-13
DF_DCAT_CENSAGRIC2020_SAU_SELF,Aziende per quota di autoconsumo,REF_AREA,comune,nazionale|ripartizione|regione|provincia|comune,8017,2026-08-15
DF_DCAT_CENSAGRIC2020_SAU_SELF_SPA2023_1,Aziende per quota di autoconsumo e classe di superficie,REF_AREA,regione,nazionale|ripartizione|regione,28,2026-08-03
DF_DCAT_CENSAGRIC2020_SAU_SUBC,Aziende per tipo di contoterzismo e classe di superfice,REF_AREA,comune,nazionale|ripartizione|regione|provincia|comune,7198,2026-08-13
DF_DCAT_CENSAGRIC2020_SAU_SUBC_SPA2023_1,Aziende con contoterzismo e classe di superfice,REF_AREA,regione,nazionale|ripartizione|regione,28,2026-08-03
DF_DCAT_CENSAGRIC2020_SAU_TURN,Aziende per fonte di ricavo e classe di superfice,REF_AREA,comune,nazionale|ripartizione|regione|provincia|comune,7994,2026-08-13
DF_DCAT_CENSAGRIC2020_SAU_TURN_1,Aziende per fonte di ricavo e classe di superficie,REF_AREA,regione,nazionale|ripartizione|regione,28,2026-08-03
DF_DCAT_CENSAGRIC2020_SURF_ALL,Aziende agricole e superfici,REF_AREA,comune,nazionale|ripartizione|regione|provincia|comune,8023,2026-08-03
DF_DCAT_CENSAGRIC2020_SURF_IRRCROPS,Aziende e superfici irrigate per tipo di coltivazione,REF_AREA,comune,nazionale|ripartizione|regione|provincia|comune,7831,2026-08-13
DF_DCAT_CENSAGRIC2020_SURF_IRR_CONS,"Aziende e superfici irrigabili, irrigate, consulenza irrigua",REF_AREA,comune,nazionale|ripartizione|regione|provincia|comune,7887,2026-08-03
DF_DCAT_CENSAGRIC2020_SURF_SPA2023_1,Aziende agricole e superfici,REF_AREA,regione,nazionale|ripartizione|regione,28,2026-08-03
DF_DCAT_CENSAGRIC2020_SURF_SPA2023_2,"Aziende e superfici irrigabili, irrigate, consulenza irrigua",REF_AREA,regione,nazionale|ripartizione|regione,28,2026-08-03
DF_DCAT_CENSAGRIC2020_TRAI_SPA2023,"Capi azienda con corsi di formazione, per sesso ed età",REF_AREA,regione,nazionale|ripartizione|regione,28,2026-08-03
DF_DCAT_CENSAGRIC2020_UA_CROPS_1,Unità agricole e superfici per zona altimentrica,REF_AREA,comune,nazionale|ripartizione|regione|provincia|comune,8022,2026-08-13
DF_DCAT_CENSAGRIC2020_UA_CROPS_2,Unità agricole con superficie agricola utilizzata per tipo di coltivazione e zona altimetrica,REF_AREA,comune,nazionale|ripartizione|regione|provincia|comune,8022,2026-08-15
DF_DCSE_CPA_AT2007_COE_OPT_A_REG_ALL_PROV_LAZIO,CPAteco 2007 dato annuale a livello provinciale - dal 1991 - Lazio,REF_AREA,provincia,ripartizione|regione|provincia,8,2026-08-03
DF_DCSE_CPA_AT2007_COE_OPT_A_REG_ALL_REG,CPAteco 2007 dato annuale a livello provinciale - dal 1991 - Regioni,REF_AREA,provincia,ripartizione|regione|provincia,26,2026-08-03
DF_DCSE_CPA_ATECO2007_COE_A_M_CONJ_FIL1,CPA Ateco 2007 dati annuali e mensili a livello nazionale (filtro 1),REF_AREA,provincia,provincia,1,2026-08-03
DF_DCSE_CPA_ATECO2007_COE_A_M_CONJ_FIL2,CPA Ateco 2007 dati annuali e mensili a livello nazionale (filtro 2),REF_AREA,provincia,provincia,1,2026-08-03
DF_DCSE_CPA_ATECO2007_COE_A_Q_CONJ_PROV_LAZIO,CPA Ateco 2007 dati annuali e trimestrali a livello provinciale - Lazio,REF_AREA,provincia,ripartizione|regione|provincia,8,2026-08-03
DF_DCSE_CPA_ATECO2007_COE_A_Q_CONJ_REG,CPA Ateco 2007 dati annuali e trimestrali a livello regionale,REF_AREA,provincia,ripartizione|regione|provincia,30,2026-08-03
DF_DCSE_NC8_A_M_CONJ_2_EXP1,Nomenclatura combinata (NC8) (quantità e valore) dati mensili (Filtro EXP1),REF_AREA,provincia,provincia,1,2026-08-13
DF_DCSE_NC8_A_M_CONJ_2_EXP2,Nomenclatura combinata (NC8) (quantità e valore) dati mensili (Filtro EXP1),REF_AREA,provincia,provincia,1,2026-08-13
DF_DCSS_ABITAZIONI_TV_1,Abitazioni occupate e non occupate - comuni,REF_AREA,comune,nazionale|ripartizione|regione|provincia|comune,8057,2026-08-03
DF_DCSS_ABITAZIONI_TV_2,"Abitazioni occupate a titolo di proprietà, affitto, altro titolo - comuni",REF_AREA,comune,nazionale|ripartizione|regione|provincia|comune,8057,2026-08-13
DF_DCSS_BEST_PPC_1_GC,Famiglie per percezione del rischio di criminalità nella zona in cui abitano - province e grandi comuni,REF_AREA,comune,nazionale|ripartizione|regione|provincia|comune,162,2026-08-03
DF_DCSS_BEST_PPC_2_GC,Persone di 14 anni e più per livello di soddisfazione della vita - province e grandi comuni,REF_AREA,comune,nazionale|ripartizione|regione|provincia|comune,162,2026-08-13
DF_DCSS_BEST_PPC_3_GC,Persone di 14 anni e più che hanno parenti su cui contare - province e grandi comuni,REF_AREA,comune,nazionale|ripartizione|regione|provincia|comune,162,2026-08-03
DF_DCSS_BEST_PPC_4_GC,Persone di 14 anni e più che hanno amici su cui contare - province e grandi comuni,REF_AREA,comune,nazionale|ripartizione|regione|provincia|comune,162,2026-08-03
DF_DCSS_BEST_PPC_5_GC,Persone di 14 anni e più che hanno vicini su cui contare - province e grandi comuni,REF_AREA,comune,nazionale|ripartizione|regione|provincia|comune,162,2026-08-03
DF_DCSS_BEST_PPC_6_GC,Persone di 14 anni e più per percezione della sicurezza camminando al buio da soli nella zona in cui abitano - province e grandi comuni,REF_AREA,comune,nazionale|ripartizione|regione|provincia|comune,162,2026-08-13
DF_DCSS_CARS_1,Automobili di proprietà per cittadinanza del proprietario - comuni,REF_AREA,comune,nazionale|ripartizione|regione|provincia|comune,8031,2026-08-13
DF_DCSS_CARS_2,Automobili di proprietà per numero di componenti della famiglia - comuni,REF_AREA,comune,nazionale|ripartizione|regione|provincia|comune,8031,2026-08-03
DF_DCSS_CARS_3,Automobili di proprietà per cittadinanza dei componenti della famiglia - comuni,REF_AREA,comune,nazionale|ripartizione|regione|provincia|comune,8031,2026-08-03
DF_DCSS_CARS_PARK_1,Automobili di proprietà per cittadinanza del proprietario - comuni,REF_AREA,comune,nazionale|ripartizione|regione|provincia|comune,8031,2026-08-15
DF_DCSS_CARS_PARK_2,Automobili di proprietà per numero di componenti della famiglia - comuni,REF_AREA,comune,nazionale|ripartizione|regione|provincia|comune,8031,2026-08-13
DF_DCSS_CARS_PARK_3,Automobili di proprietà per cittadinanza dei componenti della famiglia - comuni,REF_AREA,comune,nazionale|ripartizione|regione|provincia|comune,8031,2026-08-15
DF_DCSS_CONVIVENZE_TV_1,"Popolazione residente in convivenza per tipo di convivenza, sesso, classi di età e cittadinanza - province e grandi comuni",REF_AREA,comune,nazionale|ripartizione|regione|provincia|comune,5658,2026-08-15
DF_DCSS_CONVIVENZE_TV_2,Popolazione residente in convivenza per tipo di convivenza e sesso - comuni,REF_AREA,comune,nazionale|ripartizione|regione|provincia|comune,5658,2026-08-15
DF_DCSS_CONVIVENZE_TV_3,Convivenze anagrafiche per numero di componenti in convivenza - province e grandi comuni,REF_AREA,comune,nazionale|ripartizione|regione|provincia|comune,5658,2026-08-13
DF_DCSS_CONVIVENZE_TV_4,Convivenze anagrafiche per tipo di convivenza - comuni,REF_AREA,comune,nazionale|ripartizione|regione|provincia|comune,5658,2026-08-15
DF_DCSS_EMPLP_1_COM,Occupati per sesso e posizione nella professione - comuni,REF_AREA,comune,nazionale|ripartizione|regione|provincia|comune,8039,2026-08-13
DF_DCSS_EMPLP_2_COM,Occupati per sesso e settori di attività economica - comuni,REF_AREA,comune,nazionale|ripartizione|regione|provincia|comune,8039,2026-08-15
DF_DCSS_FAMIGLIE_TV_1,Famiglie per numero di componenti - comuni,REF_AREA,comune,nazionale|ripartizione|regione|provincia|comune,8047,2026-08-15
DF_DCSS_FAMIGLIE_TV_2,Famiglie con almeno uno straniero residente  - comuni,REF_AREA,comune,nazionale|ripartizione|regione|provincia|comune,8036,2026-08-15
DF_DCSS_FAMIGLIE_TV_3,Famiglie con tutti i componenti stranieri - comuni,REF_AREA,comune,nazionale|ripartizione|regione|provincia|comune,8019,2026-08-15
DF_DCSS_FAMILY_NUCLEI_1_GC,Nuclei familiari per tipo di nucleo e numero di figli - province e grandi comuni,REF_AREA,comune,nazionale|ripartizione|regione|provincia|comune,160,2026-08-15
DF_DCSS_FAMILY_NUCLEI_2_GC,"Coppie per tipo di coppia, stato coniugale e presenza di figli - province e grandi comuni",REF_AREA,comune,nazionale|ripartizione|regione|provincia|comune,160,2026-08-15
DF_DCSS_FAMILY_NUCLEI_3_GC,"Coppie per classe di età del partner 1, del partner 2 e presenza di figli - province e grandi comuni",REF_AREA,comune,nazionale|ripartizione|regione|provincia|comune,160,2026-08-15
DF_DCSS_FAMILY_NUCLEI_4_GC,"Nuclei familiari monogenitore per tipo di nucleo, sesso e classe di età del genitore - province e grandi comuni",REF_AREA,comune,nazionale|ripartizione|regione|provincia|comune,160,2026-08-15
DF_DCSS_FAM_POP_TV_1,Numero di famiglie e popolazione residente in famiglia - comuni,REF_AREA,comune,nazionale|ripartizione|regione|provincia|comune,8126,2026-08-13
DF_DCSS_FAM_POP_TV_2,Numero medio di componenti per famiglia - comuni,REF_AREA,comune,nazionale|ripartizione|regione|provincia|comune,8126,2026-08-13
DF_DCSS_FORPOP_1_GC,Popolazione straniera per stato civile - province e grandi comuni,REF_AREA,comune,nazionale|ripartizione|regione|provincia|comune,160,2026-08-15
DF_DCSS_FORPOP_2_GC,Popolazione straniera per posizione in famiglia o non in famiglia - province e grandi comuni,REF_AREA,comune,nazionale|ripartizione|regione|provincia|comune,160,2026-08-15
DF_DCSS_FORPOP_3_GC,Popolazione straniera per posizione nel nucleo - province e grandi comuni,REF_AREA,comune,nazionale|ripartizione|regione|provincia|comune,160,2026-08-15
DF_DCSS_FPHH_FNCL_1_GC,"Popolazione straniera residente in famiglia per sesso, classe di età e tipologia della famiglia - province e grandi comuni",REF_AREA,comune,nazionale|ripartizione|regione|provincia|comune,160,2026-08-15
DF_DCSS_FPHH_FNCL_2_GC,Famiglie con almeno uno straniero residente per tipologia di famiglia - province e grandi comuni,REF_AREA,comune,nazionale|ripartizione|regione|provincia|comune,160,2026-08-13
DF_DCSS_FPHH_FNCL_3_GC,Nuclei familiari con almeno uno straniero residente per tipologia di nucleo e area geografica di cittadinanza della persona di riferimento - province e grandi comuni,REF_AREA,comune,nazionale|ripartizione|regione|provincia|comune,160,2026-08-13
DF_DCSS_HCUE_COM_1_COM,Popolazione per stato civile - comuni,REF_AREA,comune,nazionale|ripartizione|regione|provincia|comune,8045,2026-08-15
DF_DCSS_HCUE_COM_2_COM,Popolazione per posizione in famiglia o non in famiglia - comuni,REF_AREA,comune,nazionale|ripartizione|regione|provincia|comune,8045,2026-08-15
DF_DCSS_HCUE_COM_3_COM,Popolazione per paese di nascita - comuni,REF_AREA,comune,nazionale|ripartizione|regione|provincia|comune,8045,2026-08-15
DF_DCSS_HCUE_COM_4_COM,Famiglie per tipo di famiglia - comuni,REF_AREA,comune,nazionale|ripartizione|regione|provincia|comune,8039,2026-08-15
DF_DCSS_HCUE_COM_5_COM,Nuclei familiari per tipo di nucleo familiare - comuni,REF_AREA,comune,nazionale|ripartizione|regione|provincia|comune,8039,2026-08-15
DF_DCSS_HCUE_COM_6_COM,Nuclei familiari per numero di componenti - comuni,REF_AREA,comune,nazionale|ripartizione|regione|provincia|comune,8039,2026-08-15
DF_DCSS_HCUE_COM_7_COM,Abitazioni occupate e non occupate per tipo di edificio - comuni,REF_AREA,comune,nazionale|ripartizione|regione|provincia|comune,8041,2026-08-13
DF_DCSS_HCUE_COM_8_COM,Alloggi occupati - comuni,REF_AREA,comune,nazionale|ripartizione|regione|provincia|comune,8041,2026-08-15
DF_DCSS_HUDW_1_COM,Famiglie per titolo di godimento - comuni,REF_AREA,comune,nazionale|ripartizione|regione|provincia|comune,8039,2026-08-15
DF_DCSS_HUDW_2_PROV,Abitazioni per epoca di costruzione e stato di occupazione - regioni e province,REF_AREA,provincia,nazionale|ripartizione|regione|provincia,135,2026-08-15
DF_DCSS_HUDW_3_PROV,Abitazioni occupate da almeno una persona residente per classi di superficie e numero di occupanti - regioni e province,REF_AREA,provincia,nazionale|ripartizione|regione|provincia,135,2026-08-15
DF_DCSS_HUDW_4_PROV,Abitazioni occupate da almeno una persona residente per densità abitativa - regioni e province,REF_AREA,provincia,nazionale|ripartizione|regione|provincia,135,2026-08-15
DF_DCSS_HUDW_5_PROV,Abitazioni occupate da almeno una persona residente per tipo di impianto di riscaldamento - regioni e province,REF_AREA,provincia,nazionale|ripartizione|regione|provincia,135,2026-08-15
DF_DCSS_HUDW_6_COM,Famiglie per tipo di alloggio - comuni,REF_AREA,comune,nazionale|ripartizione|regione|provincia|comune,8035,2026-08-16
DF_DCSS_ISTR_LAV_PEN_2_TV_1,Popolazione residente di 9 anni e più per grado di istruzione ed età - comuni,REF_AREA,comune,nazionale|ripartizione|regione|provincia|comune,12471,2026-08-13
DF_DCSS_ISTR_LAV_PEN_2_TV_2,Popolazione residente di 9 anni e più per grado di istruzione e cittadinanza - comuni,REF_AREA,comune,nazionale|ripartizione|regione|provincia|comune,12471,2026-08-13
DF_DCSS_ISTR_LAV_PEN_2_TV_3,Popolazione residente di 15 anni e più per condizione professionale ed età - comuni,REF_AREA,comune,nazionale|ripartizione|regione|provincia|comune,12471,2026-08-13
DF_DCSS_ISTR_LAV_PEN_2_TV_4,Popolazione residente di 15 anni e più per condizione professionale e cittadinanza - comuni,REF_AREA,comune,nazionale|ripartizione|regione|provincia|comune,12471,2026-08-13
DF_DCSS_ISTR_LAV_PEN_2_TV_5,Popolazione residente che si sposta giornalmente per studio o lavoro - comuni,REF_AREA,comune,nazionale|ripartizione|regione|provincia|comune,8114,2026-08-13
DF_DCSS_LCAS_FRISC_1,Occupati per utilizzo di lavoro da casa e sesso - province e grandi comuni,REF_AREA,comune,nazionale|ripartizione|regione|provincia|comune,162,2026-08-16
DF_DCSS_LCAS_FRISC_2,Occupati per utilizzo di lavoro da casa e classi di età - province e grandi comuni,REF_AREA,comune,nazionale|ripartizione|regione|provincia|comune,162,2026-08-13
DF_DCSS_LCAS_FRISC_3,Popolazione residente di 14 anni e più per frequenza di un corso di formazione/aggiornamento professionale e sesso - province e grandi comuni,REF_AREA,comune,nazionale|ripartizione|regione|provincia|comune,162,2026-08-13
DF_DCSS_LCAS_FRISC_4,Popolazione residente fino a 8 anni per frequenza di asilo nido/scuola dell'infanzia/scuola primaria e sesso - province e grandi comuni,REF_AREA,comune,nazionale|ripartizione|regione|provincia|comune,162,2026-08-13
DF_DCSS_LCAS_FRISC_5,Popolazione residente di 9 anni e più per iscrizione a un corso regolare di studi  - province e grandi comuni,REF_AREA,comune,nazionale|ripartizione|regione|provincia|comune,162,2026-08-13
DF_DCSS_MIGR_BACKG_PAR_TV_10_COM,"Popolazione straniera nata in italia e all'estero per grado di istruzione, cittadinanza e luogo di nascita dei genitori - comuni",REF_AREA,comune,nazionale|ripartizione|regione|provincia|comune,12471,2026-08-13
DF_DCSS_MIGR_BACKG_PAR_TV_1_COM,"Popolazione italiana dalla nascita, italiana per acquisizione e straniera/apolide per luogo di nascita dei genitori - comuni",REF_AREA,comune,nazionale|ripartizione|regione|provincia|comune,12471,2026-08-13
DF_DCSS_MIGR_BACKG_PAR_TV_2_COM,Popolazione italiana nata in Italia per luogo di nascita dei genitori - comuni,REF_AREA,comune,nazionale|ripartizione|regione|provincia|comune,12471,2026-08-13
DF_DCSS_MIGR_BACKG_PAR_TV_3_COM,Popolazione italiana nata all'estero (immigrata) per luogo di nascita dei genitori - comuni,REF_AREA,comune,nazionale|ripartizione|regione|provincia|comune,12471,2026-08-13
DF_DCSS_MIGR_BACKG_PAR_TV_4_COM,Popolazione italiana per acquisizione nata in Italia per cittadinanza precedente e luogo di nascita dei genitori - comuni,REF_AREA,comune,nazionale|ripartizione|regione|provincia|comune,12471,2026-08-13
DF_DCSS_MIGR_BACKG_PAR_TV_5_COM,Popolazione italiana per acquisizione nata all'estero (immigrata) per cittadinanza precedente e luogo di nascita dei genitori - comuni,REF_AREA,comune,nazionale|ripartizione|regione|provincia|comune,12471,2026-08-13
DF_DCSS_MIGR_BACKG_PAR_TV_6_COM,Popolazione straniera nata in Italia per cittadinanza e luogo di nascita dei genitori - comuni,REF_AREA,comune,nazionale|ripartizione|regione|provincia|comune,12471,2026-08-13
DF_DCSS_MIGR_BACKG_PAR_TV_7_COM,Popolazione straniera nata all'estero (immigrata) per cittadinanza e luogo di nascita dei genitori - comuni,REF_AREA,comune,nazionale|ripartizione|regione|provincia|comune,12471,2026-08-13
DF_DCSS_MIGR_BACKG_PAR_TV_8_COM,Popolazione italiana nata in Italia e all'estero per grado di istruzione e luogo di nascita dei genitori - comuni,REF_AREA,comune,nazionale|ripartizione|regione|provincia|comune,12471,2026-08-13
DF_DCSS_MIGR_BACKG_PAR_TV_9_COM,"Popolazione italiana per acquisizione nata in Italia e all'estero per grado di istruzione, cittadinanza precedente e luogo di nascita dei genitori - comuni",REF_AREA,comune,nazionale|ripartizione|regione|provincia|comune,12471,2026-08-13
DF_DCSS_POPHH_PHH_1_GC,"Popolazione residente in famiglia per sesso, classe di età, e posizione nella famiglia - province e grandi comuni",REF_AREA,comune,nazionale|ripartizione|regione|provincia|comune,8039,2026-08-16
DF_DCSS_POPHH_PHH_2_COM,Popolazione residente in famiglia per tipologia della famiglia - comuni,REF_AREA,comune,nazionale|ripartizione|regione|provincia|comune,8039,2026-08-16
DF_DCSS_POPHH_PHH_3_GC,Popolazione residente in famiglia per numero di componenti e tpologia della famiglia - province e grandi comuni,REF_AREA,comune,nazionale|ripartizione|regione|provincia|comune,8039,2026-08-16
DF_DCSS_POPHH_PHH_4_COM,Famiglie per tipologia della famiglia - comuni,REF_AREA,comune,nazionale|ripartizione|regione|provincia|comune,8039,2026-08-16
DF_DCSS_POPHH_PHH_5_GC,Famiglie per numero di componenti e tipologia della famiglia - province e grandi comuni,REF_AREA,comune,nazionale|ripartizione|regione|provincia|comune,8039,2026-08-16
DF_DCSS_POPRESABR_1_GC,"Popolazione che è stata residente all'estero per classi di età,  anno di arrivo e luogo di dimora abituale 1 anno prima rispetto alla dimora attuale - province e grandi comuni",REF_AREA,comune,nazionale|ripartizione|regione|provincia|comune,160,2026-08-13
DF_DCSS_POPRESABR_2_GC,Popolazione che è stata residente all'estero per anno di arrivo e luogo di nascita - province e grandi comuni,REF_AREA,comune,nazionale|ripartizione|regione|provincia|comune,160,2026-08-16
DF_DCSS_POPRESABR_3_GC,Popolazione che è stata residente all'estero per anno di arrivo e area geografica di cittadinanza - province e grandi comuni,REF_AREA,comune,nazionale|ripartizione|regione|provincia|comune,160,2026-08-16
DF_DCSS_POPRESABR_4_REGIO,"Popolazione che è stata residente all'estero per anno di arrivo, luogo di nascita e area geografica di cittadinanza - regioni",REF_AREA,comune,nazionale|ripartizione|regione|provincia|comune,160,2026-08-16
DF_DCSS_POPRES_SERIES_TV_1,Popolazione residente - Serie storica,REF_AREA,comune,nazionale|ripartizione|regione|provincia|comune,8061,2026-08-13
DF_DCSS_POP_CAMPI_ATTR_TV_1,"Popolazione che vive nei campi attrezzati, negli insediamenti tollerati e spontanei - comuni",REF_AREA,comune,nazionale|ripartizione|regione|provincia|comune,288,2026-08-13
DF_DCSS_POP_DEMCITMIG_SETA_1,"Popolazione residente per singole età, sesso e cittadinanza - comuni",REF_AREA,comune,nazionale|ripartizione|regione|provincia|comune,12471,2026-08-13
DF_DCSS_POP_DEMCITMIG_TV_1,Popolazione residente per classi di età (quinquennali) e sesso - comuni,REF_AREA,comune,nazionale|ripartizione|regione|provincia|comune,12471,2026-08-13
DF_DCSS_POP_DEMCITMIG_TV_2,"Popolazione residente per classi di età (decennali), sesso e cittadinanza - comuni",REF_AREA,comune,nazionale|ripartizione|regione|provincia|comune,12471,2026-08-13
DF_DCSS_POP_DEMCITMIG_TV_3,Popolazione straniera residente per area geografica e paesi di cittadinanza - comuni,REF_AREA,comune,nazionale|ripartizione|regione|provincia|comune,12471,2026-08-13
DF_DCSS_POP_DEMCITMIG_TV_4,Popolazione straniera residente per principali paesi di cittadinanza - comuni con più di 20.000 ab.,REF_AREA,comune,nazionale|ripartizione|regione|provincia|comune,8081,2026-08-16
DF_DCSS_POP_DEMCITMIG_TV_5,Indicatori demografici - comuni,REF_AREA,comune,nazionale|ripartizione|regione|provincia|comune,8126,2026-08-16
DF_DCSS_POP_LEGALE_TV,Popolazione legale pubblicata nella GU Serie Generale n.53 del 03-03-2023 - Suppl. Ordinario n.10,REF_AREA,comune,nazionale|ripartizione|regione|provincia|comune,8038,2026-08-16
DF_DCSS_RESPOP_PL1Y_1_GC,Popolazione residente per classe di età e luogo di dimora abituale 1 anno prima rispetto alla dimora attuale - province e grandi comuni,REF_AREA,comune,nazionale|ripartizione|regione|provincia|comune,159,2026-08-16
DF_DCSS_RESPOP_PL1Y_2_GC,Popolazione residente per cittadinanza e luogo di dimora abituale 1 anno prima rispetto alla dimora attuale - province e grandi comuni,REF_AREA,comune,nazionale|ripartizione|regione|provincia|comune,159,2026-08-13
DF_DCSS_RESPOP_PL1Y_3_GC,Popolazione residente per classe di età e luogo di dimora abituale 1 anno prima - province e grandi comuni,REF_AREA,comune,nazionale|ripartizione|regione|provincia|comune,159,2026-08-16
DF_DCSS_RESPOP_PL1Y_4_GC,Popolazione residente per cittadinanza e luogo di dimora abituale 1 anno prima - province e grandi comuni,REF_AREA,comune,nazionale|ripartizione|regione|provincia|comune,159,2026-08-16
DF_DCSS_RESPOP_PL1Y_5_GC,Popolazione residente per grado di istruzione e luogo di dimora abituale 1 anno prima rispetto alla dimora attuale - province e grandi comuni,REF_AREA,comune,nazionale|ripartizione|regione|provincia|comune,159,2026-08-13
DF_DCSS_RESPOP_PL1Y_6_GC,Popolazione residente per condizione professionale e luogo di dimora abituale 1 anno prima rispetto alla dimora attuale - province e grandi comuni,REF_AREA,comune,nazionale|ripartizione|regione|provincia|comune,12471,2026-08-13
DF_DCSS_SENZA_TETTO_TV_1,Persone senza tetto e senza fissa dimora - comuni,REF_AREA,comune,nazionale|ripartizione|regione|provincia|comune,2390,2026-08-16
DF_DIPS_SIR_IND_TERR_DRT_MUN_1,Indicatori e territorio,REF_AREA,comune,nazionale|ripartizione|regione|provincia|comune,8348,2026-08-16
DF_DIPS_SIR_IND_TERR_DRT_MUN_2,Indicatori per singolo territorio,REF_AREA,comune,nazionale|ripartizione|regione|provincia|comune,8348,2026-08-16
DF_DIPS_SIR_IND_TERR_DRT_OCC_RBI_MUN_1,Indicatori e territorio (addetti - imprese),REF_AREA,comune,nazionale|ripartizione|regione|provincia|comune,8360,2026-08-13
DF_DIPS_SIR_IND_TERR_DRT_OCC_RBI_MUN_2,Indicatori per singolo territorio (addetti - imprese),REF_AREA,comune,nazionale|ripartizione|regione|provincia|comune,8360,2026-08-13
DF_DIPS_SIR_IND_TERR_DRT_OCC_RBI_MUN_3,Indicatori e territorio (indipendenti),REF_AREA,comune,nazionale|ripartizione|regione|provincia|comune,8360,2026-08-13
DF_DIPS_SIR_IND_TERR_DRT_OCC_RBI_MUN_4,Indicatori per singolo territorio (indipendenti),REF_AREA,comune,nazionale|ripartizione|regione|provincia|comune,8360,2026-08-13
DF_DIPS_SIR_IND_TERR_DRT_OCC_RBI_MUN_5,Indicatori e territorio (dipendenti),REF_AREA,comune,nazionale|ripartizione|regione|provincia|comune,8360,2026-08-13
DF_DIPS_SIR_IND_TERR_DRT_OCC_RBI_MUN_6,Indicatori per singolo territorio (dipendenti),REF_AREA,comune,nazionale|ripartizione|regione|provincia|comune,8360,2026-08-13
DF_DIPS_SIR_IND_TERR_DRT_OCC_RBI_SLL_1,Indicatori per Sistemi Locali del Lavoro (SLL),REF_AREA,nazionale,nazionale,613,2026-08-13
DF_DIPS_SIR_IND_TERR_DRT_OCC_RBI_SLL_2,Indicatori per singolo Sistema Locale del Lavoro (SLL),REF_AREA,nazionale,nazionale,613,2026-08-13
DF_TEST_DCIS_ABORTISPONTL,DF TEST IT,REF_AREA,provincia,nazionale|ripartizione|regione|provincia,141,2026-08-20
DF_TEST_DCIS_ABORTISPONTL,DF TEST IT,RESIDENCE_TERR,provincia,nazionale|ripartizione|regione|provincia,31,2026-08-20
DF_TST,Crops in Italy,REF_AREA,provincia,nazionale|ripartizione|regione|provincia,143,2026-08-20
EMP,Occupazione,REF_AREA,nazionale,nazionale,1,2026-08-16
FSI07,Indicatori di solidità finanziaria,REF_AREA,nazionale,nazionale,1,2026-08-16
GGO,Operazioni del governo,REF_AREA,nazionale,nazionale,1,2026-08-16
IND,Indice della produzione industriale,REF_AREA,nazionale,nazionale,1,2026-08-16
MET,Commercio,REF_AREA,nazionale,nazionale,1,2026-08-16
NAG_08,Conti nazionali - metodologia 2008,REF_AREA,nazionale,nazionale,1,2026-08-16
POP,Popolazione,REF_AREA,nazionale,nazionale,1,2026-08-16
PPI,Prezzi alla produzione,REF_AREA,nazionale,nazionale,1,2026-08-16
SDDS_PLUS_CPI_DF_167_744_1,Prezzi al consumo,REF_AREA,nazionale,nazionale,1,2026-08-16
SDDS_PLUS_NAG_08_DF_163_156_1,Conti nazionali - prezzi correnti,REF_AREA,nazionale,nazionale,1,2026-08-16
SDDS_PLUS_NAG_08_DF_163_156_2,Conti nazionali - valori concatenati,REF_AREA,nazionale,nazionale,1,2026-08-16
SDDS_PLUS_POP_DF_22_315_1,Popolazione,REF_AREA,nazionale,nazionale,1,2026-08-16
TEST_LINKED_DF_DCSP_PREZZIAGR_1,TEST_LINKED_DF_DCSP_PREZZIAGR_1,REF_AREA,nazionale,nazionale,1,2026-08-16
UEM,Disoccupazione,REF_AREA,nazionale,nazionale,1,2026-08-16
WOE,Retribuzioni contrattuali,REF_AREA,nazionale,nazionale,1,2026-08-16
