df_id,df_description,status,source,n_dims,n_codes,error_count,last_error,checked_at
101_1015,Coltivazioni,ok,hub,5,471,0,"",2026-07-16
101_1015_DF_DCSP_COLTIVAZIONI_1,Superfici e produzione - dati in complesso,ok,hub,4,443,0,"",2026-07-16
101_1015_DF_DCSP_COLTIVAZIONI_10,Intenzioni di semina,ok,hub,4,62,0,"",2026-07-16
101_1015_DF_DCSP_COLTIVAZIONI_2,Superfici e produzione - dati in complesso - prov,ok,hub,4,443,0,"",2026-07-16
101_1030,Prodotti agroalimentari di qualità DOP/IGP e STG,ok,hub,10,575,0,"",2026-07-16
101_1030_DF_DCSP_DOPIGP_1,Operatori per settore,ok,hub,7,171,0,"",2026-07-16
101_1030_DF_DCSP_DOPIGP_2,Operatori per prodotto,ok,hub,6,395,0,"",2026-07-16
101_1030_DF_DCSP_DOPIGP_3,Dinamica degli operatori,ok,hub,5,29,0,"",2026-07-16
101_1030_DF_DCSP_DOPIGP_4,"Prodotti DOP, IGP e STG attivi",ok,hub,5,34,0,"",2026-07-16
101_1030_DF_DCSP_DOPIGP_5,Processo di lavorazione per zona altimetrica,ok,hub,9,204,0,"",2026-07-16
101_1030_DF_DCSP_DOPIGP_6,Processo di lavorazione per sesso del conduttore,ok,hub,9,203,0,"",2026-07-16
101_1033,Macellazioni,ok,hub,5,108,0,"",2026-07-16
101_1033_DF_DASH_DCSP_MACELLAZIONI_1,Carni - dati mensili,ok,hub,4,65,0,"",2026-07-16
101_1033_DF_DCSP_MACELLAZIONI_1,Carni rosse - dati mensili,ok,hub,4,39,0,"",2026-07-16
101_1033_DF_DCSP_MACELLAZIONI_2,Carni bianche - dati mensili,ok,hub,4,67,0,"",2026-07-16
101_1033_DF_DCSP_MACELLAZIONI_3,Carni rosse - dati annuali,ok,hub,5,82,0,"",2026-07-16
101_1033_DF_DCSP_MACELLAZIONI_4,Carni bianche - dati annuali,ok,hub,4,61,0,"",2026-07-16
101_1039,Agriturismo - comuni,ok,hub,4,5639,0,"",2026-07-16
101_1039_DF_DCSP_AGRITURISMO_COM_1,Agriturismo - comuni,ok,hub,4,5639,0,"",2026-07-16
101_1077,Prodotti di qualità DOP/IGP e STG: operatori - dati comunali,ok,hub,3,5947,0,"",2026-07-16
101_1077_DF_DCSP_DOPIGP_COM_1,Prodotti di qualità DOP/IGP e STG: operatori - dati comunali,ok,hub,3,5947,0,"",2026-07-16
101_12,Prezzi dei prodotti agricoli,ok,hub,5,84,0,"",2026-07-16
101_12_DF_DCSP_PREZZIAGR_1,"Indice dei prezzi dei prodotti acquistati dagli agricoltori, mensile (base 2015)",ok,hub,4,38,0,"",2026-07-16
101_12_DF_DCSP_PREZZIAGR_10,"Indice dei prezzi alla produzione dei prodotti venduti dagli agricoltori, mensile (base 2020)",ok,hub,4,27,0,"",2026-07-16
101_12_DF_DCSP_PREZZIAGR_11,"Indice dei prezzi dei prodotti acquistati dagli agricoltori, media annua (base 2020)",ok,hub,4,37,0,"",2026-07-16
101_12_DF_DCSP_PREZZIAGR_12,"Indice dei prezzi alla produzione dei prodotti venduti dagli agricoltori, media annua (base 2020)",ok,hub,4,26,0,"",2026-07-16
101_12_DF_DCSP_PREZZIAGR_2,"Indice dei prezzi alla produzione dei prodotti venduti dagli agricoltori, mensile (base 2015)",ok,hub,4,27,0,"",2026-07-16
101_12_DF_DCSP_PREZZIAGR_3,"Indice dei prezzi dei prodotti acquistati dagli agricoltori, media annua (base 2015)",ok,hub,4,37,0,"",2026-07-16
101_12_DF_DCSP_PREZZIAGR_4,"Indice dei prezzi alla produzione dei prodotti venduti dagli agricoltori, media annua (base 2015)",ok,hub,4,26,0,"",2026-07-16
101_12_DF_DCSP_PREZZIAGR_5,"Indice dei prezzi dei prodotti acquistati dagli agricoltori, mensile (base 2010)",ok,hub,4,36,0,"",2026-07-16
101_12_DF_DCSP_PREZZIAGR_6,"Indice dei prezzi alla produzione dei prodotti venduti dagli agricoltori, mensile (base 2010)",ok,hub,4,25,0,"",2026-07-16
101_12_DF_DCSP_PREZZIAGR_7,"Indice dei prezzi dei prodotti acquistati dagli agricoltori, media annua (base 2010)",ok,hub,4,36,0,"",2026-07-16
101_12_DF_DCSP_PREZZIAGR_8,"Indice dei prezzi alla produzione dei prodotti venduti dagli agricoltori, media annua (base 2010)",ok,hub,4,25,0,"",2026-07-16
101_12_DF_DCSP_PREZZIAGR_9,"Indice dei prezzi dei prodotti acquistati dagli agricoltori, mensile (base 2020)",ok,hub,4,38,0,"",2026-07-16
101_148,Risultati economici delle aziende agricole,ok,hub,10,113,0,"",2026-07-16
101_148_DF_DCSP_RICAREA_1,Risultati economici delle aziende agricole - Principali dati,ok,hub,4,47,0,"",2026-07-16
101_148_DF_DCSP_RICAREA_2,Valori economici medi per azienda per classe di ULA,ok,hub,4,28,0,"",2026-07-16
101_148_DF_DCSP_RICAREA_3,Valori economici medi per azienda per classe di fatturato,ok,hub,4,32,0,"",2026-07-16
101_148_DF_DCSP_RICAREA_4,Valori economici medi per azienda per forma giuridica,ok,hub,4,29,0,"",2026-07-16
101_148_DF_DCSP_RICAREA_5,Idicatori di performance per settore,ok,hub,4,19,0,"",2026-07-16
101_22,Fitosanitari,ok,hub,7,254,0,"",2026-07-16
101_22_DF_DCSP_FITOSANITARI_1,Prodotti distribuiti - prov.,ok,hub,5,159,0,"",2026-07-16
101_22_DF_DCSP_FITOSANITARI_2,Principi attivi contenuti - prov.,ok,hub,4,193,0,"",2026-07-16
101_22_DF_DCSP_FITOSANITARI_3,Utilizzo per tipo di coltura - Principali dati,ok,hub,5,42,0,"",2026-07-16
101_22_DF_DCSP_FITOSANITARI_4,Utilizzo - dettaglio di principio attivo,ok,hub,5,75,0,"",2026-07-16
101_22_DF_DCSP_FITOSANITARI_5,Classe di trattamenti effettuati,ok,hub,6,29,0,"",2026-07-16
101_959,Latte e prodotti lattiero caseari,ok,hub,6,166,0,"",2026-07-16
101_959_DF_DCSP_LATTE_1,Prodotti - dati mensili,ok,hub,4,11,0,"",2026-07-16
101_959_DF_DCSP_LATTE_2,Prodotti per tipo di unità produttiva,ok,hub,5,88,0,"",2026-07-16
101_959_DF_DCSP_LATTE_3,Quantità di materie prime fresche importate,ok,hub,4,8,0,"",2026-07-16
101_959_DF_DCSP_LATTE_4,Prodotti e stabilimenti per classi di tonnellate di prodotto,ok,hub,6,123,0,"",2026-07-16
101_959_DF_DCSP_LATTE_5,Stabilimenti per unità produttive - reg,ok,hub,4,39,0,"",2026-07-16
101_959_DF_DCSP_LATTE_6,Prodotti - reg,ok,hub,4,110,0,"",2026-07-16
101_961,Consistenze degli allevamenti,ok,hub,5,72,0,"",2026-07-16
101_961_DF_DCSP_CONSISTENZE_1,Consistenze al 1° dicembre - reg,ok,hub,5,69,0,"",2026-07-16
101_961_DF_DCSP_CONSISTENZE_2,Consistenze al 1° giugno,ok,hub,5,37,0,"",2026-07-16
101_962,Import export di bestiame,ok,hub,5,30,0,"",2026-07-16
101_962_DF_DCSP_LIVESTIMPEXP_1,Animali vivi - dati mensili,ok,hub,5,21,0,"",2026-07-16
101_962_DF_DCSP_LIVESTIMPEXP_2,Animali vivi - dati annuali,ok,hub,5,21,0,"",2026-07-16
101_962_DF_DCSP_LIVESTIMPEXP_3,Carni - dati mensili,ok,hub,5,14,0,"",2026-07-16
101_962_DF_DCSP_LIVESTIMPEXP_4,Carni - dati annuali,ok,hub,5,18,0,"",2026-07-16
101_965,Agriturismo,ok,hub,9,197,0,"",2026-07-16
101_965_DF_DCSP_AGRITURISMO_1,Aziende autorizzate - prov,ok,hub,5,149,0,"",2026-07-16
101_965_DF_DCSP_AGRITURISMO_2,Servizi agrituristici,ok,hub,5,179,0,"",2026-07-16
101_965_DF_DCSP_AGRITURISMO_3,Zona altimetrica e sesso del conduttore - prov,ok,hub,6,151,0,"",2026-07-16
101_965_DF_DCSP_AGRITURISMO_4,Durata dell'autorizzazione - prov,ok,hub,5,150,0,"",2026-07-16
101_965_DF_DCSP_AGRITURISMO_5,Dinamica autorizzazioni - prov,ok,hub,4,146,0,"",2026-07-16
102_974,Struttura delle aziende agricole,ok,hub,16,273,0,"",2026-07-16
102_974_DF_DCSP_SPA_1,Aziende e superfici per titolo di possesso,ok,hub,5,50,0,"",2026-07-16
102_974_DF_DCSP_SPA_10,Aziende con energia rinnovabile,ok,hub,5,42,0,"",2026-07-16
102_974_DF_DCSP_SPA_11,Aziende e mezzi meccanici,ok,hub,6,51,0,"",2026-07-16
102_974_DF_DCSP_SPA_12,Aziende per forma giuridica,ok,hub,5,47,0,"",2026-07-16
102_974_DF_DCSP_SPA_13,Aziende per titolo di studio del conduttore,ok,hub,5,46,0,"",2026-07-16
102_974_DF_DCSP_SPA_14,Persone e giornate di lavoro per tipo di manodopera,ok,hub,5,48,0,"",2026-07-16
102_974_DF_DCSP_SPA_2,Aziende e superfici per classe di superficie,ok,hub,5,48,0,"",2026-07-16
102_974_DF_DCSP_SPA_3,Aziende e superfici per forma di conduzione,ok,hub,5,45,0,"",2026-07-16
102_974_DF_DCSP_SPA_4,Aziende a superficie irrigabile ed irrigata,ok,hub,4,39,0,"",2026-07-16
102_974_DF_DCSP_SPA_5,Aziende e superfici per coltivazione biologiche,ok,hub,4,38,0,"",2026-07-16
102_974_DF_DCSP_SPA_6,Aziende e superfici,ok,hub,4,47,0,"",2026-07-16
102_974_DF_DCSP_SPA_7,Aziende e superfici per coltivazione,ok,hub,6,143,0,"",2026-07-16
102_974_DF_DCSP_SPA_8,Aziende e consistenze degli allevamenti,ok,hub,5,57,0,"",2026-07-16
102_974_DF_DCSP_SPA_9,Aziende con attività connesse,ok,hub,5,42,0,"",2026-07-16
104_466,Fertilizzanti,ok,hub,8,234,0,"",2026-07-16
104_466_DF_DCSP_FERTILIZZANTI_1,Fertilizzanti distribuiti per stato liquido o solido - reg.,ok,hub,6,165,0,"",2026-07-16
104_466_DF_DCSP_FERTILIZZANTI_2,Fertilizzanti distribuiti per uso in agricoltura biologica - reg.,ok,hub,6,56,0,"",2026-07-16
104_466_DF_DCSP_FERTILIZZANTI_3,Fertilizzanti distribuiti per area di produzione - reg.,ok,hub,5,54,0,"",2026-07-16
104_466_DF_DCSP_FERTILIZZANTI_4,Fertilizzanti distribuiti - prov.,ok,hub,5,203,0,"",2026-07-16
104_466_DF_DCSP_FERTILIZZANTI_5,Elementi nutritivi contenuti - prov.,ok,hub,5,159,0,"",2026-07-16
104_466_DF_DCSP_FERTILIZZANTI_6,Elementi nutritivi contenuti per tipo di fertilizzante,ok,hub,6,73,0,"",2026-07-16
104_466_DF_DCSP_FERTILIZZANTI_7,Elementi nutritivi contenuti per ettaro di superficie concimabile - reg.,ok,hub,5,39,0,"",2026-07-16
111_111,Indicatori  permessi di costruire,ok,hub,5,10,0,"",2026-07-16
111_111_DF_DCSC_PERM_RAP1_1,Nuovi fabbricati residenziali,ok,hub,5,8,0,"",2026-07-16
111_111_DF_DCSC_PERM_RAP1_2,Nuova edilizia non residenziale,ok,hub,5,7,0,"",2026-07-16
111_263,Fiducia delle imprese manifatturiere,error,"",0,0,2,HubUnavailable: hub did not answer (timeout or HTTP error),2026-08-03
111_263_DF_DCSC_FIDIMPRMAN_1,Clima e saldi mensili destagionalizzati,ok,hub,6,36,0,"",2026-07-16
111_263_DF_DCSC_FIDIMPRMAN_10,"Clima, saldi e frequenze mensili grezzi - rip.",ok,hub,5,77,0,"",2026-07-16
111_263_DF_DCSC_FIDIMPRMAN_11,"Clima, saldi e frequenze mensili grezzi per Ateco",ok,hub,6,166,0,"",2026-07-16
111_263_DF_DCSC_FIDIMPRMAN_12,Saldi e frequenze mensili grezzi per classe di addetti,ok,hub,6,77,0,"",2026-07-16
111_263_DF_DCSC_FIDIMPRMAN_13,Modulo trimestrale imprese esportatrici e capacità produttiva destagionalizzati,ok,hub,5,18,0,"",2026-07-16
111_263_DF_DCSC_FIDIMPRMAN_14,Modulo trimestrale imprese esportatrici e capacità produttiva grezzi - rip.,ok,hub,5,84,0,"",2026-07-16
111_263_DF_DCSC_FIDIMPRMAN_15,Modulo trimestrale imprese esportatrici e capacità produttiva grezzi per Ateco,ok,hub,5,183,0,"",2026-07-16
111_263_DF_DCSC_FIDIMPRMAN_16,Modulo trimestrale imprese esportatrici e capacità produttiva grezzi per classe di addetti,ok,hub,6,88,0,"",2026-07-16
111_263_DF_DCSC_FIDIMPRMAN_17,Clima e saldi mensili destagionalizzati,ok,hub,5,24,0,"",2026-07-16
111_263_DF_DCSC_FIDIMPRMAN_18,"Clima, saldi e frequenze mensili grezzi - rip.",ok,hub,5,86,0,"",2026-07-16
111_263_DF_DCSC_FIDIMPRMAN_19,"Clima, saldi e frequenze mensili grezzi per Ateco",ok,hub,5,124,0,"",2026-07-16
111_263_DF_DCSC_FIDIMPRMAN_2,"Clima, saldi e frequenze mensili grezzi - rip.",ok,hub,5,82,0,"",2026-07-16
111_263_DF_DCSC_FIDIMPRMAN_20,Saldi e frequenze mensili grezzi per classe di addetti,ok,hub,6,86,0,"",2026-07-16
111_263_DF_DCSC_FIDIMPRMAN_21,Modulo trimestrale imprese esportatrici e capacità produttiva destagionalizzati,ok,hub,5,15,0,"",2026-07-16
111_263_DF_DCSC_FIDIMPRMAN_22,Modulo trimestrale imprese esportatrici e capacità produttiva grezzi - rip.,ok,hub,5,58,0,"",2026-07-16
111_263_DF_DCSC_FIDIMPRMAN_23,Modulo trimestrale imprese esportatrici e capacità produttiva grezzi per Ateco,ok,hub,5,96,0,"",2026-07-16
111_263_DF_DCSC_FIDIMPRMAN_24,Modulo trimestrale imprese esportatrici e capacità produttiva grezzi per classe di addetti,ok,hub,6,58,0,"",2026-07-16
111_263_DF_DCSC_FIDIMPRMAN_3,"Clima, saldi e frequenze mensili grezzi per Ateco",error,"",0,0,2,HubUnavailable: hub did not answer (timeout or HTTP error),2026-08-03
111_263_DF_DCSC_FIDIMPRMAN_4,Saldi e frequenze mensili grezzi per classe di addetti,ok,hub,6,82,0,"",2026-07-16
111_263_DF_DCSC_FIDIMPRMAN_5,Modulo trimestrale imprese esportatrici e capacità produttiva destagionalizzati,ok,hub,5,18,0,"",2026-07-16
111_263_DF_DCSC_FIDIMPRMAN_6,Modulo trimestrale imprese esportatrici e capacità produttiva grezzi - rip.,ok,hub,5,88,0,"",2026-07-16
111_263_DF_DCSC_FIDIMPRMAN_7,Modulo trimestrale imprese esportatrici e capacità produttiva grezzi per Ateco,ok,hub,5,176,0,"",2026-07-16
111_263_DF_DCSC_FIDIMPRMAN_8,Modulo trimestrale imprese esportatrici e capacità produttiva grezzi per classe di addetti,ok,hub,6,89,0,"",2026-07-16
111_263_DF_DCSC_FIDIMPRMAN_9,Clima e saldi mensili destagionalizzati,ok,hub,5,24,0,"",2026-07-16
111_40,Fiducia delle imprese costruzioni,ok,hub,6,144,0,"",2026-07-16
111_40_DF_DCSC_FIDIMPRCOSTR_1,Clima e saldi destagionalizzati - mensili,ok,hub,5,10,0,"",2026-07-16
111_40_DF_DCSC_FIDIMPRCOSTR_2,"Clima, saldi e frequenze grezzi per divisioni delle costruzioni - mensili",ok,hub,5,53,0,"",2026-07-16
111_40_DF_DCSC_FIDIMPRCOSTR_3,Durata di attività assicurata grezzi - trimestrali,ok,hub,5,8,0,"",2026-07-16
111_40_DF_DCSC_FIDIMPRCOSTR_4,Clima e saldi destagionalizzati - mensili,ok,hub,5,10,0,"",2026-07-16
111_40_DF_DCSC_FIDIMPRCOSTR_5,"Clima, saldi e frequenze grezzi per divisioni delle costruzioni - mensili",ok,hub,5,47,0,"",2026-07-16
111_40_DF_DCSC_FIDIMPRCOSTR_6,Durata di attività assicurata grezzi - trimestrali,ok,hub,6,9,0,"",2026-07-16
111_40_DF_DCSC_FIDIMPRCOSTR_7,Clima e saldi destagionalizzati - mensili,ok,hub,5,10,0,"",2026-07-16
111_40_DF_DCSC_FIDIMPRCOSTR_8,"Clima, saldi e frequenze grezzi per divisioni delle costruzioni - mensili",ok,hub,5,55,0,"",2026-07-16
111_40_DF_DCSC_FIDIMPRCOSTR_9,Durata di attività assicurata grezzi - trimestrali,ok,hub,5,8,0,"",2026-07-16
114_191,Indice dei nuovi ordinativi e del fatturato dei prodotti industriali,ok,hub,6,170,0,"",2026-07-16
114_191_DF_DCSC_ORDFATT_1,Fatturato dei prodotti industriali - Mensili (base 2015),ok,hub,6,159,0,"",2026-07-16
114_191_DF_DCSC_ORDFATT_10,Volume del fatturato industriale - Mensili (base 2021),ok,hub,6,12,0,"",2026-07-16
114_191_DF_DCSC_ORDFATT_2,Indice di volume del fatturato manifatturiero - Mensili (base 2015),ok,hub,6,8,0,"",2026-07-16
114_191_DF_DCSC_ORDFATT_3,Nuovi ordinativi dei prodotti industriali - Mensili (base 2015 - dati fino a dicembre 2020),ok,hub,6,97,0,"",2026-07-16
114_191_DF_DCSC_ORDFATT_4,Nuovi ordinativi - Mensili (base 2010),ok,hub,6,96,0,"",2026-07-16
114_191_DF_DCSC_ORDFATT_5,Fatturato - Mensili (base 2010),ok,hub,6,160,0,"",2026-07-16
114_191_DF_DCSC_ORDFATT_6,Volume del fatturato manifatturiero - Mensili (base 2010),ok,hub,6,8,0,"",2026-07-16
114_191_DF_DCSC_ORDFATT_7,Nuovi ordinativi - Mensili (base 2005),ok,hub,6,93,0,"",2026-07-16
114_191_DF_DCSC_ORDFATT_8,Fatturato - Mensili (base 2005),ok,hub,6,147,0,"",2026-07-16
114_191_DF_DCSC_ORDFATT_9,Valore del fatturato industriale - Mensili (base 2021),ok,hub,6,159,0,"",2026-07-16
115_168,Produzione industriale in quantità e valore,ok,hub,4,4652,0,"",2026-07-16
115_168_DF_DCSP_PRODCOM_1,Produzione industriale per settore economico (Ateco 2 cifre),ok,hub,4,27,0,"",2026-07-16
115_168_DF_DCSP_PRODCOM_2,Produzione in valore e quantità per singolo prodotto (Prodcom),ok,hub,4,4652,0,"",2026-07-16
115_168_DF_DCSP_PRODCOM_3,Produzione in valore e quantità per tutti i prodotti (Prodcom),ok,hub,4,4652,0,"",2026-07-16
115_333,Indice della produzione industriale,ok,hub,5,367,0,"",2026-07-16
115_333_DF_DCSC_INDXPRODIND_1_1,Indice della produzione industriale - Mensili (base 2015),ok,hub,5,353,0,"",2026-07-16
115_333_DF_DCSC_INDXPRODIND_1_2,Dettaglio settori economici (Ateco 4 cifre),ok,hub,5,353,0,"",2026-07-16
115_333_DF_DCSC_INDXPRODIND_1_4,Mensili (base 2010),ok,hub,5,348,0,"",2026-07-16
115_333_DF_DCSC_INDXPRODIND_1_5,Mensili (base 2005),ok,hub,5,307,0,"",2026-07-16
115_333_DF_DCSC_INDXPRODIND_1_6,Indice della produzione industriale - Mensili (base 2021),ok,hub,5,353,0,"",2026-07-16
115_362,Indice della produzione nelle costruzioni,error,"",0,0,2,HubUnavailable: hub did not answer (timeout or HTTP error),2026-08-03
115_362_DF_DCSC_INDXPRODCOSTR_1_1,Indice della produzione nelle costruzioni - Mensili (base 2015),ok,hub,5,7,0,"",2026-07-16
115_362_DF_DCSC_INDXPRODCOSTR_1_2,Mensili (base 2010),ok,hub,5,7,0,"",2026-07-16
115_362_DF_DCSC_INDXPRODCOSTR_1_3,Mensili (base 2005),ok,hub,5,8,0,"",2026-07-16
115_362_DF_DCSC_INDXPRODCOSTR_1_4,Indice della produzione nelle costruzioni - Mensili (base 2021),ok,hub,5,7,0,"",2026-07-16
117_1035,Servizi bancari - dati comunali,ok,hub,3,6117,0,"",2026-07-16
117_1035_DF_DCAT_SERVBANC_COM_1,Servizi bancari - dati comunali,ok,hub,3,6117,0,"",2026-07-16
117_1057,Trasporto ferroviario,ok,hub,13,125,0,"",2026-07-16
117_1057_DF_DCSC_TRAFERR_1,Trasporto ferroviario - Principali dati,ok,hub,7,22,0,"",2026-07-16
117_1057_DF_DCSC_TRAFERR_2,Passeggeri e percorrenza media per tipo di destinazione,ok,hub,7,13,0,"",2026-07-16
117_1057_DF_DCSC_TRAFERR_3,Merci trasportate per gruppo merceologico (NST/2007),ok,hub,7,32,0,"",2026-07-16
117_1057_DF_DCSC_TRAFERR_4,Merci trasportate per paese di destinazione,ok,hub,6,29,0,"",2026-07-16
117_1057_DF_DCSC_TRAFERR_5,Merci trasportate per paese di origine,ok,hub,6,30,0,"",2026-07-16
117_1057_DF_DCSC_TRAFERR_6,Trasporto intermodale,ok,hub,7,15,0,"",2026-07-16
117_1057_DF_DCSC_TRAFERR_7,Merci pericolose,ok,hub,7,23,0,"",2026-07-16
117_1057_DF_DCSC_TRAFERR_8,Incidenti ferroviari,ok,hub,6,22,0,"",2026-07-16
117_262,Fiducia delle imprese servizi,ok,hub,6,240,0,"",2026-07-16
117_262_DF_DCSC_FIDIMPRSERV_1,Clima e saldi (Ateco macrosettori) - mensili grezzi e destagionalizzati,ok,hub,5,18,0,"",2026-07-16
117_262_DF_DCSC_FIDIMPRSERV_10,Saldi e frequenze (Ateco 2 cifre) - mensili grezzi,ok,hub,5,103,0,"",2026-07-16
117_262_DF_DCSC_FIDIMPRSERV_11,Saldi e frequenze (ostacoli e capacità) - trimestrali grezzi,ok,hub,5,59,0,"",2026-07-16
117_262_DF_DCSC_FIDIMPRSERV_2,"Clima, saldi e frequenze - mensili grezzi e destagionalizzati - rip",ok,hub,5,43,0,"",2026-07-16
117_262_DF_DCSC_FIDIMPRSERV_3,Saldi e frequenze (Ateco 2 cifre) - mensili grezzi,ok,hub,5,97,0,"",2026-07-16
117_262_DF_DCSC_FIDIMPRSERV_4,Saldi e frequenze (ostacoli e capacità) - trimestrali grezzi,ok,hub,5,59,0,"",2026-07-16
117_262_DF_DCSC_FIDIMPRSERV_5,Clima e saldi mensili destagionalizzati per Ateco2007 - livello nazionale e ripartizionale,ok,hub,6,21,0,"",2026-07-16
117_262_DF_DCSC_FIDIMPRSERV_6,"Clima, saldi e frequenze mensili grezzi per Ateco 2007 - livello nazionale e ripartizionale",ok,hub,5,90,0,"",2026-07-16
117_262_DF_DCSC_FIDIMPRSERV_7,Saldi e frequenze modulo trimestrale ostacoli e capacità grezzi,ok,hub,6,21,0,"",2026-07-16
117_262_DF_DCSC_FIDIMPRSERV_8,Clima e saldi (Ateco macrosettori) - mensili grezzi e destagionalizzati,ok,hub,5,18,0,"",2026-07-16
117_262_DF_DCSC_FIDIMPRSERV_9,"Clima, saldi e frequenze - mensili grezzi e destagionalizzati - rip",ok,hub,5,43,0,"",2026-07-16
117_266,Fiducia delle imprese del commercio,ok,hub,6,166,0,"",2026-07-16
117_266_DF_DCSC_FIDCOMM_1,Clima e saldi per forma di vendita - mensili destagionalizzati,ok,hub,6,16,0,"",2026-07-16
117_266_DF_DCSC_FIDCOMM_2,"Clima, saldi e frequenze per Ateco 2007 e forma di vendita - mensili grezzi",ok,hub,6,62,0,"",2026-07-16
117_266_DF_DCSC_FIDCOMM_3,Clima e saldi mensili destagionalizzati per forma di vendita,ok,hub,6,16,0,"",2026-07-16
117_266_DF_DCSC_FIDCOMM_4,"Clima, saldi e frequenze mensili grezzi per Ateco e forma di vendita",ok,hub,6,57,0,"",2026-07-16
117_266_DF_DCSC_FIDCOMM_5,Clima e saldi per forma di vendita - mensili destagionalizzati,ok,hub,6,16,0,"",2026-07-16
117_266_DF_DCSC_FIDCOMM_6,"Clima, saldi e frequenze per Ateco 2007 e forma di vendita - mensili grezzi",ok,hub,6,66,0,"",2026-07-16
119_367,Indice del fatturato dei servizi,ok,hub,5,66,0,"",2026-07-16
119_367_DF_DCSC_FATTSERVIZ_1_1,Indice del fatturato dei servizi - Trimestrali (base 2015),ok,hub,4,57,0,"",2026-07-16
119_367_DF_DCSC_FATTSERVIZ_1_2,Trimestrali (base 2010),ok,hub,4,57,0,"",2026-07-16
119_367_DF_DCSC_FATTSERVIZ_1_3,Trimestrali (base 2005),ok,hub,4,30,0,"",2026-07-16
119_367_DF_DCSC_FATTSERVIZ_1_4,Indice del fatturato dei servizi - Mensili (base 2021=100),ok,hub,5,60,0,"",2026-07-16
11_111,Edilizia residenziale - dati annuali,ok,hub,14,244,0,"",2026-07-16
11_111_DF_DCSC_RESID_CONSTR_1,Fabbricati residenziali nuovi e relative abitazioni  - province e classi di comune,ok,hub,3,158,0,"",2026-07-16
11_111_DF_DCSC_RESID_CONSTR_10,Superfici dei fabbricati residenziali nuovi per destinazione d'uso -  ripartizioni e classi di comune,ok,hub,4,30,0,"",2026-07-16
11_111_DF_DCSC_RESID_CONSTR_11,Fabbricati residenziali nuovi e ampliamenti con relative abitazioni per richiedente il titolo abilitativo - regioni e classi di comune,ok,hub,4,53,0,"",2026-07-16
11_111_DF_DCSC_RESID_CONSTR_12,Fabbricati residenziali nuovi per tipologia dell'impianto - ripartizioni e e classi di comune,ok,hub,4,29,0,"",2026-07-16
11_111_DF_DCSC_RESID_CONSTR_13,Ampliamenti di fabbricati residenziali con o senza sopraelevazione - ripartizioni e e classi di comune,ok,hub,4,25,0,"",2026-07-16
11_111_DF_DCSC_RESID_CONSTR_14,Fabbricati nuovi e ampliamenti di fabbricati destinati a collettività - ripartizioni e classi di comune,ok,hub,3,24,0,"",2026-07-16
11_111_DF_DCSC_RESID_CONSTR_15,Fabbricati residenziali nuovi e ampliamenti di fabbricati residenziali per piano casa - ripartizioni e classi di comune,ok,hub,4,26,0,"",2026-07-16
11_111_DF_DCSC_RESID_CONSTR_2,Ampliamenti di fabbricati residenziali - province e classi di comune,ok,hub,3,162,0,"",2026-07-16
11_111_DF_DCSC_RESID_CONSTR_3,Fabbricati residenziali nuovi per numero di abitazioni - regioni e classi di comune,ok,hub,4,51,0,"",2026-07-16
11_111_DF_DCSC_RESID_CONSTR_4,Fabbricati residenziali nuovi e ampliamenti per titolo abilitativo - ripartizioni e classi di comune,ok,hub,4,30,0,"",2026-07-16
11_111_DF_DCSC_RESID_CONSTR_5,Fabbricati residenziali nuovi e ampliamenti per durata prevista dei lavori -  ripartizioni e classi di comune,ok,hub,4,31,0,"",2026-07-16
11_111_DF_DCSC_RESID_CONSTR_6,Abitazioni in fabbricati residenziali nuovi per numero di stanze - province,ok,hub,4,148,0,"",2026-07-16
11_111_DF_DCSC_RESID_CONSTR_7,Abitazioni in fabbricati residenziali nuovi per classi di superficie utile abitabile - province,ok,hub,4,146,0,"",2026-07-16
11_111_DF_DCSC_RESID_CONSTR_8,Abitazioni in fabbricati residenziali nuovi per numero di stanze e superficie utile abitabile - ripartizioni e classi di comune,ok,hub,5,35,0,"",2026-07-16
11_111_DF_DCSC_RESID_CONSTR_9,Fabbricati residenziali nuovi per numero di piani - regioni e classi di comune,ok,hub,4,51,0,"",2026-07-16
120_337,Indice delle vendite del commercio al dettaglio,ok,hub,7,43,0,"",2026-07-16
120_337_DF_DCSC_COMMDET_1_1,Valore delle vendite per settore merceologico e classe di addetti -mensili (base 2015),ok,hub,6,12,0,"",2026-07-16
120_337_DF_DCSC_COMMDET_1_10,Valore delle vendite per settore merceologico e forma distributiva - dati mensili (base 2005),ok,hub,7,17,0,"",2026-07-16
120_337_DF_DCSC_COMMDET_1_11,"Valore delle vendite per settore merceologico, gruppi di prodotti e classe di addetti - dati mensili (base 2005)",ok,hub,7,26,0,"",2026-07-16
120_337_DF_DCSC_COMMDET_1_12,Valore delle vendite per settore merceologico e classe di addetti - mensili (base 2021),ok,hub,6,12,0,"",2026-07-16
120_337_DF_DCSC_COMMDET_1_13,Valore delle vendite per settore merceologico e forma distributiva - mensili (base 2021),ok,hub,6,17,0,"",2026-07-16
120_337_DF_DCSC_COMMDET_1_14,Valore delle vendite per settore merceologico e gruppi di prodotti - mensili grezzi (base 2021),ok,hub,5,20,0,"",2026-07-16
120_337_DF_DCSC_COMMDET_1_15,Volume delle vendite per settore merceologico - mensili (base 2021),ok,hub,6,18,0,"",2026-07-16
120_337_DF_DCSC_COMMDET_1_2,Valore delle vendite per settore merceologico e forma distributiva - mensili (base 2015),ok,hub,6,17,0,"",2026-07-16
120_337_DF_DCSC_COMMDET_1_3,Valore delle vendite per settore merceologico e gruppi di prodotti - mensili grezzi (base 2015),ok,hub,5,20,0,"",2026-07-16
120_337_DF_DCSC_COMMDET_1_4,Volume delle vendite per settore merceologico - mensili (base 2015),ok,hub,6,9,0,"",2026-07-16
120_337_DF_DCSC_COMMDET_1_5,Valore delle vendite per forma distributiva e classe di addetti - dati mensili (base 2010),ok,hub,7,14,0,"",2026-07-16
120_337_DF_DCSC_COMMDET_1_6,Valore delle vendite per settore merceologico e forma distributiva - dati mensili (base 2010),ok,hub,7,17,0,"",2026-07-16
120_337_DF_DCSC_COMMDET_1_7,"Valore delle vendite per settore merceologico, gruppi di prodotti e classe di addetti - dati mensili (base 2010)",ok,hub,7,25,0,"",2026-07-16
120_337_DF_DCSC_COMMDET_1_8,Volume delle vendite per settore merceologico - dati mensili (base 2010),ok,hub,7,10,0,"",2026-07-16
120_337_DF_DCSC_COMMDET_1_9,Valore delle vendite per forma distributiva e classe di addetti - dati mensili (base 2005),ok,hub,7,14,0,"",2026-07-16
121_329,Road freight carriage by category of transport,ok,hub,7,20,0,"",2026-07-16
121_329_DF_DCSC_TRAMERCIS2_1,"Trasporto merci su strada per tipo di trasporto, classe di percorrenza e titolo di trasporto",ok,hub,7,20,0,"",2026-07-16
121_330,Trasporto merci su strada,ok,hub,8,106,0,"",2026-07-16
121_330_DF_DCSC_TRAMERCIS1_1,Merci trasportate per titolo di trasporto e classe di percorrenza,ok,hub,8,35,0,"",2026-07-16
121_330_DF_DCSC_TRAMERCIS1_2,Merci trasportate - tonnellate per territorio di origine e di destinazione e macrobranca merceologica,ok,hub,8,80,0,"",2026-07-16
121_330_DF_DCSC_TRAMERCIS1_3,Merci trasportate - tonnellate per territorio di origine e di destinazione e titolo di trasporto,ok,hub,8,74,0,"",2026-07-16
121_330_DF_DCSC_TRAMERCIS1_4,Merci trasportate per territorio di origine e titolo di trasporto (trasporto interno),ok,hub,8,46,0,"",2026-07-16
121_330_DF_DCSC_TRAMERCIS1_5,Merci trasportate per territorio di origine e titolo di trasporto (trasporto complessivo),ok,hub,8,45,0,"",2026-07-17
121_330_DF_DCSC_TRAMERCIS1_6,Merci trasportate per territorio di destinazione e titolo di trasporto (trasporto interno),ok,hub,8,46,0,"",2026-07-17
121_330_DF_DCSC_TRAMERCIS1_7,Merci trasportate per territorio di destinazione e titolo di trasporto (trasporto complessivo),ok,hub,8,45,0,"",2026-07-17
121_331,Trasporto aereo,ok,hub,8,141,0,"",2026-07-17
121_331_DF_DCSC_INDTRAEREO_1,Voli interni e internazionali,ok,hub,8,74,0,"",2026-07-17
121_331_DF_DCSC_INDTRAEREO_2,Voli internazionali per paese di origine/destinazione,ok,hub,8,86,0,"",2026-07-17
121_331_DF_DCSC_INDTRAEREO_3,"Voli internazionali da e per Linate, Malpensa, Fiumicino",ok,hub,8,71,0,"",2026-07-17
121_331_DF_DCSC_INDTRAEREO_4,Dato trimestrale,ok,hub,8,63,0,"",2026-07-17
121_393,Trasporto marittimo,ok,hub,11,246,0,"",2026-07-17
121_393_DF_DCSC_TRAMAR_1,Passeggeri e merci,ok,hub,7,26,0,"",2026-07-17
121_393_DF_DCSC_TRAMAR_2,Passeggeri per porto di imbarco e sbarco,ok,hub,8,79,0,"",2026-07-17
121_393_DF_DCSC_TRAMAR_3,"Merci per porto di imbarco e sbarco, tipo di carico e merce NST 2007",ok,hub,11,90,0,"",2026-07-17
121_393_DF_DCSC_TRAMAR_4,Navigazione internazionale per paesi con almeno un milione di tonnellate movimentate e tipo merce NST 2007,ok,hub,8,97,0,"",2026-07-17
121_393_DF_DCSC_TRAMAR_5,Navigazione di cabotaggio per regione italiana di imbarco e sbarco,ok,hub,7,56,0,"",2026-07-17
121_393_DF_DCSC_TRAMAR_6,"Merci, navi arrivate e tonnellate di stazza lorda per regione",ok,hub,11,42,0,"",2026-07-17
121_393_DF_DCSC_TRAMAR_7,Porto e tipo merce NST/R,error,"",0,0,2,HubUnavailable: hub did not answer (timeout or HTTP error),2026-08-03
121_393_DF_DCSC_TRAMAR_8,Navigazione internazionale per paesi con almeno un milione di tonnellate movimentate e tipo merce NST/R,ok,hub,8,99,0,"",2026-07-17
122_54,Capacità degli esercizi ricettivi e Movimento dei clienti negli esercizi ricettivi,error,"",0,0,2,HubUnavailable: hub did not answer (timeout or HTTP error),2026-08-03
122_54_DF_DCSC_TUR_1,Capacità degli esercizi ricettivi per tipo di esercizio - com.,ok,hub,8,12695,0,"",2026-07-17
122_54_DF_DCSC_TUR_10,Tipo di località e paese di residenza,ok,hub,8,29,0,"",2026-07-17
122_54_DF_DCSC_TUR_11,Per regione e per residenza del cliente - mensili e annuali,ok,hub,7,43,0,"",2026-07-17
122_54_DF_DCSC_TUR_12,Per tipo di esercizio e residenza del cliente - annuali,ok,hub,7,21,0,"",2026-07-17
122_54_DF_DCSC_TUR_13,"Arrivi, presenze, permanenza media - Mensili",ok,hub,7,19,0,"",2026-07-17
122_54_DF_DCSC_TUR_2,Dimensione dell'albergo - prov.,ok,hub,8,156,0,"",2026-07-17
122_54_DF_DCSC_TUR_3,Movimento dei clienti negli esercizi ricettivi per tipo di esercizio - mensili,error,"",0,0,2,HubUnavailable: hub did not answer (timeout or HTTP error),2026-08-03
122_54_DF_DCSC_TUR_4,Residenti per regione di origine,ok,hub,7,43,0,"",2026-07-17
122_54_DF_DCSC_TUR_5,Paese di origine,ok,hub,7,78,0,"",2026-07-17
122_54_DF_DCSC_TUR_6,Tipo di località,ok,hub,8,29,0,"",2026-07-17
122_54_DF_DCSC_TUR_7,Movimento dei clienti negli esercizi ricettivi per tipo di esercizio - annuali,ok,hub,7,169,0,"",2026-07-17
122_54_DF_DCSC_TUR_8,Residenti per regione di origine,error,"",0,0,2,HubUnavailable: hub did not answer (timeout or HTTP error),2026-08-03
122_54_DF_DCSC_TUR_9,Paese di origine - prov,error,"",0,0,2,HubUnavailable: hub did not answer (timeout or HTTP error),2026-08-03
123_712,Indicatori di bilancio e dati sul personale delle unità istituzionali,error,"",0,0,2,HubUnavailable: hub did not answer (timeout or HTTP error),2026-08-03
123_712_DF_DCAR_INDBILPER_1,Indicatori di bilancio e dati sul personale delle unità istituzionali,ok,hub,3,11440,0,"",2026-07-17
123_713,Numero e tipo di unità istituzionali,ok,hub,3,64,0,"",2026-07-17
123_713_DF_DCAR_UI_1,Numero e tipo di unità istituzionali,ok,hub,3,64,0,"",2026-07-17
123_840,Attività e organizzazione delle unità istituzionali,ok,hub,5,206,0,"",2026-07-17
123_840_DF_DCAR_INDCENS_PA_1,Indicatori,ok,hub,4,145,0,"",2026-07-17
123_840_DF_DCAR_INDCENS_PA_2,Funzionalità di alcuni servizi,ok,hub,5,103,0,"",2026-07-17
124_1156,"Stato patrimoniale delle università, politecnici ed istituti di istruzione universitaria (euro)",ok,hub,4,27,0,"",2026-07-17
124_1156_DF_DCAR_STATPAT_UNI_1,"Stato patrimoniale delle università, politecnici ed istituti di istruzione universitaria (euro)",ok,hub,4,27,0,"",2026-07-17
124_1157,"Conto economico delle università, politecnici ed istituti di istruzione universitaria (euro)",ok,hub,4,25,0,"",2026-07-17
124_1157_DF_DCAR_CONTECON_UNI_1,"Conto economico delle università, politecnici ed istituti di istruzione universitaria (euro)",ok,hub,4,25,0,"",2026-07-17
124_229,Stato patrimoniale delle camere di commercio - euro,ok,hub,3,23,0,"",2026-07-17
124_229_DF_DCAR_STATPATCC_1,Stato patrimoniale delle camere di commercio (euro),ok,hub,3,23,0,"",2026-07-17
124_231,Entrate delle unità istituzionali locali (euro),ok,hub,5,100,0,"",2026-07-17
124_231_DF_DCAR_ENTIST_1,Entrate delle unità istituzionali locali (euro),ok,hub,5,62,0,"",2026-07-17
124_232,Spese delle unità istituzionali locali (euro),ok,hub,5,110,0,"",2026-07-17
124_232_DF_DCAR_SPEIST_1,Spese delle unità istituzionali locali (euro),ok,hub,5,63,0,"",2026-07-17
124_233_DF_DCAR_ENTIST_PA_1,Entrate del Rendiconto Generale dello Stato (euro),ok,hub,5,21,0,"",2026-07-17
124_234_DF_DCAR_SPEIST_PA_1,Spese del Rendiconto Generale dello Stato (euro),ok,hub,5,25,0,"",2026-07-17
124_234_DF_DCAR_SPEIST_PA_2,"Spese delle università, politecnici ed istituti di istruzione universitaria (euro)",ok,hub,5,24,0,"",2026-07-17
124_322,Conto economico delle camere di commercio - euro,ok,hub,4,25,0,"",2026-07-17
124_322_DF_DCAR_CONTECON_CC_1,Conto economico delle camere di commercio (euro),ok,hub,4,25,0,"",2026-07-17
124_722,"Conto economico delle Asl, aziende ospedaliere, aziende ospedaliere universitarie, policlinici e IRCCS (migliaia di euro)",ok,hub,4,65,0,"",2026-07-17
124_722_DF_DCAR_CONTECON_ASLAO_1,"Conto economico delle Asl, aziende ospedaliere, aziende ospedaliere universitarie, Policlinici e IRCCS (migliaia di euro)",ok,hub,4,65,0,"",2026-07-17
12_323,Impianti di depurazione delle acque reflue urbane,ok,hub,4,126,0,"",2026-07-17
12_323_DF_DCCV_IMPDEP_1,Impianti di depurazione delle acque reflue urbane - reg.,ok,hub,4,35,0,"",2026-07-17
12_323_DF_DCCV_IMPDEP_2,Impianti di depurazione delle acque reflue urbane - ato,ok,hub,4,104,0,"",2026-07-17
12_340,Prelievo di acqua per uso potabile,ok,hub,4,45,0,"",2026-07-17
12_340_DF_DCCV_PRELACQ_1,Prelievo di acqua per uso potabile,ok,hub,4,45,0,"",2026-07-17
12_60,Distribuzione di acqua potabile,ok,hub,3,8578,0,"",2026-07-17
12_60_DF_DCCV_CONSACQUA_1,Distribuzione di acqua potabile - reg.,ok,hub,3,31,0,"",2026-07-17
12_60_DF_DCCV_CONSACQUA_2,Distribuzione di acqua potabile,ok,hub,3,8486,0,"",2026-07-17
12_60_DF_DCCV_CONSACQUA_3,Distribuzione di acqua potabile - Distretto idrografico,ok,hub,3,12,0,"",2026-07-17
139_176,Importazioni ed esportazioni per paese e merce Ateco 2007,ok,hub,5,42,0,"",2026-07-17
140_180,Nic - mensili sino al  2010 (base 1995),ok,hub,5,482,0,"",2026-07-17
143_1043,Indici dei prezzi alla produzione delle costruzioni,ok,hub,5,14,0,"",2026-07-17
143_1043_DF_DCSC_INDPREPROCOSTR_1,Prezzi alla produzione delle costruzioni (base 2015),ok,hub,5,13,0,"",2026-07-17
143_1043_DF_DCSC_INDPREPROCOSTR_2,Prezzi alla produzione delle costruzioni (base 2021),error,"",0,0,2,HubUnavailable: hub did not answer (timeout or HTTP error),2026-08-03
143_222,Indice dei prezzi all'importazione - dati mensili,ok,hub,6,146,0,"",2026-07-17
143_222_DF_DCSC_PREIMPIND_1,Prezzi all'importazione - Dati mensili (base 2015),ok,hub,6,145,0,"",2026-07-17
143_222_DF_DCSC_PREIMPIND_2,Prezzi all'importazione - Dati mensili (base 2021),error,"",0,0,2,HubUnavailable: hub did not answer (timeout or HTTP error),2026-08-03
143_497,Prezzi delle abitazioni (Ipab),ok,hub,5,28,0,"",2026-07-17
143_497_DF_DCSP_IPAB_1,Trimestrali dal 2010 al 2024 (base 2015),ok,hub,5,19,0,"",2026-07-17
143_497_DF_DCSP_IPAB_2,Medie annue dal 2010 al 2024 (base 2015),error,"",0,0,2,HubUnavailable: hub did not answer (timeout or HTTP error),2026-08-03
143_497_DF_DCSP_IPAB_3,Pesi dal 2010,ok,hub,4,6,0,"",2026-07-17
143_497_DF_DCSP_IPAB_4,Trimestrali dal 2010 al 2016 (base 2010),ok,hub,5,9,0,"",2026-07-17
143_497_DF_DCSP_IPAB_5,Medie annue dal 2010 al 2016 (base 2010),error,"",0,0,2,HubUnavailable: hub did not answer (timeout or HTTP error),2026-08-03
143_497_DF_DCSP_IPAB_6,Trimestrali dal 2010 (base 2025),ok,hub,5,19,0,"",2026-07-17
143_497_DF_DCSP_IPAB_7,Medie annue dal 2010 (base 2025),ok,hub,5,18,0,"",2026-07-17
144_107_DF_DCSP_FOI3_1,Foi - pesi sino al 2010,error,"",0,0,2,HubUnavailable: hub did not answer (timeout or HTTP error),2026-08-03
144_110_DF_DCSP_FOI1_1,Foi - mensili sino al 2010 (base 1995),ok,hub,5,139,0,"",2026-07-17
144_118_DF_DCSP_FOI2_1,Foi - medie annue sino al 2010 (base 1995),ok,hub,5,138,0,"",2026-07-17
144_125_DF_DCSP_NICDUE_1,Classificazione Coicop (2 cifre) (base dicembre 1998) - prov.,error,"",0,0,2,HubUnavailable: hub did not answer (timeout or HTTP error),2026-08-03
144_125_DF_DCSP_NICDUE_2,Tipologie di prodotto (base 1995),ok,hub,5,38,0,"",2026-07-17
144_125_DF_DCSP_NICDUE_3,Classificazione Coicop (5 cifre) (base 1995),error,"",0,0,2,HubUnavailable: hub did not answer (timeout or HTTP error),2026-08-03
144_126_DF_DCSP_NICTRE_1,Tipologie di prodotto,ok,hub,4,36,0,"",2026-07-17
144_126_DF_DCSP_NICTRE_2,Classificazione Coicop (5 cifre),error,"",0,0,2,HubUnavailable: hub did not answer (timeout or HTTP error),2026-08-03
144_180_DF_DCSP_NICUNOB_1,Classificazione Coicop (2 cifre) (base dicembre 1998),ok,hub,5,139,0,"",2026-07-17
144_180_DF_DCSP_NICUNOB_2,Tipologie di prodotto (base 1995),error,"",0,0,2,HubUnavailable: hub did not answer (timeout or HTTP error),2026-08-03
144_180_DF_DCSP_NICUNOB_3,Classificazione Coicop (5 cifre) (base 1995),ok,hub,5,331,0,"",2026-07-17
145_360,Prezzi alla produzione dell'industria,error,"",0,0,2,HubUnavailable: hub did not answer (timeout or HTTP error),2026-08-03
145_360_DF_DCSC_PREZZPIND_1_1,Prezzi alla produzione dell'industria - mensili (base 2015),ok,hub,6,351,0,"",2026-07-17
145_360_DF_DCSC_PREZZPIND_1_2,Mensili (base 2010),error,"",0,0,2,HubUnavailable: hub did not answer (timeout or HTTP error),2026-08-03
145_360_DF_DCSC_PREZZPIND_1_3,Mensili (base 2005),ok,hub,6,322,0,"",2026-07-17
145_360_DF_DCSC_PREZZPIND_1_4,Prezzi alla produzione dell'industria - mensili (base 2021),error,"",0,0,2,HubUnavailable: hub did not answer (timeout or HTTP error),2026-08-03
145_361,Costi di costruzione,ok,hub,5,61,0,"",2026-07-17
145_361_DF_DCSC_FABBRESID_1_1,Fabbricato residenziale e capannone industriale - mensili (base 2015),error,"",0,0,2,HubUnavailable: hub did not answer (timeout or HTTP error),2026-08-03
145_361_DF_DCSC_FABBRESID_1_2,Tronco stradale con tratto in galleria - mensili (base 2015),ok,hub,5,9,0,"",2026-07-17
145_361_DF_DCSC_FABBRESID_1_3,Tronchi stradali - serie interrotta - mensili (base 2015),error,"",0,0,2,HubUnavailable: hub did not answer (timeout or HTTP error),2026-08-03
145_361_DF_DCSC_FABBRESID_1_4,Fabbricato residenziale - mensili (base 2010),ok,hub,5,30,0,"",2026-07-17
145_361_DF_DCSC_FABBRESID_1_5,Tronchi stradali - mensili (base 2010),error,"",0,0,2,HubUnavailable: hub did not answer (timeout or HTTP error),2026-08-04
145_361_DF_DCSC_FABBRESID_1_6,Fabbricato residenziale dal 2000 al 2012 (base 2005) - mensili,ok,hub,5,27,0,"",2026-07-17
145_361_DF_DCSC_FABBRESID_1_7,Fabbricato residenziale e capannone industriale - mensili (base 2021),error,"",0,0,2,HubUnavailable: hub did not answer (timeout or HTTP error),2026-08-04
145_361_DF_DCSC_FABBRESID_1_8,Tronco stradale con tratto in galleria - mensili (base 2021),ok,hub,5,5,0,"",2026-07-17
145_361_DF_DCSC_FABBRESID_1_9,Tronchi stradali - serie interrotta - mensili (base 2015),empty,hub,0,0,0,"",2026-08-04
145_362_DCSC_INDICITOL_1,Tipologie omogenee di lavorazioni (TOL) - mensili (base 2022),ok,hub,5,24,0,"",2026-07-17
145_376,Prezzi alla produzione dei servizi,error,"",0,0,2,HubUnavailable: hub did not answer (timeout or HTTP error),2026-08-04
145_376_DF_DCSC_PREZPRODSERV_1_1,Trimestrali business to business dal 2006 al 2023 (base 2015),ok,hub,5,40,0,"",2026-07-17
145_376_DF_DCSC_PREZPRODSERV_1_2,Medie annue business to business dal 2006 al 2023 (base 2015),error,"",0,0,2,HubUnavailable: hub did not answer (timeout or HTTP error),2026-08-04
145_376_DF_DCSC_PREZPRODSERV_1_3,Trimestrali business to business dal 2006 al 2017 (base 2010),ok,hub,5,35,0,"",2026-07-17
145_376_DF_DCSC_PREZPRODSERV_1_4,Medie annue business to business dal 2006 al 2017 (base 2010),error,"",0,0,2,HubUnavailable: hub did not answer (timeout or HTTP error),2026-08-04
145_376_DF_DCSC_PREZPRODSERV_1_5,Trimestrali business to business dal 2006 al 2012 (base 2006),ok,hub,5,10,0,"",2026-07-17
145_376_DF_DCSC_PREZPRODSERV_1_6,Medie annue business to business dal 2006 al 2012 (base 2006),ok,hub,5,11,0,"",2026-07-17
145_376_DF_DCSC_PREZPRODSERV_1_7,Trimestrali business to business dal 2006 (base 2021),error,"",0,0,2,HubUnavailable: hub did not answer (timeout or HTTP error),2026-08-04
145_376_DF_DCSC_PREZPRODSERV_1_8,Trimestrali business to all dal 2006 (base 2021),ok,hub,5,38,0,"",2026-07-17
149_319,Tensione contrattuale,ok,hub,6,23,0,"",2026-07-17
149_319_DF_DCSC_RETRCONTR1T_1,Tensioni contrattuale - indicatori (base 2015),error,"",0,0,2,HubUnavailable: hub did not answer (timeout or HTTP error),2026-08-04
149_319_DF_DCSC_RETRCONTR1T_2,Indicatori (base 2010),ok,hub,6,14,0,"",2026-07-17
149_319_DF_DCSC_RETRCONTR1T_3,Indicatori (base 2005),ok,hub,6,14,0,"",2026-07-17
149_319_DF_DCSC_RETRCONTR1T_4,Tensione contrattuale - indicatori (base 2021),error,"",0,0,2,HubUnavailable: hub did not answer (timeout or HTTP error),2026-08-04
149_327,"Orario contrattuale, ferie e altre riduzioni orarie - dipendenti a tempo pieno",ok,hub,6,125,0,"",2026-07-17
149_327_DF_DCSC_RETRCONTR1O_1,"Orario contrattuale, ferie e altre riduzioni orarie - dipendenti a tempo pieno",error,"",0,0,2,HubUnavailable: hub did not answer (timeout or HTTP error),2026-08-04
149_577,Posizioni lavorative alle dipendenze,ok,hub,5,42,0,"",2026-07-17
149_577_DF_DCSC_OROS_1_1,Posizioni lavorative alle dipendenze (base 2015),error,"",0,0,2,HubUnavailable: hub did not answer (timeout or HTTP error),2026-08-04
149_577_DF_DCSC_OROS_1_2,Posizioni lavorative alle dipendenze (base 2010),ok,hub,5,32,0,"",2026-07-17
149_577_DF_DCSC_OROS_1_3,Posizioni lavorative alle dipendenze (base 2021),error,"",0,0,2,HubUnavailable: hub did not answer (timeout or HTTP error),2026-08-04
14_121_DF_DCCV_TRASPUB_1,Trasporto pubblico,ok,hub,4,256,0,"",2026-07-17
14_122_DF_DCCV_VERDURB_1,Verde urbano - dati fino al 2009,error,"",0,0,2,HubUnavailable: hub did not answer (timeout or HTTP error),2026-08-04
14_166_DF_DCCV_INTBONRUM_1,Interventi di bonifica del rumore,ok,hub,4,254,0,"",2026-07-17
14_167_DF_DCCV_MONINQACS_1,Inquinamento acustico,ok,hub,4,259,0,"",2026-08-04
150_105,Occupati per ore settimanali lavorate e numero di ore settimanali lavorate procapite,ok,hub,12,83,0,"",2026-07-17
150_105_DF_DCCV_ORELAVMED_UNT2020_1,Numero di ore medie settimanali effettivamente lavorate pro-capite - livello ripartizionale,error,"",0,0,2,HubUnavailable: hub did not answer (timeout or HTTP error),2026-08-04
150_105_DF_DCCV_ORELAVMED_UNT2020_2,Numero di occupati per ore settimanali effettivamente lavorate - livello ripartizionale,ok,hub,11,78,0,"",2026-07-17
150_1168,Tasso di occupazione  - dati mensili - regolamento precedente (fino al 2020),error,"",0,0,2,HubUnavailable: hub did not answer (timeout or HTTP error),2026-08-04
150_1168_DF_DCCV_TAXOCCUMENS1_UNT2020_1,Tasso di occupazione - dati mensili - regolamento precedente (fino al 2020),ok,hub,7,72,0,"",2026-07-17
150_1169,Forze lavoro  - dati mensili - regolamento precedente (fino al 2020),error,"",0,0,2,HubUnavailable: hub did not answer (timeout or HTTP error),2026-08-04
150_1169_DF_DCCV_FORZLVMENS1_UNT2020_1,Forze lavoro  - dati mensili - regolamento precedente (fino al 2020),ok,hub,7,72,0,"",2026-07-17
150_1170,Occupati -  dati mensili - regolamento precedente (fino al 2020),error,"",0,0,2,HubUnavailable: hub did not answer (timeout or HTTP error),2026-08-04
150_1170_DF_DCCV_OCCUPATIMENS1_UNT2020_1,"Posizione professionale, carattere occupazione",ok,hub,8,68,0,"",2026-07-17
150_1170_DF_DCCV_OCCUPATIMENS1_UNT2020_2,"Sesso, età",error,"",0,0,2,HubUnavailable: hub did not answer (timeout or HTTP error),2026-08-04
150_1171,Tasso di attività  - dati mensili - regolamento precedente (fino al 2020),ok,hub,7,72,0,"",2026-07-17
150_1171_DF_DCCV_TAXATVTMENS1_UNT2020_1,Tasso di attività - dati mensili - regolamento precedente (fino al 2020),error,"",0,0,2,HubUnavailable: hub did not answer (timeout or HTTP error),2026-08-04
150_1172,Tasso di attività - dati trimestrali destagionalizzati - regolamento precedente (fino al 2020),ok,hub,6,37,0,"",2026-07-17
150_1172_DF_DCCV_TAXATVTDE1_UNT2020_1,"Sesso, età",ok,hub,6,34,0,"",2026-08-04
150_1172_DF_DCCV_TAXATVTDE1_UNT2020_2,Ripartizioni,ok,hub,5,27,0,"",2026-07-17
150_1173,Forze di lavoro - dati trimestrali destagionalizzati - regolamento precedente (fino al 2020),error,"",0,0,2,HubUnavailable: hub did not answer (timeout or HTTP error),2026-08-04
150_1173_DF_DCCV_FORZLVDE1_UNT2020_1,"Sesso, età",ok,hub,6,34,0,"",2026-07-17
150_1173_DF_DCCV_FORZLVDE1_UNT2020_2,Ripartizioni,error,"",0,0,2,HubUnavailable: hub did not answer (timeout or HTTP error),2026-08-04
150_1174,Occupati - dati trimestrali destagionalizzati - regolamento precedente (fino al 2020),ok,hub,9,50,0,"",2026-07-17
150_1174_DF_DCCV_OCCUPATITDE1_UNT2020_1,"Posizione professionale, carattere occupazione",ok,hub,7,32,0,"",2026-08-04
150_1174_DF_DCCV_OCCUPATITDE1_UNT2020_2,Macrosettori economici,ok,hub,6,31,0,"",2026-07-17
150_1174_DF_DCCV_OCCUPATITDE1_UNT2020_3,"Sesso, età",ok,hub,6,36,0,"",2026-07-17
150_1174_DF_DCCV_OCCUPATITDE1_UNT2020_4,Ripartizioni,ok,hub,5,29,0,"",2026-08-04
150_1175,Tasso di occupazione - dati trimestrali destagionalizzati - regolamento precedente (fino al 2020),ok,hub,6,37,0,"",2026-07-17
150_1175_DF_DCCV_TAXOCCUDE1_UNT2020_1,"Sesso, età",ok,hub,6,34,0,"",2026-07-17
150_1175_DF_DCCV_TAXOCCUDE1_UNT2020_2,Ripartizioni,error,"",0,0,2,HubUnavailable: hub did not answer (timeout or HTTP error),2026-08-04
150_1188,Occupati (migliaia) - regolamento precedente (fino al 2020),ok,hub,14,249,0,"",2026-08-04
150_1188_DF_DCCV_OCCUPATIT1_UNT2020_1,"Occupati (migliaia) - regolamento precedente (fino al 2020)- Titolo di studio, cittadinanza, età",ok,hub,6,29,0,"",2026-07-17
150_1188_DF_DCCV_OCCUPATIT1_UNT2020_10,Occupati (migliaia) - regolamento precedente (fino al 2020)- Ateco 2007 (dettaglio) - posizione professionale,ok,hub,6,30,0,"",2026-07-17
150_1188_DF_DCCV_OCCUPATIT1_UNT2020_11,Occupati (migliaia) - regolamento precedente (fino al 2020)- Ateco 2007 - profilo professionale,ok,hub,6,34,0,"",2026-07-17
150_1188_DF_DCCV_OCCUPATIT1_UNT2020_12,"Occupati (migliaia) - regolamento precedente (fino al 2020)- Ateco 2007 - dipendenti, carattere occupazione, età",ok,hub,7,27,0,"",2026-07-17
150_1188_DF_DCCV_OCCUPATIT1_UNT2020_13,"Occupati (migliaia) - regolamento precedente (fino al 2020)- Ateco 2002 - posizione professionale, età",ok,hub,6,26,0,"",2026-07-17
150_1188_DF_DCCV_OCCUPATIT1_UNT2020_14,"Occupati (migliaia) - regolamento precedente (fino al 2020)- Ateco 2002 - posizione professionale, cittadinanza",ok,hub,7,26,0,"",2026-07-17
150_1188_DF_DCCV_OCCUPATIT1_UNT2020_15,"Occupati (migliaia) - regolamento precedente (fino al 2020)- Ateco 2002 - posizione professionale, tempo pieno/parziale",ok,hub,7,25,0,"",2026-07-17
150_1188_DF_DCCV_OCCUPATIT1_UNT2020_16,Occupati (migliaia) - regolamento precedente (fino al 2020)- Ateco 2002 (dettaglio) - posizione professionale,ok,hub,6,31,0,"",2026-07-17
150_1188_DF_DCCV_OCCUPATIT1_UNT2020_17,Occupati (migliaia) - regolamento precedente (fino al 2020)- Ateco 2002 - profilo professionale,ok,hub,6,34,0,"",2026-07-17
150_1188_DF_DCCV_OCCUPATIT1_UNT2020_18,"Ateco 2002 - dipendenti, carattere occupazione, età",ok,hub,7,27,0,"",2026-07-17
150_1188_DF_DCCV_OCCUPATIT1_UNT2020_19,"Occupati (migliaia) - regolamento precedente (fino al 2020)- Ateco 2002, Ateco 2007 (2008-2010)",ok,hub,7,39,0,"",2026-07-17
150_1188_DF_DCCV_OCCUPATIT1_UNT2020_2,Occupati (migliaia) - regolamento precedente (fino al 2020)- Profilo professionale,ok,hub,5,31,0,"",2026-07-17
150_1188_DF_DCCV_OCCUPATIT1_UNT2020_20,Occupati (migliaia) - regolamento precedente (fino al 2020)- Professione 2011 (dettaglio),ok,hub,5,25,0,"",2026-07-17
150_1188_DF_DCCV_OCCUPATIT1_UNT2020_21,"Occupati (migliaia) - regolamento precedente (fino al 2020)- Professione 2011, cittadinanza",ok,hub,6,21,0,"",2026-07-17
150_1188_DF_DCCV_OCCUPATIT1_UNT2020_22,Occupati (migliaia) - regolamento precedente (fino al 2020)- Professione 2001 (dettaglio),ok,hub,5,25,0,"",2026-07-17
150_1188_DF_DCCV_OCCUPATIT1_UNT2020_23,"Occupati (migliaia) - regolamento precedente (fino al 2020)- Professione 2001, cittadinanza",ok,hub,6,21,0,"",2026-07-17
150_1188_DF_DCCV_OCCUPATIT1_UNT2020_24,Occupati (migliaia) - regolamento precedente (fino al 2020)- Età,ok,hub,4,43,0,"",2026-07-17
150_1188_DF_DCCV_OCCUPATIT1_UNT2020_25,Occupati (migliaia) - regolamento precedente (fino al 2020)- Titolo di studio,ok,hub,5,41,0,"",2026-07-17
150_1188_DF_DCCV_OCCUPATIT1_UNT2020_26,"Occupati (migliaia) - regolamento precedente (fino al 2020)- Posizione professionale, tempo pieno/parziale",ok,hub,6,42,0,"",2026-07-17
150_1188_DF_DCCV_OCCUPATIT1_UNT2020_27,Occupati (migliaia) - regolamento precedente (fino al 2020)- Ateco 2007 - posizione professionale - trimestrali,ok,hub,6,47,0,"",2026-08-04
150_1188_DF_DCCV_OCCUPATIT1_UNT2020_28,Occupati (migliaia) - regolamento precedente (fino al 2020)- Dipendenti - carattere occupazione,ok,hub,6,40,0,"",2026-07-17
150_1188_DF_DCCV_OCCUPATIT1_UNT2020_29,Occupati (migliaia) - regolamento precedente (fino al 2020)- Sesso,ok,hub,4,145,0,"",2026-07-17
150_1188_DF_DCCV_OCCUPATIT1_UNT2020_3,"Occupati (migliaia) - regolamento precedente (fino al 2020)- Tempo pieno/parziale, posizione professionale, età",ok,hub,6,21,0,"",2026-07-17
150_1188_DF_DCCV_OCCUPATIT1_UNT2020_30,Occupati (migliaia) - regolamento precedente (fino al 2020)- Ateco 2007 - posizione professionale,ok,hub,5,153,0,"",2026-07-17
150_1188_DF_DCCV_OCCUPATIT1_UNT2020_31,Occupati (migliaia) - regolamento precedente (fino al 2020)- Ateco 2002 - posizione professionale,ok,hub,5,152,0,"",2026-07-17
150_1188_DF_DCCV_OCCUPATIT1_UNT2020_32,Occupati (migliaia) - regolamento precedente (fino al 2020)- Dal I 1977 - età,ok,hub,4,14,0,"",2026-07-17
150_1188_DF_DCCV_OCCUPATIT1_UNT2020_33,Occupati (migliaia) - regolamento precedente (fino al 2020)- Dal I 1977 - titolo di studio,ok,hub,5,17,0,"",2026-07-17
150_1188_DF_DCCV_OCCUPATIT1_UNT2020_34,Occupati (migliaia) - regolamento precedente (fino al 2020)- Dal I 1977 - posizione professionale,ok,hub,5,15,0,"",2026-07-17
150_1188_DF_DCCV_OCCUPATIT1_UNT2020_35,Occupati (migliaia) - regolamento precedente (fino al 2020)- Dal IV 1992 - dettaglio età,ok,hub,4,19,0,"",2026-07-17
150_1188_DF_DCCV_OCCUPATIT1_UNT2020_36,"Occupati (migliaia) - regolamento precedente (fino al 2020)- Dal IV 1992 - titolo di studio, età",ok,hub,5,20,0,"",2026-07-17
150_1188_DF_DCCV_OCCUPATIT1_UNT2020_37,"Occupati (migliaia) - regolamento precedente (fino al 2020)- Dal IV 1992 - posizione professionale, carattere occupazione",ok,hub,6,18,0,"",2026-07-17
150_1188_DF_DCCV_OCCUPATIT1_UNT2020_38,Occupati (migliaia) - regolamento precedente (fino al 2020)- Dal IV 1992 - tempo pieno/parziale,ok,hub,5,15,0,"",2026-07-17
150_1188_DF_DCCV_OCCUPATIT1_UNT2020_39,Occupati (migliaia) - regolamento precedente (fino al 2020)- Dal IV 1992 - dati regionali,ok,hub,5,39,0,"",2026-07-17
150_1188_DF_DCCV_OCCUPATIT1_UNT2020_4,"Occupati (migliaia) - regolamento precedente (fino al 2020)- Tempo pieno/parziale, cittadinanza",ok,hub,6,18,0,"",2026-07-17
150_1188_DF_DCCV_OCCUPATIT1_UNT2020_40,Occupati (migliaia) - regolamento precedente (fino al 2020)- Ateco 2002 (dal I 1977-2010) - posizione professionale,ok,hub,6,19,0,"",2026-07-17
150_1188_DF_DCCV_OCCUPATIT1_UNT2020_41,"Occupati (migliaia) - regolamento precedente (fino al 2020)- Ateco 2002 (dal IV 1992-2010) - posizione professionale, carattere occupazione",ok,hub,6,23,0,"",2026-07-17
150_1188_DF_DCCV_OCCUPATIT1_UNT2020_42,Occupati (migliaia) - regolamento precedente (fino al 2020)- Ateco 2002 (dal IV 1992-2010) - tempo pieno/parziale,ok,hub,5,20,0,"",2026-07-17
150_1188_DF_DCCV_OCCUPATIT1_UNT2020_43,Occupati (migliaia) - regolamento precedente (fino al 2020)- Ateco 2002 (dal IV 1992-2010) - dati regionali,ok,hub,6,47,0,"",2026-08-04
150_1188_DF_DCCV_OCCUPATIT1_UNT2020_5,"Occupati (migliaia) - regolamento precedente (fino al 2020)- Dipendenti a tempo determinato/indeterminato, tempo pieno/parziale, età",ok,hub,7,28,0,"",2026-07-17
150_1188_DF_DCCV_OCCUPATIT1_UNT2020_6,"Occupati (migliaia) - regolamento precedente (fino al 2020)- Dipendenti a tempo determinato/indeterminato, cittadinanza",ok,hub,7,19,0,"",2026-07-17
150_1188_DF_DCCV_OCCUPATIT1_UNT2020_7,"Occupati (migliaia) - regolamento precedente (fino al 2020)- Ateco 2007 - posizione professionale, età",ok,hub,6,26,0,"",2026-07-17
150_1188_DF_DCCV_OCCUPATIT1_UNT2020_8,"Occupati (migliaia) - regolamento precedente (fino al 2020)- Ateco 2007 - posizione professionale, cittadinanza",ok,hub,7,26,0,"",2026-07-17
150_1188_DF_DCCV_OCCUPATIT1_UNT2020_9,"Occupati (migliaia) - regolamento precedente (fino al 2020)- Ateco 2007 - posizione professionale, tempo pieno/parziale",ok,hub,7,26,0,"",2026-07-17
150_1189,Tasso di  occupazione - regolamento precedente (fino al 2020),ok,hub,7,165,0,"",2026-08-04
150_1189_DF_DCCV_TAXOCCU1_UNT2020_1,"Titolo di studio, età",ok,hub,6,29,0,"",2026-08-04
150_1189_DF_DCCV_TAXOCCU1_UNT2020_2,"Titolo di studio, cittadinanza",ok,hub,7,21,0,"",2026-07-17
150_1189_DF_DCCV_TAXOCCU1_UNT2020_3,Dati regionali,ok,hub,6,51,0,"",2026-08-04
150_1189_DF_DCCV_TAXOCCU1_UNT2020_4,Dati provinciali,ok,hub,5,155,0,"",2026-08-04
150_1189_DF_DCCV_TAXOCCU1_UNT2020_5,Since I 1977 - age,ok,hub,5,148,0,"",2026-08-04
150_1189_DF_DCCV_TAXOCCU1_UNT2020_6,Dal I 1977 - titolo di studio,ok,hub,6,18,0,"",2026-07-17
150_1189_DF_DCCV_TAXOCCU1_UNT2020_7,Dal IV 1992 - dettaglio età,ok,hub,5,20,0,"",2026-07-17
150_1189_DF_DCCV_TAXOCCU1_UNT2020_8,"Dal IV 1992 - titolo di studio, età",ok,hub,6,21,0,"",2026-08-04
150_1189_DF_DCCV_TAXOCCU1_UNT2020_9,Dal IV 1992 - dati regionali,ok,hub,5,40,0,"",2026-08-04
150_1190,Forze di  lavoro - regolamento precedente (fino al 2020),ok,hub,7,163,0,"",2026-08-04
150_1190_DF_DCCV_FORZLV1_UNT2020_1,"Titolo di studio, età",ok,hub,6,27,0,"",2026-08-04
150_1190_DF_DCCV_FORZLV1_UNT2020_10,"Dal IV 1992 - titolo di studio, età",ok,hub,6,21,0,"",2026-07-17
150_1190_DF_DCCV_FORZLV1_UNT2020_11,Dal IV 1992 - dati regionali,ok,hub,5,37,0,"",2026-07-17
150_1190_DF_DCCV_FORZLV1_UNT2020_2,"Titolo di studio, cittadinanza",ok,hub,7,21,0,"",2026-07-17
150_1190_DF_DCCV_FORZLV1_UNT2020_3,Dati regionali - sesso,ok,hub,5,37,0,"",2026-07-17
150_1190_DF_DCCV_FORZLV1_UNT2020_4,Dati regionali - età,ok,hub,5,44,0,"",2026-08-04
150_1190_DF_DCCV_FORZLV1_UNT2020_5,Dati regionali - titolo di studio,ok,hub,6,42,0,"",2026-07-17
150_1190_DF_DCCV_FORZLV1_UNT2020_6,Dati provinciali,ok,hub,5,146,0,"",2026-07-17
150_1190_DF_DCCV_FORZLV1_UNT2020_7,Dal I 1977 - età,ok,hub,5,15,0,"",2026-07-17
150_1190_DF_DCCV_FORZLV1_UNT2020_8,Dal I 1977 - titolo di studio,ok,hub,6,18,0,"",2026-07-17
150_1190_DF_DCCV_FORZLV1_UNT2020_9,Dal IV 1992 - dettaglio età,ok,hub,5,20,0,"",2026-07-17
150_1191,Tasso di  attività - regolamento precedente (fino al 2020),ok,hub,7,164,0,"",2026-08-04
150_1191_DF_DCCV_TAXATVT1_UNT2020_1,"Titolo di studio, età",ok,hub,6,28,0,"",2026-07-17
150_1191_DF_DCCV_TAXATVT1_UNT2020_2,"Titolo di studio, cittadinanza",ok,hub,7,21,0,"",2026-07-17
150_1191_DF_DCCV_TAXATVT1_UNT2020_3,Dati regionali,ok,hub,6,42,0,"",2026-07-17
150_1191_DF_DCCV_TAXATVT1_UNT2020_4,Dati provinciali,ok,hub,5,154,0,"",2026-08-04
150_1191_DF_DCCV_TAXATVT1_UNT2020_5,Dal I 1977 - età,ok,hub,5,15,0,"",2026-07-17
150_1191_DF_DCCV_TAXATVT1_UNT2020_6,Dal I 1977 - titolo di studio,ok,hub,6,18,0,"",2026-07-17
150_1191_DF_DCCV_TAXATVT1_UNT2020_7,Dal IV 1992 - dettaglio età,ok,hub,5,19,0,"",2026-07-17
150_1191_DF_DCCV_TAXATVT1_UNT2020_8,"Dal IV 1992 - Titolo di studio, età",ok,hub,6,21,0,"",2026-07-17
150_1191_DF_DCCV_TAXATVT1_UNT2020_9,Dal IV 1992 - dati regionali,ok,hub,5,39,0,"",2026-07-17
150_872,Tasso di occupazione  - dati mensili,error,"",0,0,2,HubUnavailable: hub did not answer (timeout or HTTP error),2026-08-04
150_872_DF_DCCV_TAXOCCUMENS1_1,Tasso di occupazione - dati mensili,error,"",0,0,2,HubUnavailable: hub did not answer (timeout or HTTP error),2026-08-04
150_873,Forze lavoro  - dati mensili,error,"",0,0,2,HubUnavailable: hub did not answer (timeout or HTTP error),2026-08-04
150_873_DF_DCCV_FORZLVMENS1_1,Forze lavoro - dati mensili,error,"",0,0,2,HubUnavailable: hub did not answer (timeout or HTTP error),2026-08-04
150_875,Occupati -  dati mensili,error,"",0,0,2,HubUnavailable: hub did not answer (timeout or HTTP error),2026-08-04
150_875_DF_DCCV_OCCUPATIMENS1_1,"Posizione professionale, carattere occupazione",ok,hub,8,66,0,"",2026-07-17
150_875_DF_DCCV_OCCUPATIMENS1_2,"Sesso, età",error,"",0,0,2,HubUnavailable: hub did not answer (timeout or HTTP error),2026-08-04
150_876,Tasso di attività  - dati mensili,error,"",0,0,2,HubUnavailable: hub did not answer (timeout or HTTP error),2026-08-04
150_876_DF_DCCV_TAXATVTMENS1_1,Tasso di attività - dati mensili,error,"",0,0,2,HubUnavailable: hub did not answer (timeout or HTTP error),2026-08-04
150_880,Tasso di attività - dati trimestrali destagionalizzati,ok,hub,6,35,0,"",2026-08-04
150_880_DF_DCCV_TAXATVTDE1_1,"Sesso, età",ok,hub,6,32,0,"",2026-07-17
150_880_DF_DCCV_TAXATVTDE1_2,Ripartizioni,ok,hub,5,25,0,"",2026-07-17
150_881,Forze di lavoro - dati trimestrali destagionalizzati,ok,hub,6,35,0,"",2026-08-04
150_881_DF_DCCV_FORZLVDE1_1,"Sesso, età",ok,hub,6,32,0,"",2026-07-17
150_881_DF_DCCV_FORZLVDE1_2,Ripartizioni,ok,hub,5,25,0,"",2026-07-17
150_882,Occupati - dati trimestrali destagionalizzati,ok,hub,9,46,0,"",2026-08-04
150_882_DF_DCCV_OCCUPATITDE1_1,"Posizione professionale, carattere occupazione",ok,hub,7,28,0,"",2026-07-17
150_882_DF_DCCV_OCCUPATITDE1_2,Macrosettori economici,ok,hub,6,27,0,"",2026-07-17
150_882_DF_DCCV_OCCUPATITDE1_3,"Sesso, età",ok,hub,6,32,0,"",2026-07-17
150_882_DF_DCCV_OCCUPATITDE1_4,Ripartizioni,ok,hub,5,25,0,"",2026-07-17
150_883,Tasso di occupazione - dati trimestrali destagionalizzati,ok,hub,6,35,0,"",2026-08-04
150_883_DF_DCCV_TAXOCCUDE1_1,"Sesso, età",ok,hub,6,32,0,"",2026-07-17
150_883_DF_DCCV_TAXOCCUDE1_2,Ripartizioni,ok,hub,5,25,0,"",2026-07-17
150_908,Forze di  lavoro,ok,hub,7,164,0,"",2026-08-04
150_908_DF_DCCV_FORZLV1_1,Classe di età,ok,hub,5,28,0,"",2026-07-17
150_908_DF_DCCV_FORZLV1_2,"Titolo di studio, età",ok,hub,6,32,0,"",2026-07-17
150_908_DF_DCCV_FORZLV1_3,"Cittadinanza, titolo di studio, età",ok,hub,7,25,0,"",2026-07-17
150_908_DF_DCCV_FORZLV1_4,Dati regionali - sesso,ok,hub,5,37,0,"",2026-07-17
150_908_DF_DCCV_FORZLV1_5,Dati regionali - età,ok,hub,5,52,0,"",2026-07-17
150_908_DF_DCCV_FORZLV1_6,Dati regionali - titolo di studio,ok,hub,6,41,0,"",2026-07-17
150_908_DF_DCCV_FORZLV1_7,Dati provinciali,ok,hub,5,142,0,"",2026-07-17
150_908_DF_DCCV_FORZLV1_8,Dal I 2004 - età,ok,hub,5,22,0,"",2026-07-17
150_915,Tasso di  occupazione,ok,hub,7,164,0,"",2026-07-17
150_915_DF_DCCV_TAXOCCU1_1,Classe di età,ok,hub,5,28,0,"",2026-07-17
150_915_DF_DCCV_TAXOCCU1_2,"Titolo di studio, età",ok,hub,6,32,0,"",2026-07-17
150_915_DF_DCCV_TAXOCCU1_3,"Titolo di studio, cittadinanza, età",ok,hub,7,22,0,"",2026-07-17
150_915_DF_DCCV_TAXOCCU1_4,Dati regionali,ok,hub,6,56,0,"",2026-07-17
150_915_DF_DCCV_TAXOCCU1_5,Dati provinciali,ok,hub,5,157,0,"",2026-07-17
150_915_DF_DCCV_TAXOCCU1_6,Dal I 2004 - età,ok,hub,5,23,0,"",2026-07-17
150_915_DF_DCCV_TAXOCCU1_YOUTH_1,Giovani - Tasso di occupazione - dati annuali e trimestrali,ok,hub,7,164,0,"",2026-07-17
150_916,Tasso di  attività,ok,hub,7,164,0,"",2026-07-17
150_916_DF_DCCV_TAXATVT1_1,Classe di età,ok,hub,5,28,0,"",2026-07-17
150_916_DF_DCCV_TAXATVT1_2,"Titolo di studio, età",ok,hub,6,32,0,"",2026-07-17
150_916_DF_DCCV_TAXATVT1_3,"Titolo di studio, cittadinanza",ok,hub,7,22,0,"",2026-07-17
150_916_DF_DCCV_TAXATVT1_4,Dati regionali,ok,hub,6,56,0,"",2026-07-17
150_916_DF_DCCV_TAXATVT1_5,Dati provinciali,ok,hub,5,157,0,"",2026-07-17
150_916_DF_DCCV_TAXATVT1_6,Dal I 2004 - età,ok,hub,5,22,0,"",2026-07-17
150_916_DF_DCCV_TAXATVT1_YOUTH_1,Tasso di attività - dati annuali e trimestrali,ok,hub,7,164,0,"",2026-07-17
150_938,Occupati  (migliaia),ok,hub,14,217,0,"",2026-07-17
150_938_DF_DCCV_OCCUPATIT1_1,Occupati  (migliaia) - Classe di età,ok,hub,4,27,0,"",2026-07-17
150_938_DF_DCCV_OCCUPATIT1_10,"Occupati  (migliaia) - Ateco 2007 - posizione professionale, tempo pieno/parziale",ok,hub,7,26,0,"",2026-07-17
150_938_DF_DCCV_OCCUPATIT1_11,Occupati  (migliaia) - Ateco 2007 (dettaglio) - posizione professionale,ok,hub,6,30,0,"",2026-07-17
150_938_DF_DCCV_OCCUPATIT1_12,Occupati  (migliaia) - Ateco 2007 - profilo professionale,ok,hub,6,27,0,"",2026-07-17
150_938_DF_DCCV_OCCUPATIT1_13,"Occupati  (migliaia) - Ateco 2007 - dipendenti, carattere occupazione, età",ok,hub,7,29,0,"",2026-07-17
150_938_DF_DCCV_OCCUPATIT1_14,Occupati  (migliaia) - Professione (dettaglio),ok,hub,5,25,0,"",2026-07-17
150_938_DF_DCCV_OCCUPATIT1_15,"Occupati  (migliaia) - Professione, cittadinanza",ok,hub,6,21,0,"",2026-07-17
150_938_DF_DCCV_OCCUPATIT1_16,Occupati  (migliaia) - Età,ok,hub,4,42,0,"",2026-07-17
150_938_DF_DCCV_OCCUPATIT1_17,Occupati  (migliaia) - Titolo di studio,ok,hub,4,39,0,"",2026-07-17
150_938_DF_DCCV_OCCUPATIT1_18,"Occupati  (migliaia)  - Posizione professionale, tempo pieno/parziale",ok,hub,6,42,0,"",2026-07-17
150_938_DF_DCCV_OCCUPATIT1_19,Occupati  (migliaia) - Ateco 2007 - posizione professionale - trimestrali,ok,hub,6,47,0,"",2026-07-17
150_938_DF_DCCV_OCCUPATIT1_2,"Occupati  (migliaia) - Titolo di studio, cittadinanza, età",ok,hub,6,34,0,"",2026-07-17
150_938_DF_DCCV_OCCUPATIT1_20,Occupati  (migliaia) - Dipendenti - carattere occupazione,ok,hub,5,39,0,"",2026-07-17
150_938_DF_DCCV_OCCUPATIT1_21,Occupati  (migliaia) - Sesso,ok,hub,4,141,0,"",2026-07-17
150_938_DF_DCCV_OCCUPATIT1_22,Occupati  (migliaia) - Ateco 2007,ok,hub,4,146,0,"",2026-07-17
150_938_DF_DCCV_OCCUPATIT1_23,Occupati  (migliaia) - Posizione professionale,ok,hub,4,141,0,"",2026-07-17
150_938_DF_DCCV_OCCUPATIT1_24,Occupati  (migliaia) - Dal I 2004 - età,ok,hub,4,22,0,"",2026-07-17
150_938_DF_DCCV_OCCUPATIT1_25,"Occupati  (migliaia) - Dal I 2004 - Ateco, posizione professionale",ok,hub,6,26,0,"",2026-08-04
150_938_DF_DCCV_OCCUPATIT1_26,"Occupati  (migliaia) - Dal I 2004 - Ateco, dipendente e carattere occupazione",ok,hub,7,27,0,"",2026-07-17
150_938_DF_DCCV_OCCUPATIT1_3,Occupati  (migliaia) - Profilo professionale,ok,hub,5,24,0,"",2026-07-17
150_938_DF_DCCV_OCCUPATIT1_4,"Occupati  (migliaia) - Tempo pieno/parziale, posizione professionale, età",ok,hub,6,23,0,"",2026-07-17
150_938_DF_DCCV_OCCUPATIT1_5,"Occupati  (migliaia) - Tempo pieno/parziale, cittadinanza",ok,hub,6,18,0,"",2026-07-17
150_938_DF_DCCV_OCCUPATIT1_6,"Occupati  (migliaia) - Dipendenti a tempo determinato/indeterminato, tempo pieno/parziale, età",ok,hub,7,34,0,"",2026-07-17
150_938_DF_DCCV_OCCUPATIT1_7,"Occupati  (migliaia) - Dipendenti a tempo determinato/indeterminato, cittadinanza",ok,hub,7,19,0,"",2026-07-17
150_938_DF_DCCV_OCCUPATIT1_8,"Occupati  (migliaia) - Ateco 2007 - posizione professionale, età",ok,hub,6,28,0,"",2026-07-17
150_938_DF_DCCV_OCCUPATIT1_9,"Occupati  (migliaia) - Ateco 2007 - posizione professionale, cittadinanza",ok,hub,7,26,0,"",2026-07-17
151_1176,Tasso di disoccupazione  - dati mensili- regolamento precedente (fino al 2020),ok,hub,7,72,0,"",2026-07-17
151_1176_DF_DCCV_TAXDISOCCUMENS1_UNT2020,Tasso di disoccupazione - dati mensili - regolamento precedente (fino al 2020),ok,hub,7,72,0,"",2026-07-17
151_1177,Disoccupati  - dati mensili - regolamento precedente (fino al 2020),ok,hub,7,74,0,"",2026-07-17
151_1177_DF_DCCV_DISOCCUPTMENS1_UNT20201,"Sesso, età",ok,hub,7,72,0,"",2026-07-17
151_1177_DF_DCCV_DISOCCUPTMENS1_UNT20202,Incidenza dei disoccupati sulla popolazione,ok,hub,6,69,0,"",2026-07-17
151_1178,Tasso di disoccupazione - dati trimestrali destagionalizzati  - regolamento precedente (fino al 2020),ok,hub,6,37,0,"",2026-07-17
151_1178_DF_DCCV_TAXDISOCCUDE1_UNT2020_1,"Sesso, età",ok,hub,6,34,0,"",2026-07-17
151_1178_DF_DCCV_TAXDISOCCUDE1_UNT2020_2,Ripartizioni,ok,hub,5,27,0,"",2026-07-17
151_1179,Disoccupati - dati trimestrali destagionalizzati - regolamento precedente (fino al 2020),ok,hub,6,37,0,"",2026-07-17
151_1179_DF_DCCV_DISOCCUPTDE1_UNT2020_1,"Sesso, età",ok,hub,6,34,0,"",2026-07-17
151_1179_DF_DCCV_DISOCCUPTDE1_UNT2020_2,Ripartizioni,ok,hub,5,27,0,"",2026-07-17
151_1192,Disoccupati - regolamento precedente (fino al 2020),ok,hub,9,171,0,"",2026-07-17
151_1192_DF_DCCV_DISOCCUPT1_UNT2020_1,"Titolo di studio, età",ok,hub,6,27,0,"",2026-07-17
151_1192_DF_DCCV_DISOCCUPT1_UNT2020_10,"Dal IV 1992 - titolo di studio, età",ok,hub,6,21,0,"",2026-07-17
151_1192_DF_DCCV_DISOCCUPT1_UNT2020_11,Dal IV 1992 - durata della disoccupazione,ok,hub,6,15,0,"",2026-07-17
151_1192_DF_DCCV_DISOCCUPT1_UNT2020_12,Dal IV 1992 - dati regionali,ok,hub,5,37,0,"",2026-07-17
151_1192_DF_DCCV_DISOCCUPT1_UNT2020_2,Cittadinanza,ok,hub,6,16,0,"",2026-07-17
151_1192_DF_DCCV_DISOCCUPT1_UNT2020_3,"Condizione professionale, disoccupazione di lunga durata",ok,hub,7,23,0,"",2026-07-17
151_1192_DF_DCCV_DISOCCUPT1_UNT2020_4,Dati regionali - titolo di studio,ok,hub,6,42,0,"",2026-07-17
151_1192_DF_DCCV_DISOCCUPT1_UNT2020_5,Dati regionali - condizione professionale,ok,hub,6,42,0,"",2026-07-17
151_1192_DF_DCCV_DISOCCUPT1_UNT2020_6,Dati provinciali,ok,hub,5,146,0,"",2026-07-17
151_1192_DF_DCCV_DISOCCUPT1_UNT2020_7,Dal I 1977 - età,ok,hub,5,15,0,"",2026-07-17
151_1192_DF_DCCV_DISOCCUPT1_UNT2020_8,Dal I 1977 - titolo di studio,ok,hub,6,18,0,"",2026-07-17
151_1192_DF_DCCV_DISOCCUPT1_UNT2020_9,Dal IV 1992 - dettaglio età,ok,hub,5,20,0,"",2026-07-17
151_1193,Tasso di  disoccupazione - regolamento precedente (fino al 2020),ok,hub,8,169,0,"",2026-07-17
151_1193_DF_DCCV_TAXDISOCCU1_UNT2020_1,"Titolo di studio, età",ok,hub,6,29,0,"",2026-07-17
151_1193_DF_DCCV_TAXDISOCCU1_UNT2020_10,Dal IV 1992 - dettaglio età,ok,hub,5,20,0,"",2026-07-17
151_1193_DF_DCCV_TAXDISOCCU1_UNT2020_11,"Dal IV 1992 - titolo di studio, età",ok,hub,6,21,0,"",2026-07-17
151_1193_DF_DCCV_TAXDISOCCU1_UNT2020_12,"Dal IV 1992 - dati regionali, età",ok,hub,5,38,0,"",2026-07-17
151_1193_DF_DCCV_TAXDISOCCU1_UNT2020_13,"Dal IV 1992 - dati regionali, durata della disoccupazione",ok,hub,6,39,0,"",2026-07-17
151_1193_DF_DCCV_TAXDISOCCU1_UNT2020_2,"Titolo di studio, cittadinanza",ok,hub,7,22,0,"",2026-07-17
151_1193_DF_DCCV_TAXDISOCCU1_UNT2020_3,Durata della disoccupazione,ok,hub,6,23,0,"",2026-07-17
151_1193_DF_DCCV_TAXDISOCCU1_UNT2020_4,Dati regionali - età,ok,hub,5,45,0,"",2026-07-17
151_1193_DF_DCCV_TAXDISOCCU1_UNT2020_5,Dati regionali - titolo di studio,ok,hub,6,43,0,"",2026-07-17
151_1193_DF_DCCV_TAXDISOCCU1_UNT2020_6,Dati regionali - durata della disoccupazione,ok,hub,6,40,0,"",2026-07-17
151_1193_DF_DCCV_TAXDISOCCU1_UNT2020_7,Dati provinciali,ok,hub,5,152,0,"",2026-07-17
151_1193_DF_DCCV_TAXDISOCCU1_UNT2020_8,Dal I 1977 - età,ok,hub,5,15,0,"",2026-07-17
151_1193_DF_DCCV_TAXDISOCCU1_UNT2020_9,Dal I 1977 - titolo di studio,ok,hub,6,19,0,"",2026-07-17
151_874,Tasso di disoccupazione  - dati mensili,ok,hub,7,70,0,"",2026-07-17
151_874_DF_DCCV_TAXDISOCCUMENS1_1,Tasso di disoccupazione - dati mensili,error,"",0,0,2,HubUnavailable: hub did not answer (timeout or HTTP error),2026-08-04
151_877,Disoccupati  - dati mensili,ok,hub,7,71,0,"",2026-07-17
151_877_DF_DCCV_DISOCCUPTMENS1_1,"Sesso, età",error,"",0,0,2,HubUnavailable: hub did not answer (timeout or HTTP error),2026-08-04
151_877_DF_DCCV_DISOCCUPTMENS1_2,Incidenza dei disoccupati sulla popolazione,ok,hub,6,67,0,"",2026-07-17
151_884,Tasso di disoccupazione - dati trimestrali destagionalizzati,ok,hub,6,35,0,"",2026-07-17
151_884_DF_DCCV_TAXDISOCCUDE1_1,"Sesso, età",ok,hub,6,32,0,"",2026-07-17
151_884_DF_DCCV_TAXDISOCCUDE1_2,Ripartizioni,ok,hub,5,25,0,"",2026-07-17
151_885,Disoccupati - dati trimestrali destagionalizzati,ok,hub,6,35,0,"",2026-07-17
151_885_DF_DCCV_DISOCCUPTDE1_1,"Sesso, età",ok,hub,6,32,0,"",2026-07-17
151_885_DF_DCCV_DISOCCUPTDE1_2,Ripartizioni,ok,hub,5,25,0,"",2026-07-17
151_914,Tasso di  disoccupazione,ok,hub,8,163,0,"",2026-07-17
151_914_DF_DCCV_TAXDISOCCU1_1,Classe di età,ok,hub,5,25,0,"",2026-07-17
151_914_DF_DCCV_TAXDISOCCU1_2,"Titolo di studio, età",ok,hub,6,29,0,"",2026-07-17
151_914_DF_DCCV_TAXDISOCCU1_3,"Titolo di studio, cittadinanza",ok,hub,7,22,0,"",2026-07-17
151_914_DF_DCCV_TAXDISOCCU1_4,Durata della disoccupazione,ok,hub,6,24,0,"",2026-07-17
151_914_DF_DCCV_TAXDISOCCU1_5,Dati regionali - età,ok,hub,5,49,0,"",2026-07-17
151_914_DF_DCCV_TAXDISOCCU1_6,Dati regionali - titolo di studio,ok,hub,6,43,0,"",2026-07-17
151_914_DF_DCCV_TAXDISOCCU1_7,Dati regionali - durata della disoccupazione,ok,hub,6,41,0,"",2026-07-17
151_914_DF_DCCV_TAXDISOCCU1_8,Dati provinciali,ok,hub,5,149,0,"",2026-07-17
151_914_DF_DCCV_TAXDISOCCU1_9,Dal I 2004 - età,ok,hub,5,20,0,"",2026-07-17
151_914_DF_DCCV_TAXDISOCCU1_YOUTH_1,Giovani - Tasso di disoccupazione - Dati annuali e trimestrali,ok,hub,8,163,0,"",2026-07-17
151_929,Disoccupati,ok,hub,9,168,0,"",2026-07-17
151_929_DF_DCCV_DISOCCUPT1_1,Classe di età,ok,hub,5,25,0,"",2026-07-17
151_929_DF_DCCV_DISOCCUPT1_2,"Titolo di studio, età",ok,hub,6,29,0,"",2026-07-17
151_929_DF_DCCV_DISOCCUPT1_3,Cittadinanza,ok,hub,6,16,0,"",2026-07-17
151_929_DF_DCCV_DISOCCUPT1_4,"Condizione professionale, disoccupazione di lunga durata",ok,hub,7,25,0,"",2026-07-17
151_929_DF_DCCV_DISOCCUPT1_5,Dati regionali - titolo di studio,ok,hub,5,38,0,"",2026-07-17
151_929_DF_DCCV_DISOCCUPT1_6,Dati regionali - condizione professionale,ok,hub,6,42,0,"",2026-07-17
151_929_DF_DCCV_DISOCCUPT1_7,Dati provinciali,ok,hub,5,142,0,"",2026-07-17
151_929_DF_DCCV_DISOCCUPT1_8,Dal I 2004 - età,ok,hub,5,20,0,"",2026-07-17
152,Inattivi,empty,hub,0,0,0,"",2026-08-04
152_1180,Tasso di inattività  - dati mensili- regolamento precedente (fino al 2020),ok,hub,7,72,0,"",2026-07-17
152_1180_DF_DCCV_TAXINATTMENS1_UNT2020_1,Tasso di inattività - dati mensili - regolamento precedente (fino al 2020),ok,hub,7,72,0,"",2026-07-17
152_1181,Inattivi  - dati mensili- regolamento precedente (fino al 2020),ok,hub,7,73,0,"",2026-07-17
152_1181_DF_DCCV_INATTIVMENS1_UNT2020_1,Inattivi - dati mensili - regolamento precedente (fino al 2020),ok,hub,7,73,0,"",2026-07-17
152_1182,Tasso di inattività - dati trimestrali destagionalizzati- regolamento precedente (fino al 2020),ok,hub,6,37,0,"",2026-07-17
152_1182_DF_DCCV_TAXINATTDE1_UNT2020_1,"Sesso, età",ok,hub,6,37,0,"",2026-07-17
152_1182_DF_DCCV_TAXINATTDE1_UNT2020_2,Ripartizioni,ok,hub,5,27,0,"",2026-07-17
152_1183,Inattivi - dati trimestrali destagionalizzati- regolamento precedente (fino al 2020),ok,hub,6,37,0,"",2026-07-17
152_1183_DF_DCCV_INATTIVDE1_UNT2020_1,"Sesso, età",ok,hub,6,34,0,"",2026-07-17
152_1183_DF_DCCV_INATTIVDE1_UNT2020_2,Ripartizioni,ok,hub,5,27,0,"",2026-07-17
152_1185,Inattivi- regolamento precedente (fino al 2020),ok,hub,10,191,0,"",2026-07-17
152_1185_DF_DCCV_INATTIV1_UNT2020_1,"Titolo di studio, età",ok,hub,6,27,0,"",2026-07-17
152_1185_DF_DCCV_INATTIV1_UNT2020_10,Dal I 1977 - età,ok,hub,5,17,0,"",2026-07-17
152_1185_DF_DCCV_INATTIV1_UNT2020_11,Dal I 1977 - titolo di studio,ok,hub,5,17,0,"",2026-07-17
152_1185_DF_DCCV_INATTIV1_UNT2020_12,Dal IV 1992 - dettaglio età,ok,hub,5,20,0,"",2026-07-17
152_1185_DF_DCCV_INATTIV1_UNT2020_13,"Dal IV 1992 - titolo di studio, età",ok,hub,6,21,0,"",2026-07-17
152_1185_DF_DCCV_INATTIV1_UNT2020_14,Dal IV 1992 - dati regionali,ok,hub,5,44,0,"",2026-07-17
152_1185_DF_DCCV_INATTIV1_UNT2020_2,"Titolo di studio, cittadinanza",ok,hub,7,25,0,"",2026-07-17
152_1185_DF_DCCV_INATTIV1_UNT2020_3,Condizione professionale,ok,hub,6,24,0,"",2026-07-17
152_1185_DF_DCCV_INATTIV1_UNT2020_4,Motivo inattività,ok,hub,6,25,0,"",2026-07-17
152_1185_DF_DCCV_INATTIV1_UNT2020_5,Condizione dichiarata,ok,hub,6,25,0,"",2026-07-17
152_1185_DF_DCCV_INATTIV1_UNT2020_6,Dati regionali - età,ok,hub,5,46,0,"",2026-07-17
152_1185_DF_DCCV_INATTIV1_UNT2020_7,Dati regionali - titolo di studio,ok,hub,6,44,0,"",2026-07-17
152_1185_DF_DCCV_INATTIV1_UNT2020_8,Dati regionali - condizione professionale,ok,hub,5,45,0,"",2026-07-17
152_1185_DF_DCCV_INATTIV1_UNT2020_9,Dati provinciali,ok,hub,5,150,0,"",2026-07-17
152_1196,Tasso di  inattività- regolamento precedente (fino al 2020),ok,hub,7,164,0,"",2026-07-17
152_1196_DF_DCCV_TAXINATT1_UNT2020_1,"Titolo di studio, età",ok,hub,6,28,0,"",2026-07-17
152_1196_DF_DCCV_TAXINATT1_UNT2020_2,"Titolo di studio, cittadinanza",ok,hub,7,21,0,"",2026-07-17
152_1196_DF_DCCV_TAXINATT1_UNT2020_3,Dati regionali,ok,hub,6,42,0,"",2026-07-17
152_1196_DF_DCCV_TAXINATT1_UNT2020_4,Dati provinciali,ok,hub,5,154,0,"",2026-07-17
152_1196_DF_DCCV_TAXINATT1_UNT2020_5,Dal I 1977 - età,ok,hub,5,15,0,"",2026-07-17
152_1196_DF_DCCV_TAXINATT1_UNT2020_6,Dal I 1977 - titolo di studio,ok,hub,6,18,0,"",2026-07-17
152_1196_DF_DCCV_TAXINATT1_UNT2020_7,Dal IV 1992 - dettaglio età,ok,hub,5,43,0,"",2026-07-17
152_1196_DF_DCCV_TAXINATT1_UNT2020_8,"Dal IV 1992 - titolo di studio, età",ok,hub,6,21,0,"",2026-07-17
152_1196_DF_DCCV_TAXINATT1_UNT2020_9,Dal IV 1992 - dati regionali,ok,hub,5,39,0,"",2026-07-17
152_878,Tasso di inattività  - dati mensili,ok,hub,7,70,0,"",2026-07-17
152_878_DF_DCCV_TAXINATTMENS1_1,Tasso di inattività - dati mensili,error,"",0,0,2,HubUnavailable: hub did not answer (timeout or HTTP error),2026-08-04
152_879,Inattivi  - dati mensili,ok,hub,7,70,0,"",2026-07-17
152_879_DF_DCCV_INATTIVMENS1_1,Inattivi - dati mensili,error,"",0,0,2,HubUnavailable: hub did not answer (timeout or HTTP error),2026-08-04
152_886,Tasso di inattività - dati trimestrali destagionalizzati,ok,hub,6,35,0,"",2026-07-17
152_886_DF_DCCV_TAXINATTDE1_1,"Sesso, età",ok,hub,6,32,0,"",2026-07-17
152_886_DF_DCCV_TAXINATTDE1_2,Ripartizioni,ok,hub,5,25,0,"",2026-07-17
152_887,Inattivi - dati trimestrali destagionalizzati,ok,hub,6,35,0,"",2026-07-17
152_887_DF_DCCV_INATTIVDE1_1,"Sesso, età",ok,hub,6,32,0,"",2026-07-17
152_887_DF_DCCV_INATTIVDE1_2,Ripartizioni,ok,hub,5,25,0,"",2026-07-17
152_913,Tasso di  inattività,ok,hub,7,165,0,"",2026-07-17
152_913_DF_DCCV_TAXINATT1_1,Classe di età,ok,hub,5,29,0,"",2026-07-17
152_913_DF_DCCV_TAXINATT1_2,"Titolo di studio, età",ok,hub,6,32,0,"",2026-07-17
152_913_DF_DCCV_TAXINATT1_3,"Titolo di studio, cittadinanza",ok,hub,7,22,0,"",2026-07-17
152_913_DF_DCCV_TAXINATT1_4,Dati regionali,ok,hub,6,57,0,"",2026-07-17
152_913_DF_DCCV_TAXINATT1_5,Dati provinciali,ok,hub,5,158,0,"",2026-07-17
152_913_DF_DCCV_TAXINATT1_6,Dal I 2004 - età,ok,hub,5,22,0,"",2026-07-17
152_913_DF_DCCV_TAXINATT1_YOUTH_1,Giovani - Tasso di inattività - Dati annuali e trimestrali,ok,hub,7,165,0,"",2026-07-17
152_928,Inattivi,ok,hub,10,188,0,"",2026-07-17
152_928_DF_DCCV_INATTIV1_1,Classe di età,ok,hub,6,32,0,"",2026-07-17
152_928_DF_DCCV_INATTIV1_10,Dati provinciali,ok,hub,6,146,0,"",2026-07-17
152_928_DF_DCCV_INATTIV1_11,Dal I 2004 - età,ok,hub,6,22,0,"",2026-07-17
152_928_DF_DCCV_INATTIV1_2,"Titolo di studio, età",ok,hub,7,33,0,"",2026-07-17
152_928_DF_DCCV_INATTIV1_3,"Cittadinanza, età",ok,hub,8,28,0,"",2026-07-17
152_928_DF_DCCV_INATTIV1_4,Condizione professionale,ok,hub,6,28,0,"",2026-07-17
152_928_DF_DCCV_INATTIV1_5,Motivo inattività,ok,hub,7,32,0,"",2026-07-17
152_928_DF_DCCV_INATTIV1_6,Condizione dichiarata,ok,hub,7,29,0,"",2026-07-17
152_928_DF_DCCV_INATTIV1_7,Dati regionali - età,ok,hub,7,51,0,"",2026-07-17
152_928_DF_DCCV_INATTIV1_8,Dati regionali - titolo di studio,ok,hub,7,45,0,"",2026-07-17
152_928_DF_DCCV_INATTIV1_9,Dati regionali - condizione professionale,ok,hub,6,44,0,"",2026-07-17
154_373,Indicatori - Imprese con dipendenti,ok,hub,5,38,0,"",2026-07-17
154_373_DF_DCSC_COSTLAVULAOROS_1_1,Costo del lavoro per Ula (base 2015),ok,hub,5,31,0,"",2026-07-17
154_373_DF_DCSC_COSTLAVULAOROS_1_2,Costo del lavoro per Ula (base 2010),ok,hub,5,31,0,"",2026-07-17
154_373_DF_DCSC_COSTLAVULAOROS_1_3,Costo del lavoro per Ula (base 2005),ok,hub,5,24,0,"",2026-07-17
154_373_DF_DCSC_COSTLAVULAOROS_1_7,Costo del lavoro per Ula (base 2021),ok,hub,5,30,0,"",2026-07-17
154_373_DF_DCSC_COSTLAVULAOROS_1_8,Contributi sociali per Ula (base 2021),ok,hub,5,30,0,"",2026-07-17
155_274,Retribuzioni contrattuali nella Pubblica amministrazione,ok,hub,7,54,0,"",2026-07-17
155_274_DF_DCSC_RETRCASSCOMPPA_1,Retribuzioni contrattuali nella PA (base 2015),ok,hub,7,45,0,"",2026-07-17
155_274_DF_DCSC_RETRCASSCOMPPA_2,Retribuzioni nella PA (base 2010),ok,hub,7,44,0,"",2026-07-17
155_274_DF_DCSC_RETRCASSCOMPPA_3,Retribuzioni nella PA (base 2005),ok,hub,7,41,0,"",2026-07-17
155_274_DF_DCSC_RETRCASSCOMPPA_4,Retribuzioni contrattuali nella PA (base 2021),ok,hub,7,45,0,"",2026-07-17
155_318,Retribuzioni contrattuali per tipo di contratto,ok,hub,6,148,0,"",2026-07-17
155_318_DF_DCSC_RETRCONTR1C_1,Retribuzioni contrattuali (base 2015),error,"",0,0,2,HubUnavailable: hub did not answer (timeout or HTTP error),2026-08-04
155_318_DF_DCSC_RETRCONTR1C_2,Retribuzioni contrattuali (base 2010),ok,hub,6,127,0,"",2026-07-17
155_318_DF_DCSC_RETRCONTR1C_3,Retribuzioni contrattuali (base 2005),ok,hub,6,126,0,"",2026-07-17
155_318_DF_DCSC_RETRCONTR1C_4,Retribuzioni contrattuali (base 2021),ok,hub,6,125,0,"",2026-07-17
155_358,Retribuzioni contrattuali per settore economico (Ateco),ok,hub,6,423,0,"",2026-07-17
155_358_DF_DCSC_RETRATECO1_1,Retribuzione oraria e per dipendente (base 2015),ok,hub,6,393,0,"",2026-07-17
155_358_DF_DCSC_RETRATECO1_2,Retribuzione di cassa per dipendente (base 2015),ok,hub,6,392,0,"",2026-07-17
155_358_DF_DCSC_RETRATECO1_3,Retribuzione oraria e per dipendente (base 2010),ok,hub,6,402,0,"",2026-07-17
155_358_DF_DCSC_RETRATECO1_4,Retribuzione di cassa per dipendente (base 2010),ok,hub,6,401,0,"",2026-07-17
155_358_DF_DCSC_RETRATECO1_5,Retribuzione oraria e per dipendente (base 2005),ok,hub,6,385,0,"",2026-07-17
155_358_DF_DCSC_RETRATECO1_6,Retribuzione di cassa per dipendente (base 2005),ok,hub,6,384,0,"",2026-07-17
155_358_DF_DCSC_RETRATECO1_7,Retribuzione oraria e per dipendente (base 2021),ok,hub,6,394,0,"",2026-07-17
155_358_DF_DCSC_RETRATECO1_8,Retribuzione di cassa per dipendente (base 2021),ok,hub,6,393,0,"",2026-07-17
155_374,Retribuzioni lorde - Imprese con dipendenti,ok,hub,5,34,0,"",2026-07-17
155_374_DF_DCSC_RETRULAOROS_1_1,Retribuzioni per Ula (base 2015),ok,hub,5,30,0,"",2026-07-17
155_374_DF_DCSC_RETRULAOROS_1_2,Retribuzioni per Ula (base 2010),ok,hub,5,30,0,"",2026-07-17
155_374_DF_DCSC_RETRULAOROS_1_3,Retribuzioni per Ula (base 2005),ok,hub,5,23,0,"",2026-07-17
155_374_DF_DCSC_RETRULAOROS_1_4,Retribuzioni per Ula (base 2021),ok,hub,5,30,0,"",2026-07-17
158_149,Scuola dell'infanzia,ok,hub,6,153,0,"",2026-07-17
158_149_DF_DCIS_INFANZIA_1,"Scuole, classi e bambini",ok,hub,6,152,0,"",2026-07-17
158_149_DF_DCIS_INFANZIA_2,Insegnanti delle scuole statali,ok,hub,6,30,0,"",2026-07-17
158_150,Scuola primaria,ok,hub,6,155,0,"",2026-07-17
158_150_DF_DCIS_PRIMARIA_1,"Scuole, classi e alunni",ok,hub,6,154,0,"",2026-07-17
158_150_DF_DCIS_PRIMARIA_2,Insegnanti delle scuole statali,ok,hub,6,30,0,"",2026-07-17
158_151,Scuola secondaria di primo grado,ok,hub,6,155,0,"",2026-07-17
158_151_DF_DICIS_SCUOLSEC1_1,"Scuole, classi e alunni",ok,hub,6,154,0,"",2026-07-17
158_151_DF_DICIS_SCUOLSEC1_2,Insegnanti delle scuole statali,ok,hub,6,30,0,"",2026-07-17
158_260,Scuola secondaria di secondo grado,ok,hub,7,174,0,"",2026-07-17
158_260_DF_DCIS_SCUOLESECOND2_1,"Scuole, classi e studenti",ok,hub,7,173,0,"",2026-07-17
158_260_DF_DCIS_SCUOLESECOND2_2,Insegnanti delle scuole statali,ok,hub,7,31,0,"",2026-07-17
159_17,Alunni con disabilità,ok,hub,4,37,0,"",2026-07-17
159_17_DF_DCIS_ALUNNIDIS_1,Alunni con disabilità,ok,hub,4,37,0,"",2026-07-17
159_18,Scuole con alunni con disabilità e figure per l'integrazione,ok,hub,5,37,0,"",2026-07-17
159_18_DF_DCIS_SCUOLEDIS_1,Scuole con alunni con disabilità e figure per l'integrazione,ok,hub,5,37,0,"",2026-07-17
159_19,Scuole con alunni con sordità e presenza comunicatori,ok,hub,4,34,0,"",2026-07-17
159_19_DF_DCIS_SCUOLESORDI_1,Scuole con alunni con sordità e presenza comunicatori,ok,hub,4,34,0,"",2026-07-17
160_233,Enti previdenziali - numero di dipendenti,ok,hub,4,39,0,"",2026-07-17
160_233_DF_DCAR_ENTPREVDIP_1,Enti previdenziali - numero di dipendenti,ok,hub,4,39,0,"",2026-07-17
160_234,Enti previdenziali - spese (migliaia di euro),ok,hub,5,68,0,"",2026-07-17
160_234_DF_DCAR_ENTPREVSPE_1,Enti previdenziali - spese (migliaia di euro),ok,hub,5,68,0,"",2026-07-17
160_235,Enti previdenziali - entrate (migliaia di euro),ok,hub,5,60,0,"",2026-07-17
160_235_DF_DCAR_ENTPREVENT_1,Enti previdenziali - entrate (migliaia di euro),ok,hub,5,60,0,"",2026-07-17
160_753,Enti nazionali di previdenza e assistenza sociale S13 - numero di dipendenti,ok,hub,4,39,0,"",2026-07-17
160_753_DF_DCAR_ENTPREVDIP_PA_1,Enti nazionali di previdenza e assistenza sociale S13 - numero di dipendenti,ok,hub,4,39,0,"",2026-07-17
160_754,Enti nazionali di previdenza e assistenza sociale S13 - entrate (migliaia di euro),ok,hub,5,57,0,"",2026-07-17
160_754_DF_DCAR_ENTPREVENT_PA_1,Enti nazionali di previdenza e assistenza sociale S13 - entrate (migliaia di euro),ok,hub,5,57,0,"",2026-07-17
160_755,Enti nazionali di previdenza e assistenza sociale S13 - spese (migliaia di euro),ok,hub,5,65,0,"",2026-07-17
160_755_DF_DCAR_ENTPREVSPE_PA_1,Enti nazionali di previdenza e assistenza sociale S13 - spese (migliaia di euro),ok,hub,5,65,0,"",2026-07-17
161_267,Risultati economici delle imprese,ok,hub,7,1021,0,"",2026-08-04
161_267_DF_DCSP_SBSNAZ_1,Risultati economici delle imprese - Principali dati,ok,hub,5,218,0,"",2026-08-04
161_267_DF_DCSP_SBSNAZ_10,Fatturato,ok,hub,4,30,0,"",2026-07-17
161_267_DF_DCSP_SBSNAZ_11,Costo del lavoro,ok,hub,4,30,0,"",2026-07-17
161_267_DF_DCSP_SBSNAZ_12,Margine operativo lordo,ok,hub,4,26,0,"",2026-07-17
161_267_DF_DCSP_SBSNAZ_13,Competitività di costo,ok,hub,4,26,0,"",2026-07-17
161_267_DF_DCSP_SBSNAZ_14,Numero di addetti e dipendenti,ok,hub,4,30,0,"",2026-07-17
161_267_DF_DCSP_SBSNAZ_2,Tutti i settori economici (Ateco 4 cifre),ok,hub,4,952,0,"",2026-07-17
161_267_DF_DCSP_SBSNAZ_3,Tutti i settori economici (Ateco 4 cifre) e classe di addetti,ok,hub,5,906,0,"",2026-08-04
161_267_DF_DCSP_SBSNAZ_4,Industria (Ateco 3 cifre) e classe di addetti,ok,hub,5,242,0,"",2026-08-04
161_267_DF_DCSP_SBSNAZ_5,Commercio e servizi (Ateco 3 cifre) e classe di addetti,ok,hub,5,246,0,"",2026-08-04
161_267_DF_DCSP_SBSNAZ_6,Commercio (Ateco 2 cifre) e classe di fatturato,ok,hub,6,20,0,"",2026-07-17
161_267_DF_DCSP_SBSNAZ_7,Investimenti per la tutela dell'ambiente,ok,hub,6,51,0,"",2026-07-17
161_267_DF_DCSP_SBSNAZ_8,Principali indicatori di performance,ok,hub,4,25,0,"",2026-07-17
161_267_DF_DCSP_SBSNAZ_9,Valore aggiunto,ok,hub,4,34,0,"",2026-07-17
161_268,Risultati economici delle imprese - reg.,ok,hub,4,154,0,"",2026-07-17
161_268_DF_DCSP_SBSREG_1,Risultati economici delle imprese - reg.,ok,hub,4,154,0,"",2026-07-17
162_1058,Sequenza dei conti trimestrali per settore istituzionale - Conti versione 2014,ok,hub,9,217,0,"",2026-07-17
162_1058_DF_DCCN_ISTITUZ_QNA_B14_1,Sequenza dei conti - edizioni ottobre 2014 - giugno 2019,ok,hub,8,216,0,"",2026-07-17
162_1058_DF_DCCN_ISTITUZ_QNA_B14_2,Indicatori su famiglie e società non finanziarie - edizioni ottobre 2016 - giugno 2019,ok,hub,7,29,0,"",2026-07-17
162_1058_DF_DCCN_ISTITUZ_QNA_B14_3,Aggregati destagionalizzati - edizioni ottobre 2018 - giugno 2019,ok,hub,8,48,0,"",2026-07-17
162_1064,Sequenza  dei conti trimestrali per settore istituzionale,ok,hub,10,203,0,"",2026-07-17
162_1064_DF_DCCN_ISTITUZ_QNA1_1,Sequenza dei conti,ok,hub,8,154,0,"",2026-07-17
162_1064_DF_DCCN_ISTITUZ_QNA1_2,Indicatori su famiglie e società non finanziarie,ok,hub,7,25,0,"",2026-07-17
162_1064_DF_DCCN_ISTITUZ_QNA1_3,Aggregati destagionalizzati,ok,hub,8,59,0,"",2026-07-17
162_633,Sequenza dei conti trimestrali per settore istituzionale,ok,hub,9,217,0,"",2026-07-17
163_1226,Principali aggregati trimestrali di Contabilità Nazionale,ok,hub,10,93,0,"",2026-07-17
163_1226_DF_DCCN_QNA1_1,Valore aggiunto per branca di attività,ok,hub,8,46,0,"",2026-07-17
163_1226_DF_DCCN_QNA1_2,Investimenti fissi lordi per tipo di investimento,ok,hub,7,28,0,"",2026-07-17
163_1226_DF_DCCN_QNA1_3,Spesa per i consumi finali delle famiglie,ok,hub,7,40,0,"",2026-07-17
163_1226_DF_DCCN_QNA1_4,Spesa per consumi finali delle famiglie per voce di spesa (Coicop 2018 2 cifre) e durata,ok,hub,7,38,0,"",2026-07-17
163_1226_DF_DCCN_QNA1_5,Redditi da lavoro dipendente e componenti per branca di attività,ok,hub,7,45,0,"",2026-07-17
163_1226_DF_DCCN_QNA1_6,Costi e margini per branca di attività,ok,hub,6,27,0,"",2026-07-17
163_144,Aggregati dei conti per branca di attività (NACE Rev.1.1) - edizione settembre 2011,ok,hub,11,39,0,"",2026-07-17
163_156,Conto economico delle risorse e degli impieghi  e contributi alla crescita del Pil,ok,hub,6,48,0,"",2026-07-17
163_156_DF_DCCN_SQCQ_1,Conto economico delle risorse e degli impieghi,ok,hub,6,39,0,"",2026-07-17
163_156_DF_DCCN_SQCQ_2,Contributi alla crescita del PIL,ok,hub,6,28,0,"",2026-07-17
163_156_DF_DCCN_SQCQ_3,Prodotto interno lordo e variazioni (stima preliminare),ok,hub,6,27,0,"",2026-07-17
163_184,Prodotto interno lordo e  principali componenti,ok,hub,6,28,0,"",2026-07-17
163_184_DF_DCCN_PILQ_1,Prodotto interno lordo e principali componenti,ok,hub,6,28,0,"",2026-07-17
163_24,Principali aggregati trimestrali di Contabilità Nazionale - edizioni ottobre 2019 - settembre 2024,ok,hub,10,111,0,"",2026-08-04
163_241,Spesa per consumi finali delle famiglie - edizioni fino ad agosto 2014,ok,hub,10,52,0,"",2026-07-17
163_246,Costi e margini per branca di attività (NACE Rev.1.1) - edizione settembre 2011,ok,hub,9,18,0,"",2026-07-17
163_247,Prodotto interno lordo lato produzione - edizioni fino ad agosto 2014,ok,hub,9,30,0,"",2026-07-17
163_24_DF_DCCN_QNA_1,Valore aggiunto per branca di attività - edizioni ottobre 2019 - settembre 2024,error,"",0,0,2,HubUnavailable: hub did not answer (timeout or HTTP error),2026-08-04
163_24_DF_DCCN_QNA_2,Investimenti fissi lordi per tipo di investimento - edizioni ottobre 2019 - settembre 2024,ok,hub,7,47,0,"",2026-07-17
163_24_DF_DCCN_QNA_3,Spesa per i consumi finali delle famiglie - edizioni ottobre 2019 - settembre 2024,ok,hub,6,40,0,"",2026-07-17
163_24_DF_DCCN_QNA_4,Spesa per consumi finali delle famiglie per voce di spesa (Coicop 2 cifre) e durata - edizioni ottobre 2019 - settembre 2024,ok,hub,7,56,0,"",2026-07-17
163_24_DF_DCCN_QNA_5,Redditi da lavoro dipendente e componenti per branca di attività - edizioni ottobre 2019 - settembre 2024,ok,hub,7,64,0,"",2026-08-04
163_24_DF_DCCN_QNA_6,Costi e margini per branca di attività - edizioni ottobre 2019 - settembre 2024,ok,hub,6,46,0,"",2026-07-17
163_250,Investimenti fissi lordi - edizioni fino ad agosto 2014,ok,hub,10,36,0,"",2026-07-17
163_253,Conto economico delle risorse e degli impieghi - edizioni fino ad agosto 2014,ok,hub,8,47,0,"",2026-07-17
163_257,Occupazione per branca di attività (NACE Rev.1.1) - edizione settembre 2011,ok,hub,10,36,0,"",2026-07-17
163_296,Aggregati dei conti per branca di attività (NACE Rev.2) - edizioni dicembre 2011 - agosto 2014,ok,hub,10,66,0,"",2026-07-17
163_299,Costi e margini per branca di attività (NACE Rev.2) - edizioni dicembre 2011 - giugno 2014,ok,hub,8,32,0,"",2026-07-17
163_300,Occupazione per branca di attività (NACE Rev.2) - edizioni dicembre 2011 - giugno 2014,ok,hub,10,62,0,"",2026-07-17
163_88,Occupazione per branca di attività,ok,hub,9,54,0,"",2026-07-17
163_88_DF_DCCN_OCCQSEC2010_1,Occupazione per branca di attività,ok,hub,7,47,0,"",2026-07-17
163_88_DF_DCCN_OCCQSEC2010_2,Popolazione media del periodo,ok,hub,5,13,0,"",2026-07-17
164_164,Popolazione residente ricostruita - Anni 2002-2019,empty,hub,0,0,0,"",2026-08-04
164_164_DF_DASH_DCIS_RICPOPRES2011_24,Tutti i comuni,error,"",0,0,2,HubUnavailable: hub did not answer (timeout or HTTP error),2026-08-04
164_164_DF_DCIS_RICPOPRES2011_1,"Italia, regioni, province",ok,hub,6,247,0,"",2026-08-04
164_164_DF_DCIS_RICPOPRES2011_10,Friuli-Venezia Giulia,ok,hub,6,340,0,"",2026-08-04
164_164_DF_DCIS_RICPOPRES2011_11,Emilia-Romagna,ok,hub,6,458,0,"",2026-08-04
164_164_DF_DCIS_RICPOPRES2011_12,Toscana,ok,hub,6,404,0,"",2026-08-04
164_164_DF_DCIS_RICPOPRES2011_13,Umbria,error,"",0,0,2,HubUnavailable: hub did not answer (timeout or HTTP error),2026-08-04
164_164_DF_DCIS_RICPOPRES2011_14,Marche,ok,hub,6,354,0,"",2026-08-04
164_164_DF_DCIS_RICPOPRES2011_15,Lazio,ok,hub,6,504,0,"",2026-08-04
164_164_DF_DCIS_RICPOPRES2011_16,Abruzzo,ok,hub,6,430,0,"",2026-08-04
164_164_DF_DCIS_RICPOPRES2011_17,Molise,ok,hub,6,259,0,"",2026-08-04
164_164_DF_DCIS_RICPOPRES2011_18,Campania,error,"",0,0,2,HubUnavailable: hub did not answer (timeout or HTTP error),2026-08-04
164_164_DF_DCIS_RICPOPRES2011_19,Puglia,ok,hub,6,384,0,"",2026-08-04
164_164_DF_DCIS_RICPOPRES2011_2,Bilancio demografico dal 21 ottobre 2001 al 31 dicembre 2018,ok,hub,5,153,0,"",2026-07-17
164_164_DF_DCIS_RICPOPRES2011_20,Basilicata,ok,hub,6,254,0,"",2026-08-04
164_164_DF_DCIS_RICPOPRES2011_21,Calabria,ok,hub,6,530,0,"",2026-08-04
164_164_DF_DCIS_RICPOPRES2011_22,Sicilia,ok,hub,6,520,0,"",2026-08-04
164_164_DF_DCIS_RICPOPRES2011_23,Sardegna,ok,hub,6,503,0,"",2026-08-04
164_164_DF_DCIS_RICPOPRES2011_24,Tutti i comuni,ok,hub,6,11675,0,"",2026-07-17
164_164_DF_DCIS_RICPOPRES2011_3,Piemonte,error,"",0,0,2,HubUnavailable: hub did not answer (timeout or HTTP error),2026-08-04
164_164_DF_DCIS_RICPOPRES2011_4,Valle d'Aosta/Vallée d'Aoste,ok,hub,6,196,0,"",2026-08-04
164_164_DF_DCIS_RICPOPRES2011_5,Liguria,ok,hub,6,359,0,"",2026-08-04
164_164_DF_DCIS_RICPOPRES2011_6,Lombardia,error,"",0,0,2,HubUnavailable: hub did not answer (timeout or HTTP error),2026-08-04
164_164_DF_DCIS_RICPOPRES2011_7,Provincia Autonoma Bolzano/Bozen,ok,hub,6,238,0,"",2026-08-04
164_164_DF_DCIS_RICPOPRES2011_8,Provincia Autonoma Trento,ok,hub,6,297,0,"",2026-08-04
164_164_DF_DCIS_RICPOPRES2011_9,Veneto,ok,hub,6,691,0,"",2026-08-04
164_279,Popolazione residente ricostruita - Anni 1982-1991,error,"",0,0,2,HubUnavailable: hub did not answer (timeout or HTTP error),2026-08-04
164_279_DF_DASH_DCIS_RICPOPRES1991_23,Tutti i comuni,error,"",0,0,2,HubUnavailable: hub did not answer (timeout or HTTP error),2026-08-04
164_279_DF_DCIS_RICPOPRES1991_1,"Italia, regioni, province",error,"",0,0,2,HubUnavailable: hub did not answer (timeout or HTTP error),2026-08-04
164_279_DF_DCIS_RICPOPRES1991_10,Emilia Romagna,ok,hub,5,460,0,"",2026-08-04
164_279_DF_DCIS_RICPOPRES1991_11,Toscana,error,"",0,0,2,HubUnavailable: hub did not answer (timeout or HTTP error),2026-08-04
164_279_DF_DCIS_RICPOPRES1991_12,Umbria,error,"",0,0,2,HubUnavailable: hub did not answer (timeout or HTTP error),2026-08-04
164_279_DF_DCIS_RICPOPRES1991_13,Marche,error,"",0,0,2,HubUnavailable: hub did not answer (timeout or HTTP error),2026-08-04
164_279_DF_DCIS_RICPOPRES1991_14,Lazio,error,"",0,0,2,HubUnavailable: hub did not answer (timeout or HTTP error),2026-08-04
164_279_DF_DCIS_RICPOPRES1991_15,Abruzzo,error,"",0,0,2,HubUnavailable: hub did not answer (timeout or HTTP error),2026-08-04
164_279_DF_DCIS_RICPOPRES1991_16,Molise,error,"",0,0,2,HubUnavailable: hub did not answer (timeout or HTTP error),2026-08-04
164_279_DF_DCIS_RICPOPRES1991_17,Campania,error,"",0,0,2,HubUnavailable: hub did not answer (timeout or HTTP error),2026-08-04
164_279_DF_DCIS_RICPOPRES1991_18,Puglia,error,"",0,0,2,HubUnavailable: hub did not answer (timeout or HTTP error),2026-08-04
164_279_DF_DCIS_RICPOPRES1991_19,Basilicata,error,"",0,0,2,HubUnavailable: hub did not answer (timeout or HTTP error),2026-08-04
164_279_DF_DCIS_RICPOPRES1991_2,Piemonte,error,"",0,0,2,HubUnavailable: hub did not answer (timeout or HTTP error),2026-08-04
164_279_DF_DCIS_RICPOPRES1991_20,Calabria,error,"",0,0,2,HubUnavailable: hub did not answer (timeout or HTTP error),2026-08-04
164_279_DF_DCIS_RICPOPRES1991_21,Sicilia,error,"",0,0,2,HubUnavailable: hub did not answer (timeout or HTTP error),2026-08-04
164_279_DF_DCIS_RICPOPRES1991_22,Sardegna,error,"",0,0,2,HubUnavailable: hub did not answer (timeout or HTTP error),2026-08-04
164_279_DF_DCIS_RICPOPRES1991_23,Tutti i comuni,ok,hub,5,11899,0,"",2026-07-17
164_279_DF_DCIS_RICPOPRES1991_3,Valle d'Aosta/Vallée d'Aoste,error,"",0,0,2,HubUnavailable: hub did not answer (timeout or HTTP error),2026-08-04
164_279_DF_DCIS_RICPOPRES1991_4,Liguria,error,"",0,0,2,HubUnavailable: hub did not answer (timeout or HTTP error),2026-08-04
164_279_DF_DCIS_RICPOPRES1991_5,Lombardia,error,"",0,0,2,HubUnavailable: hub did not answer (timeout or HTTP error),2026-08-04
164_279_DF_DCIS_RICPOPRES1991_6,Provincia Autonoma Bolzano/Bozen,error,"",0,0,2,HubUnavailable: hub did not answer (timeout or HTTP error),2026-08-04
164_279_DF_DCIS_RICPOPRES1991_7,Provincia Autonoma Trento,error,"",0,0,2,HubUnavailable: hub did not answer (timeout or HTTP error),2026-08-04
164_279_DF_DCIS_RICPOPRES1991_8,Veneto,error,"",0,0,2,HubUnavailable: hub did not answer (timeout or HTTP error),2026-08-04
164_279_DF_DCIS_RICPOPRES1991_9,Friuli-Venezia Giulia,error,"",0,0,2,HubUnavailable: hub did not answer (timeout or HTTP error),2026-08-04
164_305,Popolazione residente ricostruita - Anni 1991-2001,error,"",0,0,2,HubUnavailable: hub did not answer (timeout or HTTP error),2026-08-04
164_305_DF_DASH_DCIS_RICPOPRES2001_23,Tutti i comuni,error,"",0,0,2,HubUnavailable: hub did not answer (timeout or HTTP error),2026-08-04
164_305_DF_DCIS_RICPOPRES2001_1,"Italia, regioni, province",ok,hub,5,240,0,"",2026-08-04
164_305_DF_DCIS_RICPOPRES2001_10,Emilia Romagna,ok,hub,4,363,0,"",2026-08-04
164_305_DF_DCIS_RICPOPRES2001_11,Toscana,ok,hub,4,310,0,"",2026-08-04
164_305_DF_DCIS_RICPOPRES2001_12,Umbria,ok,hub,4,107,0,"",2026-08-04
164_305_DF_DCIS_RICPOPRES2001_13,Marche,ok,hub,4,263,0,"",2026-07-17
164_305_DF_DCIS_RICPOPRES2001_14,Lazio,ok,hub,4,395,0,"",2026-08-04
164_305_DF_DCIS_RICPOPRES2001_15,Abruzzo,ok,hub,4,322,0,"",2026-08-04
164_305_DF_DCIS_RICPOPRES2001_16,Molise,error,"",0,0,2,HubUnavailable: hub did not answer (timeout or HTTP error),2026-08-04
164_305_DF_DCIS_RICPOPRES2001_17,Campania,error,"",0,0,2,HubUnavailable: hub did not answer (timeout or HTTP error),2026-08-04
164_305_DF_DCIS_RICPOPRES2001_18,Puglia,ok,hub,4,276,0,"",2026-08-04
164_305_DF_DCIS_RICPOPRES2001_19,Basilicata,ok,hub,4,146,0,"",2026-07-17
164_305_DF_DCIS_RICPOPRES2001_2,Piemonte,ok,hub,4,1227,0,"",2026-08-04
164_305_DF_DCIS_RICPOPRES2001_20,Calabria,ok,hub,4,427,0,"",2026-07-17
164_305_DF_DCIS_RICPOPRES2001_21,Sicilia,ok,hub,4,412,0,"",2026-08-04
164_305_DF_DCIS_RICPOPRES2001_22,Sardegna,ok,hub,4,394,0,"",2026-08-04
164_305_DF_DCIS_RICPOPRES2001_23,Tutti i comuni,ok,hub,5,11899,0,"",2026-07-17
164_305_DF_DCIS_RICPOPRES2001_24,Bilancio demografico dal 20 ottobre 1991 al 21 ottobre 2001,ok,hub,4,143,0,"",2026-07-17
164_305_DF_DCIS_RICPOPRES2001_3,Valle d'Aosta/Vallée d'Aoste,ok,hub,4,88,0,"",2026-07-17
164_305_DF_DCIS_RICPOPRES2001_4,Liguria,ok,hub,4,252,0,"",2026-07-17
164_305_DF_DCIS_RICPOPRES2001_5,Lombardia,ok,hub,4,1570,0,"",2026-07-17
164_305_DF_DCIS_RICPOPRES2001_6,Provincia Autonoma Bolzano/Bozen,ok,hub,4,130,0,"",2026-07-17
164_305_DF_DCIS_RICPOPRES2001_7,Provincia Autonoma Trento,ok,hub,4,237,0,"",2026-08-04
164_305_DF_DCIS_RICPOPRES2001_8,Veneto,ok,hub,4,601,0,"",2026-08-04
164_305_DF_DCIS_RICPOPRES2001_9,Friuli-Venezia Giulia,ok,hub,4,236,0,"",2026-08-04
164_346,Popolazione residente ricostruita - Anni 1952-1971,ok,hub,5,135,0,"",2026-08-04
164_346_DF_DCIS_RICPOPRES1971_1,Ricostruzione intercensuaria della popolazione residente - Anni 1952-1971,ok,hub,5,135,0,"",2026-07-17
164_347,Popolazione residente ricostruita - Anni 1972-1981,ok,hub,5,137,0,"",2026-08-04
164_347_DF_DCIS_RICPOPRES1981_1,Ricostruzione intercensuaria della popolazione residente - Anni 1972-1981,ok,hub,5,137,0,"",2026-08-04
165_1167,Previsioni delle famiglie - Anni 2024-2050,ok,hub,6,77,0,"",2026-08-04
165_1167_DF_DCIS_PREVFAM_1,Popolazione residente che vive in famiglia per posizione familiare e classi quinquennali di età - Scenario mediano,ok,hub,5,63,0,"",2026-08-04
165_1167_DF_DCIS_PREVFAM_2,Famiglie e numero medio di componenti familiari per tipologia familiare  - Scenario mediano,ok,hub,4,45,0,"",2026-07-17
165_1245,Previsioni comunali della popolazione - Anni 2024-2050,empty,hub,0,0,0,"",2026-08-04
165_1245_DF_DCIS_PREVCOM_1,Previsioni comunali: Popolazione residente per sesso e classi quinquennali di età - Scenario mediano,ok,hub,5,11583,0,"",2026-07-17
165_1245_DF_DCIS_PREVCOM_2,Previsioni comunali: Componenti del bilancio demografico - Scenario mediano,ok,hub,3,11568,0,"",2026-07-17
165_1245_DF_DCIS_PREVCOM_3,Previsioni comunali: Tassi generici del movimento demografico - Scenario mediano,ok,hub,3,11562,0,"",2026-07-17
165_1245_DF_DCIS_PREVCOM_4,Previsioni comunali: Principali indicatori strutturali - Scenario mediano,ok,hub,3,11562,0,"",2026-07-17
165_889,Previsioni della popolazione  - Anni 2024-2080,ok,hub,6,190,0,"",2026-07-17
165_889_DF_DCIS_PREVDEM1_1,Popolazione al 1° gennaio,ok,hub,6,12595,0,"",2026-07-17
165_889_DF_DCIS_PREVDEM1_2,Componenti del bilancio demografico,ok,hub,4,50,0,"",2026-08-04
165_889_DF_DCIS_PREVDEM1_3,Indicatori demografici,ok,hub,4,62,0,"",2026-08-04
167_33,Nic - mensili dal 2011 al 2015 (base 2010),error,"",0,0,2,HubUnavailable: hub did not answer (timeout or HTTP error),2026-08-04
167_33_DF_DCSP_NICUNOBB2010_1,Tipologie di prodotto,error,"",0,0,2,HubUnavailable: hub did not answer (timeout or HTTP error),2026-08-04
167_33_DF_DCSP_NICUNOBB2010_2,Classificazione Coicop (3 cifre) - prov.,error,"",0,0,2,HubUnavailable: hub did not answer (timeout or HTTP error),2026-08-04
167_33_DF_DCSP_NICUNOBB2010_3,Classificazione Coicop (5 cifre),ok,hub,5,733,0,"",2026-08-04
167_34_DF_DCSP_NICDUEB2010_1,Tipologie di prodotto,ok,hub,5,164,0,"",2026-08-04
167_34_DF_DCSP_NICDUEB2010_2,Classificazione Ecoicop (3 cifre) - prov.,ok,hub,5,202,0,"",2026-08-04
167_34_DF_DCSP_NICDUEB2010_3,Classificazione Ecoicop (5 cifre),ok,hub,5,732,0,"",2026-08-04
167_35_DF_DCSP_NICTREB2010_1,Tipologie di prodotto,ok,hub,4,69,0,"",2026-07-17
167_35_DF_DCSP_NICTREB2010_2,Classificazione Coicop (3 cifre) - reg.,ok,hub,4,107,0,"",2026-08-04
167_35_DF_DCSP_NICTREB2010_3,Classificazione Coicop (5 cifre),ok,hub,4,730,0,"",2026-08-04
167_742,Nic - medie annue dal 2016 (base 2015),error,"",0,0,2,HubUnavailable: hub did not answer (timeout or HTTP error),2026-08-04
167_742_DF_DCSP_NIC2B2015_1,Prezzi al consumo per l’intera collettività (Nic) - medie annue dal 2016 (base 2015) - Principali dati,error,"",0,0,2,HubUnavailable: hub did not answer (timeout or HTTP error),2026-08-04
167_742_DF_DCSP_NIC2B2015_2,Tipologie di prodotto,error,"",0,0,2,HubUnavailable: hub did not answer (timeout or HTTP error),2026-08-04
167_742_DF_DCSP_NIC2B2015_3,Classificazione Ecoicop (3 cifre) - prov.,ok,hub,5,201,0,"",2026-08-04
167_742_DF_DCSP_NIC2B2015_4,Classificazione Ecoicop (5 cifre),error,"",0,0,2,HubUnavailable: hub did not answer (timeout or HTTP error),2026-08-04
167_743,Nic - pesi dal 2016,error,"",0,0,2,HubUnavailable: hub did not answer (timeout or HTTP error),2026-08-04
167_743_DF_DCSP_DCSP_NIC3EC2_3,Classificazione ECOICOP vers.2 (6 cifre),error,"",0,0,2,HubUnavailable: hub did not answer (timeout or HTTP error),2026-08-04
167_743_DF_DCSP_NIC3B2015_1,Prezzi al consumo per l’intera collettività (Nic) - pesi dal 2016 - Principali dati,ok,hub,4,45,0,"",2026-07-17
167_743_DF_DCSP_NIC3B2015_2,Tipologie di prodotto,ok,hub,4,42,0,"",2026-07-17
167_743_DF_DCSP_NIC3B2015_3,Classificazione Ecoicop (5 cifre),ok,hub,4,718,0,"",2026-07-17
167_744,Nic - mensili dal 2016 (base 2015),ok,hub,5,890,0,"",2026-08-04
167_744_DF_DCSP_NIC1B2015_1,Prezzi al consumo per l’intera collettività (Nic) - mensili dal 2016 (base 2015) - Principali dati,ok,hub,5,152,0,"",2026-07-17
167_744_DF_DCSP_NIC1B2015_2,Tipologie di prodotto,ok,hub,5,176,0,"",2026-08-04
167_744_DF_DCSP_NIC1B2015_3,Classificazione Ecoicop (3 cifre) - prov.,ok,hub,5,195,0,"",2026-08-04
167_744_DF_DCSP_NIC1B2015_4,Classificazione Ecoicop (5 cifre),ok,hub,5,721,0,"",2026-08-04
167_745,Nic - mensili dal 2026 (base 2025),error,"",0,0,2,HubUnavailable: hub did not answer (timeout or HTTP error),2026-08-04
167_745_DF_DCSP_NIC1B2025_1,Prezzi al consumo per l’intera collettività (Nic) - mensili dal 2026 (base 2025) - Principali dati,ok,hub,5,129,0,"",2026-07-17
167_745_DF_DCSP_NIC1B2025_2,Tipologie di prodotto,ok,hub,5,29,0,"",2026-07-17
167_745_DF_DCSP_NIC1B2025_3,Classificazione Ecoicop 2 (3 cifre) - prov.,ok,hub,5,176,0,"",2026-07-17
167_745_DF_DCSP_NIC1B2025_4,Classificazione Ecoicop 2 (5 cifre),ok,hub,5,975,0,"",2026-07-17
167_745_DF_DCSP_NIC1B2025_5,"Prezzi al consumo per l’intera collettività (Nic) - mensili dal 1996 al 2025 (basi 1995, 2010, 2015) - Ecoicop 2",ok,hub,5,844,0,"",2026-07-17
167_745_DF_DCSP_NIC1B2025_6,Prezzi al consumo per l’intera collettività (Nic) - mensili - tutte le basi - Ecoicop 2,ok,hub,5,998,0,"",2026-07-17
167_746,Nic – pesi dal 2026 - Ecoicop 2,ok,hub,4,896,0,"",2026-07-17
167_746_DF_DCSP_NIC3EC2_1,Prezzi al consumo per l’intera collettività (Nic) - Principali dati,ok,hub,4,46,0,"",2026-07-17
167_746_DF_DCSP_NIC3EC2_2,Tipologie di prodotto,ok,hub,4,896,0,"",2026-07-17
167_747,Nic - medie annue dal 2026 (base  2025) - Ecoicop 2,ok,hub,5,843,0,"",2026-07-17
167_747_DCSP_NIC2B2025_1,"Prezzi al consumo per l’intera collettività (Nic) - medie annue dal 1996 al 2025 (basi 1995, 2010, 2015) - Ecoicop 2",ok,hub,5,843,0,"",2026-07-17
168_2,Ipca - mensili e trimestrali dal 2001 al 2015 (base 2005),ok,hub,5,166,0,"",2026-07-17
168_261_DF_DCSP_IPCATC2_1,Ipca - medie annue a tassazione costante (base 2005),ok,hub,5,134,0,"",2026-07-17
168_2_DF_DCSP_IPCA1_1,Classificazione Coicop (4 cifre),ok,hub,5,134,0,"",2026-07-17
168_2_DF_DCSP_IPCA1_2,Aggregati speciali,ok,hub,5,31,0,"",2026-07-17
168_2_DF_DCSP_IPCA1_3,Mensili per classi di spesa (base 2005),ok,hub,5,27,0,"",2026-07-17
168_2_DF_DCSP_IPCA1_4,Trimestrali per classi di spesa (base 2005),ok,hub,5,25,0,"",2026-07-17
168_306_DF_DCSP_IPCATC1_1,Ipca - mensili a tassazione costante (base 2005),ok,hub,5,135,0,"",2026-07-17
168_307,Ipca - mensili a tassazione costante (base 2025),ok,hub,5,184,0,"",2026-07-17
168_307_DF_DCSP_IPCATC1B2025_1,Ipca a tassazione costante mensili dal 2006 (base 2025),ok,hub,5,184,0,"",2026-07-17
168_5_DF_DCSP_IPCA2_1,Classificazione Coicop (4 cifre),ok,hub,5,133,0,"",2026-07-17
168_5_DF_DCSP_IPCA2_2,Aggregati speciali,ok,hub,5,28,0,"",2026-07-17
168_5_DF_DCSP_IPCA2_3,Medie annue per classi di spesa (base 2005),ok,hub,5,26,0,"",2026-07-17
168_6,Ipca - pesi dal 2001,ok,hub,4,187,0,"",2026-07-17
168_6_DF_DCSP_IPCA3_1,Classificazione Ecoicop (4 cifre),ok,hub,4,155,0,"",2026-07-17
168_6_DF_DCSP_IPCA3_2,Aggregati speciali,ok,hub,4,29,0,"",2026-07-17
168_6_DF_DCSP_IPCA3_3,Classi di spesa (dal 2005),ok,hub,4,26,0,"",2026-07-17
168_7,Ipca - pesi dal 1996 - Ecoicop 2,ok,hub,4,451,0,"",2026-07-17
168_756,Ipca - mensili a tassazione costante (base 2015),ok,hub,5,136,0,"",2026-07-17
168_756_DF_DCSP_IPCATC1B2015_1,Ipca - mensili a tassazione costante (base 2015),ok,hub,5,136,0,"",2026-07-17
168_757,Ipca - medie annue a tassazione costante (base 2015),ok,hub,5,160,0,"",2026-07-17
168_757_DF_DCSP_IPCATC2B2015_1,Ipca - medie annue a tassazione costante (base 2015),ok,hub,5,157,0,"",2026-07-17
168_758,Ipca - medie annue dal 2001 (base 2015),ok,hub,5,194,0,"",2026-07-17
168_758_DF_DCSP_IPCA2B2015_1,Classificazione Ecoicop (4 cifre),ok,hub,5,161,0,"",2026-07-17
168_758_DF_DCSP_IPCA2B2015_2,Aggregati speciali (5 cifre),ok,hub,5,28,0,"",2026-07-17
168_758_DF_DCSP_IPCA2B2015_3,Classi di spesa (dal 2005),ok,hub,5,25,0,"",2026-07-17
168_760,Ipca - mensili dal 2001 (base 2015),ok,hub,5,429,0,"",2026-07-17
168_760_DF_DCSP_IPCA1B2015_1,Classificazione Ecoicop (4 cifre),ok,hub,5,421,0,"",2026-07-17
168_760_DF_DCSP_IPCA1B2015_2,Aggregati speciali (5 cifre),ok,hub,5,27,0,"",2026-07-17
168_760_DF_DCSP_IPCA1B2015_3,Classi di spesa,ok,hub,5,28,0,"",2026-07-17
168_761,Ipca - mensili dal 1996 (base 2025),ok,hub,5,227,0,"",2026-07-17
168_761_DF_DCSP_IPCA1B2025_1,Ecoicop 2 classificazione (4 cifre),ok,hub,5,220,0,"",2026-07-17
168_761_DF_DCSP_IPCA1B2025_2,Aggregati speciali (5 cifre),ok,hub,5,25,0,"",2026-07-17
168_761_DF_DCSP_IPCA1B2025_3,Ipca trimestrali - classi di spesa (dal 2005),ok,hub,5,22,0,"",2026-07-18
168_762,Ipca - medie annue dal 1996 (base 2025) - Ecoicop 2,ok,hub,5,185,0,"",2026-07-17
168_762_DF_DCSP_IPCA2B2025_1,Ipca - medie annue dal 1996 (base 2025) - Ecoicop 2,ok,hub,5,185,0,"",2026-07-17
168_762_DF_DCSP_IPCA2B2025_2,Ipca medie annue - classi di spesa (dal 2005),ok,hub,5,23,0,"",2026-07-24
168_7_DF_DCSP_IPCA3EC2_1,Ipca – Classificazione ECOICOP vers.2 (4 cifre),ok,hub,4,445,0,"",2026-07-17
168_7_DF_DCSP_IPCA3EC2_2,Ipca – Aggregati speciali,ok,hub,4,25,0,"",2026-07-17
168_7_DF_DCSP_IPCA3EC2_3,Ipca pesi- classi di spesa (dal 2005),ok,hub,4,19,0,"",2026-07-18
169_15_DF_DCSP_FOI1B2010_1,Foi - mensili dal 2011 al 2015 (base 2010),ok,hub,5,132,0,"",2026-07-17
169_28_DF_DCSP_FOI2B2010_1,Foi - medie annue dal 2011 al 2015 (base 2010),ok,hub,5,132,0,"",2026-07-17
169_30_DF_DCSP_FOI3B2010_1,Foi – pesi dal 2011 al 2015,ok,hub,4,18,0,"",2026-07-17
169_745,Foi - mensili dal 2016 (base 2015),ok,hub,5,149,0,"",2026-07-17
169_745_DF_DCSP_FOI1B2015_1,Foi - mensili dal 2016 (base 2015),ok,hub,5,146,0,"",2026-07-17
169_746,Foi - medie annue dal 2016 (base 2015),ok,hub,5,208,0,"",2026-07-17
169_746_DF_DCSP_FOI2B2015_1,Foi - medie annue dal 2016 (base 2015),ok,hub,5,151,0,"",2026-07-17
169_747,Foi - pesi dal 2016,ok,hub,4,21,0,"",2026-07-17
169_747_DF_DCSP_FOI3B2015_1,Foi - pesi dal 2016,ok,hub,4,18,0,"",2026-07-17
169_748,Foi - mensili dal 2026 (base 2025),ok,hub,5,150,0,"",2026-07-17
169_748_DF_DCSP_FOI1B2025_1,Foi - mensili dal 2026 (base 2025) - Ecoicop 2,ok,hub,5,147,0,"",2026-07-17
169_748_DF_DCSP_FOI1B2025_2,"Foi - mensili dal 1996 al 2025 (basi 1995, 2010, 2015) - Ecoicop 2",ok,hub,5,24,0,"",2026-07-17
169_749,Foi - pesi dal 1996 - Ecoicop 2,ok,hub,4,22,0,"",2026-07-17
169_749_DF_DCSP_FOI3EC2_1,Foi - pesi dal 1996 - Ecoicop 2,ok,hub,4,19,0,"",2026-07-17
169_750,Foi - medie annue dal 2026 (base 2025) -  Ecoicop 2,ok,hub,5,23,0,"",2026-07-17
169_750_DF_DCSP_FOI2B2025_1,"Foi - medie annue dal 1996 al 2025 (basi 1995, 2010, 2015) - Ecoicop 2",ok,hub,5,23,0,"",2026-07-17
172_1197,Indicatori  complementari - regolamento precedente (fino al 2020),ok,hub,12,215,0,"",2026-07-17
172_1197_DF_DCCV_COMPL1_UNT2020_1,"Forze lavoro potenziali - titolo di studio, età",ok,hub,6,22,0,"",2026-07-17
172_1197_DF_DCCV_COMPL1_UNT2020_10,"Non cercano ma disponibili - titolo di studio, cittadinanza",ok,hub,7,23,0,"",2026-07-17
172_1197_DF_DCCV_COMPL1_UNT2020_11,Non cercano ma disponibili - motivo principale della mancata ricerca,ok,hub,6,23,0,"",2026-07-17
172_1197_DF_DCCV_COMPL1_UNT2020_12,"Non cercano ma disponibili - cittadinanza, condizione dichiarata",ok,hub,7,28,0,"",2026-07-17
172_1197_DF_DCCV_COMPL1_UNT2020_13,Non cercano ma disponibili - reg.,ok,hub,5,37,0,"",2026-07-17
172_1197_DF_DCCV_COMPL1_UNT2020_14,Non cercano ma disponibili (%) - età,ok,hub,5,18,0,"",2026-07-17
172_1197_DF_DCCV_COMPL1_UNT2020_15,"Non cercano ma disponibili (%) - titolo di studio, cittadinanza",ok,hub,7,23,0,"",2026-07-17
172_1197_DF_DCCV_COMPL1_UNT2020_16,Non cercano ma disponibili (%) - reg.,ok,hub,5,40,0,"",2026-07-17
172_1197_DF_DCCV_COMPL1_UNT2020_17,Cercano lavoro ma non immediatamente disponibili - sesso,ok,hub,5,13,0,"",2026-07-17
172_1197_DF_DCCV_COMPL1_UNT2020_18,Cercano lavoro ma non immediatamente disponibili - età,ok,hub,5,13,0,"",2026-07-17
172_1197_DF_DCCV_COMPL1_UNT2020_19,Cercano lavoro ma non immediatamente disponibili - titolo di studio,ok,hub,6,12,0,"",2026-07-17
172_1197_DF_DCCV_COMPL1_UNT2020_2,"Forze lavoro potenziali - cittadinanza, condizione dichiarata",ok,hub,7,28,0,"",2026-07-17
172_1197_DF_DCCV_COMPL1_UNT2020_20,Cercano lavoro ma non immediatamente disponibili - cittadinanza,ok,hub,5,8,0,"",2026-07-17
172_1197_DF_DCCV_COMPL1_UNT2020_21,Cercano lavoro ma non immediatamente disponibili (%) - sesso,ok,hub,5,13,0,"",2026-07-17
172_1197_DF_DCCV_COMPL1_UNT2020_22,Cercano lavoro ma non immediatamente disponibili (%) - età,ok,hub,5,13,0,"",2026-07-17
172_1197_DF_DCCV_COMPL1_UNT2020_23,Cercano lavoro ma non immediatamente disponibili (%) - titolo di studio,ok,hub,6,12,0,"",2026-07-17
172_1197_DF_DCCV_COMPL1_UNT2020_24,Cercano lavoro ma non immediatamente disponibili (%) - cittadinanza,ok,hub,5,8,0,"",2026-07-17
172_1197_DF_DCCV_COMPL1_UNT2020_25,Sottoccupati e part time involontario - età,ok,hub,5,19,0,"",2026-07-17
172_1197_DF_DCCV_COMPL1_UNT2020_26,"Sottoccupati e part time involontario - titolo di studio, cittadinanza",ok,hub,7,17,0,"",2026-07-17
172_1197_DF_DCCV_COMPL1_UNT2020_27,"Sottoccupati e part time involontario - posizione professionale, settore economico di impiego (Ateco 2007)",ok,hub,7,26,0,"",2026-07-17
172_1197_DF_DCCV_COMPL1_UNT2020_28,"Sottoccupati e part time involontario - posizione professionale, settore economico di impiego (Ateco 2002)",ok,hub,7,26,0,"",2026-07-17
172_1197_DF_DCCV_COMPL1_UNT2020_29,Sottoccupati e part time involontario (%) - età,ok,hub,5,20,0,"",2026-07-17
172_1197_DF_DCCV_COMPL1_UNT2020_3,Forze lavoro potenziali - reg.,ok,hub,5,37,0,"",2026-07-17
172_1197_DF_DCCV_COMPL1_UNT2020_30,"Sottoccupati e part time involontario (%) - titolo di studio, cittadinanza",ok,hub,7,18,0,"",2026-07-17
172_1197_DF_DCCV_COMPL1_UNT2020_31,"Sottoccupati e part time involontario (%) - posizione professionale, settore economico di impiego (Ateco 2007)",ok,hub,7,26,0,"",2026-07-17
172_1197_DF_DCCV_COMPL1_UNT2020_32,"Sottoccupati e part time involontario (%) - posizione professionale, settore economico di impiego (Ateco 2002)",ok,hub,7,26,0,"",2026-07-17
172_1197_DF_DCCV_COMPL1_UNT2020_33,"Tasso di mancata partecipazione - titolo di studio, età",ok,hub,6,28,0,"",2026-07-17
172_1197_DF_DCCV_COMPL1_UNT2020_34,"Tasso di mancata partecipazione - titolo di studio, cittadinanza",ok,hub,7,20,0,"",2026-07-17
172_1197_DF_DCCV_COMPL1_UNT2020_35,"Tasso di mancata partecipazione - età, reg.",ok,hub,5,48,0,"",2026-08-04
172_1197_DF_DCCV_COMPL1_UNT2020_36,"Tasso di mancata partecipazione - titolo di studio, reg.",ok,hub,6,41,0,"",2026-07-17
172_1197_DF_DCCV_COMPL1_UNT2020_37,Tasso di mancata partecipazione - prov.,ok,hub,5,146,0,"",2026-07-17
172_1197_DF_DCCV_COMPL1_UNT2020_4,Forze lavoro potenziali - prov.,ok,hub,5,146,0,"",2026-07-17
172_1197_DF_DCCV_COMPL1_UNT2020_5,"Forze lavoro potenziali (%) - titolo di studio, età",ok,hub,6,22,0,"",2026-07-17
172_1197_DF_DCCV_COMPL1_UNT2020_6,Forze lavoro potenziali (%) - cittadinanza,ok,hub,6,16,0,"",2026-07-17
172_1197_DF_DCCV_COMPL1_UNT2020_7,Forze lavoro potenziali (%) - reg.,ok,hub,5,40,0,"",2026-07-17
172_1197_DF_DCCV_COMPL1_UNT2020_8,Forze lavoro potenziali (%) - prov.,ok,hub,5,146,0,"",2026-07-17
172_1197_DF_DCCV_COMPL1_UNT2020_9,Non cercano ma disponibili - età,ok,hub,5,18,0,"",2026-07-17
172_1198,NEET  (giovani non occupati e non in istruzione e formazione) - regolamento precedente (fino al 2020),ok,hub,10,72,0,"",2026-07-17
172_1198_DF_DCCV_NEET1_UNT2020_1,"Condizione professionale europea, età",ok,hub,6,27,0,"",2026-07-17
172_1198_DF_DCCV_NEET1_UNT2020_10,Ruolo in famiglia (%),ok,hub,6,20,0,"",2026-07-17
172_1198_DF_DCCV_NEET1_UNT2020_11,Dati regionali (%),ok,hub,5,40,0,"",2026-07-17
172_1198_DF_DCCV_NEET1_UNT2020_12,"Condizione professionale, età",ok,hub,6,27,0,"",2026-07-17
172_1198_DF_DCCV_NEET1_UNT2020_13,"Condizione professionale, titolo di studio",ok,hub,7,26,0,"",2026-07-17
172_1198_DF_DCCV_NEET1_UNT2020_14,"Condizione professionale, cittadinanza",ok,hub,7,22,0,"",2026-07-17
172_1198_DF_DCCV_NEET1_UNT2020_15,"Condizione professionale, ruolo in famiglia",ok,hub,7,18,0,"",2026-07-17
172_1198_DF_DCCV_NEET1_UNT2020_2,"Condizione professionale europea, titolo di studio",ok,hub,7,26,0,"",2026-07-17
172_1198_DF_DCCV_NEET1_UNT2020_3,"Condizione professionale europea, cittadinanza",ok,hub,7,22,0,"",2026-07-17
172_1198_DF_DCCV_NEET1_UNT2020_4,"Condizione professionale europea, ruolo in famiglia",ok,hub,7,18,0,"",2026-07-17
172_1198_DF_DCCV_NEET1_UNT2020_5,"Cittadinanza, ruolo in famiglia",ok,hub,7,25,0,"",2026-07-17
172_1198_DF_DCCV_NEET1_UNT2020_6,Dati regionali,ok,hub,4,37,0,"",2026-07-17
172_1198_DF_DCCV_NEET1_UNT2020_7,Età (%),ok,hub,5,21,0,"",2026-07-17
172_1198_DF_DCCV_NEET1_UNT2020_8,Titolo di studio (%),ok,hub,6,20,0,"",2026-07-17
172_1198_DF_DCCV_NEET1_UNT2020_9,Cittadinanza (%),ok,hub,6,19,0,"",2026-07-17
172_926,Indicatori  complementari,empty,hub,0,0,0,"",2026-07-17
172_926_DF_DCCV_COMPL1_1,"Forze lavoro potenziali - titolo di studio, età",empty,hub,0,0,0,"",2026-07-17
172_926_DF_DCCV_COMPL1_10,Non cercano ma disponibili - condizione dichiarata,empty,hub,0,0,0,"",2026-07-17
172_926_DF_DCCV_COMPL1_11,Non cercano ma disponibili - reg.,empty,hub,0,0,0,"",2026-07-17
172_926_DF_DCCV_COMPL1_12,Cercano lavoro ma non immediatamente disponibili - sesso,empty,hub,0,0,0,"",2026-07-17
172_926_DF_DCCV_COMPL1_13,Cercano lavoro ma non immediatamente disponibili - età,empty,hub,0,0,0,"",2026-07-17
172_926_DF_DCCV_COMPL1_14,Cercano lavoro ma non immediatamente disponibili - titolo di studio,empty,hub,0,0,0,"",2026-07-17
172_926_DF_DCCV_COMPL1_15,Cercano lavoro ma non immediatamente disponibili -cittadinanza,empty,hub,0,0,0,"",2026-07-17
172_926_DF_DCCV_COMPL1_16,Part time involontario - età,empty,hub,0,0,0,"",2026-07-17
172_926_DF_DCCV_COMPL1_17,"Part time involontario - titolo di studio, cittadinanza",empty,hub,0,0,0,"",2026-07-17
172_926_DF_DCCV_COMPL1_18,"Part time involontario - posizione professionale, settore economico di impiego (Ateco 2007)",empty,hub,0,0,0,"",2026-07-17
172_926_DF_DCCV_COMPL1_19,Sottoccupati - età,empty,hub,0,0,0,"",2026-07-17
172_926_DF_DCCV_COMPL1_2,Forze lavoro potenziali - cittadinanza,empty,hub,0,0,0,"",2026-07-17
172_926_DF_DCCV_COMPL1_20,"Sottoccupati - titolo di studio, cittadinanza",empty,hub,0,0,0,"",2026-07-17
172_926_DF_DCCV_COMPL1_21,"Sottoccupati - posizione professionale, settore economico di impiego (Ateco 2007)",empty,hub,0,0,0,"",2026-07-17
172_926_DF_DCCV_COMPL1_22,"Tasso di mancata partecipazione - titolo di studio, età",empty,hub,0,0,0,"",2026-07-17
172_926_DF_DCCV_COMPL1_23,"Tasso di mancata partecipazione - titolo di studio, cittadinanza",empty,hub,0,0,0,"",2026-07-17
172_926_DF_DCCV_COMPL1_24,"Tasso di mancata partecipazione -età, reg.",empty,hub,0,0,0,"",2026-07-17
172_926_DF_DCCV_COMPL1_25,"Tasso di mancata partecipazione -titolo di studio, reg.",empty,hub,0,0,0,"",2026-07-17
172_926_DF_DCCV_COMPL1_26,Tasso di mancata partecipazione -prov.,empty,hub,0,0,0,"",2026-07-17
172_926_DF_DCCV_COMPL1_3,Forze lavoro potenziali - condizione dichiarata,empty,hub,0,0,0,"",2026-07-17
172_926_DF_DCCV_COMPL1_4,Forze lavoro potenziali - reg.,empty,hub,0,0,0,"",2026-07-17
172_926_DF_DCCV_COMPL1_5,Forze lavoro potenziali - prov.,empty,hub,0,0,0,"",2026-07-17
172_926_DF_DCCV_COMPL1_6,Non cercano ma disponibili - età,empty,hub,0,0,0,"",2026-07-17
172_926_DF_DCCV_COMPL1_7,Non cercano ma disponibili - titolo di studio,empty,hub,0,0,0,"",2026-07-17
172_926_DF_DCCV_COMPL1_8,Non cercano ma disponibili -cittadinanza,empty,hub,0,0,0,"",2026-07-17
172_926_DF_DCCV_COMPL1_9,Non cercano ma disponibili - motivo principale della mancata ricerca,empty,hub,0,0,0,"",2026-07-17
172_931,NEET  (giovani non occupati e non in istruzione e formazione),ok,hub,10,64,0,"",2026-07-17
172_931_DF_DCCV_NEET1_1,"NEET (giovani non occupati e non in istruzione e formazione)- Condizione professionale europea, età",ok,hub,6,27,0,"",2026-07-17
172_931_DF_DCCV_NEET1_10,Incidenza dei giovani Neet - Ruolo in famiglia (%),ok,hub,6,20,0,"",2026-07-17
172_931_DF_DCCV_NEET1_11,Incidenza dei giovani Neet - Dati regionali (%),ok,hub,5,40,0,"",2026-07-17
172_931_DF_DCCV_NEET1_2,"NEET (giovani non occupati e non in istruzione e formazione) - Condizione professionale europea, titolo di studio",ok,hub,7,26,0,"",2026-07-17
172_931_DF_DCCV_NEET1_3,"NEET  (giovani non occupati e non in istruzione e formazione)- Condizione professionele europea, cittadinanza",ok,hub,7,22,0,"",2026-07-17
172_931_DF_DCCV_NEET1_4,"NEET  (giovani non occupati e non in istruzione e formazione) - Condizione professionale europea, ruolo in famiglia",ok,hub,7,18,0,"",2026-07-17
172_931_DF_DCCV_NEET1_5,"NEET  (giovani non occupati e non in istruzione e formazione) - Cittadinanza, ruolo in famiglia",ok,hub,7,22,0,"",2026-07-17
172_931_DF_DCCV_NEET1_6,NEET  (giovani non occupati e non in istruzione e formazione) - Dati regionali,ok,hub,4,37,0,"",2026-07-17
172_931_DF_DCCV_NEET1_7,Incidenza dei giovani Neet - Età (%),ok,hub,5,21,0,"",2026-07-17
172_931_DF_DCCV_NEET1_8,Incidenza dei giovani Neet - Titolo di studio (%),ok,hub,6,20,0,"",2026-07-17
172_931_DF_DCCV_NEET1_9,Incidenza dei giovani Neet - Cittadinanza (%),ok,hub,6,19,0,"",2026-07-17
172_931_DF_DCCV_NEET1_YOUTH_1,Giovani - NEET Giovani non occupati e non in istruzione e formazione,ok,hub,10,64,0,"",2026-07-17
174_321,Attività quotidiane,ok,hub,14,728,0,"",2026-08-04
174_321_DF_DCCV_ATTPRINC_1,"Sesso, età, titolo di studio, ampiezza della famiglia",ok,hub,8,43,0,"",2026-08-04
174_321_DF_DCCV_ATTPRINC_10,"Attività - sesso, età",ok,hub,6,64,0,"",2026-08-04
174_321_DF_DCCV_ATTPRINC_11,"Attività - sesso, rip. e tipo di comune",ok,hub,6,71,0,"",2026-08-04
174_321_DF_DCCV_ATTPRINC_12,"Punti orari - sesso, titolo di studio",ok,hub,6,592,0,"",2026-08-04
174_321_DF_DCCV_ATTPRINC_13,"Punti orari - sesso, posizione nel nucleo, condizione lavorativa",ok,hub,7,596,0,"",2026-08-04
174_321_DF_DCCV_ATTPRINC_14,"Punti orari - sesso, età, rip. tipo di comune",ok,hub,7,604,0,"",2026-08-04
174_321_DF_DCCV_ATTPRINC_2,"Sesso, cittadinanza",ok,hub,7,35,0,"",2026-08-04
174_321_DF_DCCV_ATTPRINC_3,"Sesso, età, condizione lavorativa",ok,hub,7,43,0,"",2026-08-04
174_321_DF_DCCV_ATTPRINC_4,"Sesso, stato civile, posizione nel nucleo",ok,hub,7,38,0,"",2026-08-04
174_321_DF_DCCV_ATTPRINC_5,"Sesso, età - reg. e tipo di comune",ok,hub,7,66,0,"",2026-08-04
174_321_DF_DCCV_ATTPRINC_6,"Bambini, sesso, età",ok,hub,6,31,0,"",2026-08-04
174_321_DF_DCCV_ATTPRINC_7,"Bambini, sesso, condizione lavorativa dei genitori - rip. e tipo di comune",ok,hub,7,44,0,"",2026-08-04
174_321_DF_DCCV_ATTPRINC_8,"Attività - sesso, titolo di studio, ampiezza della famiglia",ok,hub,7,70,0,"",2026-08-04
174_321_DF_DCCV_ATTPRINC_9,"Attività - sesso, condizione lavorativa, posizione nel nucleo",ok,hub,7,73,0,"",2026-08-04
174_65,Distribuzione del carico di lavoro nelle coppie,ok,hub,11,82,0,"",2026-08-04
174_65_DF_DCCV_ASIMMETRIA_1,"Coppia con o senza figli, età della donna, titolo di studio dell'uomo e della donna, condizione lavorativa della coppia",ok,hub,7,27,0,"",2026-08-04
174_65_DF_DCCV_ASIMMETRIA_2,"Coppia con o senza figli, età e posizione nella professione della donna, condizione lavorativa della coppia",ok,hub,6,26,0,"",2026-08-04
174_65_DF_DCCV_ASIMMETRIA_3,"Coppia con figli, età della donna, età del figlio più piccolo, numero di figli, condizione lavorativa della coppia",ok,hub,7,27,0,"",2026-08-04
174_65_DF_DCCV_ASIMMETRIA_4,"Coppia con o senza figli, età della donna e condizione lavorativa della coppia - reg.",ok,hub,6,47,0,"",2026-07-17
174_65_DF_DCCV_ASIMMETRIA_5,"Coppia con donna di 65 anni e più, titolo di studio della donna, titolo di studio dell'uomo",ok,hub,5,17,0,"",2026-07-17
174_65_DF_DCCV_ASIMMETRIA_6,Coppia con donna di 65 anni e più - reg.,ok,hub,4,37,0,"",2026-07-17
174_66,Tempo trascorso da solo o con altri,ok,hub,14,83,0,"",2026-08-04
174_66_DF_DCCV_CONCHI_1,"Sesso, titolo di studio, ampiezza della famiglia",ok,hub,7,32,0,"",2026-08-04
174_66_DF_DCCV_CONCHI_2,"Sesso, cittadinanza",ok,hub,6,24,0,"",2026-07-17
174_66_DF_DCCV_CONCHI_3,"Sesso, condizione lavorativa",ok,hub,6,29,0,"",2026-08-04
174_66_DF_DCCV_CONCHI_4,"Sesso, stato civile, posizione nel nucleo",ok,hub,7,32,0,"",2026-08-04
174_66_DF_DCCV_CONCHI_5,"Sesso, età - rip. e tipo di comune",ok,hub,7,38,0,"",2026-08-04
174_66_DF_DCCV_CONCHI_6,"Bambini, sesso, età",ok,hub,6,23,0,"",2026-08-04
174_66_DF_DCCV_CONCHI_7,"Bambini, sesso, condizione lavorativa dei genitori - rip. e tipo di comune",ok,hub,7,36,0,"",2026-08-04
174_80,Attività quotidiane - persone in coppia,ok,hub,12,77,0,"",2026-08-04
174_80_DF_DCCV_COPPIE_1,"Coppia con o senza figli, età e titolo di studio della donna, condizione lavorativa della coppia",ok,hub,9,37,0,"",2026-08-04
174_80_DF_DCCV_COPPIE_2,"Coppia con figli, età della donna, numero di figli e condizione lavorativa della coppia",ok,hub,9,34,0,"",2026-08-04
174_80_DF_DCCV_COPPIE_3,"Coppia con figli, età della donna, età del figlio più piccolo e condizione lavorativa della coppia",ok,hub,9,38,0,"",2026-08-04
174_80_DF_DCCV_COPPIE_4,"Coppia con o senza figli, età della donna e condizione lavorativa della coppia - rip.",ok,hub,9,39,0,"",2026-08-04
174_80_DF_DCCV_COPPIE_5,"Coppia con o senza figli con donna di 25-64 anni, condizione lavorativa della coppia - reg.",ok,hub,9,57,0,"",2026-08-04
174_80_DF_DCCV_COPPIE_6,"Coppia con donna di 65 anni e più, titolo di studio della donna",ok,hub,7,29,0,"",2026-07-17
174_80_DF_DCCV_COPPIE_7,Coppia con donna di 65 anni e più - reg.,ok,hub,7,51,0,"",2026-08-04
174_82,Luoghi frequentati,error,"",0,0,2,HubUnavailable: hub did not answer (timeout or HTTP error),2026-08-04
174_82_DF_DCCV_LUOGHI_1,"Sesso, titolo di studio, ampiezza della famiglia",ok,hub,7,35,0,"",2026-08-04
174_82_DF_DCCV_LUOGHI_10,"Punti orari - sesso, età - rip. tipo di comune",ok,hub,7,605,0,"",2026-08-04
174_82_DF_DCCV_LUOGHI_2,"Sesso, cittadinanza",ok,hub,6,27,0,"",2026-08-05
174_82_DF_DCCV_LUOGHI_3,"Sesso, condizione lavorativa",ok,hub,6,36,0,"",2026-08-05
174_82_DF_DCCV_LUOGHI_4,"Sesso, stato civile, posizione nel nucleo",ok,hub,7,35,0,"",2026-08-05
174_82_DF_DCCV_LUOGHI_5,"Sesso, età - reg. tipo di comune",error,"",0,0,2,HubUnavailable: hub did not answer (timeout or HTTP error),2026-08-05
174_82_DF_DCCV_LUOGHI_6,"Bambini, sesso, età",ok,hub,6,28,0,"",2026-08-05
174_82_DF_DCCV_LUOGHI_7,"Bambini, sesso, condizione lavorativa dei genitori - rip. e tipo di comune",ok,hub,8,42,0,"",2026-08-05
174_82_DF_DCCV_LUOGHI_8,"Punti orari - sesso, titolo di studio",ok,hub,6,593,0,"",2026-08-05
174_82_DF_DCCV_LUOGHI_9,"Punti orari - sesso, posizione nel nucleo, condizione lavorativa",ok,hub,7,597,0,"",2026-08-05
183_1163,Unità locali e addetti - territorio anno riferimento dati,error,"",0,0,2,HubUnavailable: hub did not answer (timeout or HTTP error),2026-08-05
183_1163_DF_DICA_ASIAULP_TERRIFDATA_1,Unità locali e addetti - Territorio anno riferimento dati - Principali dati,ok,hub,5,37,0,"",2026-07-17
183_1163_DF_DICA_ASIAULP_TERRIFDATA_2,Settori economici (Ateco 5 cifre) - tipo e ampiezza demografica dei comuni e prov.,ok,hub,4,2300,0,"",2026-07-17
183_1163_DF_DICA_ASIAULP_TERRIFDATA_3,Settori economici (Ateco 3 cifre) - com.,ok,hub,4,14535,0,"",2026-07-17
183_1163_DF_DICA_ASIAULP_TERRIFDATA_4,"Classe di addetti, settori economici (Ateco 5 cifre) - Italia",ok,hub,5,1722,0,"",2026-08-05
183_1163_DF_DICA_ASIAULP_TERRIFDATA_5,"Classe di addetti, settori economici (Ateco 4 cifre) - rip.",error,"",0,0,2,HubUnavailable: hub did not answer (timeout or HTTP error),2026-08-05
183_1163_DF_DICA_ASIAULP_TERRIFDATA_6,"Classe di addetti, settori economici (Ateco 3 cifre) - prov.",ok,hub,5,2208,0,"",2026-07-17
183_1163_DF_DICA_ASIAULP_TERRIFDATA_7,"Classe di addetti, settori economici (Ateco 2 cifre) - com.",ok,hub,5,14540,0,"",2026-07-17
183_1163_DF_DICA_ASIAULP_TERRIFDATA_8,"Classe di addetti, settori economici (Ateco 1 cifra) - sll 2011",ok,hub,5,637,0,"",2026-08-05
183_1163_DF_DICA_ASIAULP_TERRIFDATA_9,"Classe di addetti, settori economici (Ateco 1 cifra) - sll 2021",ok,hub,5,542,0,"",2026-08-05
183_203,Imprese - occupati,error,"",0,0,2,HubUnavailable: hub did not answer (timeout or HTTP error),2026-08-05
183_203_DF_DICA_ACDP_1,Imprese - occupati - Principali dati,ok,hub,7,33,0,"",2026-08-05
183_203_DF_DICA_ACDP_10,"Settori economici (Ateco 3 cifre), età",error,"",0,0,2,HubUnavailable: hub did not answer (timeout or HTTP error),2026-08-05
183_203_DF_DICA_ACDP_11,"Settori economici (Ateco 3 cifre), paese di nascita",error,"",0,0,2,HubUnavailable: hub did not answer (timeout or HTTP error),2026-08-05
183_203_DF_DICA_ACDP_12,"Sesso, classe di addetti",ok,hub,6,155,0,"",2026-08-05
183_203_DF_DICA_ACDP_13,"Sesso, forma giuridica",ok,hub,6,163,0,"",2026-08-05
183_203_DF_DICA_ACDP_14,"Sesso, età impresa",ok,hub,6,156,0,"",2026-08-05
183_203_DF_DICA_ACDP_15,"Età, classe di addetti",ok,hub,6,156,0,"",2026-08-05
183_203_DF_DICA_ACDP_16,"Età, forma giuridica",ok,hub,6,164,0,"",2026-08-05
183_203_DF_DICA_ACDP_17,"Età, età impresa",ok,hub,6,157,0,"",2026-08-05
183_203_DF_DICA_ACDP_18,"Paese nascita, classe di addetti",ok,hub,5,157,0,"",2026-08-05
183_203_DF_DICA_ACDP_19,"Paese nascita, forma giuridica",ok,hub,5,165,0,"",2026-08-05
183_203_DF_DICA_ACDP_2,"Macrosettori economici, classe di addetti",ok,hub,8,33,0,"",2026-08-05
183_203_DF_DICA_ACDP_20,"Paese nascita, età impresa",ok,hub,5,158,0,"",2026-08-05
183_203_DF_DICA_ACDP_3,"Macrosettori economici, forma giuridica",error,"",0,0,2,HubUnavailable: hub did not answer (timeout or HTTP error),2026-08-05
183_203_DF_DICA_ACDP_4,"Macrosettori economici, età impresa",error,"",0,0,2,HubUnavailable: hub did not answer (timeout or HTTP error),2026-08-05
183_203_DF_DICA_ACDP_5,Settori economici (Ateco 2 cifre),error,"",0,0,2,HubUnavailable: hub did not answer (timeout or HTTP error),2026-08-05
183_203_DF_DICA_ACDP_6,Classe di addetti - rip.,error,"",0,0,2,HubUnavailable: hub did not answer (timeout or HTTP error),2026-08-05
183_203_DF_DICA_ACDP_7,Forma giuridica - rip.,error,"",0,0,2,HubUnavailable: hub did not answer (timeout or HTTP error),2026-08-05
183_203_DF_DICA_ACDP_8,Età impresa - rip.,error,"",0,0,2,HubUnavailable: hub did not answer (timeout or HTTP error),2026-08-05
183_203_DF_DICA_ACDP_9,"Settori economici (Ateco 3 cifre), sesso",error,"",0,0,2,HubUnavailable: hub did not answer (timeout or HTTP error),2026-08-05
183_207,Imprese - lavoratori esterni per compensi percepiti e periodo di attività,error,"",0,0,2,HubUnavailable: hub did not answer (timeout or HTTP error),2026-08-05
183_207_DF_DICA_AESTCP_1,Imprese - lavoratori esterni per compensi percepiti e periodo di attività - Principali dati,error,"",0,0,2,HubUnavailable: hub did not answer (timeout or HTTP error),2026-08-05
183_207_DF_DICA_AESTCP_10,Età impresa - rip.,error,"",0,0,2,HubUnavailable: hub did not answer (timeout or HTTP error),2026-08-05
183_207_DF_DICA_AESTCP_11,Impresa con dipendenti - rip.,error,"",0,0,2,HubUnavailable: hub did not answer (timeout or HTTP error),2026-08-05
183_207_DF_DICA_AESTCP_12,Regioni,error,"",0,0,2,HubUnavailable: hub did not answer (timeout or HTTP error),2026-08-05
183_207_DF_DICA_AESTCP_13,Classe di addetti,ok,hub,7,161,0,"",2026-08-05
183_207_DF_DICA_AESTCP_14,Forma giuridica,error,"",0,0,2,HubUnavailable: hub did not answer (timeout or HTTP error),2026-08-05
183_207_DF_DICA_AESTCP_15,Età impresa,error,"",0,0,2,HubUnavailable: hub did not answer (timeout or HTTP error),2026-08-05
183_207_DF_DICA_AESTCP_16,Impresa con dipendenti,empty,hub,0,0,0,"",2026-07-17
183_207_DF_DICA_AESTCP_2,Settori economici (Ateco 3 cifre) - reg.,ok,hub,7,388,0,"",2026-08-05
183_207_DF_DICA_AESTCP_3,"Macrosettori economici, classe di addetti",ok,hub,10,43,0,"",2026-08-05
183_207_DF_DICA_AESTCP_4,"Macrosettori economici, forma giuridica",ok,hub,10,51,0,"",2026-08-05
183_207_DF_DICA_AESTCP_5,"Macrosettori economici, età impresa",ok,hub,10,44,0,"",2026-08-05
183_207_DF_DICA_AESTCP_6,"Macrosettori economici, impresa con dipendenti",ok,hub,10,41,0,"",2026-08-05
183_207_DF_DICA_AESTCP_7,Settori economici (Ateco 2 cifre),ok,hub,9,131,0,"",2026-08-05
183_207_DF_DICA_AESTCP_8,Classe di addetti - rip.,ok,hub,9,43,0,"",2026-08-05
183_207_DF_DICA_AESTCP_9,Forma giuridica - rip.,ok,hub,9,51,0,"",2026-08-05
183_208,Imprese - lavoratori esterni,ok,hub,12,535,0,"",2026-08-05
183_208_DF_DICA_AESTLP_1,Imprese - lavoratori esterni - Principali dati,ok,hub,8,34,0,"",2026-08-05
183_208_DF_DICA_AESTLP_10,Regioni,ok,hub,7,51,0,"",2026-08-05
183_208_DF_DICA_AESTLP_11,Classe di addetti,ok,hub,6,152,0,"",2026-08-05
183_208_DF_DICA_AESTLP_12,Forma giuridica,ok,hub,6,160,0,"",2026-08-05
183_208_DF_DICA_AESTLP_13,Età impresa e impresa con dipendenti,ok,hub,7,154,0,"",2026-07-17
183_208_DF_DICA_AESTLP_2,Settori economici (Ateco 3 cifre) - reg.,ok,hub,6,379,0,"",2026-08-05
183_208_DF_DICA_AESTLP_3,"Macrosettori economici, classe di addetti",ok,hub,9,34,0,"",2026-08-05
183_208_DF_DICA_AESTLP_4,"Macrosettori economici, forma giuridica",ok,hub,9,42,0,"",2026-08-05
183_208_DF_DICA_AESTLP_5,"Macrosettori economici, età impresa e impresa con dipendenti",ok,hub,10,38,0,"",2026-08-05
183_208_DF_DICA_AESTLP_6,Settori economici (Ateco 2 cifre),ok,hub,8,122,0,"",2026-08-05
183_208_DF_DICA_AESTLP_7,Classe di addetti - rip.,ok,hub,8,34,0,"",2026-08-05
183_208_DF_DICA_AESTLP_8,Forma giuridica - rip.,ok,hub,8,42,0,"",2026-08-05
183_208_DF_DICA_AESTLP_9,Età impresa e impresa con dipendenti - rip.,ok,hub,9,38,0,"",2026-08-05
183_275,Imprese - lavoratori indipendenti,ok,hub,12,526,0,"",2026-08-05
183_275_DF_DICA_AINDP_1,Imprese - lavoratori indipendenti - Principali dati,ok,hub,8,33,0,"",2026-08-05
183_275_DF_DICA_AINDP_10,Sesso,ok,hub,6,150,0,"",2026-07-17
183_275_DF_DICA_AINDP_11,Età,ok,hub,6,151,0,"",2026-07-17
183_275_DF_DICA_AINDP_12,Paese di nascita,ok,hub,5,152,0,"",2026-07-17
183_275_DF_DICA_AINDP_13,Classe di addetti,ok,hub,6,151,0,"",2026-07-17
183_275_DF_DICA_AINDP_14,Forma giuridica,ok,hub,6,158,0,"",2026-07-17
183_275_DF_DICA_AINDP_15,Età impresa,ok,hub,6,152,0,"",2026-07-17
183_275_DF_DICA_AINDP_16,"Impresa con dipendenti, sesso",ok,hub,6,150,0,"",2026-07-17
183_275_DF_DICA_AINDP_17,"Impresa con dipendenti, età",ok,hub,6,151,0,"",2026-07-17
183_275_DF_DICA_AINDP_18,"Impresa con dipendenti, paese di nascita",ok,hub,5,152,0,"",2026-07-17
183_275_DF_DICA_AINDP_19,"Impresa con dipendenti, tipo di lavoratore indipendente",ok,hub,6,149,0,"",2026-07-17
183_275_DF_DICA_AINDP_2,Settori economici (Ateco 3 cifre),ok,hub,6,347,0,"",2026-07-17
183_275_DF_DICA_AINDP_3,"Macrosettori economici, classe di addetti",ok,hub,9,33,0,"",2026-08-05
183_275_DF_DICA_AINDP_4,"Macrosettori economici, forma giuridica",ok,hub,9,40,0,"",2026-08-05
183_275_DF_DICA_AINDP_5,"Macrosettori economici, età impresa, impresa con dipendenti",ok,hub,10,37,0,"",2026-08-05
183_275_DF_DICA_AINDP_6,Settori economici (Ateco 2 cifre),ok,hub,8,120,0,"",2026-08-05
183_275_DF_DICA_AINDP_7,Classe di addetti - rip.,ok,hub,8,33,0,"",2026-07-17
183_275_DF_DICA_AINDP_8,Forma giuridica - rip.,ok,hub,8,40,0,"",2026-08-05
183_275_DF_DICA_AINDP_9,"Età della impresa, impresa con dipendenti - rip.",ok,hub,9,37,0,"",2026-08-05
183_276,Imprese - lavoratori temporanei,ok,hub,12,529,0,"",2026-08-05
183_276_DF_DICA_AINTP_1,Imprese - lavoratori temporanei - Principali dati,ok,hub,8,33,0,"",2026-08-05
183_276_DF_DICA_AINTP_10,Regioni,ok,hub,7,50,0,"",2026-08-05
183_276_DF_DICA_AINTP_11,Classe di addetti,ok,hub,6,153,0,"",2026-08-05
183_276_DF_DICA_AINTP_12,Forma giuridica,ok,hub,6,161,0,"",2026-07-17
183_276_DF_DICA_AINTP_13,Età impresa,ok,hub,7,167,0,"",2026-08-05
183_276_DF_DICA_AINTP_14,"Impresa con dipendenti, sesso",ok,hub,6,149,0,"",2026-07-17
183_276_DF_DICA_AINTP_15,"Impresa con dipendenti, età",ok,hub,6,150,0,"",2026-07-17
183_276_DF_DICA_AINTP_16,"Impresa con dipendenti, paese di nascita",ok,hub,5,152,0,"",2026-07-17
183_276_DF_DICA_AINTP_17,"Impresa con dipendenti, periodo di attività svolto nell'impresa utilizzatrice",ok,hub,6,151,0,"",2026-07-17
183_276_DF_DICA_AINTP_2,Settori economici (Ateco 3 cifre) - reg.,ok,hub,6,375,0,"",2026-08-05
183_276_DF_DICA_AINTP_3,"Macrosettori economici, classe di addetti",ok,hub,9,33,0,"",2026-08-05
183_276_DF_DICA_AINTP_4,"Macrosettori economici, forma giuridica",ok,hub,9,41,0,"",2026-08-05
183_276_DF_DICA_AINTP_5,"Macrosettori economici, età impresa, impresa con dipendenti",ok,hub,10,37,0,"",2026-08-05
183_276_DF_DICA_AINTP_6,Settori economici (Ateco 2 cifre),ok,hub,8,119,0,"",2026-08-05
183_276_DF_DICA_AINTP_7,Classe di addetti - rip.,ok,hub,8,33,0,"",2026-08-05
183_276_DF_DICA_AINTP_8,Forma giuridica - rip.,ok,hub,8,41,0,"",2026-08-05
183_276_DF_DICA_AINTP_9,"Età impresa, impresa con dipendenti - rip.",ok,hub,9,37,0,"",2026-08-05
183_277,Imprese e addetti,empty,hub,0,0,0,"",2026-07-17
183_277_DF_DICA_ASIAUE1P_1,Imprese e addetti - Principali dati,ok,hub,7,186,0,"",2026-07-17
183_277_DF_DICA_ASIAUE1P_2,"Forma giuridica, settori economici (Ateco 5 cifre) - Italia",ok,hub,6,2081,0,"",2026-07-17
183_277_DF_DICA_ASIAUE1P_3,"Forma giuridica, settori economici (Ateco 4 cifre) - rip.",ok,hub,6,2086,0,"",2026-07-17
183_277_DF_DICA_ASIAUE1P_4,"Forma giuridica, settori economici (Ateco 3 cifre) - prov.",ok,hub,6,2219,0,"",2026-07-17
183_277_DF_DICA_ASIAUE1P_5,"Classe di addetti, settori economici (Ateco 2 cifre) - prov.",ok,hub,8,14559,0,"",2026-07-17
183_285,Unità locali e addetti,error,"",0,0,2,HubUnavailable: hub did not answer (timeout or HTTP error),2026-08-05
183_285_DF_DICA_ASIAULP_1,Unità locali e addetti - Principali dati,ok,hub,5,37,0,"",2026-07-17
183_285_DF_DICA_ASIAULP_10,"Classe di addetti, settori economici (Ateco 1 cifra) - sll 2021",ok,hub,5,542,0,"",2026-08-05
183_285_DF_DICA_ASIAULP_2,Settori economici (Ateco 5 cifre) - tipo e ampiezza demografica dei comuni e prov.,ok,hub,4,2303,0,"",2026-07-17
183_285_DF_DICA_ASIAULP_3,Settori economici (Ateco 3 cifre) - com.,ok,hub,4,14534,0,"",2026-07-17
183_285_DF_DICA_ASIAULP_4,"Classe di addetti, settori economici (Ateco 5 cifre) - Italia",ok,hub,5,1728,0,"",2026-08-05
183_285_DF_DICA_ASIAULP_5,"Classe di addetti, settori economici (Ateco 4 cifre) - rip.",ok,hub,5,2075,0,"",2026-07-17
183_285_DF_DICA_ASIAULP_6,"Classe di addetti, settori economici (Ateco 3 cifre) - prov.",ok,hub,5,2209,0,"",2026-07-17
183_285_DF_DICA_ASIAULP_7,"Classe di addetti, settori economici (Ateco 2 cifre) - com.",ok,hub,5,14539,0,"",2026-07-17
183_285_DF_DICA_ASIAULP_8,"Classe di addetti, settori economici (Ateco 1 cifra) - sll 2011",ok,hub,5,639,0,"",2026-08-05
183_285_DF_DICA_ASIAULP_9,"Classe di addetti, settori economici (Ateco 1 cifra) - sll 2001",ok,hub,5,713,0,"",2026-08-05
183_286,Imprese - lavoratori dipendenti,ok,hub,13,541,0,"",2026-08-05
183_286_DF_DICA_ADIPWP_1,Imprese - lavoratori dipendenti - Principali dati,ok,hub,10,32,0,"",2026-08-05
183_286_DF_DICA_ADIPWP_10,"Forma giuridica, età - rip.",ok,hub,8,40,0,"",2026-08-05
183_286_DF_DICA_ADIPWP_11,"Forma giuridica, paese di nascita - rip.",ok,hub,7,41,0,"",2026-08-05
183_286_DF_DICA_ADIPWP_12,Settori economici (Ateco 3 cifre) - reg.,ok,hub,6,382,0,"",2026-08-05
183_286_DF_DICA_ADIPWP_13,Settori economici (Ateco 1 cifra) - prov.,ok,hub,6,168,0,"",2026-08-05
183_286_DF_DICA_ADIPWP_14,Classe di addetti - prov.,ok,hub,6,155,0,"",2026-08-05
183_286_DF_DICA_ADIPWP_15,Forma giuridica - prov.,ok,hub,6,163,0,"",2026-08-05
183_286_DF_DICA_ADIPWP_16,Età impresa - prov.,ok,hub,6,156,0,"",2026-08-05
183_286_DF_DICA_ADIPWP_17,"Macrosettori economici, classe di addetti",ok,hub,9,33,0,"",2026-08-05
183_286_DF_DICA_ADIPWP_18,"Macrosettori economici, età impresa",ok,hub,9,34,0,"",2026-08-05
183_286_DF_DICA_ADIPWP_19,Macrosettori economici - rip.,ok,hub,8,33,0,"",2026-08-05
183_286_DF_DICA_ADIPWP_2,"Macrosettori economici, classe di addetti",ok,hub,9,37,0,"",2026-08-05
183_286_DF_DICA_ADIPWP_20,Settori economici (Ateco 2 cifre),ok,hub,8,121,0,"",2026-08-05
183_286_DF_DICA_ADIPWP_21,Classe di addetti - rip.,ok,hub,8,33,0,"",2026-08-05
183_286_DF_DICA_ADIPWP_22,Età impresa - rip.,ok,hub,8,34,0,"",2026-08-05
183_286_DF_DICA_ADIPWP_23,Regioni,ok,hub,7,50,0,"",2026-08-05
183_286_DF_DICA_ADIPWP_24,"Forma giuridica, sesso - rip.",ok,hub,8,35,0,"",2026-08-05
183_286_DF_DICA_ADIPWP_25,"Forma giuridica, età - rip.",ok,hub,8,36,0,"",2026-08-05
183_286_DF_DICA_ADIPWP_26,"Forma giuridica, paese di nascita - rip.",ok,hub,7,37,0,"",2026-08-05
183_286_DF_DICA_ADIPWP_27,Settori economici (Ateco 3 cifre) - reg.,ok,hub,6,381,0,"",2026-08-05
183_286_DF_DICA_ADIPWP_28,Settori economici (Ateco 1 cifra) - prov.,ok,hub,6,164,0,"",2026-08-05
183_286_DF_DICA_ADIPWP_29,Classe di addetti - prov.,ok,hub,6,151,0,"",2026-08-05
183_286_DF_DICA_ADIPWP_3,"Macrosettori economici, età impresa",ok,hub,9,38,0,"",2026-08-05
183_286_DF_DICA_ADIPWP_30,Forma giuridica - prov.,ok,hub,6,159,0,"",2026-08-05
183_286_DF_DICA_ADIPWP_31,Età impresa - prov.,ok,hub,6,152,0,"",2026-07-17
183_286_DF_DICA_ADIPWP_32,"Macrosettori economici, classe di addetti",ok,hub,9,33,0,"",2026-08-05
183_286_DF_DICA_ADIPWP_33,"Macrosettori economici, età impresa",ok,hub,9,34,0,"",2026-08-05
183_286_DF_DICA_ADIPWP_34,Macrosettori economici - rip.,ok,hub,8,33,0,"",2026-08-05
183_286_DF_DICA_ADIPWP_35,Settori economici (Ateco 2 cifre),ok,hub,8,121,0,"",2026-08-05
183_286_DF_DICA_ADIPWP_36,Classe di addetti - rip.,ok,hub,8,33,0,"",2026-08-05
183_286_DF_DICA_ADIPWP_37,Età impresa - rip.,ok,hub,8,34,0,"",2026-08-05
183_286_DF_DICA_ADIPWP_38,Regioni,ok,hub,7,50,0,"",2026-08-05
183_286_DF_DICA_ADIPWP_39,"Forma giuridica, sesso - rip.",ok,hub,8,35,0,"",2026-08-05
183_286_DF_DICA_ADIPWP_4,Macrosettori economici - rip.,ok,hub,8,37,0,"",2026-08-05
183_286_DF_DICA_ADIPWP_40,"Forma giuridica, età - rip.",ok,hub,8,36,0,"",2026-08-05
183_286_DF_DICA_ADIPWP_41,"Forma giuridica, paese di nascita - rip.",ok,hub,7,37,0,"",2026-08-05
183_286_DF_DICA_ADIPWP_42,Settori economici (Ateco 3 cifre) - reg.,ok,hub,6,381,0,"",2026-08-05
183_286_DF_DICA_ADIPWP_43,Settori economici (Ateco 1 cifra) - prov.,ok,hub,6,164,0,"",2026-08-05
183_286_DF_DICA_ADIPWP_44,Classe di addetti - prov.,ok,hub,6,151,0,"",2026-07-17
183_286_DF_DICA_ADIPWP_45,Forma giuridica - prov.,ok,hub,6,159,0,"",2026-08-05
183_286_DF_DICA_ADIPWP_46,Età impresa - prov.,ok,hub,6,152,0,"",2026-08-05
183_286_DF_DICA_ADIPWP_5,Settori economici (Ateco 2 cifre),ok,hub,8,126,0,"",2026-08-05
183_286_DF_DICA_ADIPWP_6,Classe di addetti - rip.,ok,hub,8,37,0,"",2026-08-05
183_286_DF_DICA_ADIPWP_7,Età impresa - rip.,ok,hub,8,38,0,"",2026-08-05
183_286_DF_DICA_ADIPWP_8,Regioni,ok,hub,7,54,0,"",2026-08-05
183_286_DF_DICA_ADIPWP_9,"Forma giuridica, sesso - rip.",ok,hub,8,39,0,"",2026-08-05
183_332,Unità locali - lavoratori dipendenti,ok,hub,9,514,0,"",2026-08-05
183_332_DF_DICA_ASIAULOCCP_1,"Classe di addetti, sesso, età - prov.",ok,hub,7,157,0,"",2026-08-05
183_332_DF_DICA_ASIAULOCCP_2,"Classe di addetti, paese di nascita - prov.",ok,hub,5,154,0,"",2026-08-05
183_332_DF_DICA_ASIAULOCCP_3,"Classe di addetti, qualifica professionale - prov",ok,hub,6,155,0,"",2026-07-17
183_332_DF_DICA_ASIAULOCCP_4,"Settori economici (Ateco 3 cifre), sesso - prov.",ok,hub,6,491,0,"",2026-08-05
183_332_DF_DICA_ASIAULOCCP_5,"Settori economici (Ateco 3 cifre), età - prov.",ok,hub,6,492,0,"",2026-08-05
183_332_DF_DICA_ASIAULOCCP_6,"Settori economici (Ateco 3 cifre), paese di nascita - prov.",ok,hub,6,494,0,"",2026-08-05
183_332_DF_DICA_ASIAULOCCP_7,"Settori economici (Ateco 3 cifre), qualifica professionale - prov.",ok,hub,6,494,0,"",2026-08-05
183_336,Imprese - lavoratori dipendenti beneficiari di sgravi contributivi,ok,hub,9,75,0,"",2026-08-05
183_336_DF_DICA_ADIPPP_1,"Sesso, macrosettori economici",ok,hub,7,32,0,"",2026-07-17
183_336_DF_DICA_ADIPPP_2,"Sesso, classe di addetti",ok,hub,7,32,0,"",2026-07-17
183_336_DF_DICA_ADIPPP_3,Sesso - reg.,ok,hub,6,54,0,"",2026-07-17
183_336_DF_DICA_ADIPPP_4,"Età, macrosettori economici",ok,hub,7,33,0,"",2026-07-17
183_336_DF_DICA_ADIPPP_5,"Età, classe di addetti",ok,hub,7,33,0,"",2026-07-17
183_336_DF_DICA_ADIPPP_6,Età - reg.,ok,hub,6,55,0,"",2026-07-17
183_336_DF_DICA_ADIPPP_7,"Paese di nascita, macrosettori economici",ok,hub,6,34,0,"",2026-07-17
183_336_DF_DICA_ADIPPP_8,"Paese di nascita, classe di addetti",ok,hub,6,34,0,"",2026-07-17
183_336_DF_DICA_ADIPPP_9,Paese di nascita - reg.,ok,hub,5,56,0,"",2026-07-17
183_464,Imprese - occupati per titolo di studio,ok,hub,9,125,0,"",2026-08-05
183_464_DF_DICA_TISTUDIO_1,Imprese - occupati per titolo di studio - Principali dati,ok,hub,8,77,0,"",2026-07-17
183_464_DF_DICA_TISTUDIO_2,Qualifica professionale - rip.,ok,hub,9,44,0,"",2026-08-05
183_464_DF_DICA_TISTUDIO_3,"Paese di nascita, sesso, età - rip.",ok,hub,7,77,0,"",2026-08-05
183_464_DF_DICA_TISTUDIO_4,Sesso - reg.,ok,hub,7,109,0,"",2026-08-05
183_464_DF_DICA_TISTUDIO_5,Età - reg.,ok,hub,7,110,0,"",2026-08-05
183_464_DF_DICA_TISTUDIO_6,Paese di nascita - reg.,ok,hub,6,111,0,"",2026-08-05
18_157,Bilancio energetico,empty,hub,0,0,0,"",2026-07-17
18_157_DF_DCCV_BILENERG_1,Usi finali,ok,hub,4,10,0,"",2026-07-17
18_157_DF_DCCV_BILENERG_2,Consumo interno lordo,ok,hub,5,9,0,"",2026-07-17
18_635,Consumi energetici delle famiglie,ok,hub,12,127,0,"",2026-08-05
18_635_DF_DCCV_CENERG_1,Spesa per tipo di fonte,ok,hub,5,40,0,"",2026-07-17
18_635_DF_DCCV_CENERG_10,Legna e pellets - reg.,ok,hub,4,37,0,"",2026-07-17
18_635_DF_DCCV_CENERG_11,Legna - tipo e canale approvvigionamento - reg.,ok,hub,5,49,0,"",2026-07-17
18_635_DF_DCCV_CENERG_12,Lampadine - reg.,ok,hub,5,38,0,"",2026-07-17
18_635_DF_DCCV_CENERG_13,Elettrodomestici - reg.,ok,hub,4,36,0,"",2026-07-17
18_635_DF_DCCV_CENERG_2,"Impianto riscaldamento - disponibilità, tipo e fonte - reg.",ok,hub,5,44,0,"",2026-08-05
18_635_DF_DCCV_CENERG_3,Impianto riscaldamento - tipo per fonte e frequenza d'uso,ok,hub,6,12,0,"",2026-07-17
18_635_DF_DCCV_CENERG_4,Impianto riscaldamento - frequenza d'uso - reg.,ok,hub,4,36,0,"",2026-08-05
18_635_DF_DCCV_CENERG_5,Impianto riscaldamento - ore di accensione - reg.,ok,hub,5,39,0,"",2026-07-17
18_635_DF_DCCV_CENERG_6,"Impianto condizionamento - disponibilità, tipo e frequenza d'uso - reg.",ok,hub,5,41,0,"",2026-08-05
18_635_DF_DCCV_CENERG_7,Impianto condizionamento - ore di accensione - reg.,ok,hub,5,39,0,"",2026-08-05
18_635_DF_DCCV_CENERG_8,"Riscaldamento acqua - disponibilità, tipo di impianto e fonte - reg.",ok,hub,5,47,0,"",2026-07-17
18_635_DF_DCCV_CENERG_9,Riscaldamento acqua - tipo di impianto e fonte di alimentazione,ok,hub,5,14,0,"",2026-07-17
19_366_DF_DCCN_PROTSOC_B19_1,Conti economici consolidati - edizioni ottobre 2019 - aprile 2024,ok,hub,6,65,0,"",2026-08-05
19_366_DF_DCCN_PROTSOC_B19_2,"Prestazioni secondo evento, rischio e bisogno - edizioni ottobre 2019 - aprile 2024",ok,hub,7,54,0,"",2026-08-05
1_1064,Sequenza dei conti trimestrali per settore istituzionale - edizioni ottobre 2019 - luglio 2024,ok,hub,10,215,0,"",2026-08-05
1_1064_DF_DCCN_ISTITUZ_QNA1_B19_1,Sequenza dei conti - edizioni ottobre 2019 - luglio 2024,ok,hub,10,168,0,"",2026-08-05
1_1064_DF_DCCN_ISTITUZ_QNA1_B19_2,Indicatori su famiglie e società non finanziarie - edizioni ottobre 2019 - luglio 2024,ok,hub,7,37,0,"",2026-08-05
1_1064_DF_DCCN_ISTITUZ_QNA1_B19_3,Aggregati destagionalizzati - edizioni ottobre 2019 - luglio 2024,ok,hub,8,71,0,"",2026-08-05
1_184,Prodotto interno lordo e principali componenti - edizioni ottobre 2019 - settembre 2024,ok,hub,6,47,0,"",2026-08-05
1_184_DF_DCCN_PILQ_B19_1,Prodotto interno lordo e principali componenti - edizioni ottobre 2019 - settembre 2024,ok,hub,6,47,0,"",2026-08-05
1_88,Occupazione per branca di attività e popolazione - edizioni ottobre 2019 - settembre 2024,ok,hub,9,73,0,"",2026-08-05
1_88_DF_DCCN_OCCQSEC2010_B19_1,Occupazione per branca di attività - edizioni ottobre 2019 - settembre 2024,ok,hub,7,66,0,"",2026-08-05
1_88_DF_DCCN_OCCQSEC2010_B19_2,Popolazione media del periodo - edizioni ottobre 2019 - settembre 2024,ok,hub,5,32,0,"",2026-08-05
1_963_DF_DCCN_SHA_B19_1,Spesa sanitaria per tipo di funzione di assistenza sanitaria e finanziamento - edizioni giugno 2020 - maggio 2024,ok,hub,6,36,0,"",2026-08-05
1_963_DF_DCCN_SHA_B19_2,Spesa sanitaria per tipo di funzione di assistenza sanitaria e soggetto erogatore - edizioni giugno 2020 - maggio 2024,ok,hub,6,36,0,"",2026-08-05
1_963_DF_DCCN_SHA_B19_3,Spesa sanitaria per soggetto erogatore e tipo di finanziamento - edizioni giugno 2020 - maggio 2024,ok,hub,6,28,0,"",2026-08-05
22_1201,Popolazione semi-super centenaria (105 anni e più),ok,hub,5,60,0,"",2026-08-05
22_1201_DF_DCIS_SSCENT_1,Popolazione semi-super centenaria (105 anni e più),ok,hub,5,60,0,"",2026-08-05
22_1240,Popolazione italiana residente all'estero - bilancio,ok,hub,4,235,0,"",2026-08-05
22_1240_DF_DCIS_POPITAESTBIL_1,Popolazione italiana residente all'estero - bilancio,ok,hub,4,235,0,"",2026-08-05
22_1262,Popolazione italiana residente all'estero,empty,hub,0,0,0,"",2026-07-17
22_1262_DF_DCIS_POPITAEST_1,Popolazione al 1° gennaio per regione italiana e Paese estero di iscrizione AIRE,error,"",0,0,2,HubUnavailable: hub did not answer (timeout or HTTP error),2026-08-05
22_222_DF_DCSC_NONRESID_CONSTR_1,Fabbricati non residenziali nuovi e relative abitazioni - province e classi di comune,ok,hub,3,158,0,"",2026-08-05
22_222_DF_DCSC_NONRESID_CONSTR_10,Ampliamenti di fabbricati non residenziali con o senza sopraelevazione - ripartizioni e classi di comune,ok,hub,4,25,0,"",2026-08-05
22_222_DF_DCSC_NONRESID_CONSTR_2,Ampliamenti di fabbricati non residenziali e relative abitazioni - province e classi di comune,ok,hub,3,157,0,"",2026-07-17
22_222_DF_DCSC_NONRESID_CONSTR_3,Fabbricati non residenziali nuovi e ampliamenti per titolo abilitativo - ripartizioni e classi di comune,ok,hub,4,31,0,"",2026-07-17
22_222_DF_DCSC_NONRESID_CONSTR_4,Fabbricati non residenziali nuovi e ampliamenti per durata prevista dei lavori - ripartizioni e classi di comune,ok,hub,4,32,0,"",2026-08-05
22_222_DF_DCSC_NONRESID_CONSTR_5,Superfici dei fabbricati non residenziali nuovi per destinazione d'uso - ripartizioni e classi di comune,ok,hub,3,25,0,"",2026-07-17
22_222_DF_DCSC_NONRESID_CONSTR_6,Superfici degli ampliamenti di fabbricati non residenziali per destinazione d'uso - ripartizioni e classi di comune,ok,hub,3,24,0,"",2026-08-05
22_222_DF_DCSC_NONRESID_CONSTR_7,Fabbricati non residenziali nuovi e ampliamenti per destinazione economica - province e classi di comune,ok,hub,4,161,0,"",2026-08-05
22_222_DF_DCSC_NONRESID_CONSTR_8,Fabbricati non residenziali nuovi e ampliamenti per richiedente il titolo abilitativo - regioni e classi di comune,ok,hub,4,51,0,"",2026-08-05
22_222_DF_DCSC_NONRESID_CONSTR_9,Fabbricati non residenziali nuovi per tipologia dell'impianto - ripartizioni e classi di comune,ok,hub,4,30,0,"",2026-07-17
22_289,Popolazione residente  al 1° gennaio,ok,hub,6,8133,0,"",2026-07-17
22_289_DF_DASH_DCIS_POPRES1_1,Dashboard - Tutti i comuni,error,"",0,0,2,HubUnavailable: hub did not answer (timeout or HTTP error),2026-08-05
22_289_DF_DCIS_POPRES1_1,"Italia, regioni, province",ok,hub,6,254,0,"",2026-07-17
22_289_DF_DCIS_POPRES1_10,Friuli Venezia Giulia,error,"",0,0,2,HubUnavailable: hub did not answer (timeout or HTTP error),2026-08-05
22_289_DF_DCIS_POPRES1_11,Emilia Romagna,error,"",0,0,2,HubUnavailable: hub did not answer (timeout or HTTP error),2026-08-05
22_289_DF_DCIS_POPRES1_12,Toscana,ok,hub,6,403,0,"",2026-07-17
22_289_DF_DCIS_POPRES1_13,Umbria,error,"",0,0,2,HubUnavailable: hub did not answer (timeout or HTTP error),2026-08-05
22_289_DF_DCIS_POPRES1_14,Marche,error,"",0,0,2,HubUnavailable: hub did not answer (timeout or HTTP error),2026-08-05
22_289_DF_DCIS_POPRES1_15,Lazio,error,"",0,0,2,HubUnavailable: hub did not answer (timeout or HTTP error),2026-08-05
22_289_DF_DCIS_POPRES1_16,Abruzzo,error,"",0,0,2,HubUnavailable: hub did not answer (timeout or HTTP error),2026-08-05
22_289_DF_DCIS_POPRES1_17,Molise,error,"",0,0,2,HubUnavailable: hub did not answer (timeout or HTTP error),2026-08-05
22_289_DF_DCIS_POPRES1_18,Campania,error,"",0,0,2,HubUnavailable: hub did not answer (timeout or HTTP error),2026-08-05
22_289_DF_DCIS_POPRES1_19,Puglia,error,"",0,0,2,HubUnavailable: hub did not answer (timeout or HTTP error),2026-08-05
22_289_DF_DCIS_POPRES1_1_YOU,"Italia, regioni, province - Giovani",error,"",0,0,2,HubUnavailable: hub did not answer (timeout or HTTP error),2026-08-05
22_289_DF_DCIS_POPRES1_2,Per fascia di età,error,"",0,0,2,HubUnavailable: hub did not answer (timeout or HTTP error),2026-08-05
22_289_DF_DCIS_POPRES1_20,Basilicata,error,"",0,0,2,HubUnavailable: hub did not answer (timeout or HTTP error),2026-08-05
22_289_DF_DCIS_POPRES1_21,Calabria,error,"",0,0,2,HubUnavailable: hub did not answer (timeout or HTTP error),2026-08-05
22_289_DF_DCIS_POPRES1_22,Sicilia,error,"",0,0,2,HubUnavailable: hub did not answer (timeout or HTTP error),2026-08-05
22_289_DF_DCIS_POPRES1_23,Sardegna,error,"",0,0,2,HubUnavailable: hub did not answer (timeout or HTTP error),2026-08-05
22_289_DF_DCIS_POPRES1_24,Tutti i comuni per singola età,ok,hub,6,11686,0,"",2026-07-17
22_289_DF_DCIS_POPRES1_25,Tutti i comuni per stato civile,ok,hub,6,11592,0,"",2026-07-17
22_289_DF_DCIS_POPRES1_26,Tutti i comuni per singola età e stato civile,ok,hub,6,12586,0,"",2026-07-17
22_289_DF_DCIS_POPRES1_3,Piemonte,empty,hub,0,0,0,"",2026-07-17
22_289_DF_DCIS_POPRES1_3B,Piemonte,error,"",0,0,2,HubUnavailable: hub did not answer (timeout or HTTP error),2026-08-05
22_289_DF_DCIS_POPRES1_4,Valle d'Aosta/Vallée d'Aoste,error,"",0,0,2,HubUnavailable: hub did not answer (timeout or HTTP error),2026-08-05
22_289_DF_DCIS_POPRES1_5,Liguria,error,"",0,0,2,HubUnavailable: hub did not answer (timeout or HTTP error),2026-08-05
22_289_DF_DCIS_POPRES1_6,Lombardia,error,"",0,0,2,HubUnavailable: hub did not answer (timeout or HTTP error),2026-08-05
22_289_DF_DCIS_POPRES1_7,Provincia Autonoma Bolzano/Bozen,error,"",0,0,2,HubUnavailable: hub did not answer (timeout or HTTP error),2026-08-05
22_289_DF_DCIS_POPRES1_8,Provincia Autonoma Trento,error,"",0,0,2,HubUnavailable: hub did not answer (timeout or HTTP error),2026-08-05
22_289_DF_DCIS_POPRES1_9,Veneto,error,"",0,0,2,HubUnavailable: hub did not answer (timeout or HTTP error),2026-08-06
22_289_LT,Popolazione residente al 1° gennaio - provincia di Latina,error,"",0,0,2,HubUnavailable: hub did not answer (timeout or HTTP error),2026-08-06
22_293,Indicatori  demografici,ok,hub,3,161,0,"",2026-08-06
22_293_DF_DCIS_INDDEMOG1_1,Indicatori demografici,ok,hub,3,161,0,"",2026-07-17
22_315,Popolazione residente  - bilancio,error,"",0,0,2,HubUnavailable: hub did not answer (timeout or HTTP error),2026-08-06
22_315_DF_DASH_DCIS_POPORESBIL1_24,Tutti i comuni per singola età,error,"",0,0,2,HubUnavailable: hub did not answer (timeout or HTTP error),2026-08-06
22_315_DF_DCIS_POPORESBIL1_1,Dati annuali,error,"",0,0,2,HubUnavailable: hub did not answer (timeout or HTTP error),2026-08-06
22_315_DF_DCIS_POPORESBIL1_10,Friuli-Venezia Giulia,empty,hub,0,0,0,"",2026-07-17
22_315_DF_DCIS_POPORESBIL1_11,Emilia-Romagna,empty,hub,0,0,0,"",2026-07-17
22_315_DF_DCIS_POPORESBIL1_12,Toscana,empty,hub,0,0,0,"",2026-07-17
22_315_DF_DCIS_POPORESBIL1_13,Umbria,empty,hub,0,0,0,"",2026-07-17
22_315_DF_DCIS_POPORESBIL1_14,Marche,empty,hub,0,0,0,"",2026-07-17
22_315_DF_DCIS_POPORESBIL1_15,Lazio,empty,hub,0,0,0,"",2026-07-17
22_315_DF_DCIS_POPORESBIL1_16,Abruzzo,empty,hub,0,0,0,"",2026-07-17
22_315_DF_DCIS_POPORESBIL1_17,Molise,empty,hub,0,0,0,"",2026-07-17
22_315_DF_DCIS_POPORESBIL1_18,Campania,empty,hub,0,0,0,"",2026-07-17
22_315_DF_DCIS_POPORESBIL1_19,Puglia,empty,hub,0,0,0,"",2026-07-17
22_315_DF_DCIS_POPORESBIL1_2,Dati mensili,error,"",0,0,2,HubUnavailable: hub did not answer (timeout or HTTP error),2026-08-06
22_315_DF_DCIS_POPORESBIL1_20,Basilicata,empty,hub,0,0,0,"",2026-07-17
22_315_DF_DCIS_POPORESBIL1_21,Calabria,empty,hub,0,0,0,"",2026-07-17
22_315_DF_DCIS_POPORESBIL1_22,Sicilia,empty,hub,0,0,0,"",2026-07-17
22_315_DF_DCIS_POPORESBIL1_23,Sardegna,empty,hub,0,0,0,"",2026-07-17
22_315_DF_DCIS_POPORESBIL1_24,Tutti i comuni,ok,hub,4,12499,0,"",2026-07-17
22_315_DF_DCIS_POPORESBIL1_3,Piemonte,empty,hub,0,0,0,"",2026-08-06
22_315_DF_DCIS_POPORESBIL1_4,Valle d'Aosta/Vallée d'Aoste,empty,hub,0,0,0,"",2026-07-17
22_315_DF_DCIS_POPORESBIL1_5,Liguria,empty,hub,0,0,0,"",2026-07-17
22_315_DF_DCIS_POPORESBIL1_6,Lombardia,empty,hub,0,0,0,"",2026-07-17
22_315_DF_DCIS_POPORESBIL1_7,Provincia Autonoma Bolzano/Bozen,empty,hub,0,0,0,"",2026-07-17
22_315_DF_DCIS_POPORESBIL1_8,Provincia Autonoma Trento,empty,hub,0,0,0,"",2026-07-17
22_315_DF_DCIS_POPORESBIL1_9,Veneto,empty,hub,0,0,0,"",2026-07-17
22_389,Popolazione residente al 1° gennaio - ultimo anno disponibile,empty,hub,0,0,0,"",2026-07-17
24_1149,Unioni civili-Caratteristiche demografiche,error,"",0,0,2,HubUnavailable: hub did not answer (timeout or HTTP error),2026-08-06
24_1149_DF_DCIS_UNIONDEMO_1,Sesso (%),error,"",0,0,2,HubUnavailable: hub did not answer (timeout or HTTP error),2026-08-06
24_1149_DF_DCIS_UNIONDEMO_2,Stato civile (%),error,"",0,0,2,HubUnavailable: hub did not answer (timeout or HTTP error),2026-08-06
24_1149_DF_DCIS_UNIONDEMO_3,"Classe di età, stato civile e sesso",error,"",0,0,2,HubUnavailable: hub did not answer (timeout or HTTP error),2026-08-06
24_1149_DF_DCIS_UNIONDEMO_4,"Titolo di studio, stato civile e sesso",error,"",0,0,2,HubUnavailable: hub did not answer (timeout or HTTP error),2026-08-06
24_1149_DF_DCIS_UNIONDEMO_5,Mese di costituzione e sesso,error,"",0,0,2,HubUnavailable: hub did not answer (timeout or HTTP error),2026-08-06
24_1149_DF_DCIS_UNIONDEMO_6,Regime patrimoniale e titolo di studio,error,"",0,0,2,HubUnavailable: hub did not answer (timeout or HTTP error),2026-08-06
24_1149_DF_DCIS_UNIONDEMO_7,"Uniti per età, anno di nascita e stato civile",error,"",0,0,2,HubUnavailable: hub did not answer (timeout or HTTP error),2026-08-06
24_1150,Unioni civili - Indicatori,ok,hub,5,162,0,"",2026-08-06
24_1150_DF_DCIS_UNIONIND_1,Indicatori,ok,hub,3,146,0,"",2026-08-06
24_1150_DF_DCIS_UNIONIND_2,Età media delle donne per stato civile,ok,hub,4,147,0,"",2026-08-06
24_1150_DF_DCIS_UNIONIND_3,Età media degli uomini per stato civile,ok,hub,4,147,0,"",2026-08-06
24_1151,Unioni civili - Caratteristiche socio-professionali,ok,hub,13,166,0,"",2026-08-06
24_1151_DF_DCIS_UNIONISOC_1,Regime patrimoniale e posizione professionale,ok,hub,6,34,0,"",2026-07-17
24_1151_DF_DCIS_UNIONISOC_2,Regime patrimoniale e condizione professionale,ok,hub,6,30,0,"",2026-07-17
24_1151_DF_DCIS_UNIONISOC_3,Sesso e posizione professionale,ok,hub,6,34,0,"",2026-07-17
24_1151_DF_DCIS_UNIONISOC_4,Sesso e condizione professionale,ok,hub,6,30,0,"",2026-07-17
24_1151_DF_DCIS_UNIONISOC_5,Regione di nascita,ok,hub,4,57,0,"",2026-07-17
24_1151_DF_DCIS_UNIONISOC_6,Regione di residenza,ok,hub,4,57,0,"",2026-07-17
24_1151_DF_DCIS_UNIONISOC_7,Regione di nascita unito 2 e di residenza unito 1,ok,hub,4,57,0,"",2026-07-17
24_1151_DF_DCIS_UNIONISOC_8,Regione di nascita unito 1 e di residenza unito 2,ok,hub,4,57,0,"",2026-07-17
24_1152,Unioni civili - Cittadinanza,error,"",0,0,2,HubUnavailable: hub did not answer (timeout or HTTP error),2026-08-06
24_1152_DF_DCIS_UNIONICIT_1,Unioni civili per sesso e tipologia di coppia,ok,hub,8,155,0,"",2026-08-06
24_1152_DF_DCIS_UNIONICIT_2,Unioni civili con almeno uno straniero per area di cittadinanza,error,"",0,0,2,HubUnavailable: hub did not answer (timeout or HTTP error),2026-08-06
24_1152_DF_DCIS_UNIONICIT_3,Unioni civili con almeno uno straniero per paese di cittadinanza,error,"",0,0,2,HubUnavailable: hub did not answer (timeout or HTTP error),2026-08-06
24_1152_DF_DCIS_UNIONICIT_4,Unioni civili di entrambi stranieri per paese di cittadinanza,error,"",0,0,2,HubUnavailable: hub did not answer (timeout or HTTP error),2026-08-06
24_1152_DF_DCIS_UNIONICIT_5,Unioni civili di entrambi stranieri per paese e confronto cittadinanza,error,"",0,0,2,HubUnavailable: hub did not answer (timeout or HTTP error),2026-08-06
24_1152_DF_DCIS_UNIONICIT_6,Unioni civili per tipologia di coppia e titolo di studio,error,"",0,0,2,HubUnavailable: hub did not answer (timeout or HTTP error),2026-08-06
24_1152_DF_DCIS_UNIONICIT_7,Unioni civili per tipologia di coppia e stato civile,error,"",0,0,2,HubUnavailable: hub did not answer (timeout or HTTP error),2026-08-06
24_186,Matrimoni,empty,hub,0,0,0,"",2026-07-17
24_186_DF_DCIS_MATRDEMO_1,Rito (%),error,"",0,0,2,HubUnavailable: hub did not answer (timeout or HTTP error),2026-08-06
24_186_DF_DCIS_MATRDEMO_10,Piemonte,ok,hub,4,1237,0,"",2026-08-06
24_186_DF_DCIS_MATRDEMO_11,Valle d'Aosta/Vallée d'Aoste,ok,hub,4,83,0,"",2026-08-06
24_186_DF_DCIS_MATRDEMO_12,Liguria,ok,hub,4,248,0,"",2026-08-06
24_186_DF_DCIS_MATRDEMO_13,Lombardia,error,"",0,0,2,HubUnavailable: hub did not answer (timeout or HTTP error),2026-08-06
24_186_DF_DCIS_MATRDEMO_14,Provincia Autonoma Bolzano/Bozen,ok,hub,4,125,0,"",2026-08-06
24_186_DF_DCIS_MATRDEMO_15,Provincia Autonoma Trento,ok,hub,4,259,0,"",2026-08-06
24_186_DF_DCIS_MATRDEMO_16,Veneto,ok,hub,4,608,0,"",2026-08-06
24_186_DF_DCIS_MATRDEMO_17,Friuli-Venezia Giulia,ok,hub,4,237,0,"",2026-08-06
24_186_DF_DCIS_MATRDEMO_18,Emilia-Romagna,ok,hub,4,380,0,"",2026-08-06
24_186_DF_DCIS_MATRDEMO_19,Toscana,ok,hub,4,319,0,"",2026-08-06
24_186_DF_DCIS_MATRDEMO_2,Stato civile (%),error,"",0,0,2,HubUnavailable: hub did not answer (timeout or HTTP error),2026-08-06
24_186_DF_DCIS_MATRDEMO_20,Umbria,ok,hub,4,102,0,"",2026-08-06
24_186_DF_DCIS_MATRDEMO_21,Marche,ok,hub,4,305,0,"",2026-08-06
24_186_DF_DCIS_MATRDEMO_22,Lazio,error,"",0,0,2,HubUnavailable: hub did not answer (timeout or HTTP error),2026-08-06
24_186_DF_DCIS_MATRDEMO_23,Abruzzo,ok,hub,4,317,0,"",2026-08-06
24_186_DF_DCIS_MATRDEMO_24,Molise,error,"",0,0,2,HubUnavailable: hub did not answer (timeout or HTTP error),2026-08-06
24_186_DF_DCIS_MATRDEMO_25,Campania,error,"",0,0,2,HubUnavailable: hub did not answer (timeout or HTTP error),2026-08-06
24_186_DF_DCIS_MATRDEMO_26,Puglia,ok,hub,4,283,0,"",2026-08-06
24_186_DF_DCIS_MATRDEMO_27,Basilicata,error,"",0,0,2,HubUnavailable: hub did not answer (timeout or HTTP error),2026-08-06
24_186_DF_DCIS_MATRDEMO_28,Calabria,error,"",0,0,2,HubUnavailable: hub did not answer (timeout or HTTP error),2026-08-06
24_186_DF_DCIS_MATRDEMO_29,Sicilia,error,"",0,0,2,HubUnavailable: hub did not answer (timeout or HTTP error),2026-08-06
24_186_DF_DCIS_MATRDEMO_3,Età e stato civile,error,"",0,0,2,HubUnavailable: hub did not answer (timeout or HTTP error),2026-08-06
24_186_DF_DCIS_MATRDEMO_30,Sardegna,error,"",0,0,2,HubUnavailable: hub did not answer (timeout or HTTP error),2026-08-06
24_186_DF_DCIS_MATRDEMO_4,Classi di età,error,"",0,0,2,HubUnavailable: hub did not answer (timeout or HTTP error),2026-08-06
24_186_DF_DCIS_MATRDEMO_5,"Rito, classe di età, stato civile",error,"",0,0,2,HubUnavailable: hub did not answer (timeout or HTTP error),2026-08-06
24_186_DF_DCIS_MATRDEMO_6,"Rito, titolo di studio, stato civile",error,"",0,0,2,HubUnavailable: hub did not answer (timeout or HTTP error),2026-08-06
24_186_DF_DCIS_MATRDEMO_7,"Rito, mese di celebrazione",error,"",0,0,2,HubUnavailable: hub did not answer (timeout or HTTP error),2026-08-06
24_186_DF_DCIS_MATRDEMO_8,Regime patrimoniale e titolo di studio,error,"",0,0,2,HubUnavailable: hub did not answer (timeout or HTTP error),2026-08-06
24_186_DF_DCIS_MATRDEMO_9,Tipo di comune e rito,error,"",0,0,2,HubUnavailable: hub did not answer (timeout or HTTP error),2026-08-06
24_233_DF_DCAR_ENTIST_PA_2,"Entrate delle università, politecnici ed istituti di istruzione universitaria (euro)",ok,hub,5,21,0,"",2026-07-17
24_386,Matrimoni - Caratteristiche socio-professionali,ok,hub,14,200,0,"",2026-08-06
24_386_DF_DCIS_MATRIMONI_SOC_1,"Settore economico, posizione professionale",ok,hub,7,41,0,"",2026-08-06
24_386_DF_DCIS_MATRIMONI_SOC_2,Regime patrimoniale e condizione professionale,ok,hub,6,30,0,"",2026-08-06
24_386_DF_DCIS_MATRIMONI_SOC_3,Regione di nascita,ok,hub,6,59,0,"",2026-08-06
24_386_DF_DCIS_MATRIMONI_SOC_4,Regione di residenza,ok,hub,5,58,0,"",2026-08-06
24_386_DF_DCIS_MATRIMONI_SOC_5,Regione di nascita della sposa e di residenza dello sposo,ok,hub,5,58,0,"",2026-08-06
24_386_DF_DCIS_MATRIMONI_SOC_6,Regione di nascita dello sposo e di residenza della sposa,ok,hub,5,58,0,"",2026-08-06
24_446,Matrimoni - Cittadinanza,empty,hub,0,0,0,"",2026-07-17
24_446_DF_DCIS_MATRIMONICIT_1,Matrimoni - Cittadinanza - Principali dati,error,"",0,0,2,HubUnavailable: hub did not answer (timeout or HTTP error),2026-08-06
24_446_DF_DCIS_MATRIMONICIT_2,Matrimoni per tipologia di coppia,error,"",0,0,2,HubUnavailable: hub did not answer (timeout or HTTP error),2026-08-06
24_446_DF_DCIS_MATRIMONICIT_3,Tipologia di coppia e area di cittadinanza,error,"",0,0,2,HubUnavailable: hub did not answer (timeout or HTTP error),2026-08-06
24_446_DF_DCIS_MATRIMONICIT_4,Tipologia di coppia e paese di cittadinanza,error,"",0,0,2,HubUnavailable: hub did not answer (timeout or HTTP error),2026-08-06
24_446_DF_DCIS_MATRIMONICIT_5,Matrimoni di sposi entrambi stranieri per cittadinanza,empty,hub,0,0,0,"",2026-07-17
24_446_DF_DCIS_MATRIMONICIT_6,Matrimoni di sposi entrambi stranieri per uguaglianza o meno della cittadinanza,error,"",0,0,2,HubUnavailable: hub did not answer (timeout or HTTP error),2026-08-06
24_446_DF_DCIS_MATRIMONICIT_7,Tipologia di coppia e titolo di studio,error,"",0,0,2,HubUnavailable: hub did not answer (timeout or HTTP error),2026-08-06
24_446_DF_DCIS_MATRIMONICIT_8,Primi o secondi matrimoni per tipologia di coppia,error,"",0,0,2,HubUnavailable: hub did not answer (timeout or HTTP error),2026-08-06
24_446_DF_DCIS_MATRIMONICIT_9,Rito e tipologia di coppia,ok,hub,8,161,0,"",2026-08-06
24_447,Sposi - Caratteristiche demografiche,ok,hub,10,436,0,"",2026-08-06
24_447_DF_DCIS_SPOSI_1,"Età, anno di nascita e stato civile",ok,hub,5,182,0,"",2026-08-06
24_447_DF_DCIS_SPOSI_2,Età e durata della vedovanza,ok,hub,6,104,0,"",2026-08-06
24_447_DF_DCIS_SPOSI_3,Età e durata del divorzio,ok,hub,6,100,0,"",2026-08-06
24_447_DF_DCIS_SPOSI_4,"Rito, classe di età e titolo di studio",ok,hub,6,168,0,"",2026-08-06
24_84,Matrimoni - Indicatori,ok,hub,5,193,0,"",2026-07-17
24_84_DF_DCIS_MATRIND_1,Indicatori di nuzialità,ok,hub,3,179,0,"",2026-07-17
24_84_DF_DCIS_MATRIND_2,Età media degli sposi per stato civile,ok,hub,4,149,0,"",2026-07-17
24_84_DF_DCIS_MATRIND_3,Età media delle spose per stato civile,ok,hub,4,149,0,"",2026-07-17
24_84_DF_DCIS_MATRIND_4,Numeri indice,ok,hub,3,31,0,"",2026-07-17
25_1242,Intenzioni di fecondità,ok,hub,9,53,0,"",2026-07-17
25_1242_DF_DCCV_FERTINT1_1,Persone 18-49 anni che hanno intenzione di avere un figlio,ok,hub,6,18,0,"",2026-07-17
25_1242_DF_DCCV_FERTINT1_2,Intenzione di avere figli entro tre anni,ok,hub,6,18,0,"",2026-07-17
25_1242_DF_DCCV_FERTINT1_3,Intenzione di avere figli entro tre anni per numero di figli avuti,ok,hub,6,17,0,"",2026-07-17
25_1242_DF_DCCV_FERTINT1_4,Intenzione di avere figli entro tre anni delle persone con lo stesso territorio di residenza,ok,hub,4,21,0,"",2026-07-17
25_1242_DF_DCCV_FERTINT1_5,Intenzione di avere figli in futuro,ok,hub,6,18,0,"",2026-07-17
25_1242_DF_DCCV_FERTINT1_6,Intenzione di avere figli in futuro per numero di figli avuti,ok,hub,6,17,0,"",2026-07-17
25_1242_DF_DCCV_FERTINT1_7,Intenzione di avere figli in futuro delle persone con lo stesso territorio di residenza,ok,hub,4,21,0,"",2026-07-17
25_326,Indicatori  di fecondità,ok,hub,5,183,0,"",2026-08-06
25_326_DF_DCIS_FECONDITA1_5,Tasso di fecondità totale per anno di evento e cittadinanza della madre,ok,hub,4,142,0,"",2026-07-17
25_326_DF_DCIS_FECONDITA1_6,Età media delle madri al parto per anno di evento e cittadinanza della madre,ok,hub,4,142,0,"",2026-07-17
25_326_DF_DCIS_FECONDITA1_7,"Tassi di fecondità specifici per età della madre, anno di evento e cittadinanza della madre (per mille donne)",ok,hub,5,179,0,"",2026-07-17
25_326_DF_DCIS_FECONDITA1_8,Età media dei padri alla nascita del figlio,ok,hub,3,139,0,"",2026-07-17
25_74,Nati vivi,ok,hub,13,446,0,"",2026-07-17
25_74_DF_DCIS_NATI1_10,Padre - Età e stato civile (capoluoghi prov.),ok,hub,6,163,0,"",2026-08-06
25_74_DF_DCIS_NATI1_11,Genitori - Età (capoluoghi prov.),ok,hub,6,168,0,"",2026-08-06
25_74_DF_DCIS_NATI1_12,Genitori - Stato civile (capoluoghi prov.),ok,hub,6,158,0,"",2026-08-06
25_74_DF_DCIS_NATI1_13,Stato civile di lei e di lui,ok,hub,7,163,0,"",2026-08-06
25_74_DF_DCIS_NATI1_14,Età di lei e di lui,ok,hub,7,173,0,"",2026-08-06
25_74_DF_DCIS_NATI1_15,Caratteristiche della madre,ok,hub,7,168,0,"",2026-08-06
25_74_DF_DCIS_NATI1_16,Caratteristiche del padre,ok,hub,7,168,0,"",2026-08-06
25_74_DF_DCIS_NATI1_17,Stime  (capoluoghi prov.),ok,hub,5,156,0,"",2026-08-06
25_74_DF_DCIS_NATI1_7,Madre - Età e stato civile (capoluoghi prov.),ok,hub,6,163,0,"",2026-08-06
25_74_DF_DCIS_NATI1_8,Madre - Età e cittadinanza,ok,hub,6,184,0,"",2026-08-06
25_74_DF_DCIS_NATI1_9,Madre - Età e anno di nascita,ok,hub,6,279,0,"",2026-08-06
25_74_DF_DCIS_NATI2_1,Nati serie storica - prov.,ok,hub,4,141,0,"",2026-08-06
25_74_DF_DCIS_NATI2_2,Sesso e cittadinanza del nato - prov.,ok,hub,4,146,0,"",2026-08-06
25_74_DF_DCIS_NATI2_3,Continente di cittadinanza estera del nato - reg.,ok,hub,4,41,0,"",2026-08-06
25_74_DF_DCIS_NATI2_4,Macro area di cittadinanza estera del nato - reg.,ok,hub,4,53,0,"",2026-08-06
25_74_DF_DCIS_NATI2_5,Paese di cittadinanza estera del nato - reg.,ok,hub,4,243,0,"",2026-08-06
25_74_DF_DCIS_NATI2_6,Nati dentro e fuori dal matrimonio - prov.,ok,hub,5,145,0,"",2026-08-06
25_74_DF_DCIS_NATI2_7,Età e cittadinanza della madre - prov.,ok,hub,6,182,0,"",2026-08-06
25_74_DF_DCIS_NATI2_8,"Cittadinanza dei genitori, classe di età dei genitori - prov.",ok,hub,7,166,0,"",2026-08-06
25_74_DF_DCIS_NATI2_9,"Cittadinanza dei genitori, stato civile dei genitori - prov.",ok,hub,7,156,0,"",2026-08-06
25_944,Tavole di fecondità per ordine di nascita,ok,hub,7,340,0,"",2026-08-06
25_944_DF_DCIS_ARCH_FEC_10,Età media al parto per coorte e ordine di nascita,ok,hub,5,220,0,"",2026-08-06
25_944_DF_DCIS_ARCH_FEC_11,"Tassi di fecondità specifci per età della madre, coorte e ordine di nascita (per mille donne)",ok,hub,6,262,0,"",2026-08-06
25_944_DF_DCIS_ARCH_FEC_5,Principali indicatori,ok,hub,4,213,0,"",2026-07-17
25_944_DF_DCIS_ARCH_FEC_6,Tasso di fecondità totale per anno di evento e ordine di nascita,ok,hub,5,216,0,"",2026-08-06
25_944_DF_DCIS_ARCH_FEC_7,Età media al parto per anno di evento e ordine di nascita,ok,hub,5,216,0,"",2026-08-06
25_944_DF_DCIS_ARCH_FEC_8,"Tassi di fecondità specifici per età della madre, anno di evento e ordine di nascita (per mille donne)",ok,hub,6,253,0,"",2026-08-06
25_944_DF_DCIS_ARCH_FEC_9,Tasso di fecondità totale per coorte e ordine di nascita,ok,hub,5,220,0,"",2026-08-06
26_29,Decessi,ok,hub,9,200,0,"",2026-08-06
26_295,Tavole di mortalità,error,"",0,0,2,HubUnavailable: hub did not answer (timeout or HTTP error),2026-08-06
26_295_DF_DCIS_MORTALITA1_1,Classi di età,ok,hub,5,11612,0,"",2026-07-17
26_295_DF_DCIS_MORTALITA1_2,Singole età,ok,hub,5,11708,0,"",2026-07-17
26_29_DF_DCIS_DECESSI_1,Indicatori sintetici,ok,hub,5,151,0,"",2026-08-06
26_29_DF_DCIS_DECESSI_2,Morti,ok,hub,9,12526,0,"",2026-07-17
26_29_DF_DCIS_DECESSI_3,Quozienti  specifici,ok,hub,6,166,0,"",2026-08-06
270_239,Investimenti fissi lordi per branca proprietaria (NACE Rev.1.1) - edizione ottobre 2010,ok,hub,10,75,0,"",2026-08-06
270_242,Spesa per consumi finali delle famiglie - edizioni fino a novembre 2013,ok,hub,10,63,0,"",2026-08-06
270_243,Spesa per consumi finali della Pa - edizioni fino a novembre 2013,ok,hub,9,56,0,"",2026-08-06
270_248,Prodotto interno lordo lato produzione - edizioni fino a novembre 2013,ok,hub,9,48,0,"",2026-08-06
270_254,Sequenza dei conti - edizioni fino a novembre 2013,ok,hub,8,70,0,"",2026-08-06
270_298,Aggregati dei conti per branca di attività (NACE Rev.2) - edizioni fino a novembre 2013,ok,hub,10,200,0,"",2026-08-06
270_301,Occupazione per branca di attività (NACE Rev.2) - edizioni fino a novembre 2013,ok,hub,10,201,0,"",2026-08-06
270_303,Investimenti fissi lordi per branca proprietaria (NACE Rev.2) - edizioni febbraio 2012 - novembre 2013,ok,hub,9,85,0,"",2026-08-06
272_1164,Relazioni di parentela e reti di supporto,ok,hub,9,65,0,"",2026-08-06
272_1164_DF_DCCV_RELAZ_PARENT_1,Relazioni di parentela per territorio,ok,hub,4,26,0,"",2026-07-17
272_1164_DF_DCCV_RELAZ_PARENT_2,"Relazioni di parentela - sesso, età",ok,hub,5,24,0,"",2026-07-17
272_1164_DF_DCCV_RELAZ_PARENT_3,Persone per numero di nonni non conviventi per sesso e età,ok,hub,6,16,0,"",2026-07-18
272_1164_DF_DCCV_RELAZ_PARENT_4,Persone per numero di nonni non conviventi per territorio,ok,hub,4,20,0,"",2026-07-18
272_1164_DF_DCCV_RELAZ_PARENT_5,Prossimità abitativa per territorio,ok,hub,4,31,0,"",2026-07-18
272_1164_DF_DCCV_RELAZ_PARENT_6,"Prossimità abitativa - sesso, età",ok,hub,6,30,0,"",2026-07-18
272_1164_DF_DCCV_RELAZ_PARENT_7,Frequenza dei contatti per territorio,ok,hub,5,33,0,"",2026-07-18
272_1164_DF_DCCV_RELAZ_PARENT_8,"Tipo e frequenza dei contatti - sesso, età",ok,hub,7,32,0,"",2026-07-18
27_349,Separazioni - Indicatori 2008-2014,ok,hub,3,65,0,"",2026-07-18
27_349_DF_DCIS_SEPARAZIND_1,Procedimenti e separazioni,ok,hub,3,36,0,"",2026-07-18
27_349_DF_DCIS_SEPARAZIND_2,Caratteristiche del matrimonio e della coppia,ok,hub,3,40,0,"",2026-07-18
27_349_DF_DCIS_SEPARAZIND_3,Figli,ok,hub,3,37,0,"",2026-07-18
27_349_DF_DCIS_SEPARAZIND_4,Provvedimenti economici,ok,hub,3,39,0,"",2026-07-18
27_349_DF_DCIS_SEPARAZIND_5,Caratteristiche del matrimonio e della coppia - sintesi,ok,hub,3,33,0,"",2026-07-18
27_349_DF_DCIS_SEPARAZIND_6,Separazioni - Indicatori per coppie miste,ok,hub,3,36,0,"",2026-07-18
27_355,Divorzi - Indicatori 2008-2014,ok,hub,3,65,0,"",2026-07-18
27_355_DF_DCIS_DIVORZIND_1,Procedimenti e divorzi,ok,hub,3,36,0,"",2026-07-18
27_355_DF_DCIS_DIVORZIND_2,Caratteristiche del matrimonio e della coppia,ok,hub,3,40,0,"",2026-07-18
27_355_DF_DCIS_DIVORZIND_3,Figli,ok,hub,3,37,0,"",2026-07-18
27_355_DF_DCIS_DIVORZIND_4,Provvedimenti economici,ok,hub,3,39,0,"",2026-07-18
27_355_DF_DCIS_DIVORZIND_5,Caratteristiche del matrimonio e della coppia,ok,hub,3,33,0,"",2026-07-18
27_355_DF_DCIS_DIVORZIND_6,Divorzi - Indicatori per coppie miste,ok,hub,3,36,0,"",2026-07-18
27_384,Separazioni - Caratteristiche demografiche 2008-2014,ok,hub,12,232,0,"",2026-07-18
27_384_DF_DCIS_SEPARAZDEMCONG_1,Separazioni - Caratteristiche demografiche 2008-2014 - Principali dati,ok,hub,3,30,0,"",2026-07-18
27_384_DF_DCIS_SEPARAZDEMCONG_2,Regione di nascita,ok,hub,5,63,0,"",2026-07-18
27_384_DF_DCIS_SEPARAZDEMCONG_3,Regione di residenza,ok,hub,5,63,0,"",2026-07-18
27_384_DF_DCIS_SEPARAZDEMCONG_4,Età alla separazione - coniugi,ok,hub,5,23,0,"",2026-07-18
27_384_DF_DCIS_SEPARAZDEMCONG_5,Età alla separazione - marito,ok,hub,4,40,0,"",2026-07-18
27_384_DF_DCIS_SEPARAZDEMCONG_6,Età alla separazione - moglie,ok,hub,4,40,0,"",2026-07-18
27_384_DF_DCIS_SEPARAZDEMCONG_7,Età al matrimonio e anno di matrimonio,ok,hub,6,65,0,"",2026-07-18
27_384_DF_DCIS_SEPARAZDEMCONG_8,Età al matrimonio - marito,ok,hub,4,39,0,"",2026-07-18
27_384_DF_DCIS_SEPARAZDEMCONG_9,Età al matrimonio - moglie,ok,hub,4,39,0,"",2026-07-18
27_385,Divorzi - Caratteristiche demografiche 2008-2014,ok,hub,12,232,0,"",2026-07-18
27_385_DF_DCIS_DIVORDEMCONG_1,Divorzi - Caratteristiche demografiche 2008-2014 - Principali dati,ok,hub,3,30,0,"",2026-07-18
27_385_DF_DCIS_DIVORDEMCONG_2,Regione di nascita,ok,hub,5,63,0,"",2026-07-18
27_385_DF_DCIS_DIVORDEMCONG_3,Regione di residenza,ok,hub,5,63,0,"",2026-07-18
27_385_DF_DCIS_DIVORDEMCONG_4,Età al divorzio - coniugi,ok,hub,5,23,0,"",2026-07-18
27_385_DF_DCIS_DIVORDEMCONG_5,Età al divorzio - marito,ok,hub,4,40,0,"",2026-07-18
27_385_DF_DCIS_DIVORDEMCONG_6,Età al divorzio - moglie,ok,hub,4,40,0,"",2026-07-18
27_385_DF_DCIS_DIVORDEMCONG_7,Età al matrimonio e anno di matrimonio,ok,hub,6,65,0,"",2026-07-18
27_385_DF_DCIS_DIVORDEMCONG_8,Età al matrimonio - marito,ok,hub,4,39,0,"",2026-07-18
27_385_DF_DCIS_DIVORDEMCONG_9,Età al matrimonio - moglie,ok,hub,4,39,0,"",2026-07-18
27_467,Separazioni -  Caratteristiche demografiche,ok,hub,12,259,0,"",2026-08-06
27_467_DF_DCIS_SEPARAZDEMCONG1_1,Separazioni - Caratteristiche demografiche - Principali dati,ok,hub,3,32,0,"",2026-07-18
27_467_DF_DCIS_SEPARAZDEMCONG1_2,Regione di nascita,ok,hub,5,73,0,"",2026-07-18
27_467_DF_DCIS_SEPARAZDEMCONG1_3,Regione di residenza,ok,hub,5,73,0,"",2026-07-18
27_467_DF_DCIS_SEPARAZDEMCONG1_4,Età alla separazione - coniugi,ok,hub,5,25,0,"",2026-07-18
27_467_DF_DCIS_SEPARAZDEMCONG1_5,Età alla separazione - marito,ok,hub,4,42,0,"",2026-07-18
27_467_DF_DCIS_SEPARAZDEMCONG1_6,Età alla separazione - moglie,ok,hub,4,42,0,"",2026-07-18
27_467_DF_DCIS_SEPARAZDEMCONG1_7,Età al matrimonio e anno di matrimonio,ok,hub,6,76,0,"",2026-08-06
27_467_DF_DCIS_SEPARAZDEMCONG1_8,Età al matrimonio - marito,ok,hub,4,41,0,"",2026-07-18
27_467_DF_DCIS_SEPARAZDEMCONG1_9,Età al matrimonio - moglie,ok,hub,4,41,0,"",2026-07-18
27_468,Separazioni -  Caratteristiche socio-professionali,ok,hub,9,78,0,"",2026-07-18
27_468_DF_DCIS_SEPARAZSOC1_1,Titolo di studio dei coniugi,ok,hub,5,13,0,"",2026-07-18
27_468_DF_DCIS_SEPARAZSOC1_2,Titolo di studio del marito,ok,hub,4,35,0,"",2026-07-18
27_468_DF_DCIS_SEPARAZSOC1_3,Titolo di studio della moglie,ok,hub,4,35,0,"",2026-07-18
27_468_DF_DCIS_SEPARAZSOC1_4,Condizione professionale dei coniugi,ok,hub,5,23,0,"",2026-07-18
27_468_DF_DCIS_SEPARAZSOC1_5,Posizione nella professione dei coniugi,ok,hub,5,21,0,"",2026-07-18
27_469,Separazioni -  Caratteristiche e figli,ok,hub,13,159,0,"",2026-07-18
27_469_DF_DCIS_SEPARAZFIG1_1,Separazioni - Caratteristiche e figli - Principali dati,ok,hub,3,35,0,"",2026-07-18
27_469_DF_DCIS_SEPARAZFIG1_10,Età e numero di figli affidati,ok,hub,5,27,0,"",2026-07-18
27_469_DF_DCIS_SEPARAZFIG1_11,Età dei figli affidati,ok,hub,4,50,0,"",2026-07-18
27_469_DF_DCIS_SEPARAZFIG1_12,Tipo di affidamento,ok,hub,4,37,0,"",2026-07-18
27_469_DF_DCIS_SEPARAZFIG1_13,Numero di figli affidati,ok,hub,4,36,0,"",2026-07-18
27_469_DF_DCIS_SEPARAZFIG1_2,Tipo di separazione giudiziale,ok,hub,4,34,0,"",2026-07-18
27_469_DF_DCIS_SEPARAZFIG1_3,Modalità di esaurimento e rito di celebrazione del matrimonio,ok,hub,5,38,0,"",2026-07-18
27_469_DF_DCIS_SEPARAZFIG1_4,Durata del matrimonio,ok,hub,4,54,0,"",2026-07-18
27_469_DF_DCIS_SEPARAZFIG1_5,Anno di matrimonio e numero di figli,ok,hub,6,65,0,"",2026-07-18
27_469_DF_DCIS_SEPARAZFIG1_6,Anno di matrimonio e presenza di figli affidati,ok,hub,5,62,0,"",2026-07-18
27_469_DF_DCIS_SEPARAZFIG1_7,Presenza di figli affidati,ok,hub,4,36,0,"",2026-07-18
27_469_DF_DCIS_SEPARAZFIG1_8,Anno di matrimonio,ok,hub,4,58,0,"",2026-07-18
27_469_DF_DCIS_SEPARAZFIG1_9,Età dei figli affidati e tipo di affidamento,ok,hub,5,28,0,"",2026-07-18
27_470,Divorzi -  Caratteristiche demografiche,ok,hub,12,259,0,"",2026-08-06
27_470_DF_DCIS_DIVORDEMCONG1_1,Divorzi - Caratteristiche demografiche - Principali dati,ok,hub,3,32,0,"",2026-07-18
27_470_DF_DCIS_DIVORDEMCONG1_2,Regione di nascita,ok,hub,5,73,0,"",2026-07-18
27_470_DF_DCIS_DIVORDEMCONG1_3,Regione di residenza,ok,hub,5,73,0,"",2026-07-18
27_470_DF_DCIS_DIVORDEMCONG1_4,Età al divorzio - coniugi,ok,hub,5,25,0,"",2026-07-18
27_470_DF_DCIS_DIVORDEMCONG1_5,Età al divorzio - marito,ok,hub,4,42,0,"",2026-07-18
27_470_DF_DCIS_DIVORDEMCONG1_6,Età al divorzio - moglie,ok,hub,4,42,0,"",2026-07-18
27_470_DF_DCIS_DIVORDEMCONG1_7,Età al matrimonio e anno di matrimonio,ok,hub,6,76,0,"",2026-08-06
27_470_DF_DCIS_DIVORDEMCONG1_8,Età al matrimonio - marito,ok,hub,4,41,0,"",2026-07-18
27_470_DF_DCIS_DIVORDEMCONG1_9,Età al matrimonio - moglie,ok,hub,4,41,0,"",2026-07-18
27_474,Separazioni -  Indicatori,ok,hub,3,88,0,"",2026-07-18
27_474_DF_DCIS_SEPARAZIND1_1,Procedimenti e separazioni,ok,hub,3,35,0,"",2026-07-18
27_474_DF_DCIS_SEPARAZIND1_2,Caratteristiche del matrimonio e della coppia,ok,hub,3,39,0,"",2026-07-18
27_474_DF_DCIS_SEPARAZIND1_3,Provvedimenti economici per il coniuge,ok,hub,3,38,0,"",2026-07-18
27_474_DF_DCIS_SEPARAZIND1_4,Provvedimenti economici per i figli,ok,hub,3,44,0,"",2026-07-18
27_474_DF_DCIS_SEPARAZIND1_5,Provvedimenti economici per i figli minori,ok,hub,3,35,0,"",2026-07-18
27_474_DF_DCIS_SEPARAZIND1_6,Assegnazione dell'abitazione,ok,hub,3,38,0,"",2026-07-18
27_475,Divorzi -  Caratteristiche socio-professionali,ok,hub,9,78,0,"",2026-07-18
27_475_DF_DCIS_DIVSOC1_1,Titolo di studio dei coniugi,ok,hub,5,13,0,"",2026-07-18
27_475_DF_DCIS_DIVSOC1_2,Titolo di studio del marito,ok,hub,4,35,0,"",2026-07-18
27_475_DF_DCIS_DIVSOC1_3,Titolo di studio della moglie,ok,hub,4,35,0,"",2026-07-18
27_475_DF_DCIS_DIVSOC1_4,Condizione professionale dei coniugi,ok,hub,5,23,0,"",2026-07-18
27_475_DF_DCIS_DIVSOC1_5,Posizione nella professione dei coniugi,ok,hub,5,21,0,"",2026-07-18
27_731,Separazioni - caratteristiche e figli minori affidati 2008-2014,ok,hub,13,145,0,"",2026-07-18
27_731_DF_DCIS_SEPARAZFIG_1,Separazioni - caratteristiche e figli minori affidati 2008-2014 - Principali dati,ok,hub,3,31,0,"",2026-07-18
27_731_DF_DCIS_SEPARAZFIG_10,Età e numero di figli affidati,ok,hub,5,25,0,"",2026-07-18
27_731_DF_DCIS_SEPARAZFIG_11,Età dei figli affidati,ok,hub,4,48,0,"",2026-07-18
27_731_DF_DCIS_SEPARAZFIG_12,Tipo di affidamento,ok,hub,4,35,0,"",2026-07-18
27_731_DF_DCIS_SEPARAZFIG_13,Numero di figli affidati,ok,hub,4,34,0,"",2026-07-18
27_731_DF_DCIS_SEPARAZFIG_2,Tipo di separazione giudiziale,ok,hub,4,35,0,"",2026-07-18
27_731_DF_DCIS_SEPARAZFIG_3,Modalità di esaurimento e rito di celebrazione del matrimonio,ok,hub,5,36,0,"",2026-07-18
27_731_DF_DCIS_SEPARAZFIG_4,Durata del matrimonio,ok,hub,4,53,0,"",2026-07-18
27_731_DF_DCIS_SEPARAZFIG_5,Anno di matrimonio e numero di figli,ok,hub,5,53,0,"",2026-07-18
27_731_DF_DCIS_SEPARAZFIG_6,Anno di matrimonio e presenza di figli affidati,ok,hub,5,50,0,"",2026-07-18
27_731_DF_DCIS_SEPARAZFIG_7,Presenza di figli affidati,ok,hub,4,33,0,"",2026-07-18
27_731_DF_DCIS_SEPARAZFIG_8,Anno di matrimonio,ok,hub,5,48,0,"",2026-07-18
27_731_DF_DCIS_SEPARAZFIG_9,Età dei figli affidati e tipo di affidamento,ok,hub,5,26,0,"",2026-07-18
27_748,Separazioni - Caratteristiche socio-professionali 2008-2014,ok,hub,9,77,0,"",2026-07-18
27_748_DF_DCIS_SEPARAZSOC_1,Titolo di studio dei coniugi,ok,hub,5,13,0,"",2026-07-18
27_748_DF_DCIS_SEPARAZSOC_2,Titolo di studio del marito,ok,hub,4,35,0,"",2026-07-18
27_748_DF_DCIS_SEPARAZSOC_3,Titolo di studio della moglie,ok,hub,4,35,0,"",2026-07-18
27_748_DF_DCIS_SEPARAZSOC_4,Condizione professionale dei coniugi,ok,hub,5,22,0,"",2026-07-18
27_748_DF_DCIS_SEPARAZSOC_5,Posizione nella professione dei coniugi,ok,hub,5,21,0,"",2026-07-18
27_748_DF_DCIS_SEPARAZSOC_6,Separazioni - Caratteristiche socio-professionali 2008-2014 - Principali dati,ok,hub,3,30,0,"",2026-07-18
27_749,Divorzi - Caratteristiche socio-professionali 2008-2014,ok,hub,9,77,0,"",2026-07-18
27_749_DF_DCIS_DIVSOC_1,Titolo di studio dei coniugi,ok,hub,5,13,0,"",2026-07-18
27_749_DF_DCIS_DIVSOC_2,Titolo di studio del marito,ok,hub,4,35,0,"",2026-07-18
27_749_DF_DCIS_DIVSOC_3,Titolo di studio della moglie,ok,hub,4,35,0,"",2026-07-18
27_749_DF_DCIS_DIVSOC_4,Condizione professionale dei coniugi,ok,hub,5,22,0,"",2026-07-18
27_749_DF_DCIS_DIVSOC_5,Posizione nella professione dei coniugi,ok,hub,5,21,0,"",2026-07-18
27_749_DF_DCIS_DIVSOC_6,Divorzi - Caratteristiche socio-professionali 2008-2014 - Principali dati,ok,hub,3,30,0,"",2026-07-18
27_814,Divorzi - Caratteristiche e figli minori affidati 2008-2014,ok,hub,14,150,0,"",2026-07-18
27_814_DF_DCIS_DIVFIG_1,Divorzi - Caratteristiche e figli minori affidati 2008-2014 - Principali dati,ok,hub,3,31,0,"",2026-07-18
27_814_DF_DCIS_DIVFIG_10,Coniuge che ha presentato la domanda di divorzio con rito giudiziale,ok,hub,4,35,0,"",2026-07-18
27_814_DF_DCIS_DIVFIG_11,Anno di matrimonio,ok,hub,4,47,0,"",2026-07-18
27_814_DF_DCIS_DIVFIG_12,Età dei figli affidati e tipo di affidamento,ok,hub,5,26,0,"",2026-07-18
27_814_DF_DCIS_DIVFIG_13,Età e numero di figli affidati,ok,hub,5,25,0,"",2026-07-18
27_814_DF_DCIS_DIVFIG_14,Età dei figli affidati,ok,hub,4,48,0,"",2026-07-18
27_814_DF_DCIS_DIVFIG_15,Tipo di affidamento,ok,hub,4,35,0,"",2026-07-18
27_814_DF_DCIS_DIVFIG_16,Numero di figli affidati,ok,hub,4,34,0,"",2026-07-18
27_814_DF_DCIS_DIVFIG_2,Rito di esaurimento,ok,hub,4,33,0,"",2026-07-18
27_814_DF_DCIS_DIVFIG_3,Periodo intercorso tra la separazione e l'iscrizione a ruolo del procedimento,ok,hub,4,37,0,"",2026-07-18
27_814_DF_DCIS_DIVFIG_4,Durata del matrimonio,ok,hub,4,51,0,"",2026-07-18
27_814_DF_DCIS_DIVFIG_5,Anno di matrimonio e modalità di esaurimento,ok,hub,5,50,0,"",2026-07-18
27_814_DF_DCIS_DIVFIG_6,Modalità di esaurimento,ok,hub,4,33,0,"",2026-07-18
27_814_DF_DCIS_DIVFIG_7,Anno di matrimonio e presenza di figli affidati,ok,hub,5,50,0,"",2026-07-18
27_814_DF_DCIS_DIVFIG_8,Figli affidati,ok,hub,4,33,0,"",2026-07-18
27_814_DF_DCIS_DIVFIG_9,Anno di matrimonio e numero di figli,ok,hub,5,53,0,"",2026-07-18
27_945,Divorzi - Caratteristiche e figli,ok,hub,14,167,0,"",2026-07-18
27_945_DF_DCIS_DIVFIG1_1,Rito di esaurimento e rito di celebrazione del matrimonio,ok,hub,5,38,0,"",2026-07-18
27_945_DF_DCIS_DIVFIG1_10,Età dei figli affidati e tipo di affidamento,ok,hub,5,28,0,"",2026-07-18
27_945_DF_DCIS_DIVFIG1_11,Età e numero di figli affidati,ok,hub,5,54,0,"",2026-07-18
27_945_DF_DCIS_DIVFIG1_12,Età dei figli affidati,ok,hub,4,50,0,"",2026-07-18
27_945_DF_DCIS_DIVFIG1_13,Tipo di affidamento,ok,hub,4,37,0,"",2026-07-18
27_945_DF_DCIS_DIVFIG1_2,Periodo intercorso tra la separazione e l'iscrizione a ruolo del procedimento,ok,hub,4,39,0,"",2026-07-18
27_945_DF_DCIS_DIVFIG1_3,Durata del matrimonio,ok,hub,4,52,0,"",2026-08-06
27_945_DF_DCIS_DIVFIG1_4,Anno e rito di celebrazione del matrimonio,ok,hub,5,61,0,"",2026-07-18
27_945_DF_DCIS_DIVFIG1_5,Anno di matrimonio e numero di figli,ok,hub,5,91,0,"",2026-07-18
27_945_DF_DCIS_DIVFIG1_6,Anno di matrimonio e presenza di figli affidati,ok,hub,5,89,0,"",2026-07-18
27_945_DF_DCIS_DIVFIG1_7,Presenza di figli affidati,ok,hub,4,36,0,"",2026-07-18
27_945_DF_DCIS_DIVFIG1_8,Coniuge che ha presentato la domanda di divorzio con rito giudiziale,ok,hub,4,35,0,"",2026-07-18
27_945_DF_DCIS_DIVFIG1_9,Anno di matrimonio,ok,hub,4,58,0,"",2026-07-18
27_946,Divorzi  -  Indicatori,ok,hub,3,89,0,"",2026-07-18
27_946_DF_DCIS_DIVFIG1_14,Numero di figli affidati,ok,hub,4,36,0,"",2026-07-18
27_946_DF_DCIS_DIVORZIND1_1,Procedimenti e divorzi,ok,hub,3,35,0,"",2026-07-18
27_946_DF_DCIS_DIVORZIND1_2,Caratteristiche del matrimonio e della coppia,ok,hub,3,39,0,"",2026-07-18
27_946_DF_DCIS_DIVORZIND1_3,Provvedimenti economici per il coniuge,ok,hub,3,38,0,"",2026-07-18
27_946_DF_DCIS_DIVORZIND1_4,Provvedimenti economici per i figli,ok,hub,3,44,0,"",2026-07-18
27_946_DF_DCIS_DIVORZIND1_5,Provvedimenti economici per i figli minori,ok,hub,3,35,0,"",2026-07-18
27_946_DF_DCIS_DIVORZIND1_6,Assegnazione dell'abitazione,ok,hub,3,38,0,"",2026-07-18
284_103,Principali aggregati per branca di attività (Nace Rev.2) - edizioni ottobre 2011 - marzo 2014,ok,hub,10,120,0,"",2026-08-06
284_104,Valori pro capite - edizioni ottobre 2011 - marzo 2014,ok,hub,7,18,0,"",2026-07-18
284_159,Prodotto interno lordo e principali componenti - edizioni fino a marzo 2014,ok,hub,7,41,0,"",2026-07-18
284_238,"Investimenti fissi lordi, stock di capitale e ammortamenti per tipo di investimento e branca proprietaria (Nace Rev.1.1) - edizioni precedenti ottobre 2011",empty,hub,0,0,0,"",2026-07-18
284_240,Spesa per consumi finali delle famiglie - edizioni fino a marzo 2014,ok,hub,10,110,0,"",2026-08-06
284_249,Investimenti - edizioni fino a marzo 2014,ok,hub,10,32,0,"",2026-08-06
284_252,Sequenza dei conti - edizioni fino a marzo 2014,ok,hub,8,141,0,"",2026-07-18
284_302,"Investimenti fissi lordi, stock di capitale e ammortamenti per tipo di investimento e branca proprietaria (Nace Rev.2) - edizioni ottobre 2011 - marzo 2014",ok,hub,9,77,0,"",2026-08-06
284_9,Occupazione regolare ed irregolare - edizioni ottobre 2011 - marzo 2014,ok,hub,10,117,0,"",2026-08-06
285_245,Contributi alla crescita del PIL - edizioni fino ad agosto 2014,ok,hub,8,30,0,"",2026-07-18
28_185,Migrazioni (Trasferimenti di residenza),ok,hub,10,926,0,"",2026-08-06
28_185_DF_DCIS_MIGRAZIONI_1,Migrazioni interne  - Italiani e stranieri,ok,hub,6,71,0,"",2026-07-18
28_185_DF_DCIS_MIGRAZIONI_2,Immigrati - cittadinanza,ok,hub,7,226,0,"",2026-07-18
28_185_DF_DCIS_MIGRAZIONI_3,Immigrati - paesi di provenienza,ok,hub,8,224,0,"",2026-08-06
28_185_DF_DCIS_MIGRAZIONI_4,Immigrati - province di destinazione,ok,hub,8,165,0,"",2026-08-06
28_185_DF_DCIS_MIGRAZIONI_5,Emigrati - cittadinanza,ok,hub,7,221,0,"",2026-07-18
28_185_DF_DCIS_MIGRAZIONI_6,Emigrati - paesi di destinazione,ok,hub,7,221,0,"",2026-08-06
28_185_DF_DCIS_MIGRAZIONI_7,Emigrati - province di origine,ok,hub,7,163,0,"",2026-08-06
29_316,Stranieri residenti - Bilancio,ok,hub,4,8087,0,"",2026-08-06
29_316_DF_DCIS_POPSTRBIL1_1,"Italia, regioni, province",ok,hub,4,158,0,"",2026-07-18
29_316_DF_DCIS_POPSTRBIL1_10,Emilia-Romagna,empty,hub,0,0,0,"",2026-07-18
29_316_DF_DCIS_POPSTRBIL1_11,Toscana,empty,hub,0,0,0,"",2026-07-18
29_316_DF_DCIS_POPSTRBIL1_12,Umbria,empty,hub,0,0,0,"",2026-07-18
29_316_DF_DCIS_POPSTRBIL1_13,Marche,empty,hub,0,0,0,"",2026-07-18
29_316_DF_DCIS_POPSTRBIL1_14,Lazio,empty,hub,0,0,0,"",2026-07-18
29_316_DF_DCIS_POPSTRBIL1_15,Abruzzo,empty,hub,0,0,0,"",2026-07-18
29_316_DF_DCIS_POPSTRBIL1_16,Molise,empty,hub,0,0,0,"",2026-07-18
29_316_DF_DCIS_POPSTRBIL1_17,Campania,empty,hub,0,0,0,"",2026-07-18
29_316_DF_DCIS_POPSTRBIL1_18,Puglia,empty,hub,0,0,0,"",2026-07-18
29_316_DF_DCIS_POPSTRBIL1_19,Basilicata,empty,hub,0,0,0,"",2026-07-18
29_316_DF_DCIS_POPSTRBIL1_2,Piemonte,empty,hub,0,0,0,"",2026-07-18
29_316_DF_DCIS_POPSTRBIL1_20,Calabria,empty,hub,0,0,0,"",2026-07-18
29_316_DF_DCIS_POPSTRBIL1_21,Sicilia,empty,hub,0,0,0,"",2026-07-18
29_316_DF_DCIS_POPSTRBIL1_22,Sardegna,empty,hub,0,0,0,"",2026-07-18
29_316_DF_DCIS_POPSTRBIL1_23,Tutti i comuni,ok,hub,4,8087,0,"",2026-07-18
29_316_DF_DCIS_POPSTRBIL1_3,Valle d'Aosta/Vallée d'Aoste,empty,hub,0,0,0,"",2026-07-18
29_316_DF_DCIS_POPSTRBIL1_4,Liguria,empty,hub,0,0,0,"",2026-07-18
29_316_DF_DCIS_POPSTRBIL1_5,Lombardia,empty,hub,0,0,0,"",2026-07-18
29_316_DF_DCIS_POPSTRBIL1_6,Provincia Autonoma Bolzano/Bozen,error,"",0,0,2,HubUnavailable: hub did not answer (timeout or HTTP error),2026-08-06
29_316_DF_DCIS_POPSTRBIL1_7,Provincia Autonoma Trento,error,"",0,0,2,HubUnavailable: hub did not answer (timeout or HTTP error),2026-08-06
29_316_DF_DCIS_POPSTRBIL1_8,Veneto,error,"",0,0,2,HubUnavailable: hub did not answer (timeout or HTTP error),2026-08-06
29_316_DF_DCIS_POPSTRBIL1_9,Friuli-Venezia Giulia,error,"",0,0,2,HubUnavailable: hub did not answer (timeout or HTTP error),2026-08-06
29_317,Stranieri residenti al 1° gennaio - Cittadinanza,error,"",0,0,2,HubUnavailable: hub did not answer (timeout or HTTP error),2026-08-06
29_317_DF_DCIS_POPSTRCIT1_1,"Italia, regioni, province - Paese di cittadinanza",ok,hub,5,359,0,"",2026-08-06
29_317_DF_DCIS_POPSTRCIT1_10,Emilia-Romagna,error,"",0,0,2,HubUnavailable: hub did not answer (timeout or HTTP error),2026-08-06
29_317_DF_DCIS_POPSTRCIT1_11,Toscana,error,"",0,0,2,HubUnavailable: hub did not answer (timeout or HTTP error),2026-08-06
29_317_DF_DCIS_POPSTRCIT1_12,Umbria,error,"",0,0,2,HubUnavailable: hub did not answer (timeout or HTTP error),2026-08-06
29_317_DF_DCIS_POPSTRCIT1_13,Marche,error,"",0,0,2,HubUnavailable: hub did not answer (timeout or HTTP error),2026-08-06
29_317_DF_DCIS_POPSTRCIT1_14,Lazio,error,"",0,0,2,HubUnavailable: hub did not answer (timeout or HTTP error),2026-08-06
29_317_DF_DCIS_POPSTRCIT1_15,Abruzzo,empty,hub,0,0,0,"",2026-07-19
29_317_DF_DCIS_POPSTRCIT1_16,Molise,ok,hub,5,305,0,"",2026-08-06
29_317_DF_DCIS_POPSTRCIT1_17,Campania,error,"",0,0,2,HubUnavailable: hub did not answer (timeout or HTTP error),2026-08-06
29_317_DF_DCIS_POPSTRCIT1_18,Puglia,error,"",0,0,2,HubUnavailable: hub did not answer (timeout or HTTP error),2026-08-06
29_317_DF_DCIS_POPSTRCIT1_19,Basilicata,error,"",0,0,2,HubUnavailable: hub did not answer (timeout or HTTP error),2026-08-06
29_317_DF_DCIS_POPSTRCIT1_2,Piemonte,error,"",0,0,2,HubUnavailable: hub did not answer (timeout or HTTP error),2026-08-06
29_317_DF_DCIS_POPSTRCIT1_20,Calabria,error,"",0,0,2,HubUnavailable: hub did not answer (timeout or HTTP error),2026-08-06
29_317_DF_DCIS_POPSTRCIT1_21,Sicilia,error,"",0,0,2,HubUnavailable: hub did not answer (timeout or HTTP error),2026-08-06
29_317_DF_DCIS_POPSTRCIT1_22,Sardegna,error,"",0,0,2,HubUnavailable: hub did not answer (timeout or HTTP error),2026-08-06
29_317_DF_DCIS_POPSTRCIT1_23,Tutti i comuni,error,"",0,0,2,HubUnavailable: hub did not answer (timeout or HTTP error),2026-08-06
29_317_DF_DCIS_POPSTRCIT1_24,"Italia, regioni, province - Area geopolitica di cittadinanza",ok,hub,5,161,0,"",2026-08-06
29_317_DF_DCIS_POPSTRCIT1_3,Valle d'Aosta/Vallée d'Aoste,error,"",0,0,2,HubUnavailable: hub did not answer (timeout or HTTP error),2026-08-06
29_317_DF_DCIS_POPSTRCIT1_4,Liguria,error,"",0,0,2,HubUnavailable: hub did not answer (timeout or HTTP error),2026-08-06
29_317_DF_DCIS_POPSTRCIT1_5,Lombardia,error,"",0,0,2,HubUnavailable: hub did not answer (timeout or HTTP error),2026-08-06
29_317_DF_DCIS_POPSTRCIT1_6,Provincia Autonoma Bolzano/Bozen,error,"",0,0,2,HubUnavailable: hub did not answer (timeout or HTTP error),2026-08-06
29_317_DF_DCIS_POPSTRCIT1_7,Provincia Autonoma Trento,error,"",0,0,2,HubUnavailable: hub did not answer (timeout or HTTP error),2026-08-06
29_317_DF_DCIS_POPSTRCIT1_8,Veneto,error,"",0,0,2,HubUnavailable: hub did not answer (timeout or HTTP error),2026-08-06
29_317_DF_DCIS_POPSTRCIT1_9,Friuli-Venezia Giulia,error,"",0,0,2,HubUnavailable: hub did not answer (timeout or HTTP error),2026-08-06
29_348,Permessi di soggiorno dei cittadini non comunitari,empty,hub,0,0,0,"",2026-08-06
29_348_DF_DCIS_PERMSOGG1_1,Tipo di permesso e cittadinanza,ok,hub,5,76,0,"",2026-07-19
29_348_DF_DCIS_PERMSOGG1_10,"Cittadinanza, sesso, età",ok,hub,5,84,0,"",2026-08-06
29_348_DF_DCIS_PERMSOGG1_11,"Sesso, età, provincia",ok,hub,6,149,0,"",2026-07-19
29_348_DF_DCIS_PERMSOGG1_2,Tipo di permesso e classe di età,ok,hub,6,21,0,"",2026-07-19
29_348_DF_DCIS_PERMSOGG1_3,Tipo di permesso e stato civile,ok,hub,6,15,0,"",2026-08-06
29_348_DF_DCIS_PERMSOGG1_4,Tipo di permesso e provincia,ok,hub,6,141,0,"",2026-08-06
29_348_DF_DCIS_PERMSOGG1_5,Provincia e cittadinanza,ok,hub,5,204,0,"",2026-08-06
29_348_DF_DCIS_PERMSOGG1_6,Provincia e classe di età,ok,hub,6,149,0,"",2026-08-06
29_348_DF_DCIS_PERMSOGG1_7,Provincia e stato civile,ok,hub,6,143,0,"",2026-07-19
29_348_DF_DCIS_PERMSOGG1_8,Cittadinanza e motivo del permesso,ok,hub,6,209,0,"",2026-07-19
29_348_DF_DCIS_PERMSOGG1_9,Cittadinanza e stato civile,ok,hub,5,77,0,"",2026-07-19
29_7,Stranieri residenti al 1° gennaio,error,"",0,0,2,HubUnavailable: hub did not answer (timeout or HTTP error),2026-08-06
29_7_DF_DCIS_POPSTRRES1_1,"Italia, regioni, province",error,"",0,0,2,HubUnavailable: hub did not answer (timeout or HTTP error),2026-08-06
29_7_DF_DCIS_POPSTRRES1_10,Emilia-Romagna,error,"",0,0,2,HubUnavailable: hub did not answer (timeout or HTTP error),2026-08-06
29_7_DF_DCIS_POPSTRRES1_11,Toscana,error,"",0,0,2,HubUnavailable: hub did not answer (timeout or HTTP error),2026-08-06
29_7_DF_DCIS_POPSTRRES1_12,Umbria,error,"",0,0,2,HubUnavailable: hub did not answer (timeout or HTTP error),2026-08-06
29_7_DF_DCIS_POPSTRRES1_13,Marche,error,"",0,0,2,HubUnavailable: hub did not answer (timeout or HTTP error),2026-08-06
29_7_DF_DCIS_POPSTRRES1_14,Lazio,error,"",0,0,2,HubUnavailable: hub did not answer (timeout or HTTP error),2026-08-06
29_7_DF_DCIS_POPSTRRES1_15,Abruzzo,error,"",0,0,2,HubUnavailable: hub did not answer (timeout or HTTP error),2026-08-06
29_7_DF_DCIS_POPSTRRES1_16,Molise,error,"",0,0,2,HubUnavailable: hub did not answer (timeout or HTTP error),2026-08-06
29_7_DF_DCIS_POPSTRRES1_17,Campania,error,"",0,0,2,HubUnavailable: hub did not answer (timeout or HTTP error),2026-08-06
29_7_DF_DCIS_POPSTRRES1_18,Puglia,error,"",0,0,2,HubUnavailable: hub did not answer (timeout or HTTP error),2026-08-06
29_7_DF_DCIS_POPSTRRES1_19,Basilicata,error,"",0,0,2,HubUnavailable: hub did not answer (timeout or HTTP error),2026-08-06
29_7_DF_DCIS_POPSTRRES1_2,Piemonte,error,"",0,0,2,HubUnavailable: hub did not answer (timeout or HTTP error),2026-08-06
29_7_DF_DCIS_POPSTRRES1_20,Calabria,error,"",0,0,2,HubUnavailable: hub did not answer (timeout or HTTP error),2026-08-06
29_7_DF_DCIS_POPSTRRES1_21,Sicilia,error,"",0,0,2,HubUnavailable: hub did not answer (timeout or HTTP error),2026-08-06
29_7_DF_DCIS_POPSTRRES1_22,Sardegna,error,"",0,0,2,HubUnavailable: hub did not answer (timeout or HTTP error),2026-08-06
29_7_DF_DCIS_POPSTRRES1_23,Tutti i comuni,error,"",0,0,2,HubUnavailable: hub did not answer (timeout or HTTP error),2026-08-06
29_7_DF_DCIS_POPSTRRES1_3,Valle d'Aosta/Vallée d'Aoste,error,"",0,0,2,HubUnavailable: hub did not answer (timeout or HTTP error),2026-08-06
29_7_DF_DCIS_POPSTRRES1_4,Liguria,error,"",0,0,2,HubUnavailable: hub did not answer (timeout or HTTP error),2026-08-06
29_7_DF_DCIS_POPSTRRES1_5,Lombardia,empty,hub,0,0,0,"",2026-07-19
29_7_DF_DCIS_POPSTRRES1_6,Provincia Autonoma Bolzano/Bozen,error,"",0,0,2,HubUnavailable: hub did not answer (timeout or HTTP error),2026-08-06
29_7_DF_DCIS_POPSTRRES1_7,Provincia Autonoma Trento,error,"",0,0,2,HubUnavailable: hub did not answer (timeout or HTTP error),2026-08-06
29_7_DF_DCIS_POPSTRRES1_8,Veneto,error,"",0,0,2,HubUnavailable: hub did not answer (timeout or HTTP error),2026-08-06
29_7_DF_DCIS_POPSTRRES1_9,Friuli-Venezia Giulia,error,"",0,0,2,HubUnavailable: hub did not answer (timeout or HTTP error),2026-08-06
29_849,Acquisizioni di cittadinanza,ok,hub,7,179,0,"",2026-08-06
29_849_DF_DCIS_ACQCITIZ_1,Modalità di acquisizione e classe di età,ok,hub,6,19,0,"",2026-08-06
29_849_DF_DCIS_ACQCITIZ_2,Principali paesi di cittadinanza,ok,hub,5,57,0,"",2026-07-19
29_849_DF_DCIS_ACQCITIZ_3,Modalità di acquisizione,ok,hub,6,39,0,"",2026-07-19
29_849_DF_DCIS_ACQCITIZ_4,Sesso,ok,hub,5,145,0,"",2026-07-19
29_956,Stranieri residenti e condizioni di vita,ok,hub,14,173,0,"",2026-08-06
29_956_DF_DCIS_CV_STRA_1,Cittadinanza ed età,error,"",0,0,2,HubUnavailable: hub did not answer (timeout or HTTP error),2026-08-06
29_956_DF_DCIS_CV_STRA_10,Lingua madre,error,"",0,0,2,HubUnavailable: hub did not answer (timeout or HTTP error),2026-08-06
29_956_DF_DCIS_CV_STRA_11,"Uso dell'italiano in famiglia e con amici, sesso ed età",error,"",0,0,2,HubUnavailable: hub did not answer (timeout or HTTP error),2026-08-06
29_956_DF_DCIS_CV_STRA_12,"Uso dell'italiano in famiglia e con amici, cittadinanza",error,"",0,0,2,HubUnavailable: hub did not answer (timeout or HTTP error),2026-08-06
29_956_DF_DCIS_CV_STRA_13,"Uso dell'italiano in famiglia e con amici, presenza in Italia",ok,hub,6,24,0,"",2026-08-07
29_956_DF_DCIS_CV_STRA_14,"Uso dell'italiano in famiglia e con amici, tipologia familiare",ok,hub,7,23,0,"",2026-08-07
29_956_DF_DCIS_CV_STRA_15,Uso dell'italiano dei cittadini stranieri in coppia,ok,hub,6,14,0,"",2026-08-07
29_956_DF_DCIS_CV_STRA_16,"Uso dell'italiano al lavoro, sesso ed età",ok,hub,7,19,0,"",2026-08-07
29_956_DF_DCIS_CV_STRA_17,Uso dell'italiano al lavoro e cittadinanza,ok,hub,5,22,0,"",2026-08-07
29_956_DF_DCIS_CV_STRA_18,"Eventi discriminatori dichiarati, sesso ed età",ok,hub,7,25,0,"",2026-08-07
29_956_DF_DCIS_CV_STRA_19,Eventi discriminatori dichiarati e cittadinanza,ok,hub,5,20,0,"",2026-08-07
29_956_DF_DCIS_CV_STRA_2,Cittadinanza e presenza in Italia,ok,hub,5,26,0,"",2026-08-07
29_956_DF_DCIS_CV_STRA_20,Eventi discriminatori dichiarati e titolo di studio,ok,hub,7,23,0,"",2026-08-07
29_956_DF_DCIS_CV_STRA_21,Eventi discriminatori dichiarati e tipologia familiare,ok,hub,6,25,0,"",2026-08-07
29_956_DF_DCIS_CV_STRA_22,Eventi discriminatori dichiarati dagli stranieri in coppia,ok,hub,6,14,0,"",2026-08-07
29_956_DF_DCIS_CV_STRA_23,"Soddisfazione per vita e lavoro, sesso ed età",ok,hub,7,20,0,"",2026-08-07
29_956_DF_DCIS_CV_STRA_24,"Soddisfazione per vita e lavoro, cittadinanza",ok,hub,5,20,0,"",2026-08-07
29_956_DF_DCIS_CV_STRA_25,"Grado di soddisfazione, sesso ed età",ok,hub,6,20,0,"",2026-08-07
29_956_DF_DCIS_CV_STRA_26,Grado di soddisfazione e cittadinanza,ok,hub,4,23,0,"",2026-08-07
29_956_DF_DCIS_CV_STRA_27,Grado di soddisfazione e presenza in Italia,ok,hub,5,21,0,"",2026-08-07
29_956_DF_DCIS_CV_STRA_28,"Grado di soddisfazione, titolo di studio e condizione occupazionale",ok,hub,6,25,0,"",2026-08-07
29_956_DF_DCIS_CV_STRA_29,Grado di soddisfazione e tipologia familiare,ok,hub,5,21,0,"",2026-08-07
29_956_DF_DCIS_CV_STRA_3,Sesso e presenza in Italia,ok,hub,6,20,0,"",2026-08-07
29_956_DF_DCIS_CV_STRA_30,Grado di soddisfazione dei cittadini stranieri in coppia,ok,hub,5,15,0,"",2026-08-07
29_956_DF_DCIS_CV_STRA_31,Grado di soddisfazione ed eventi discriminatori dichiarati,ok,hub,5,38,0,"",2026-08-07
29_956_DF_DCIS_CV_STRA_4,Sesso e titolo di studio,ok,hub,6,20,0,"",2026-08-07
29_956_DF_DCIS_CV_STRA_5,"Tipologia familiare, cittadinanza e sesso",ok,hub,6,28,0,"",2026-08-07
29_956_DF_DCIS_CV_STRA_6,Tipologia familiare e presenza in Italia,ok,hub,6,22,0,"",2026-08-07
29_956_DF_DCIS_CV_STRA_7,Famiglie con stranieri,ok,hub,5,21,0,"",2026-08-07
29_956_DF_DCIS_CV_STRA_8,Coppie con stranieri,ok,hub,5,17,0,"",2026-08-07
29_956_DF_DCIS_CV_STRA_9,Età media degli stranieri in coppia,ok,hub,6,15,0,"",2026-08-07
2_505,Sequence of accounts - editions from September 2019 to March 2024,ok,hub,6,140,0,"",2026-08-07
2_505_DF_DCCN_SQCN_B19_1,Sequenza dei conti - edizioni settembre 2019 - marzo 2024,ok,hub,6,140,0,"",2026-08-07
2_506,Prodotto interno lordo e principali componenti - edizioni settembre 2019 - marzo 2024,ok,hub,6,46,0,"",2026-08-07
2_506_DF_DCCN_PILN_B19_1,Prodotto interno lordo e principali componenti - edizioni settembre 2019 - marzo 2024,ok,hub,6,46,0,"",2026-08-07
2_507,Occupazione regolare e irregolare per branca di attività e popolazione - edizioni settembre 2019 - marzo 2024,ok,hub,9,131,0,"",2026-08-07
2_507_DF_DCCN_OCCNSEC2010_B19_1,"Occupati, unità di lavoro, posizioni lavorative e ore lavorate - edizioni settembre 2019 - marzo 2024",error,"",0,0,2,HubUnavailable: hub did not answer (timeout or HTTP error),2026-08-07
2_507_DF_DCCN_OCCNSEC2010_B19_2,Tassi di irregolarità - edizioni settembre 2019 - marzo 2024,ok,hub,7,50,0,"",2026-08-07
2_507_DF_DCCN_OCCNSEC2010_B19_3,Popolazione media annua - edizioni settembre 2019 - marzo 2024,ok,hub,5,16,0,"",2026-08-07
30_1008,Reddito delle persone fisiche (Irpef)  - comuni,ok,hub,4,8504,0,"",2026-08-07
30_1008_DF_MEF_REDDITIIRPEF_COM_1,Contribuenti e principali categorie di reddito,ok,hub,3,11575,0,"",2026-08-07
30_1008_DF_MEF_REDDITIIRPEF_COM_2,Contribuenti e reddito complessivo per classi di importo,ok,hub,4,11589,0,"",2026-08-07
30_264,Fiducia dei consumatori,ok,hub,8,246,0,"",2026-08-07
30_264_DF_DCSC_FIDCONS_1,Climi grezzi (base 2021=100) - Climi grezzi e destagionalizzati (base 2010=100) - livello nazionale e ripartizionale,ok,hub,4,18,0,"",2026-08-07
30_264_DF_DCSC_FIDCONS_10,Climi grezzi e destagionalizzati - livello nazionale e ripartizionale (base 2010=100),ok,hub,4,13,0,"",2026-08-07
30_264_DF_DCSC_FIDCONS_11,Saldi mensili grezzi e destagionalizzati - livello nazionale e ripartizionale,ok,hub,4,20,0,"",2026-08-07
30_264_DF_DCSC_FIDCONS_12,Saldi mensili grezzi per classi di età,ok,hub,5,20,0,"",2026-08-07
30_264_DF_DCSC_FIDCONS_13,Saldi mensili grezzi per sesso,ok,hub,5,18,0,"",2026-08-07
30_264_DF_DCSC_FIDCONS_14,Saldi mensili grezzi per livello di istruzione,ok,hub,5,19,0,"",2026-08-07
30_264_DF_DCSC_FIDCONS_15,Saldi mensili grezzi per condizione professionale,ok,hub,5,22,0,"",2026-08-07
30_264_DF_DCSC_FIDCONS_16,Domande mensili grezze - livello nazionale,ok,hub,4,84,0,"",2026-08-07
30_264_DF_DCSC_FIDCONS_17,Previsioni di spesa - saldi e domande trimestrali grezzi da gennaio 2006 - livello nazionale,ok,hub,4,22,0,"",2026-08-07
30_264_DF_DCSC_FIDCONS_18,Previsioni di spesa - saldi e domande mensili grezzi fino a dicembre 2005 - livello nazionale,ok,hub,4,22,0,"",2026-08-07
30_264_DF_DCSC_FIDCONS_2,Saldi mensili grezzi - livello nazionale e ripartizionale,ok,hub,4,21,0,"",2026-08-07
30_264_DF_DCSC_FIDCONS_3,Saldi mensili grezzi per classi di età,ok,hub,5,21,0,"",2026-08-07
30_264_DF_DCSC_FIDCONS_4,Saldi mensili grezzi per sesso,ok,hub,5,19,0,"",2026-08-07
30_264_DF_DCSC_FIDCONS_5,Saldi mensili grezzi per livello di istruzione,ok,hub,5,20,0,"",2026-08-07
30_264_DF_DCSC_FIDCONS_6,Saldi mensili grezzi per condizione professionale,ok,hub,5,23,0,"",2026-08-07
30_264_DF_DCSC_FIDCONS_7,Domande mensili grezze - livello nazionale,ok,hub,4,89,0,"",2026-08-07
30_264_DF_DCSC_FIDCONS_8,Previsioni di spesa - saldi e domande trimestrali grezzi da gennaio 2006 - livello nazionale,ok,hub,4,22,0,"",2026-08-07
30_264_DF_DCSC_FIDCONS_9,Previsioni di spesa - saldi e domande mensili grezzi da gen 1998 fino a dic 2005 - livello nazionale,ok,hub,4,22,0,"",2026-08-07
31_124,Spesa media mensile familiare,ok,hub,8,156,0,"",2026-08-07
31_124_DF_DCCV_SPEMMFAM_1,Tipo di Spesa,ok,hub,5,105,0,"",2026-08-07
31_124_DF_DCCV_SPEMMFAM_2,Ampiezza della famiglia,ok,hub,6,111,0,"",2026-08-07
31_124_DF_DCCV_SPEMMFAM_3,Tipologia familiare,ok,hub,6,117,0,"",2026-08-07
31_124_DF_DCCV_SPEMMFAM_4,Condizione professionale della persona di riferimento,ok,hub,6,116,0,"",2026-08-07
31_124_DF_DCCV_SPEMMFAM_5,Regioni,ok,hub,5,53,0,"",2026-08-07
31_163,Comportamento di spesa delle famiglia,ok,hub,6,19,0,"",2026-08-07
31_163_DF_DCCV_FAMCOMPORT_1,Cambiamenti nelle abitudini di spesa,ok,hub,6,19,0,"",2026-08-07
31_199,Omogeneità della spesa per consumi regionale,ok,hub,6,60,0,"",2026-08-07
31_199_DF_DCCV_INDCONSUMI_1,Regioni,ok,hub,3,31,0,"",2026-08-07
31_199_DF_DCCV_INDCONSUMI_2,Ampiezza della famiglia,ok,hub,4,10,0,"",2026-08-07
31_199_DF_DCCV_INDCONSUMI_3,Tipologia familiare,ok,hub,4,16,0,"",2026-08-07
31_199_DF_DCCV_INDCONSUMI_4,Condizione professionale della persona di riferimento,ok,hub,4,15,0,"",2026-08-07
31_206,Quinto di spesa della famiglia,ok,hub,8,65,0,"",2026-08-07
31_206_DF_DCCV_SPQUINTO_1,Regioni,ok,hub,5,36,0,"",2026-08-07
31_206_DF_DCCV_SPQUINTO_2,Ampiezza della famiglia,ok,hub,6,15,0,"",2026-08-07
31_206_DF_DCCV_SPQUINTO_3,Tipologia familiare,ok,hub,6,21,0,"",2026-08-07
31_206_DF_DCCV_SPQUINTO_4,Condizione professionale della persona di riferimento,ok,hub,6,20,0,"",2026-08-07
31_213,famiglie che hanno effettuato la spesa per alcune voci di spesa,ok,hub,5,75,0,"",2026-08-07
31_213_DF_DCCV_SPEFFCOMP_1,Famiglie e tipo di consumi,ok,hub,5,75,0,"",2026-08-07
31_214,Dettaglio della spesa effettiva,ok,hub,5,67,0,"",2026-08-07
31_214_DF_DCCV_SPEFFDETT_1,Spesa media mensile e tipologia di acquisti,ok,hub,5,67,0,"",2026-08-07
31_739,Spese per consumi,ok,hub,11,585,0,"",2026-08-07
31_739_DF_DCCV_SPEMEFAM_1,Cambiamenti nelle abitudini di spesa (2018-2021),ok,hub,5,26,0,"",2026-08-07
31_739_DF_DCCV_SPEMEFAM_10,Condizione professionale della persona di riferimento,ok,hub,5,24,0,"",2026-08-07
31_739_DF_DCCV_SPEMEFAM_11,Regioni e tipo di comune,ok,hub,4,38,0,"",2026-08-07
31_739_DF_DCCV_SPEMEFAM_2,Cambiamenti nelle abitudini di spesa (2014-2017),ok,hub,5,26,0,"",2026-08-07
31_739_DF_DCCV_SPEMEFAM_3,Ampiezza della famiglia,error,"",0,0,2,HubUnavailable: hub did not answer (timeout or HTTP error),2026-08-07
31_739_DF_DCCV_SPEMEFAM_4,Tipologia familiare,ok,hub,5,56,0,"",2026-08-07
31_739_DF_DCCV_SPEMEFAM_5,Titolo di studio della persona di riferimento,ok,hub,5,184,0,"",2026-08-07
31_739_DF_DCCV_SPEMEFAM_6,Condizione professionale della persona di riferimento,ok,hub,5,89,0,"",2026-08-07
31_739_DF_DCCV_SPEMEFAM_7,Quantili di spesa,ok,hub,5,195,0,"",2026-08-07
31_739_DF_DCCV_SPEMEFAM_8,Voce di spesa (ECoicop),error,"",0,0,2,HubUnavailable: hub did not answer (timeout or HTTP error),2026-08-07
31_739_DF_DCCV_SPEMEFAM_9,Ampiezza e tipologia familiare,ok,hub,6,29,0,"",2026-08-07
31_740,Spese per consumi - Coicop 2018,ok,hub,11,612,0,"",2026-08-07
31_740_DF_DCCV_SPEMEFAM_COICOP_2018_1,Cambiamenti nelle abitudini di spesa (dal 2018),ok,hub,5,21,0,"",2026-08-07
31_740_DF_DCCV_SPEMEFAM_COICOP_2018_10,Condizione professionale della persona di riferimento,ok,hub,5,24,0,"",2026-08-07
31_740_DF_DCCV_SPEMEFAM_COICOP_2018_11,Regioni e tipo di comune,ok,hub,4,38,0,"",2026-08-07
31_740_DF_DCCV_SPEMEFAM_COICOP_2018_2,Cambiamenti nelle abitudini di spesa (2014-2017),ok,hub,5,21,0,"",2026-08-07
31_740_DF_DCCV_SPEMEFAM_COICOP_2018_3,Ampiezza della famiglia,error,"",0,0,2,HubUnavailable: hub did not answer (timeout or HTTP error),2026-08-07
31_740_DF_DCCV_SPEMEFAM_COICOP_2018_4,Tipologia familiare,error,"",0,0,2,HubUnavailable: hub did not answer (timeout or HTTP error),2026-08-07
31_740_DF_DCCV_SPEMEFAM_COICOP_2018_5,Titolo di studio della persona di riferimento,ok,hub,5,221,0,"",2026-08-07
31_740_DF_DCCV_SPEMEFAM_COICOP_2018_6,Condizione professionale della persona di riferimento,error,"",0,0,2,HubUnavailable: hub did not answer (timeout or HTTP error),2026-08-07
31_740_DF_DCCV_SPEMEFAM_COICOP_2018_7,Quantili di spesa,ok,hub,5,222,0,"",2026-08-07
31_740_DF_DCCV_SPEMEFAM_COICOP_2018_8,Voce di spesa (Coicop 2018),error,"",0,0,2,HubUnavailable: hub did not answer (timeout or HTTP error),2026-08-07
31_740_DF_DCCV_SPEMEFAM_COICOP_2018_9,Ampiezza e tipologia familiare,ok,hub,6,29,0,"",2026-08-07
32_221,Omogeneità del reddito regionale,ok,hub,5,33,0,"",2026-08-07
32_221_DF_DCCV_GINIREDD_1,Omogeneità del reddito regionale,ok,hub,5,33,0,"",2026-08-07
32_223,Famiglie per fonte di reddito,ok,hub,13,90,0,"",2026-08-07
32_223_DF_DCCV_FONTEPRED_1,Ampiezza della famiglia,ok,hub,5,13,0,"",2026-08-07
32_223_DF_DCCV_FONTEPRED_2,Tipologia familiare,ok,hub,5,17,0,"",2026-08-07
32_223_DF_DCCV_FONTEPRED_3,Minori e anziani in famiglia,ok,hub,6,16,0,"",2026-08-07
32_223_DF_DCCV_FONTEPRED_4,Sesso ed età del principale percettore,ok,hub,6,16,0,"",2026-08-07
32_223_DF_DCCV_FONTEPRED_5,Titolo di studio e condizione professionale del principale percettore,ok,hub,6,20,0,"",2026-08-07
32_223_DF_DCCV_FONTEPRED_6,Regioni e tipo di comune,ok,hub,4,42,0,"",2026-08-07
32_292,Reddito netto,ok,hub,14,94,0,"",2026-08-07
32_292_DF_DCCV_REDNETFAMFONTERED_1,Ampiezza della famiglia,ok,hub,6,21,0,"",2026-08-07
32_292_DF_DCCV_REDNETFAMFONTERED_2,Tipologia familiare,ok,hub,6,25,0,"",2026-08-07
32_292_DF_DCCV_REDNETFAMFONTERED_3,Minori in famiglia,ok,hub,6,21,0,"",2026-08-07
32_292_DF_DCCV_REDNETFAMFONTERED_4,Anziani in famiglia,ok,hub,6,50,0,"",2026-08-07
32_292_DF_DCCV_REDNETFAMFONTERED_5,Sesso del principale percettore,ok,hub,6,19,0,"",2026-08-07
32_292_DF_DCCV_REDNETFAMFONTERED_6,Classe di età del principale percettore,ok,hub,6,22,0,"",2026-08-07
32_292_DF_DCCV_REDNETFAMFONTERED_7,Titolo di studio del principale percettore,ok,hub,6,21,0,"",2026-08-07
32_292_DF_DCCV_REDNETFAMFONTERED_8,Condizione professionale del principale percettore,ok,hub,6,24,0,"",2026-08-07
32_292_DF_DCCV_REDNETFAMFONTERED_9,Regioni e tipo di comune,ok,hub,5,46,0,"",2026-08-07
32_38,Quinto di reddito equivalente,ok,hub,14,83,0,"",2026-08-07
32_38_DF_DCCV_QUINTOREDD_1,Ampiezza della famiglia,ok,hub,6,15,0,"",2026-07-20
32_38_DF_DCCV_QUINTOREDD_2,Tipologia familiare,ok,hub,6,19,0,"",2026-07-20
32_38_DF_DCCV_QUINTOREDD_3,Minori e anziani in famiglia,ok,hub,7,18,0,"",2026-07-20
32_38_DF_DCCV_QUINTOREDD_4,Sesso e età del principale percettore,ok,hub,7,18,0,"",2026-07-20
32_38_DF_DCCV_QUINTOREDD_5,Titolo di studio e condizione professionale del principale percettore,ok,hub,7,22,0,"",2026-07-20
32_38_DF_DCCV_QUINTOREDD_6,Regioni,ok,hub,5,35,0,"",2026-07-20
33_179,Affollamento nell'abitazione,ok,hub,14,95,0,"",2026-07-20
33_179_DF_DCCV_ABITAFFOLL_1,Ampiezza della famiglia e tipologia familiare,ok,hub,5,19,0,"",2026-07-20
33_179_DF_DCCV_ABITAFFOLL_2,Minori e anziani in famiglia,ok,hub,5,12,0,"",2026-07-20
33_179_DF_DCCV_ABITAFFOLL_3,Sesso e età del principale percettore,ok,hub,5,12,0,"",2026-07-20
33_179_DF_DCCV_ABITAFFOLL_4,Titolo di studio e condizione professionale del principale percettore,ok,hub,5,16,0,"",2026-07-20
33_179_DF_DCCV_ABITAFFOLL_5,Livello del reddito e abitazione in affitto o di proprietà,ok,hub,5,12,0,"",2026-07-20
33_179_DF_DCCV_ABITAFFOLL_6,Regioni e tipo di comune,ok,hub,3,38,0,"",2026-07-20
33_225,Spesa per l'abitazione,ok,hub,12,89,0,"",2026-08-07
33_225_DF_DCCV_ABITSPESA_1,Abitazione in affitto o di proprietà,ok,hub,4,7,0,"",2026-07-20
33_225_DF_DCCV_ABITSPESA_2,Ampiezza della famiglia e tipologia familiare,ok,hub,5,20,0,"",2026-07-20
33_225_DF_DCCV_ABITSPESA_3,Minori e anziani in famiglia,ok,hub,5,13,0,"",2026-07-20
33_225_DF_DCCV_ABITSPESA_4,Sesso e età del principale percettore,ok,hub,5,13,0,"",2026-07-20
33_225_DF_DCCV_ABITSPESA_5,Titolo di studio e condizione professionale del principale percettore,ok,hub,5,17,0,"",2026-07-20
33_225_DF_DCCV_ABITSPESA_6,Regioni e tipo di comune,ok,hub,3,39,0,"",2026-07-20
33_290,Titolo di godimento dell'abitazione (in affitto o di proprietà),ok,hub,14,94,0,"",2026-08-07
33_290_DF_DCCV_TITGODABIT_1,Ampiezza della famiglia e tipologia familiare,ok,hub,7,22,0,"",2026-07-20
33_290_DF_DCCV_TITGODABIT_2,Minori e anziani in famiglia,ok,hub,7,15,0,"",2026-07-20
33_290_DF_DCCV_TITGODABIT_3,Sesso e età del principale percettore,ok,hub,7,15,0,"",2026-07-20
33_290_DF_DCCV_TITGODABIT_4,Titolo di studio e condizione professionale del principale percettore,ok,hub,7,19,0,"",2026-07-20
33_290_DF_DCCV_TITGODABIT_5,Livello di reddito (Quinto di reddito equivalente),ok,hub,6,12,0,"",2026-07-20
33_290_DF_DCCV_TITGODABIT_6,Regioni e tipo di comune,ok,hub,5,41,0,"",2026-07-20
33_291,"Inquinamento, criminalità e rumore nella zona in cui si vive",ok,hub,14,97,0,"",2026-07-20
33_291_DF_DCCV_PROBLZONRES_2_1,Ampiezza familiare e tipologia familiare,ok,hub,5,21,0,"",2026-07-20
33_291_DF_DCCV_PROBLZONRES_2_2,Numero di minori e numero di anziani in famiglia,ok,hub,5,14,0,"",2026-07-20
33_291_DF_DCCV_PROBLZONRES_2_3,Sesso ed età del principale percettore di reddito,ok,hub,5,14,0,"",2026-07-20
33_291_DF_DCCV_PROBLZONRES_2_4,Titolo di studio e condizione professionale del principale percettore,ok,hub,5,18,0,"",2026-07-20
33_291_DF_DCCV_PROBLZONRES_2_5,Livello del reddito e abitazione in affitto o in proprietà,ok,hub,5,14,0,"",2026-07-20
33_291_DF_DCCV_PROBLZONRES_2_6,Regioni e tipo di comune,ok,hub,4,41,0,"",2026-07-20
33_350,Spesa per l'abitazione delle famiglie con componenti stranieri,ok,hub,14,84,0,"",2026-07-20
33_350_DF_DCCV_ABITSPESA_STRA_1,Spesa per l'abitazione delle famiglie con componenti stranieri,ok,hub,14,84,0,"",2026-07-20
33_4,"Abitazione danneggiata, umida o poco luminosa",ok,hub,14,97,0,"",2026-07-20
33_4_DF_DCCV_ABITPROBL_1,Ampiezza della famiglia e tipologia familiare,ok,hub,6,22,0,"",2026-07-20
33_4_DF_DCCV_ABITPROBL_2,Minori e anziani in famiglia,ok,hub,6,15,0,"",2026-07-20
33_4_DF_DCCV_ABITPROBL_3,Sesso e età del principale percettore,ok,hub,6,15,0,"",2026-07-20
33_4_DF_DCCV_ABITPROBL_4,Titolo di studio e condizione professionale del principale percettore,ok,hub,6,19,0,"",2026-07-20
33_4_DF_DCCV_ABITPROBL_5,Livello del reddito e abitazione in affitto o di proprietà,ok,hub,6,15,0,"",2026-07-20
33_4_DF_DCCV_ABITPROBL_6,Regioni e tipo di comune,ok,hub,4,41,0,"",2026-07-20
34_178,Incidenza di povertà assoluta familiare,ok,hub,11,52,0,"",2026-07-20
34_178_DF_DCCV_INCPOVAFAM_1,Dati per numero di componenti,empty,hub,0,0,0,"",2026-07-20
34_178_DF_DCCV_INCPOVAFAM_2,Dati per tipologia familiare,empty,hub,0,0,0,"",2026-07-20
34_178_DF_DCCV_INCPOVAFAM_3,Dati per famiglia con figli minori,empty,hub,0,0,0,"",2026-07-20
34_178_DF_DCCV_INCPOVAFAM_4,Dati per famiglia con anziani,empty,hub,0,0,0,"",2026-07-20
34_178_DF_DCCV_INCPOVAFAM_5,Dati per età della persona di riferimento,empty,hub,0,0,0,"",2026-07-20
34_178_DF_DCCV_INCPOVAFAM_6,Dati per titolo di studio della persona di riferimento,empty,hub,0,0,0,"",2026-07-20
34_178_DF_DCCV_INCPOVAFAM_7,Dati per occupazione della persona di riferimento,empty,hub,0,0,0,"",2026-07-20
34_198,Incidenza di povertà relativa familiare,ok,hub,11,81,0,"",2026-07-20
34_198_DF_DCCV_INCPOVRFAM_1,Dati nazionali e sub nazionali,empty,hub,0,0,0,"",2026-07-20
34_198_DF_DCCV_INCPOVRFAM_2,Dati per numero di componenti,empty,hub,0,0,0,"",2026-07-20
34_198_DF_DCCV_INCPOVRFAM_3,Dati per tipologia familiare,empty,hub,0,0,0,"",2026-07-20
34_198_DF_DCCV_INCPOVRFAM_4,Dati per famiglia con figli minori,empty,hub,0,0,0,"",2026-07-20
34_198_DF_DCCV_INCPOVRFAM_5,Dati per famiglia con anziani,empty,hub,0,0,0,"",2026-07-20
34_198_DF_DCCV_INCPOVRFAM_6,Dati per età della persona di riferimento,empty,hub,0,0,0,"",2026-07-20
34_198_DF_DCCV_INCPOVRFAM_7,Dati per titolo di studio della persona di riferimento,empty,hub,0,0,0,"",2026-07-20
34_198_DF_DCCV_INCPOVRFAM_8,Dati per occupazione della persona di riferimento,empty,hub,0,0,0,"",2026-07-20
34_201,Indicatori di povertà assoluta,ok,hub,3,11,0,"",2026-07-20
34_201_DF_DCCV_INDPOVASS_1,Indicatori di povertà assoluta,ok,hub,3,11,0,"",2026-07-20
34_202,Indicatori di povertà relativa,ok,hub,3,11,0,"",2026-07-20
34_202_DF_DCCV_INDPOVREL_1,Indicatori di povertà relativa,ok,hub,3,11,0,"",2026-07-20
34_204,Intensità di povertà assoluta familiare,ok,hub,4,8,0,"",2026-07-20
34_204_DF_DCCV_INTPOVAFAM_1,Intensità di povertà assoluta familiare,ok,hub,3,7,0,"",2026-07-20
34_205,Intensità di povertà relativa familiare,ok,hub,4,8,0,"",2026-07-20
34_205_DF_DCCV_INTPOVRFAM_1,Intensità di povertà relativa familiare,ok,hub,3,7,0,"",2026-07-20
34_211,Soglia di povertà assoluta,ok,hub,6,121,0,"",2026-07-20
34_211_DF_DCCV_SOGLIAPOVA_1,Soglia di povertà assoluta,ok,hub,6,49,0,"",2026-07-20
34_211_DF_DCCV_SOGLIAPOVA_2,Soglia di povertà assoluta,ok,hub,6,83,0,"",2026-07-20
34_212,Soglia di povertà relativa,ok,hub,5,11,0,"",2026-07-20
34_212_DF_DCCV_SOGLIAPOVR_1,Soglia di povertà relativa,ok,hub,5,11,0,"",2026-07-20
34_215,Famiglie con pagamenti arretrati,ok,hub,13,68,0,"",2026-07-20
34_215_DF_DCCV_ARRETRATI_1,Ampiezza della famiglia,ok,hub,5,12,0,"",2026-07-20
34_215_DF_DCCV_ARRETRATI_2,Tipologia familiare,ok,hub,5,16,0,"",2026-07-20
34_215_DF_DCCV_ARRETRATI_3,Minori e anziani in famiglia,ok,hub,6,15,0,"",2026-07-20
34_215_DF_DCCV_ARRETRATI_4,Sesso ed età del principale percettore,ok,hub,6,15,0,"",2026-07-20
34_215_DF_DCCV_ARRETRATI_5,Titolo di studio e condizione professionale del principale percettore,ok,hub,6,19,0,"",2026-07-20
34_215_DF_DCCV_ARRETRATI_6,Ripartizioni e tipo di comune,ok,hub,4,20,0,"",2026-07-20
34_216,Famiglie che non riescono  a risparmiare o a far fronte a spese impreviste,ok,hub,12,87,0,"",2026-07-20
34_216_DF_DCCV_IMPREV_1,Ampiezza della famiglia,ok,hub,4,10,0,"",2026-07-20
34_216_DF_DCCV_IMPREV_2,Tipologia familiare,ok,hub,4,14,0,"",2026-07-20
34_216_DF_DCCV_IMPREV_3,Minori e anziani in famiglia,ok,hub,5,13,0,"",2026-07-20
34_216_DF_DCCV_IMPREV_4,Sesso ed età del principale percettore,ok,hub,5,13,0,"",2026-07-20
34_216_DF_DCCV_IMPREV_5,Titolo di studio e condizione professionale del principale percettore,ok,hub,5,17,0,"",2026-07-20
34_216_DF_DCCV_IMPREV_6,"Ripartizioni, regioni e tipo di comune",ok,hub,3,39,0,"",2026-07-20
34_217,Famiglie che considerano un carico pesante alcune spese per l'abitazione o il rimborso di debiti,ok,hub,13,69,0,"",2026-07-20
34_217_DF_DCCV_CARICOPES_1,Ampiezza della famiglia,ok,hub,5,13,0,"",2026-07-20
34_217_DF_DCCV_CARICOPES_2,Tipologia familiare,ok,hub,5,17,0,"",2026-07-20
34_217_DF_DCCV_CARICOPES_3,Minori e anziani in famiglia,ok,hub,6,16,0,"",2026-07-20
34_217_DF_DCCV_CARICOPES_4,Sesso ed età del principale percettore,ok,hub,6,16,0,"",2026-07-20
34_217_DF_DCCV_CARICOPES_5,Titolo di studio e condizione professionale del principale percettore,ok,hub,6,20,0,"",2026-07-20
34_217_DF_DCCV_CARICOPES_6,Ripartizioni e tipo di comune,ok,hub,4,21,0,"",2026-07-20
34_218,Famiglie che non possono permettersi alcuni beni durevoli,ok,hub,13,73,0,"",2026-08-07
34_218_DF_DCCV_DIFFBENDUR_1,Ampiezza della famiglia,ok,hub,5,17,0,"",2026-07-20
34_218_DF_DCCV_DIFFBENDUR_2,Tipologia familiare,ok,hub,5,21,0,"",2026-07-20
34_218_DF_DCCV_DIFFBENDUR_3,Minori e anziani in famiglia,ok,hub,6,20,0,"",2026-07-20
34_218_DF_DCCV_DIFFBENDUR_4,Sesso ed età del principale percettore,ok,hub,6,20,0,"",2026-07-20
34_218_DF_DCCV_DIFFBENDUR_5,Titolo di studio e condizione professionale del principale percettore,ok,hub,6,24,0,"",2026-07-20
34_218_DF_DCCV_DIFFBENDUR_6,Ripartizioni e tipo di comune,ok,hub,4,25,0,"",2026-07-20
34_219,Famiglie che hanno  difficoltà nel pagamento di alcune spese,ok,hub,13,71,0,"",2026-07-20
34_219_DF_DCCV_NOSOLDI_1,Ampiezza della famiglia,ok,hub,5,15,0,"",2026-07-20
34_219_DF_DCCV_NOSOLDI_2,Tipologia familiare,ok,hub,5,19,0,"",2026-07-20
34_219_DF_DCCV_NOSOLDI_3,Minori e anziani in famiglia,ok,hub,6,18,0,"",2026-07-20
34_219_DF_DCCV_NOSOLDI_4,Sesso ed età del principale percettore,ok,hub,6,18,0,"",2026-07-20
34_219_DF_DCCV_NOSOLDI_5,Titolo di studio e condizione professionale del principale percettore,ok,hub,6,22,0,"",2026-07-20
34_219_DF_DCCV_NOSOLDI_6,Ripartizioni e tipo di comune,ok,hub,4,23,0,"",2026-07-20
34_220,Famiglie per reddito minimo per arrivare a fine mese senza difficoltà,ok,hub,13,71,0,"",2026-08-07
34_220_DF_DCCV_REDDFINMES_1,Ampiezza della famiglia,ok,hub,5,15,0,"",2026-07-20
34_220_DF_DCCV_REDDFINMES_2,Tipologia familiare,ok,hub,5,19,0,"",2026-07-20
34_220_DF_DCCV_REDDFINMES_3,Minori e anziani in famiglia,ok,hub,6,18,0,"",2026-07-20
34_220_DF_DCCV_REDDFINMES_4,Sesso ed età del principale percettore,ok,hub,6,18,0,"",2026-07-20
34_220_DF_DCCV_REDDFINMES_5,Titolo di studio e condizione professionale del principale percettore,ok,hub,6,22,0,"",2026-07-20
34_220_DF_DCCV_REDDFINMES_6,Ripartizioni e tipo di comune,ok,hub,4,23,0,"",2026-07-20
34_226,Famiglie per capacità di arrivare a fine mese,ok,hub,13,90,0,"",2026-07-20
34_226_DF_PERCEPIT_1,Ampiezza della famiglia,ok,hub,5,13,0,"",2026-07-20
34_226_DF_PERCEPIT_2,Tipologia familiare,ok,hub,5,17,0,"",2026-07-20
34_226_DF_PERCEPIT_3,Minori e anziani in famiglia,ok,hub,6,16,0,"",2026-07-20
34_226_DF_PERCEPIT_4,Sesso ed età del principale percettore,ok,hub,6,16,0,"",2026-07-20
34_226_DF_PERCEPIT_5,Titolo di studio e condizione professionale del principale percettore,ok,hub,6,20,0,"",2026-07-20
34_226_DF_PERCEPIT_6,"Ripartizioni, regioni e tipo di comune",ok,hub,4,42,0,"",2026-07-20
34_280,Famiglie che non possono permettersi alcune spese,ok,hub,13,68,0,"",2026-08-07
34_280_DF_DCCV_FAMNOVOCISPESA_1,Ampiezza della famiglia,ok,hub,5,12,0,"",2026-08-07
34_280_DF_DCCV_FAMNOVOCISPESA_2,Tipologia familiare,ok,hub,5,16,0,"",2026-07-20
34_280_DF_DCCV_FAMNOVOCISPESA_3,Minori e anziani in famiglia,ok,hub,6,15,0,"",2026-07-20
34_280_DF_DCCV_FAMNOVOCISPESA_4,Sesso ed età del principale percettore,ok,hub,6,15,0,"",2026-07-20
34_280_DF_DCCV_FAMNOVOCISPESA_5,Titolo di studio e condizione professionale del principale percettore,ok,hub,6,19,0,"",2026-07-20
34_280_DF_DCCV_FAMNOVOCISPESA_6,Ripartizioni e tipo di comune,ok,hub,4,20,0,"",2026-07-20
34_727,Povertà nuove serie,ok,hub,11,141,0,"",2026-07-20
34_727_DF_DCCV_POVERTA_1,Principali indicatori,ok,hub,3,25,0,"",2026-07-20
34_727_DF_DCCV_POVERTA_10,Individui poveri - regione di residenza,ok,hub,3,33,0,"",2026-07-20
34_727_DF_DCCV_POVERTA_11,Linee e soglie di povertà relativa,ok,hub,5,18,0,"",2026-07-20
34_727_DF_DCCV_POVERTA_2,Famiglie povere - ampiezza della famiglia,ok,hub,4,14,0,"",2026-08-07
34_727_DF_DCCV_POVERTA_3,Famiglie povere - tipologia familiare,ok,hub,5,45,0,"",2026-07-20
34_727_DF_DCCV_POVERTA_4,Famiglie povere - età della persona di riferimento,ok,hub,4,14,0,"",2026-07-20
34_727_DF_DCCV_POVERTA_5,Famiglie povere - condizione professionale della persona di riferimento,ok,hub,4,21,0,"",2026-07-20
34_727_DF_DCCV_POVERTA_6,Famiglie povere - titolo di studio della persona di riferimento,ok,hub,4,12,0,"",2026-07-20
34_727_DF_DCCV_POVERTA_7,Famiglie povere - tipo comune di residenza,ok,hub,3,20,0,"",2026-07-20
34_727_DF_DCCV_POVERTA_8,Famiglie povere - regione di residenza,ok,hub,3,33,0,"",2026-07-20
34_727_DF_DCCV_POVERTA_9,Individui poveri - sesso ed età,ok,hub,5,13,0,"",2026-07-20
34_728,Povertà serie interrotte - 1997-2021,ok,hub,11,142,0,"",2026-07-20
34_728_DF_DCCV_POVERTA_BRKN1_1,Famiglie povere - caratteristiche socio-demografiche,ok,hub,8,72,0,"",2026-08-07
34_728_DF_DCCV_POVERTA_BRKN1_2,Famiglie povere - regione di residenza,ok,hub,3,34,0,"",2026-08-07
34_728_DF_DCCV_POVERTA_BRKN1_3,Famiglie povere - tipo comune di residenza,ok,hub,3,20,0,"",2026-07-20
34_728_DF_DCCV_POVERTA_BRKN1_4,Individui poveri - regione di residenza,ok,hub,3,34,0,"",2026-08-07
34_728_DF_DCCV_POVERTA_BRKN1_5,Individui poveri - sesso ed età,ok,hub,5,13,0,"",2026-07-20
34_728_DF_DCCV_POVERTA_BRKN1_6,Linee e soglie di povertà relativa,ok,hub,5,18,0,"",2026-08-07
34_728_DF_DCCV_POVERTA_BRKN1_7,Principali indicatori,ok,hub,3,25,0,"",2026-07-20
392_584,Dottorati - caratteristiche socio-demografiche e curriculum,ok,hub,13,61,0,"",2026-07-20
392_584_DF_DCCV_TRANSIZ_DOTT_DEM_1,"Cittadinanza, età",ok,hub,6,17,0,"",2026-08-07
392_584_DF_DCCV_TRANSIZ_DOTT_DEM_2,Stato civile,ok,hub,6,17,0,"",2026-07-20
392_584_DF_DCCV_TRANSIZ_DOTT_DEM_3,"Titolo conseguito nei termini, area disciplinare",ok,hub,7,31,0,"",2026-07-20
392_584_DF_DCCV_TRANSIZ_DOTT_DEM_4,Fonte di finanziamento durante il dottorato,ok,hub,6,14,0,"",2026-07-20
392_584_DF_DCCV_TRANSIZ_DOTT_DEM_5,Titolo di studio del padre e della madre,ok,hub,6,18,0,"",2026-07-20
392_585,Dottorati - retribuzione e orario di lavoro,ok,hub,9,45,0,"",2026-07-20
392_585_DF_DCCV_TRANSIZ_DOTT_REDDITO_1,Retribuzioni per residenza e area disciplinare,ok,hub,6,29,0,"",2026-07-20
392_585_DF_DCCV_TRANSIZ_DOTT_REDDITO_2,Retribuzione e tipo di occupazione,ok,hub,5,19,0,"",2026-08-07
392_585_DF_DCCV_TRANSIZ_DOTT_REDDITO_3,"Dottori, ore settimanali lavorate e tipo di occupazione",ok,hub,6,20,0,"",2026-07-20
392_586,Dottorati - mobilità territoriale,ok,hub,9,40,0,"",2026-07-20
392_586_DF_DCCV_TRANSIZ_DOTT_MOBILITA_1,"Periodi di formazione all'estero, area disciplinare",ok,hub,5,27,0,"",2026-07-20
392_586_DF_DCCV_TRANSIZ_DOTT_MOBILITA_2,"Periodi di formazione all'estero, occupazione, sesso",ok,hub,6,18,0,"",2026-07-20
392_586_DF_DCCV_TRANSIZ_DOTT_MOBILITA_3,Intenzione di lasciare l'Italia,ok,hub,6,30,0,"",2026-07-20
392_586_DF_DCCV_TRANSIZ_DOTT_MOBILITA_4,"Residenti all'estero, occupazione, sesso",ok,hub,5,16,0,"",2026-07-20
392_586_DF_DCCV_TRANSIZ_DOTT_MOBILITA_5,"Residenti all'estero, area disciplinare",ok,hub,4,25,0,"",2026-07-20
392_636,Dottorati - condizione occupazionale,ok,hub,14,89,0,"",2026-07-20
392_636_DF_DCCV_TRANSIZ_DOTT_OCCUPAZ_1,"Condizione occupazionale, sesso, residenza",ok,hub,6,21,0,"",2026-07-20
392_636_DF_DCCV_TRANSIZ_DOTT_OCCUPAZ_2,"Condizione occupazionale, area disciplinare",ok,hub,5,25,0,"",2026-07-20
392_636_DF_DCCV_TRANSIZ_DOTT_OCCUPAZ_3,"Settore di impiego, tipo di occupazione",ok,hub,7,20,0,"",2026-07-20
392_636_DF_DCCV_TRANSIZ_DOTT_OCCUPAZ_4,Attività economica,ok,hub,6,26,0,"",2026-07-20
392_636_DF_DCCV_TRANSIZ_DOTT_OCCUPAZ_5,Professione,ok,hub,7,17,0,"",2026-07-20
392_636_DF_DCCV_TRANSIZ_DOTT_OCCUPAZ_6,Coerenza tra l'attività lavorativa e il dottorato,ok,hub,6,12,0,"",2026-07-20
392_636_DF_DCCV_TRANSIZ_DOTT_OCCUPAZ_7,Attività di ricerca e sviluppo,ok,hub,7,16,0,"",2026-07-20
392_708,Dottorati - ricerca di lavoro e soddisfazione,ok,hub,12,60,0,"",2026-07-20
392_708_DF_DCCV_TRANSIZ_DOTT_SODDIS_1,Ricerca di lavoro e occupazione attuale,ok,hub,6,22,0,"",2026-07-20
392_708_DF_DCCV_TRANSIZ_DOTT_SODDIS_2,Tipo di occupazione e orario desiderati,ok,hub,6,20,0,"",2026-07-20
392_708_DF_DCCV_TRANSIZ_DOTT_SODDIS_3,Luogo di lavoro desiderato e preferenza per lavoro di ricerca,ok,hub,6,19,0,"",2026-07-20
392_708_DF_DCCV_TRANSIZ_DOTT_SODDIS_4,Soddisfazione (da 0 a 10) per il lavoro e il dottorato,ok,hub,4,23,0,"",2026-07-20
395_344,Sequenza dei conti trimestrali per settore istituzionale - Conti versione 2011,ok,hub,9,137,0,"",2026-08-07
396_61,Reddito disponibile delle famiglie nelle regioni italiane - edizione ottobre 2010,ok,hub,7,124,0,"",2026-08-07
39_1,Indicatori di mortalità per causa per titolo di studio,empty,hub,0,0,0,"",2026-07-20
39_1005,Suicidi - popolazione di 15 anni e oltre,ok,hub,12,103,0,"",2026-07-20
39_1005_DF_DCIS_SUICIDI_1,Suicidi - popolazione di 15 anni e oltre - Principali dati,ok,hub,5,42,0,"",2026-07-20
39_1005_DF_DCIS_SUICIDI_2,Sesso ed età,ok,hub,6,22,0,"",2026-07-20
39_1005_DF_DCIS_SUICIDI_3,Malattie associate,ok,hub,8,30,0,"",2026-08-07
39_1005_DF_DCIS_SUICIDI_4,Modalità del suicidio,ok,hub,7,30,0,"",2026-07-20
39_1005_DF_DCIS_SUICIDI_5,Modalità del suicidio e malattie associate,ok,hub,7,23,0,"",2026-07-20
39_1005_DF_DCIS_SUICIDI_6,Istruzione,ok,hub,8,30,0,"",2026-07-20
39_1005_DF_DCIS_SUICIDI_7,Stato civile,ok,hub,8,30,0,"",2026-08-07
39_1005_DF_DCIS_SUICIDI_8,Mese del decesso,ok,hub,7,57,0,"",2026-07-20
39_1005_DF_DCIS_SUICIDI_9,Cittadinanza,ok,hub,5,21,0,"",2026-07-20
39_1_DF_DCIS_IND_MORT_EDU_1,Indicatori di mortalità per causa e titolo di studio,ok,hub,7,69,0,"",2026-07-20
39_493,Mortalità per territorio di evento,error,"",0,0,2,HubUnavailable: hub did not answer (timeout or HTTP error),2026-08-07
39_493_DF_DCIS_CMORTE1_EV_1,Causa - prov.,ok,hub,6,237,0,"",2026-08-07
39_493_DF_DCIS_CMORTE1_EV_2,Causa ed età,ok,hub,7,127,0,"",2026-07-20
39_493_DF_DCIS_CMORTE1_EV_3,Causa e paese di cittadinanza,error,"",0,0,2,HubUnavailable: hub did not answer (timeout or HTTP error),2026-08-07
39_493_DF_DCIS_CMORTE1_EV_4,Età e paese di cittadinanza,error,"",0,0,2,HubUnavailable: hub did not answer (timeout or HTTP error),2026-08-07
39_493_DF_DCIS_CMORTE1_EV_5,"Istruzione, stato civile e mese di decesso",ok,hub,9,11631,0,"",2026-07-20
39_493_DF_DCIS_CMORTE1_EV_6,Anno di nascita,error,"",0,0,2,HubUnavailable: hub did not answer (timeout or HTTP error),2026-08-07
39_494,Mortalità per territorio di residenza,empty,hub,0,0,0,"",2026-07-20
39_494_DF_DCIS_CMORTE1_RES_1,Causa - prov.,ok,hub,6,242,0,"",2026-08-07
39_494_DF_DCIS_CMORTE1_RES_2,Causa ed età,ok,hub,7,263,0,"",2026-08-07
39_494_DF_DCIS_CMORTE1_RES_3,Causa e paese di cittadinanza,ok,hub,6,300,0,"",2026-08-07
39_494_DF_DCIS_CMORTE1_RES_4,Età e paese di cittadinanza,error,"",0,0,2,HubUnavailable: hub did not answer (timeout or HTTP error),2026-08-07
39_494_DF_DCIS_CMORTE1_RES_5,"Istruzione, stato civile e mese di decesso",ok,hub,9,11631,0,"",2026-08-07
39_494_DF_DCIS_CMORTE1_RES_6,Anno di nascita,ok,hub,8,11744,0,"",2026-08-07
39_494_DF_DCIS_CMORTE1_RES_7,Anno di matrimonio ed età del coniuge,ok,hub,9,11728,0,"",2026-08-07
39_494_DF_DCIS_CMORTE1_RES_8,Quozienti di mortalità - prov.,ok,hub,6,291,0,"",2026-08-07
39_57,Cause multiple di morte,error,"",0,0,2,HubUnavailable: hub did not answer (timeout or HTTP error),2026-08-07
39_57_DF_DCIS_CMORTEM_1,Rapporto tra causa iniziale e causa multipla di morte,ok,hub,5,55,0,"",2026-08-07
39_57_DF_DCIS_CMORTEM_2,Numero di patologie per causa iniziale di morte,ok,hub,6,61,0,"",2026-08-07
39_57_DF_DCIS_CMORTEM_3,Numero di menzioni per causa multipla di morte,ok,hub,6,71,0,"",2026-08-07
39_57_DF_DCIS_CMORTEM_4,Mortalità infantile - rapporto tra causa iniziale e causa multipla,ok,hub,5,73,0,"",2026-08-07
39_57_DF_DCIS_CMORTEM_5,Mortalità infantile - numero di menzioni per causa multipla di morte,ok,hub,6,76,0,"",2026-08-07
39_700,Mortalità infantile per territorio di evento,error,"",0,0,2,HubUnavailable: hub did not answer (timeout or HTTP error),2026-08-07
39_700_DF_DCIS_CMORTEINF2_EV_1,Causa ed età,error,"",0,0,2,HubUnavailable: hub did not answer (timeout or HTTP error),2026-08-07
39_700_DF_DCIS_CMORTEINF2_EV_2,Causa e cittadinanza della madre,ok,hub,6,185,0,"",2026-08-07
39_700_DF_DCIS_CMORTEINF2_EV_3,"Età, istruzione ed età della madre, filiazione e mese di decesso - prov.",error,"",0,0,2,HubUnavailable: hub did not answer (timeout or HTTP error),2026-08-07
39_700_DF_DCIS_CMORTEINF2_EV_4,Cittadinanza della madre - prov.,ok,hub,5,288,0,"",2026-08-07
39_701,Mortalità infantile per territorio di residenza,error,"",0,0,2,HubUnavailable: hub did not answer (timeout or HTTP error),2026-08-07
39_701_DF_DCIS_CMORTEINF2_RES_1,Causa,ok,hub,6,43,0,"",2026-08-07
39_701_DF_DCIS_CMORTEINF2_RES_2,"Età, istruzione ed età della madre, filiazione e mese di decesso - prov.",error,"",0,0,2,HubUnavailable: hub did not answer (timeout or HTTP error),2026-08-07
39_701_DF_DCIS_CMORTEINF2_RES_3,Cittadinanza della madre - prov.,ok,hub,5,291,0,"",2026-08-07
39_701_DF_DCIS_CMORTEINF2_RES_4,Quozienti di mortalità infantile - prov.,ok,hub,5,150,0,"",2026-08-07
3_156,Conto economico delle risorse e degli impieghi e contributi alla crescita del Pil - edizioni ottobre 2019 - settembre 2024,ok,hub,6,80,0,"",2026-08-07
3_156_DF_DCCN_SQCQ_B19_1,Conto economico delle risorse e degli impieghi - edizioni ottobre 2019 - settembre 2024,ok,hub,6,71,0,"",2026-08-07
3_156_DF_DCCN_SQCQ_B19_2,Contributi alla crescita del PIL - edizioni ottobre 2019 - settembre 2024,ok,hub,6,69,0,"",2026-08-07
3_156_DF_DCCN_SQCQ_B19_3,Prodotto interno lordo e variazioni (stima preliminare) - edizioni ottobre 2019 - settembre 2024,ok,hub,6,29,0,"",2026-08-07
3_48_DF_DCCN_VAAGSIPET_B19_1,Produzione e valore aggiunto ai prezzi base - edizioni maggio 2020 - giugno 2024,ok,hub,7,49,0,"",2026-08-07
3_48_DF_DCCN_VAAGSIPET_B19_2,Prodotti e voci di costo - edizioni maggio 2020 - giugno 2024,error,"",0,0,2,HubUnavailable: hub did not answer (timeout or HTTP error),2026-08-07
41_269_1,Incidenti stradali con lesioni alle persone (Lazio),error,"",0,0,2,HubUnavailable: hub did not answer (timeout or HTTP error),2026-08-07
41_269_DF_DCIS_INCIDENTISTR1_1,Incidenti stradali con lesioni alle persone,ok,hub,10,11633,0,"",2026-08-07
41_270_DF_DCIS_MORTIFERITISTR1_1,Morti e feriti in incidenti stradali,ok,hub,11,234,0,"",2026-08-07
41_270_DF_DCIS_MORTIFERITISTR1_1_1,dataflow eliminato,ok,hub,11,234,0,"",2026-08-07
41_270_DF_DCIS_MORTIFERITISTR1_TS1_1,"Morti e feriti in incidenti stradali - Anni 2001, 2002, 2003",ok,hub,11,234,0,"",2026-08-07
41_270_DF_DCIS_MORTIFERITISTR1_TS2_1,"Morti e feriti in incidenti stradali - Anni 2004, 2005, 2006",ok,hub,11,234,0,"",2026-08-07
41_270_DF_DCIS_MORTIFERITISTR1_TS3_1,"Morti e feriti in incidenti stradali - Anni 2007, 2008, 2009",ok,hub,11,234,0,"",2026-08-07
41_271,Veicoli coinvolti in incidenti stradali,error,"",0,0,2,HubUnavailable: hub did not answer (timeout or HTTP error),2026-08-07
41_271_DF_DCIS_VEICOLIINCID1_1,Veicoli coinvolti in incidenti stradali,error,"",0,0,2,HubUnavailable: hub did not answer (timeout or HTTP error),2026-08-07
41_287,Indicatori di incidentalità stradale,ok,hub,4,146,0,"",2026-08-07
41_287_DF_DCIS_INDINCIDENT_1,Indice di mortalità,ok,hub,4,145,0,"",2026-08-07
41_287_DF_DCIS_INDINCIDENT_2,Indice di lesività,ok,hub,4,145,0,"",2026-08-07
41_288,Veicoli - Pubblico registro automobilistico,ok,hub,4,153,0,"",2026-08-07
41_288_DF_DCIS_VEICOLIPRA_1,Veicoli - Pubblico registro automobilistico,ok,hub,4,153,0,"",2026-08-07
41_983,"Incidenti, morti e feriti - comuni",error,"",0,0,2,HubUnavailable: hub did not answer (timeout or HTTP error),2026-08-07
41_983_DF_DCIS_INCIDMORFER_COM_1,"Incidenti, morti e feriti - comuni",ok,hub,4,8722,0,"",2026-08-07
41_993,Veicoli - Pubblico registro automobilistico - comuni,error,"",0,0,2,HubUnavailable: hub did not answer (timeout or HTTP error),2026-08-07
41_993_DCIS_VEICOLIPRA_COM_1,Veicoli - Pubblico registro automobilistico - comuni,ok,hub,4,8654,0,"",2026-08-07
42_1108,Interruzioni volontarie della gravidanza caratteristiche dell'evento,error,"",0,0,2,HubUnavailable: hub did not answer (timeout or HTTP error),2026-08-07
42_1108_DF_DCIS_IVG_CARATTEV1_1,"Tipo di intervento, terapia antalgica e settimane di amenorrea",ok,hub,7,28,0,"",2026-08-07
42_1108_DF_DCIS_IVG_CARATTEV1_10,Luogo di aborto - prov.,ok,hub,4,152,0,"",2026-08-07
42_1108_DF_DCIS_IVG_CARATTEV1_11,Tipo di complicazione - prov.,ok,hub,4,153,0,"",2026-08-07
42_1108_DF_DCIS_IVG_CARATTEV1_12,Presenza di malformazioni fetali - prov.,ok,hub,5,150,0,"",2026-08-07
42_1108_DF_DCIS_IVG_CARATTEV1_2,"Tipo di intervento, terapia antalgica ed età gestazionale",ok,hub,6,26,0,"",2026-08-07
42_1108_DF_DCIS_IVG_CARATTEV1_3,Tipo di intervento - prov.,ok,hub,5,156,0,"",2026-08-07
42_1108_DF_DCIS_IVG_CARATTEV1_4,Terapia antalgica - prov.,ok,hub,5,154,0,"",2026-08-08
42_1108_DF_DCIS_IVG_CARATTEV1_5,Settimane di amenorrea - prov.,ok,hub,5,152,0,"",2026-08-08
42_1108_DF_DCIS_IVG_CARATTEV1_6,Età gestazionale - prov.,ok,hub,4,149,0,"",2026-08-08
42_1108_DF_DCIS_IVG_CARATTEV1_7,Istituzione che ha rilasciato la certificazione - prov.,error,"",0,0,2,HubUnavailable: hub did not answer (timeout or HTTP error),2026-08-08
42_1108_DF_DCIS_IVG_CARATTEV1_8,Giorni di attesa tra certificazione e intervento - prov.,ok,hub,4,151,0,"",2026-08-08
42_1108_DF_DCIS_IVG_CARATTEV1_9,Livello di urgenza - prov.,ok,hub,4,149,0,"",2026-08-08
42_210,Interruzioni volontarie della gravidanza - Migrazione,ok,hub,5,294,0,"",2026-08-08
42_210_DF_DCIS_IVG_MIGRAZIONE_1,Indicatori di emigrazione,ok,hub,5,148,0,"",2026-08-08
42_210_DF_DCIS_IVG_MIGRAZIONE_2,Indicatori di immigrazione,ok,hub,5,282,0,"",2026-08-08
42_210_DF_DCIS_IVG_MIGRAZIONE_3,Eventi per regione di residenza della donna e regione di intervento,ok,hub,5,66,0,"",2026-08-08
42_320,Aborti spontanei - dimissioni rispetto al luogo di nascita della donna,ok,hub,4,157,0,"",2026-08-08
42_320_DF_DCIS_ABORTISPONTN_1,Aborti spontanei - dimissioni rispetto al luogo di nascita della donna,ok,hub,4,157,0,"",2026-08-08
42_324,Aborti spontanei - dimissioni rispetto al luogo di residenza della donna,error,"",0,0,2,HubUnavailable: hub did not answer (timeout or HTTP error),2026-08-08
42_324_DF_DCIS_ABORTISPONTR_1,Età e settimane di amenorrea,ok,hub,10,28,0,"",2026-08-08
42_324_DF_DCIS_ABORTISPONTR_10,Stato civile - prov.,ok,hub,10,158,0,"",2026-08-08
42_324_DF_DCIS_ABORTISPONTR_11,Titolo di studio - prov.,ok,hub,10,159,0,"",2026-08-08
42_324_DF_DCIS_ABORTISPONTR_12,Condizione professionale - prov.,ok,hub,10,162,0,"",2026-08-08
42_324_DF_DCIS_ABORTISPONTR_13,Storia riproduttiva della donna e numerosità dell'evento - prov.,error,"",0,0,2,HubUnavailable: hub did not answer (timeout or HTTP error),2026-08-08
42_324_DF_DCIS_ABORTISPONTR_14,Utilizzo di tecniche di procreazione medicalmente assistita - prov.,ok,hub,10,157,0,"",2026-08-08
42_324_DF_DCIS_ABORTISPONTR_15,Metodo di procreazione medicalmente assistita - prov.,error,"",0,0,2,HubUnavailable: hub did not answer (timeout or HTTP error),2026-08-08
42_324_DF_DCIS_ABORTISPONTR_16,Numero medio settimane di amenorrea - prov.,ok,hub,11,154,0,"",2026-08-08
42_324_DF_DCIS_ABORTISPONTR_17,Età media della donna - prov.,ok,hub,10,153,0,"",2026-08-08
42_324_DF_DCIS_ABORTISPONTR_2,"Età, stato civile e titolo di studio",ok,hub,10,30,0,"",2026-08-08
42_324_DF_DCIS_ABORTISPONTR_3,Età e condizione professionale,ok,hub,10,29,0,"",2026-08-08
42_324_DF_DCIS_ABORTISPONTR_4,"Età, storia riproduttiva della donna e numerosità dell'evento",ok,hub,6,25,0,"",2026-08-08
42_324_DF_DCIS_ABORTISPONTR_5,Numero medio di settimane di amenorrea,ok,hub,10,20,0,"",2026-08-08
42_324_DF_DCIS_ABORTISPONTR_6,Tassi e rapporti,ok,hub,10,47,0,"",2026-08-08
42_324_DF_DCIS_ABORTISPONTR_7,"Tassi e rapporti standardizzati, tasso di abortività spontanea totale",ok,hub,10,41,0,"",2026-08-08
42_324_DF_DCIS_ABORTISPONTR_8,Età - prov.,error,"",0,0,2,HubUnavailable: hub did not answer (timeout or HTTP error),2026-08-08
42_324_DF_DCIS_ABORTISPONTR_9,Settimane di amenorrea - prov.,ok,hub,10,161,0,"",2026-08-08
42_325,Aborti spontanei - dimissioni rispetto al luogo dell'evento,error,"",0,0,2,HubUnavailable: hub did not answer (timeout or HTTP error),2026-08-08
42_325_DF_DCIS_ABORTISPONTL_1,Età e paese di cittadinanza della donna,ok,hub,10,46,0,"",2026-08-08
42_325_DF_DCIS_ABORTISPONTL_10,Paese di cittadinanza della donna - prov.,error,"",0,0,2,HubUnavailable: hub did not answer (timeout or HTTP error),2026-08-08
42_325_DF_DCIS_ABORTISPONTL_11,Tipo di intervento - prov.,ok,hub,10,158,0,"",2026-08-08
42_325_DF_DCIS_ABORTISPONTL_12,Terapia antalgica - prov.,error,"",0,0,2,HubUnavailable: hub did not answer (timeout or HTTP error),2026-08-08
42_325_DF_DCIS_ABORTISPONTL_13,Tipo di complicazione - prov.,error,"",0,0,2,HubUnavailable: hub did not answer (timeout or HTTP error),2026-08-08
42_325_DF_DCIS_ABORTISPONTL_14,Utilizzo di tecniche di procreazione medicalmente assistita - prov.,error,"",0,0,2,HubUnavailable: hub did not answer (timeout or HTTP error),2026-08-08
42_325_DF_DCIS_ABORTISPONTL_15,Metodo di procreazione medicalmente assistita - prov.,ok,hub,10,159,0,"",2026-08-08
42_325_DF_DCIS_ABORTISPONTL_16,Luogo di aborto - prov.,error,"",0,0,2,HubUnavailable: hub did not answer (timeout or HTTP error),2026-08-08
42_325_DF_DCIS_ABORTISPONTL_2,Età della donna e settimana di amenorrea,ok,hub,10,29,0,"",2026-08-08
42_325_DF_DCIS_ABORTISPONTL_3,Età della donna e utilizzo di tecniche di procreazione medicalmente assistita,ok,hub,10,25,0,"",2026-08-08
42_325_DF_DCIS_ABORTISPONTL_4,Età della donna e metodo di procreazione medicalmente assistita,ok,hub,11,30,0,"",2026-08-08
42_325_DF_DCIS_ABORTISPONTL_5,"Tipo di intervento, di complicazione e settimana di amenorrea",ok,hub,10,29,0,"",2026-08-08
42_325_DF_DCIS_ABORTISPONTL_6,Degenza media per tipo intervento e settimane di amenorrea,ok,hub,10,23,0,"",2026-08-08
42_325_DF_DCIS_ABORTISPONTL_7,Regione di residenza della donna,ok,hub,11,71,0,"",2026-08-08
42_325_DF_DCIS_ABORTISPONTL_8,Degenza media e tipo di complicazione,ok,hub,10,16,0,"",2026-08-08
42_325_DF_DCIS_ABORTISPONTL_9,Età della donna - prov.,error,"",0,0,2,HubUnavailable: hub did not answer (timeout or HTTP error),2026-08-08
42_70,Interruzioni volontarie della gravidanza - caratteristiche della donna,error,"",0,0,2,HubUnavailable: hub did not answer (timeout or HTTP error),2026-08-08
42_70_DF_DCIS_IVG_CARATTDON_1,"Età, stato civile e storia riproduttiva",error,"",0,0,2,HubUnavailable: hub did not answer (timeout or HTTP error),2026-08-08
42_70_DF_DCIS_IVG_CARATTDON_10,Età - prov. di nascita,ok,hub,11,166,0,"",2026-08-08
42_70_DF_DCIS_IVG_CARATTDON_11,Età - prov. di residenza,error,"",0,0,2,HubUnavailable: hub did not answer (timeout or HTTP error),2026-08-08
42_70_DF_DCIS_IVG_CARATTDON_12,Minorenni per assenso - prov. di residenza,ok,hub,11,160,0,"",2026-08-08
42_70_DF_DCIS_IVG_CARATTDON_13,Età delle donne con cittadinanza straniera - prov. di residenza,error,"",0,0,2,HubUnavailable: hub did not answer (timeout or HTTP error),2026-08-08
42_70_DF_DCIS_IVG_CARATTDON_14,Paese di cittadinanza - prov. di residenza,error,"",0,0,2,HubUnavailable: hub did not answer (timeout or HTTP error),2026-08-08
42_70_DF_DCIS_IVG_CARATTDON_15,Stato civile - prov. di residenza,error,"",0,0,2,HubUnavailable: hub did not answer (timeout or HTTP error),2026-08-08
42_70_DF_DCIS_IVG_CARATTDON_16,Titolo di studio - prov. di residenza,error,"",0,0,2,HubUnavailable: hub did not answer (timeout or HTTP error),2026-08-08
42_70_DF_DCIS_IVG_CARATTDON_17,Condizione professionale - prov. di residenza,error,"",0,0,2,HubUnavailable: hub did not answer (timeout or HTTP error),2026-08-08
42_70_DF_DCIS_IVG_CARATTDON_18,Storia riproduttiva - prov. di residenza,ok,hub,6,158,0,"",2026-08-08
42_70_DF_DCIS_IVG_CARATTDON_2,Dettaglio età e storia riproduttiva,error,"",0,0,2,HubUnavailable: hub did not answer (timeout or HTTP error),2026-08-08
42_70_DF_DCIS_IVG_CARATTDON_3,"Età, stato civile e titolo di studio",ok,hub,10,31,0,"",2026-08-08
42_70_DF_DCIS_IVG_CARATTDON_4,"Età, stato civile e condizione proessionale",error,"",0,0,2,HubUnavailable: hub did not answer (timeout or HTTP error),2026-08-08
42_70_DF_DCIS_IVG_CARATTDON_5,Tasso di abortività volontaria (per 1000 donne) totale e stadardizzato,ok,hub,10,44,0,"",2026-08-08
42_70_DF_DCIS_IVG_CARATTDON_6,Tasso di abortività volontaria per età e stato civile (per 1000 donne),ok,hub,7,46,0,"",2026-08-08
42_70_DF_DCIS_IVG_CARATTDON_7,Tasso di abortività volontaria delle donne minorenni (per 1000 donne),ok,hub,10,40,0,"",2026-08-08
42_70_DF_DCIS_IVG_CARATTDON_8,Età media all'interruzione volontaria di gravidanza - prov. di residenza,ok,hub,10,154,0,"",2026-08-08
42_70_DF_DCIS_IVG_CARATTDON_9,Età - prov. di evento,error,"",0,0,2,HubUnavailable: hub did not answer (timeout or HTTP error),2026-08-08
43_236,Strutture sanitarie per l'assistenza di base - serie interrotte,ok,hub,3,49,0,"",2026-08-08
43_236_DF_DCIS_ASSBASE_1,Strutture sanitarie per l'assistenza di base - serie interrotte,ok,hub,3,49,0,"",2026-08-08
43_237,Strutture sanitarie distrettuali - serie interrotte,ok,hub,5,48,0,"",2026-08-08
43_237_DF_DCIS_STRSANDISTR_1,Tipologia delle strutture sanitarie distrettuali,ok,hub,5,36,0,"",2026-08-08
43_237_DF_DCIS_STRSANDISTR_2,Attività delle strutture sanitarie distrettuali,ok,hub,5,43,0,"",2026-08-08
43_283,Dimissioni ospedaliere per disturbi psichici rispetto al luogo di residenza,error,"",0,0,2,HubUnavailable: hub did not answer (timeout or HTTP error),2026-08-08
43_283_DF_DCIS_OSPDISTPSICHRES_1,Sesso ed età,ok,hub,6,45,0,"",2026-08-08
43_283_DF_DCIS_OSPDISTPSICHRES_2,Sesso e stato civile,ok,hub,6,157,0,"",2026-08-08
43_283_DF_DCIS_OSPDISTPSICHRES_3,Aggregati clinici,error,"",0,0,2,HubUnavailable: hub did not answer (timeout or HTTP error),2026-08-08
43_283_DF_DCIS_OSPDISTPSICHRES_4,Dimissioni per ricoveri in day hospital,error,"",0,0,2,HubUnavailable: hub did not answer (timeout or HTTP error),2026-08-08
43_283_DF_DCIS_OSPDISTPSICHRES_5,Degenza media in ricovero ordinario,ok,hub,7,162,0,"",2026-08-08
43_283_DF_DCIS_OSPDISTPSICHRES_6,Pazienti ricoverati in luogo diverso da quello di residenza - reg.,ok,hub,4,34,0,"",2026-08-08
43_283_DF_DCIS_OSPDISTPSICHRES_7,Pazienti ricoverati in luogo diverso da quello di residenza - prov.,ok,hub,4,144,0,"",2026-08-08
43_284,Dimissioni per disturbi psichici rispetto al luogo di dimissione,ok,hub,10,232,0,"",2026-08-08
43_284_DF_DCIS_OSPDISTPSICHRIC_1,Istituti di cura,ok,hub,5,153,0,"",2026-08-08
43_284_DF_DCIS_OSPDISTPSICHRIC_2,Dimissioni per tipo di istituto,ok,hub,7,160,0,"",2026-08-08
43_284_DF_DCIS_OSPDISTPSICHRIC_3,Dimissioni per regime e tipo di ricovero,ok,hub,6,151,0,"",2026-08-08
43_284_DF_DCIS_OSPDISTPSICHRIC_4,Dimissioni per aggregato clinico,ok,hub,7,39,0,"",2026-08-08
43_284_DF_DCIS_OSPDISTPSICHRIC_5,Dimissioni per tipo di reparto,error,"",0,0,2,HubUnavailable: hub did not answer (timeout or HTTP error),2026-08-08
43_284_DF_DCIS_OSPDISTPSICHRIC_6,Dimissioni di pazienti in trattamento sanitaro obbligatorio (TSO),ok,hub,6,155,0,"",2026-08-08
43_284_DF_DCIS_OSPDISTPSICHRIC_7,Pazienti ricoverati in luogo diverso da quello di residenza - reg.,ok,hub,5,63,0,"",2026-08-08
43_284_DF_DCIS_OSPDISTPSICHRIC_8,Pazienti ricoverati in luogo diverso da quello di residenza - prov.,ok,hub,4,142,0,"",2026-08-08
43_339,Dimissioni per acuti e per cittadinanza del paziente,error,"",0,0,2,HubUnavailable: hub did not answer (timeout or HTTP error),2026-08-08
43_339_DF_DCIS_OSPSTRA_1,"Sesso, età e cittadinanza del paziente",error,"",0,0,2,HubUnavailable: hub did not answer (timeout or HTTP error),2026-08-08
43_339_DF_DCIS_OSPSTRA_2,Diagnosi principale,error,"",0,0,2,HubUnavailable: hub did not answer (timeout or HTTP error),2026-08-08
43_339_DF_DCIS_OSPSTRA_3,Provincia di dimissione,error,"",0,0,2,HubUnavailable: hub did not answer (timeout or HTTP error),2026-08-08
43_495,Istituti di cura - serie interrotte,error,"",0,0,2,HubUnavailable: hub did not answer (timeout or HTTP error),2026-08-08
43_495_DF_DCIS_OSPEDSSN_1,Struttura e attività degli istituti di cura del SSN,ok,hub,7,161,0,"",2026-08-08
43_495_DF_DCIS_OSPEDSSN_2,Struttura e attività degli istituti di cura del SSN per area di specializzazione,ok,hub,7,154,0,"",2026-08-08
43_495_DF_DCIS_OSPEDSSN_3,Apparecchiature biomedicali negli istituti di cura del SSN,ok,hub,7,176,0,"",2026-08-08
43_495_DF_DCIS_OSPEDSSN_4,Personale degli istituti di cura del SSN,ok,hub,7,156,0,"",2026-08-08
43_967,Istituti di cura,ok,hub,5,51,0,"",2026-08-08
43_967_DF_DCIS_OSPED_1,Istituti pubblici e privati e loro attività,ok,hub,5,43,0,"",2026-08-08
43_967_DF_DCIS_OSPED_2,Posti letto e attività per specializzazione clinica,ok,hub,5,47,0,"",2026-08-08
43_973,Personale sanitario,ok,hub,4,59,0,"",2026-08-08
43_973_DF_DCIS_PERS_SANIT_1,Personale sanitario,ok,hub,4,59,0,"",2026-08-08
43_98,Visite mediche ed accertamenti diagnostici,ok,hub,7,59,0,"",2026-08-08
43_98_DF_DCIS_RSERVSAN_1,Visite mediche,ok,hub,7,23,0,"",2026-08-08
43_98_DF_DCIS_RSERVSAN_2,Visite mediche - valori standardizzati e regionali,ok,hub,7,43,0,"",2026-08-08
43_98_DF_DCIS_RSERVSAN_3,Accertamenti diagnostici,ok,hub,7,22,0,"",2026-08-08
43_98_DF_DCIS_RSERVSAN_4,Accertamenti diagnostici - valori standardizzati e regionali,ok,hub,7,42,0,"",2026-08-08
43_994,Istituti di cura  - comuni,ok,hub,5,809,0,"",2026-08-08
43_994_DF_DCIS_OSPED_COM_1,Istituti pubblici e privati,ok,hub,4,803,0,"",2026-08-08
43_994_DF_DCIS_OSPED_COM_2,Posti letto per specializzazione clinica,ok,hub,4,804,0,"",2026-08-08
46_812,Pensionati,error,"",0,0,2,HubUnavailable: hub did not answer (timeout or HTTP error),2026-08-08
46_812_DF_DCAR_PENSIONATI2_1,Principali dati,ok,hub,7,55,0,"",2026-08-08
46_812_DF_DCAR_PENSIONATI2_2,Importo mensile - prov.,error,"",0,0,2,HubUnavailable: hub did not answer (timeout or HTTP error),2026-08-08
46_812_DF_DCAR_PENSIONATI2_3,Età - prov.,error,"",0,0,2,HubUnavailable: hub did not answer (timeout or HTTP error),2026-08-08
46_812_DF_DCAR_PENSIONATI2_4,Indicatori - reg.,ok,hub,5,45,0,"",2026-08-08
46_813,Pensioni,error,"",0,0,2,HubUnavailable: hub did not answer (timeout or HTTP error),2026-08-08
46_813_DF_DCAR_PENSIONI2_1,Principali dati,error,"",0,0,2,HubUnavailable: hub did not answer (timeout or HTTP error),2026-08-08
46_813_DF_DCAR_PENSIONI2_2,Importo mensile - prov.,empty,hub,0,0,0,"",2026-08-08
46_813_DF_DCAR_PENSIONI2_3,Età del beneficiario - prov.,empty,hub,0,0,0,"",2026-08-08
46_813_DF_DCAR_PENSIONI2_4,"Ivs e indennitarie - importo, settore e ex professione - prov.",error,"",0,0,2,HubUnavailable: hub did not answer (timeout or HTTP error),2026-08-08
46_813_DF_DCAR_PENSIONI2_5,"Ivs e indennitarie - età, settore e ex professione - prov.",error,"",0,0,2,HubUnavailable: hub did not answer (timeout or HTTP error),2026-08-08
46_813_DF_DCAR_PENSIONI2_6,Indicatori - reg.,error,"",0,0,2,HubUnavailable: hub did not answer (timeout or HTTP error),2026-08-08
47_1219,Interventi e servizi sociali di regioni e province,error,"",0,0,2,HubUnavailable: hub did not answer (timeout or HTTP error),2026-08-08
47_1219_DF_DCIS_SPESESERSOC1_RP_1,Utenti e spesa - reg.,error,"",0,0,2,HubUnavailable: hub did not answer (timeout or HTTP error),2026-08-08
47_1219_DF_DCIS_SPESESERSOC1_RP_2,Spesa per ente gestore - reg.,ok,hub,6,49,0,"",2026-08-08
47_850,Servizi  socio-educativi per la prima infanzia,error,"",0,0,2,HubUnavailable: hub did not answer (timeout or HTTP error),2026-08-08
47_850_DF_DCIS_SERVSOCEDU1_1,Indicatori - prov.,error,"",0,0,2,HubUnavailable: hub did not answer (timeout or HTTP error),2026-08-08
47_850_DF_DCIS_SERVSOCEDU1_2,Servizi offerti dai comuni - reg.,ok,hub,5,49,0,"",2026-08-08
47_850_DF_DCIS_SERVSOCEDU1_3,Servizi offerti dai comuni - prov. e com.,ok,hub,5,12489,0,"",2026-08-08
47_850_DF_DCIS_SERVSOCEDU1_4,Servizi offerti dai comuni - ambiti territoriali sociali (Ats),error,"",0,0,2,HubUnavailable: hub did not answer (timeout or HTTP error),2026-08-08
47_850_DF_DCIS_SERVSOCEDU1_5,Servizi sul territorio - reg.,error,"",0,0,2,HubUnavailable: hub did not answer (timeout or HTTP error),2026-08-08
47_850_DF_DCIS_SERVSOCEDU1_6,Servizi sul territorio - prov. e com.,ok,hub,6,12490,0,"",2026-08-08
47_850_DF_DCIS_SERVSOCEDU1_7,Servizi sul territorio - ambiti territoriali sociali (Ats),error,"",0,0,2,HubUnavailable: hub did not answer (timeout or HTTP error),2026-08-08
47_940,Interventi e servizi sociali dei comuni,error,"",0,0,2,HubUnavailable: hub did not answer (timeout or HTTP error),2026-08-08
47_940_DF_DCIS_SPESESERSOC1_1,Indicatori - prov.,ok,hub,5,153,0,"",2026-07-22
47_940_DF_DCIS_SPESESERSOC1_2,Spesa per ente gestore - reg.,ok,hub,6,54,0,"",2026-08-08
47_940_DF_DCIS_SPESESERSOC1_3,Utenti e spesa - reg.,ok,hub,5,126,0,"",2026-08-08
47_940_DF_DCIS_SPESESERSOC1_4,Utenti e spesa - prov. e com.,ok,hub,5,12609,0,"",2026-07-22
47_940_DF_DCIS_SPESESERSOC1_5,Utenti e spesa - Ambiti territoriali sociali (Ats),ok,hub,5,12611,0,"",2026-07-22
498_1104,Persone a rischio povertà o esclusione sociale,ok,hub,15,87,0,"",2026-08-08
498_1104_DF_DCCV_RISKPOV_1,Ampiezza della famiglia,ok,hub,6,18,0,"",2026-07-22
498_1104_DF_DCCV_RISKPOV_10,Tipologia familiare,ok,hub,5,19,0,"",2026-07-22
498_1104_DF_DCCV_RISKPOV_11,Fonte principale di reddito della famiglia,ok,hub,5,14,0,"",2026-07-22
498_1104_DF_DCCV_RISKPOV_12,Minori e anziani in famiglia,ok,hub,6,18,0,"",2026-07-22
498_1104_DF_DCCV_RISKPOV_13,Sesso ed età del principale percettore,ok,hub,6,18,0,"",2026-07-22
498_1104_DF_DCCV_RISKPOV_14,Titolo di studio e condizione professionale del principale percettore,ok,hub,6,22,0,"",2026-07-22
498_1104_DF_DCCV_RISKPOV_15,Cittadinanza del principale percettore,ok,hub,5,13,0,"",2026-07-22
498_1104_DF_DCCV_RISKPOV_16,Ripartizioni e tipo di comune,ok,hub,4,23,0,"",2026-07-22
498_1104_DF_DCCV_RISKPOV_2,Tipologia familiare,ok,hub,5,19,0,"",2026-07-22
498_1104_DF_DCCV_RISKPOV_3,Fonte principale di reddito della famiglia,ok,hub,5,14,0,"",2026-07-22
498_1104_DF_DCCV_RISKPOV_4,Minori e anziani in famiglia,ok,hub,6,18,0,"",2026-07-22
498_1104_DF_DCCV_RISKPOV_5,Sesso ed età del principale percettore,ok,hub,6,18,0,"",2026-07-22
498_1104_DF_DCCV_RISKPOV_6,Titolo di studio e condizione professionale del principale percettore,ok,hub,6,22,0,"",2026-07-22
498_1104_DF_DCCV_RISKPOV_7,Cittadinanza del principale percettore,ok,hub,5,13,0,"",2026-07-22
498_1104_DF_DCCV_RISKPOV_8,Ripartizioni e tipo di comune,ok,hub,4,23,0,"",2026-07-22
498_1104_DF_DCCV_RISKPOV_9,Ampiezza della famiglia,ok,hub,5,15,0,"",2026-07-22
49_23,Presidi residenziali socio-assistenziali (serie interrotte),ok,hub,4,46,0,"",2026-07-22
49_23_DF_DCIS_POSTILETTOPRESIDI_1,Presidi residenziali socio-assistenziali (serie interrotte),ok,hub,4,46,0,"",2026-07-22
49_37,Presidi residenziali socio-assistenziali e socio-sanitari,ok,hub,11,119,0,"",2026-07-22
49_37_DF_DCIS_PRESIDI1_1,Strutture - reg.,ok,hub,4,35,0,"",2026-07-22
49_37_DF_DCIS_PRESIDI1_10,Posti letto per tipo di gestore - reg.,ok,hub,4,51,0,"",2026-07-22
49_37_DF_DCIS_PRESIDI1_11,Personale - reg.,ok,hub,4,56,0,"",2026-07-22
49_37_DF_DCIS_PRESIDI1_2,Posti letto per tipo di utenza e tipo di residenzialità,ok,hub,5,19,0,"",2026-07-22
49_37_DF_DCIS_PRESIDI1_3,Posti letto per tipo di utenza e funzione di protezione sociale,ok,hub,5,23,0,"",2026-07-22
49_37_DF_DCIS_PRESIDI1_4,Posti letto per tipo di utenza e livello di assistenza sanitaria,ok,hub,5,21,0,"",2026-07-22
49_37_DF_DCIS_PRESIDI1_5,Posti letto per tipo di utenza - reg.,ok,hub,4,42,0,"",2026-07-22
49_37_DF_DCIS_PRESIDI1_6,Posti letto per tipo di residenzialità - reg.,ok,hub,4,35,0,"",2026-07-22
49_37_DF_DCIS_PRESIDI1_7,Posti letto per funzione di protezione sociale - reg.,ok,hub,4,39,0,"",2026-07-22
49_37_DF_DCIS_PRESIDI1_8,Posti letto per livello di assistenza sanitaria - reg.,ok,hub,4,37,0,"",2026-07-22
49_37_DF_DCIS_PRESIDI1_9,Posti letto per natura giuridica del titolare e finanziamenti pubblici - reg.,ok,hub,5,41,0,"",2026-07-22
49_62,Ospiti dei presidi residenziali socio-assistenziali e socio-sanitari,ok,hub,13,130,0,"",2026-08-08
49_62_DF_DCIS_OSPITIPRESIDI1_1,Ospiti dei presidi residenziali socio-assistenziali e socio-sanitari - Principali dati,ok,hub,4,34,0,"",2026-07-22
49_62_DF_DCIS_OSPITIPRESIDI1_10,Minori dimessi per tipo di destinazione - rip.,ok,hub,4,20,0,"",2026-07-22
49_62_DF_DCIS_OSPITIPRESIDI1_11,Adulti per età - reg.,ok,hub,4,35,0,"",2026-07-22
49_62_DF_DCIS_OSPITIPRESIDI1_12,Adulti per genere e tipo di disagio - reg.,ok,hub,4,38,0,"",2026-07-22
49_62_DF_DCIS_OSPITIPRESIDI1_13,Adulti per carattere di residenzialità - reg.,ok,hub,4,35,0,"",2026-07-22
49_62_DF_DCIS_OSPITIPRESIDI1_14,Adulti per funzione della protezione sociale - reg.,ok,hub,4,39,0,"",2026-07-22
49_62_DF_DCIS_OSPITIPRESIDI1_15,Adulti per livello di assistenza sanitaria - reg.,ok,hub,4,37,0,"",2026-07-22
49_62_DF_DCIS_OSPITIPRESIDI1_16,Anziani per età e tipo di disagio - reg.,ok,hub,5,40,0,"",2026-08-08
49_62_DF_DCIS_OSPITIPRESIDI1_17,Anziani per tipo di residenzialità - reg.,ok,hub,5,39,0,"",2026-07-22
49_62_DF_DCIS_OSPITIPRESIDI1_18,Anziani per genere e funzione della protezione sociale - reg.,ok,hub,6,45,0,"",2026-08-08
49_62_DF_DCIS_OSPITIPRESIDI1_19,Anziani per genere e livello di assistenza sanitaria - reg.,ok,hub,6,44,0,"",2026-08-08
49_62_DF_DCIS_OSPITIPRESIDI1_2,Minori per età - rip.,ok,hub,4,15,0,"",2026-07-22
49_62_DF_DCIS_OSPITIPRESIDI1_20,Stranieri per genere - reg.,ok,hub,4,34,0,"",2026-07-22
49_62_DF_DCIS_OSPITIPRESIDI1_21,Stranieri minori per genere - reg.,ok,hub,4,34,0,"",2026-07-22
49_62_DF_DCIS_OSPITIPRESIDI1_22,Stranieri minori per tipo di disagio - rip.,ok,hub,5,39,0,"",2026-07-22
49_62_DF_DCIS_OSPITIPRESIDI1_23,Stranieri minori per motivo ingresso - rip.,ok,hub,5,19,0,"",2026-07-22
49_62_DF_DCIS_OSPITIPRESIDI1_24,Stranieri adulti per genere e tipo di disagio - reg.,ok,hub,5,41,0,"",2026-07-22
49_62_DF_DCIS_OSPITIPRESIDI1_25,Stranieri anziani per genere e tipo di disagio - reg.,ok,hub,5,38,0,"",2026-08-08
49_62_DF_DCIS_OSPITIPRESIDI1_26,Minori per provenienza - rip.,error,"",0,0,2,HubUnavailable: hub did not answer (timeout or HTTP error),2026-08-08
49_62_DF_DCIS_OSPITIPRESIDI1_27,Stranieri minori per provenienza - rip.,ok,hub,5,19,0,"",2026-07-22
49_62_DF_DCIS_OSPITIPRESIDI1_3,Minori per genere - reg.,ok,hub,4,34,0,"",2026-07-22
49_62_DF_DCIS_OSPITIPRESIDI1_4,Minori per tipo di disagio - rip.,ok,hub,5,17,0,"",2026-07-22
49_62_DF_DCIS_OSPITIPRESIDI1_5,Minori per tipo di residenzialità - rip.,ok,hub,4,13,0,"",2026-07-22
49_62_DF_DCIS_OSPITIPRESIDI1_6,Minori per funzione della protezione sociale - rip.,ok,hub,4,16,0,"",2026-07-22
49_62_DF_DCIS_OSPITIPRESIDI1_7,Minori per livello di assistenza sanitaria - rip.,ok,hub,4,15,0,"",2026-08-08
49_62_DF_DCIS_OSPITIPRESIDI1_8,Minori per motivo di ingresso - rip.,ok,hub,5,19,0,"",2026-07-22
49_62_DF_DCIS_OSPITIPRESIDI1_9,Minori per condizione di adottabilità - rip.,ok,hub,4,14,0,"",2026-08-08
4_1063,Sequenza dei conti per settore istituzionale e stock di attività non finanziarie - edizioni ottobre 2019 - aprile 2024,ok,hub,10,312,0,"",2026-08-08
4_1063_DF_DCCN_ISTITUZ_ANA1_B19_1,Sequenza dei conti - edizioni ottobre 2019 - aprile 2024,error,"",0,0,2,HubUnavailable: hub did not answer (timeout or HTTP error),2026-08-08
4_1063_DF_DCCN_ISTITUZ_ANA1_B19_2,Indicatori su famiglie consumatrici e società non finanziarie - edizioni ottobre 2019 - aprile 2024,ok,hub,8,25,0,"",2026-07-22
4_1063_DF_DCCN_ISTITUZ_ANA1_B19_3,Valore aggiunto e redditi da lavoro dipendente per branca di attività economica - edizioni ottobre 2019 - aprile 2024,ok,hub,9,83,0,"",2026-07-22
4_1063_DF_DCCN_ISTITUZ_ANA1_B19_4,Investimenti fissi lordi per tipo di investimento - edizioni ottobre 2019 - aprile 2024,ok,hub,8,35,0,"",2026-08-08
4_1063_DF_DCCN_ISTITUZ_ANA1_B19_5,Stock di attività non finanziarie  - edizioni luglio 2021 - gennaio 2024,ok,hub,9,251,0,"",2026-08-08
4_805,Occupazione per branca di attività - edizioni ottobre 2019 - aprile 2024,error,"",0,0,2,HubUnavailable: hub did not answer (timeout or HTTP error),2026-08-08
4_805_DF_DCCN_OCCSISEC2010_B19_1,Occupazione per branca di attività - edizioni ottobre 2019 - aprile 2024,ok,hub,8,45,0,"",2026-08-08
4_805_DF_DCCN_OCCSISEC2010_B19_2,Occupazione per sottosettore -  edizioni ottobre 2019 - aprile 2024,error,"",0,0,2,HubUnavailable: hub did not answer (timeout or HTTP error),2026-08-08
52_1044,Scuole,ok,hub,9,192,0,"",2026-08-08
52_1044_DF_DCIS_SCUOLE_1,Scuole - Principali dati,ok,hub,5,11,0,"",2026-08-08
52_1044_DF_DCIS_SCUOLE_10,Secondaria I grado - indicatori scolastici,ok,hub,5,149,0,"",2026-08-08
52_1044_DF_DCIS_SCUOLE_11,"Secondaria II grado - scuole, classi e studenti",ok,hub,8,157,0,"",2026-08-08
52_1044_DF_DCIS_SCUOLE_12,Secondaria II grado - insegnanti delle scuole statali,ok,hub,5,29,0,"",2026-07-22
52_1044_DF_DCIS_SCUOLE_13,Secondaria II grado - indicatori scolastici,ok,hub,6,150,0,"",2026-08-08
52_1044_DF_DCIS_SCUOLE_14,Secondaria II grado - diplomati,ok,hub,6,159,0,"",2026-07-22
52_1044_DF_DCIS_SCUOLE_15,Secondaria II grado - ripetenti per anno di corso,ok,hub,8,153,0,"",2026-07-22
52_1044_DF_DCIS_SCUOLE_2,"Infanzia - scuole, classi, bambini",error,"",0,0,2,HubUnavailable: hub did not answer (timeout or HTTP error),2026-08-08
52_1044_DF_DCIS_SCUOLE_3,Infanzia - insegnanti delle scuole statali,ok,hub,5,29,0,"",2026-07-22
52_1044_DF_DCIS_SCUOLE_4,Infanzia - indicatori scolastici,error,"",0,0,2,HubUnavailable: hub did not answer (timeout or HTTP error),2026-08-08
52_1044_DF_DCIS_SCUOLE_5,"Primaria - scuole, classi e alunni",ok,hub,7,153,0,"",2026-08-08
52_1044_DF_DCIS_SCUOLE_6,Primaria - insegnanti delle scuole statali,ok,hub,5,29,0,"",2026-08-08
52_1044_DF_DCIS_SCUOLE_7,Primaria - indicatori scolastici,ok,hub,5,146,0,"",2026-07-22
52_1044_DF_DCIS_SCUOLE_8,"Secondaria I grado - scuole, classi e alunni",error,"",0,0,2,HubUnavailable: hub did not answer (timeout or HTTP error),2026-08-08
52_1044_DF_DCIS_SCUOLE_9,Secondaria I grado - insegnanti delle scuole statali,ok,hub,5,29,0,"",2026-07-22
52_1194,Popolazione 15 anni e oltre per titolo di studio - regolamento precedente (fino al 2020),error,"",0,0,2,HubUnavailable: hub did not answer (timeout or HTTP error),2026-08-08
52_1194_DF_DCCV_POPTIT1_UNT2020_1,Popolazione per titolo di studio e età,ok,hub,6,36,0,"",2026-07-22
52_1194_DF_DCCV_POPTIT1_UNT2020_2,Popolazione per titolo di studio e regioni,ok,hub,6,41,0,"",2026-07-22
52_1194_DF_DCCV_POPTIT1_UNT2020_3,Popolazione per titolo di studio - italiani e stranieri,ok,hub,7,27,0,"",2026-08-08
52_1203,Giovani dai 18 ai 24 anni d'età che abbandonano prematuramente gli studi - regolamento precedente (fino al 2020),ok,hub,6,48,0,"",2026-07-22
52_1203_DF_DCCV_ESL_UNT2020_1,Giovani dai 18 ai 24 anni d'età che abbandonano prematuramente gli studi - regolamento precedente (fino al 2020) - Principali dati,ok,hub,5,41,0,"",2026-07-22
52_1203_DF_DCCV_ESL_UNT2020_2,Condizione professionale,ok,hub,6,17,0,"",2026-08-08
52_1203_DF_DCCV_ESL_UNT2020_3,Valori assoluti,ok,hub,5,15,0,"",2026-07-22
532_1195,Popolazione per condizione professionale - regolamento precedente (fino al 2020),ok,hub,10,101,0,"",2026-08-08
532_1195_DF_DCCV_POPCOND1_UNT2020_1,Classi di età quinquennali,error,"",0,0,2,HubUnavailable: hub did not answer (timeout or HTTP error),2026-08-08
532_1195_DF_DCCV_POPCOND1_UNT2020_10,Serie ricostruite dal IV 1992 - dati regionali,ok,hub,6,48,0,"",2026-08-08
532_1195_DF_DCCV_POPCOND1_UNT2020_11,Classi di età quinquennali,error,"",0,0,2,HubUnavailable: hub did not answer (timeout or HTTP error),2026-08-08
532_1195_DF_DCCV_POPCOND1_UNT2020_12,Tutte le età,ok,hub,6,54,0,"",2026-08-08
532_1195_DF_DCCV_POPCOND1_UNT2020_13,Cittadinanza,error,"",0,0,2,HubUnavailable: hub did not answer (timeout or HTTP error),2026-08-08
532_1195_DF_DCCV_POPCOND1_UNT2020_14,Ruolo in famiglia,ok,hub,7,40,0,"",2026-08-08
532_1195_DF_DCCV_POPCOND1_UNT2020_15,"Cittadinanza, ruolo in famiglia",error,"",0,0,2,HubUnavailable: hub did not answer (timeout or HTTP error),2026-08-08
532_1195_DF_DCCV_POPCOND1_UNT2020_16,Status di studente,ok,hub,7,33,0,"",2026-08-08
532_1195_DF_DCCV_POPCOND1_UNT2020_17,Dati regionali,error,"",0,0,2,HubUnavailable: hub did not answer (timeout or HTTP error),2026-08-08
532_1195_DF_DCCV_POPCOND1_UNT2020_18,Serie ricostruite dal I 1977 - età,ok,hub,6,48,0,"",2026-08-08
532_1195_DF_DCCV_POPCOND1_UNT2020_19,Serie ricostruite dal IV 1992 - dettaglio età,error,"",0,0,2,HubUnavailable: hub did not answer (timeout or HTTP error),2026-08-08
532_1195_DF_DCCV_POPCOND1_UNT2020_2,Tutte le età,ok,hub,6,54,0,"",2026-08-08
532_1195_DF_DCCV_POPCOND1_UNT2020_20,Serie ricostruite dal IV 1992 - dati regionali,error,"",0,0,2,HubUnavailable: hub did not answer (timeout or HTTP error),2026-08-08
532_1195_DF_DCCV_POPCOND1_UNT2020_3,Cittadinanza,ok,hub,7,35,0,"",2026-08-08
532_1195_DF_DCCV_POPCOND1_UNT2020_4,Ruolo in famiglia,error,"",0,0,2,HubUnavailable: hub did not answer (timeout or HTTP error),2026-08-08
532_1195_DF_DCCV_POPCOND1_UNT2020_5,"Cittadinanza, ruolo in famiglia",ok,hub,8,28,0,"",2026-08-08
532_1195_DF_DCCV_POPCOND1_UNT2020_6,Status di studente,error,"",0,0,2,HubUnavailable: hub did not answer (timeout or HTTP error),2026-08-08
532_1195_DF_DCCV_POPCOND1_UNT2020_7,Dati regionali,ok,hub,6,48,0,"",2026-08-08
532_1195_DF_DCCV_POPCOND1_UNT2020_8,Serie ricostruite dal I 1977 - età,error,"",0,0,2,HubUnavailable: hub did not answer (timeout or HTTP error),2026-08-08
532_1195_DF_DCCV_POPCOND1_UNT2020_9,Serie ricostruite dal IV 1992 - dettaglio età,ok,hub,6,53,0,"",2026-08-08
532_930,Popolazione  per condizione professionale,error,"",0,0,2,HubUnavailable: hub did not answer (timeout or HTTP error),2026-08-08
532_930_DF_DCCV_POPCOND1_1,Classe di età,ok,hub,6,58,0,"",2026-08-08
532_930_DF_DCCV_POPCOND1_2,Cittadinanza,error,"",0,0,2,HubUnavailable: hub did not answer (timeout or HTTP error),2026-08-08
532_930_DF_DCCV_POPCOND1_3,Status di studente,ok,hub,7,34,0,"",2026-07-22
532_930_DF_DCCV_POPCOND1_4,Dati regionali,error,"",0,0,2,HubUnavailable: hub did not answer (timeout or HTTP error),2026-08-08
532_930_DF_DCCV_POPCOND1_5,Serie ricostruite dal I 2004 - età,ok,hub,6,53,0,"",2026-08-08
533_957,Retribuzioni orarie  dei dipendenti del settore privato,error,"",0,0,2,HubUnavailable: hub did not answer (timeout or HTTP error),2026-08-08
533_957_DF_DCSC_RACLI_1,Classe di età,ok,hub,10,49,0,"",2026-07-22
533_957_DF_DCSC_RACLI_10,Paese di nascita - prov,ok,hub,5,150,0,"",2026-07-22
533_957_DF_DCSC_RACLI_11,Titolo di studio - prov,error,"",0,0,2,HubUnavailable: hub did not answer (timeout or HTTP error),2026-08-08
533_957_DF_DCSC_RACLI_12,Tipo di contratto - prov,ok,hub,6,150,0,"",2026-07-22
533_957_DF_DCSC_RACLI_13,Regime orario - prov,error,"",0,0,2,HubUnavailable: hub did not answer (timeout or HTTP error),2026-08-08
533_957_DF_DCSC_RACLI_14,Classe di dipendenti - prov,ok,hub,6,152,0,"",2026-07-22
533_957_DF_DCSC_RACLI_15,Qualifica contrattuale- prov,error,"",0,0,2,HubUnavailable: hub did not answer (timeout or HTTP error),2026-08-08
533_957_DF_DCSC_RACLI_16,Giorni retribuiti - prov,ok,hub,6,150,0,"",2026-07-22
533_957_DF_DCSC_RACLI_17,Sesso - 2 digit,error,"",0,0,2,HubUnavailable: hub did not answer (timeout or HTTP error),2026-08-08
533_957_DF_DCSC_RACLI_18,Classe di eta- 2 digit,ok,hub,7,115,0,"",2026-08-08
533_957_DF_DCSC_RACLI_19,Paese di nascita- 2 digit,error,"",0,0,2,HubUnavailable: hub did not answer (timeout or HTTP error),2026-08-08
533_957_DF_DCSC_RACLI_2,Retribuzione oraria per paese di nascita,ok,hub,9,48,0,"",2026-07-22
533_957_DF_DCSC_RACLI_20,Titolo di studio - 2 digit,ok,hub,7,115,0,"",2026-08-08
533_957_DF_DCSC_RACLI_21,Tipo di contratto- 2 digit,error,"",0,0,2,HubUnavailable: hub did not answer (timeout or HTTP error),2026-08-08
533_957_DF_DCSC_RACLI_22,Regime orario- 2 digit,ok,hub,7,114,0,"",2026-07-22
533_957_DF_DCSC_RACLI_23,Classe di dipendenti - 2 digit,error,"",0,0,1,HubUnavailable: hub did not answer (timeout or HTTP error),2026-07-22
533_957_DF_DCSC_RACLI_24,Qualifica contrattuale - 2 digit,ok,hub,7,115,0,"",2026-07-22
533_957_DF_DCSC_RACLI_25,Giorni retribuiti - 2 digit,error,"",0,0,1,HubUnavailable: hub did not answer (timeout or HTTP error),2026-07-22
533_957_DF_DCSC_RACLI_3,Titolo di studio,error,"",0,0,1,HubUnavailable: hub did not answer (timeout or HTTP error),2026-07-22
533_957_DF_DCSC_RACLI_4,Tipo di contratto,error,"",0,0,1,HubUnavailable: hub did not answer (timeout or HTTP error),2026-07-22
533_957_DF_DCSC_RACLI_5,Retribuzione oraria per regime orario,ok,hub,10,48,0,"",2026-07-22
533_957_DF_DCSC_RACLI_6,Retribuzione oraria per classe di dipendenti,error,"",0,0,1,HubUnavailable: hub did not answer (timeout or HTTP error),2026-07-22
533_957_DF_DCSC_RACLI_7,Retribuzione oraria per giorni retribuiti,error,"",0,0,1,HubUnavailable: hub did not answer (timeout or HTTP error),2026-07-22
533_957_DF_DCSC_RACLI_8,Sesso - prov,ok,hub,6,150,0,"",2026-07-22
533_957_DF_DCSC_RACLI_9,Classe di età - prov,ok,hub,6,151,0,"",2026-07-22
534_1037,Ore lavorate - Imprese con dipendenti,error,"",0,0,1,HubUnavailable: hub did not answer (timeout or HTTP error),2026-07-22
534_1037_DF_DCSC_ORE10_2_1,Monte ore lavorate (base 2015),ok,hub,6,32,0,"",2026-07-22
534_1037_DF_DCSC_ORE10_2_2,Ore lavorate per dipendente (base 2015),ok,hub,6,32,0,"",2026-07-22
534_1037_DF_DCSC_ORE10_2_3,Ore di straordinario e di Cig,error,"",0,0,1,HubUnavailable: hub did not answer (timeout or HTTP error),2026-07-22
534_1037_DF_DCSC_ORE10_2_4,Monte ore lavorate (base 2010) - 10 e più dipendenti,ok,hub,6,31,0,"",2026-07-22
534_1037_DF_DCSC_ORE10_2_5,Ore lavorate per dipendente (base 2010) - 10 e più dipendenti,ok,hub,6,31,0,"",2026-07-22
534_1037_DF_DCSC_ORE10_2_6,Ore lavorate per dipendente (base 2005) - 10 e più dipendenti,error,"",0,0,1,HubUnavailable: hub did not answer (timeout or HTTP error),2026-07-22
534_1037_DF_DCSC_ORE10_2_7,Monte ore lavorate (base 2021),ok,hub,6,32,0,"",2026-07-22
534_1037_DF_DCSC_ORE10_2_8,Ore lavorate per dipendente (base 2021),ok,hub,6,32,0,"",2026-07-22
534_1038,Posti vacanti - Imprese con dipendenti,error,"",0,0,1,HubUnavailable: hub did not answer (timeout or HTTP error),2026-07-22
534_1038_DF_DCSC_POSTIVAC_2_1,Posti vacanti - Imprese con dipendenti,ok,hub,6,32,0,"",2026-07-22
534_49,Ore lavorate - Imprese con almeno 500 dipendenti,error,"",0,0,1,HubUnavailable: hub did not answer (timeout or HTTP error),2026-07-22
534_49_DF_DCSC_GI_ORE_1,Ore lavorate per dipendente (base 2015),error,"",0,0,1,HubUnavailable: hub did not answer (timeout or HTTP error),2026-07-22
534_49_DF_DCSC_GI_ORE_10,Ore di sciopero (base 2010),ok,hub,6,8,0,"",2026-07-22
534_49_DF_DCSC_GI_ORE_11,Ore lavorate per dipendente (base 2005),ok,hub,6,163,0,"",2026-07-22
534_49_DF_DCSC_GI_ORE_12,Ore di straordinario e Cig (base 2005),error,"",0,0,1,HubUnavailable: hub did not answer (timeout or HTTP error),2026-07-22
534_49_DF_DCSC_GI_ORE_13,Ore di sciopero (base 2005),error,"",0,0,1,HubUnavailable: hub did not answer (timeout or HTTP error),2026-07-22
534_49_DF_DCSC_GI_ORE_14,Ore lavorate per dipendente (base 2021),error,"",0,0,1,HubUnavailable: hub did not answer (timeout or HTTP error),2026-07-22
534_49_DF_DCSC_GI_ORE_15,Ore di straordinario e Cig (base 2021),error,"",0,0,1,HubUnavailable: hub did not answer (timeout or HTTP error),2026-07-22
534_49_DF_DCSC_GI_ORE_16,Ore di sciopero (base 2021),error,"",0,0,1,HubUnavailable: hub did not answer (timeout or HTTP error),2026-07-22
534_49_DF_DCSC_GI_ORE_2,Ore di straordinario e Cig (base 2015),ok,hub,6,42,0,"",2026-07-22
534_49_DF_DCSC_GI_ORE_3,Ore di sciopero (base 2015),error,"",0,0,1,HubUnavailable: hub did not answer (timeout or HTTP error),2026-07-22
534_49_DF_DCSC_GI_ORE_4,Ore lavorate per dipendente - Ateco 3 cifre (base 2015),ok,hub,6,199,0,"",2026-07-22
534_49_DF_DCSC_GI_ORE_5,Ore di straordinario e Cig - Ateco 3 cifre (base 2015),error,"",0,0,1,HubUnavailable: hub did not answer (timeout or HTTP error),2026-07-22
534_49_DF_DCSC_GI_ORE_6,Ore lavorate per dipendente (base 2010),ok,hub,6,43,0,"",2026-07-22
534_49_DF_DCSC_GI_ORE_7,Ore lavorate per dipendente - Ateco 3 cifre (base 2010),ok,hub,6,174,0,"",2026-07-22
534_49_DF_DCSC_GI_ORE_8,Ore di straordinario e Cig (base 2010),error,"",0,0,1,HubUnavailable: hub did not answer (timeout or HTTP error),2026-07-22
534_49_DF_DCSC_GI_ORE_9,Ore di straordinario e Cig - Ateco 3 cifre (base 2010),ok,hub,6,173,0,"",2026-07-22
534_50,Posizioni lavorative - Imprese con almeno 500 dipendenti,error,"",0,0,1,HubUnavailable: hub did not answer (timeout or HTTP error),2026-07-22
534_50_DF_DCSC_GI_OCC_1,Dipendenti (base 2015),error,"",0,0,1,HubUnavailable: hub did not answer (timeout or HTTP error),2026-07-22
534_50_DF_DCSC_GI_OCC_10,Quota part time - Ateco 2 cifre (base 2010),ok,hub,6,91,0,"",2026-07-22
534_50_DF_DCSC_GI_OCC_11,Tassi di ingresso e di uscita (base 2010),ok,hub,6,36,0,"",2026-07-22
534_50_DF_DCSC_GI_OCC_12,Tassi di ingresso e di uscita - Ateco 3 cifre (base 2010),error,"",0,0,1,HubUnavailable: hub did not answer (timeout or HTTP error),2026-07-22
534_50_DF_DCSC_GI_OCC_13,Dipendenti (base 2005),ok,hub,6,163,0,"",2026-07-22
534_50_DF_DCSC_GI_OCC_14,Quota part time (base 2005),error,"",0,0,1,HubUnavailable: hub did not answer (timeout or HTTP error),2026-07-22
534_50_DF_DCSC_GI_OCC_15,Tassi di ingresso e di uscita (base 2005),ok,hub,6,162,0,"",2026-07-22
534_50_DF_DCSC_GI_OCC_16,Dipendenti (base 2021),ok,hub,6,43,0,"",2026-07-22
534_50_DF_DCSC_GI_OCC_17,Quota part time (base 2021),error,"",0,0,1,HubUnavailable: hub did not answer (timeout or HTTP error),2026-07-22
534_50_DF_DCSC_GI_OCC_18,Tassi di ingresso e di uscita (base 2021),ok,hub,6,42,0,"",2026-07-22
534_50_DF_DCSC_GI_OCC_2,Quota part time (base 2015),error,"",0,0,1,HubUnavailable: hub did not answer (timeout or HTTP error),2026-07-22
534_50_DF_DCSC_GI_OCC_3,Tassi di ingresso e di uscita (base 2015),ok,hub,6,42,0,"",2026-07-22
534_50_DF_DCSC_GI_OCC_4,Dipendenti - Ateco 3 cifre (base 2015),error,"",0,0,1,HubUnavailable: hub did not answer (timeout or HTTP error),2026-07-22
534_50_DF_DCSC_GI_OCC_5,Quota part time - Ateco 2 cifre (base 2015),ok,hub,6,104,0,"",2026-07-22
534_50_DF_DCSC_GI_OCC_6,Tassi di ingresso e di uscita - Ateco 3 cifre (base 2015),error,"",0,0,1,HubUnavailable: hub did not answer (timeout or HTTP error),2026-07-22
534_50_DF_DCSC_GI_OCC_7,Dipendenti (base 2010),ok,hub,6,37,0,"",2026-07-22
534_50_DF_DCSC_GI_OCC_8,Dipendenti - Ateco 3 cifre (base 2010),error,"",0,0,1,HubUnavailable: hub did not answer (timeout or HTTP error),2026-07-22
534_50_DF_DCSC_GI_OCC_9,Quota part time (base 2010),ok,hub,6,35,0,"",2026-07-22
535_194,Retribuzioni lorde - Imprese con almeno 500 dipendenti,ok,hub,6,222,0,"",2026-07-22
535_194_DF_DCSC_GI_RE_1,Dati grezzi (base 2015),error,"",0,0,1,HubUnavailable: hub did not answer (timeout or HTTP error),2026-07-22
535_194_DF_DCSC_GI_RE_10,Dati destagionalizzati (base 2021),ok,hub,6,11,0,"",2026-07-23
535_194_DF_DCSC_GI_RE_2,Dati grezzi - Ateco 3 cifre (base 2015),error,"",0,0,1,HubUnavailable: hub did not answer (timeout or HTTP error),2026-07-23
535_194_DF_DCSC_GI_RE_3,Dati destagionalizzati (base 2015),ok,hub,6,11,0,"",2026-07-23
535_194_DF_DCSC_GI_RE_4,Dati grezzi (base 2010),ok,hub,6,37,0,"",2026-07-23
535_194_DF_DCSC_GI_RE_5,Dati grezzi - Ateco 3 cifre (base 2010),error,"",0,0,1,HubUnavailable: hub did not answer (timeout or HTTP error),2026-07-23
535_194_DF_DCSC_GI_RE_6,Dati destagionalizzati (base 2010),ok,hub,6,8,0,"",2026-07-23
535_194_DF_DCSC_GI_RE_7,Dati grezzi (base 2005),ok,hub,6,163,0,"",2026-07-23
535_194_DF_DCSC_GI_RE_8,Dati destagionalizzati (base 2005),ok,hub,6,8,0,"",2026-07-23
535_194_DF_DCSC_GI_RE_9,Dati grezzi (base 2021),error,"",0,0,1,HubUnavailable: hub did not answer (timeout or HTTP error),2026-07-23
536_193,Imprese con almeno 500 dipendenti,error,"",0,0,1,HubUnavailable: hub did not answer (timeout or HTTP error),2026-07-23
536_193_DF_DCSC_GI_COS_1,Dati grezzi (base 2015),ok,hub,6,42,0,"",2026-07-23
536_193_DF_DCSC_GI_COS_10,Dati destagionalizzati (base 2021),ok,hub,6,11,0,"",2026-07-23
536_193_DF_DCSC_GI_COS_2,Dati grezzi - Ateco 3 cifre (base 2015),ok,hub,6,198,0,"",2026-07-23
536_193_DF_DCSC_GI_COS_3,Dati destagionalizzati (base 2015),ok,hub,6,12,0,"",2026-07-23
536_193_DF_DCSC_GI_COS_4,Dati grezzi (base 2010),ok,hub,6,36,0,"",2026-07-23
536_193_DF_DCSC_GI_COS_5,Dati grezzi - Ateco 3 cifre (base 2010),ok,hub,6,173,0,"",2026-07-23
536_193_DF_DCSC_GI_COS_6,Dati destagionalizzati (base 2010),ok,hub,6,8,0,"",2026-07-23
536_193_DF_DCSC_GI_COS_7,Dati grezzi (base 2005),ok,hub,6,162,0,"",2026-07-23
536_193_DF_DCSC_GI_COS_8,Dati destagionalizzati (base 2005),ok,hub,6,8,0,"",2026-07-23
536_193_DF_DCSC_GI_COS_9,Dati grezzi (base 2021),ok,hub,6,42,0,"",2026-07-23
536_278,Imprese ed enti pubblici con almeno 10 dipendenti,ok,hub,6,80,0,"",2026-07-23
536_278_DF_DCSC_COSTLAVSTRUT_1_1,Imprese ed enti pubblici con almeno 10 dipendenti,ok,hub,6,80,0,"",2026-07-23
536_279,Imprese ed enti pubblici con almeno 10 dipendenti - nuova metodologia,ok,hub,6,80,0,"",2026-07-24
536_279_DF_DCSC_COSTLAVSTRUT_2_1,Imprese ed enti pubblici con almeno 10 dipendenti - nuova metodologia,empty,hub,0,0,0,"",2026-07-24
56_1045,Iscritti all'università - comune dell'ateneo,ok,hub,6,441,0,"",2026-07-23
56_1045_DF_DCIS_ISCRITTI_COM_A_1,Iscritti per sesso,ok,hub,4,421,0,"",2026-07-23
56_1045_DF_DCIS_ISCRITTI_COM_A_2,Iscritti per cittadinanza,ok,hub,4,421,0,"",2026-07-23
56_1045_DF_DCIS_ISCRITTI_COM_A_3,Iscritti per gruppo di corsi di laurea,ok,hub,4,435,0,"",2026-07-23
56_1046,Iscritti all'università - comune di residenza,ok,hub,6,8447,0,"",2026-07-23
56_1046_DF_DCIS_ISCRITTI_COM_R_1,Iscritti per sesso,ok,hub,4,8427,0,"",2026-07-23
56_1046_DF_DCIS_ISCRITTI_COM_R_2,Iscritti per cittadinanza,ok,hub,4,8427,0,"",2026-07-23
56_1046_DF_DCIS_ISCRITTI_COM_R_3,Iscritti per gruppo di corsi di laurea,ok,hub,4,8441,0,"",2026-07-23
56_1135,Docenti universitari,ok,hub,8,30,0,"",2026-07-23
56_1135_DF_DCIS_DOCENTI1_1,Docenti universitari,ok,hub,7,29,0,"",2026-07-23
56_188,Docenti universitari 2007-2011,ok,hub,8,36,0,"",2026-07-23
56_188_DF_DCIS_DOCENTI_1,Docenti universitari 2007-2011,ok,hub,7,35,0,"",2026-07-23
56_189,Indicatori sull'università,ok,hub,5,37,0,"",2026-07-23
56_189_DF_INDUNIV_1,Indicatori sull' università,ok,hub,4,36,0,"",2026-07-23
56_190,Laureati,error,"",0,0,1,HubUnavailable: hub did not answer (timeout or HTTP error),2026-07-23
56_190_DF_DCIS_LAUREATI_1,Laureati,ok,hub,7,57,0,"",2026-07-23
56_190_DF_DCIS_LAUREATI_2,Laureati (2007-2009),error,"",0,0,1,HubUnavailable: hub did not answer (timeout or HTTP error),2026-07-23
56_258,Immatricolati,ok,hub,8,59,0,"",2026-07-23
56_258_DF_DCIS_IMMATRIC_1,Immatricolati,empty,hub,0,0,0,"",2026-07-23
56_259,Iscritti all'università,empty,hub,0,0,0,"",2026-07-23
56_259_DF_DCIS_ISCRITTI_1,Iscritti,empty,hub,0,0,0,"",2026-07-23
56_259_DF_DCIS_ISCRITTI_2,Iscritti per tipologia e regione dell'ateneo (2008-2010),empty,hub,0,0,0,"",2026-07-23
56_259_DF_DCIS_ISCRITTI_3,Iscritti per regione dell'ateneo e di residenza (2008-2010),empty,hub,0,0,0,"",2026-07-23
56_77,Servizi per gli alunni con disabilità,error,"",0,0,1,HubUnavailable: hub did not answer (timeout or HTTP error),2026-07-23
56_77_DF_DCIS_SANSCUOLE_1,Scuole per presenza di barriere architettoniche,error,"",0,0,1,HubUnavailable: hub did not answer (timeout or HTTP error),2026-07-23
56_77_DF_DCIS_SANSCUOLE_2,Scuole con alunni con disabilità e postazioni informatiche adattate,ok,hub,7,154,0,"",2026-07-23
56_857,Immatricolati,error,"",0,0,1,HubUnavailable: hub did not answer (timeout or HTTP error),2026-07-23
56_857_DF_DCIS_IMMATRIC1_1,Immatricolati,error,"",0,0,1,HubUnavailable: hub did not answer (timeout or HTTP error),2026-07-23
56_857_DF_DCIS_IMMATRIC1_2,Immatricolati (2008-2010),ok,hub,8,59,0,"",2026-07-23
56_858,Iscritti all'università,error,"",0,0,1,HubUnavailable: hub did not answer (timeout or HTTP error),2026-07-23
56_858_DF_DCIS_ISCRITTI1_1,Iscritti,ok,hub,8,12532,0,"",2026-07-23
56_858_DF_DCIS_ISCRITTI1_2,Iscritti per tipologia e regione dell'ateneo (2008-2010),error,"",0,0,1,HubUnavailable: hub did not answer (timeout or HTTP error),2026-07-23
56_858_DF_DCIS_ISCRITTI1_3,Iscritti per regione dell'ateneo e di residenza (2008-2010),error,"",0,0,1,HubUnavailable: hub did not answer (timeout or HTTP error),2026-07-23
5_42,Conto trimestrale - edizioni ottobre 2019 - luglio 2024,ok,hub,9,59,0,"",2026-07-23
5_42_DF_DCCN_FPQ_B19_1,Conto economico - edizioni ottobre 2019 - luglio 2024,ok,hub,7,50,0,"",2026-07-23
5_42_DF_DCCN_FPQ_B19_2,Indicatori (in rapporto al PIL) - edizioni ottobre 2019 - luglio 2024,ok,hub,7,33,0,"",2026-07-23
5_815,Conto annuale - edizioni ottobre 2019 - aprile 2024,error,"",0,0,1,HubUnavailable: hub did not answer (timeout or HTTP error),2026-07-23
5_815_DF_DCCN_FPA_B19_1,Conto economico per sottosettore - edizioni ottobre 2019 - aprile 2024,ok,hub,7,106,0,"",2026-07-23
5_815_DF_DCCN_FPA_B19_2,Indicatori (in rapporto al PIL) - edizioni ottobre 2019 - aprile 2024,ok,hub,7,48,0,"",2026-07-23
5_815_DF_DCCN_FPA_B19_3,Redditi e retribuzione pro capite per sottosettore -edizioni ottobre 2019 - aprile 2024,ok,hub,7,21,0,"",2026-07-23
5_815_DF_DCCN_FPA_B19_4,Investimenti fissi lordi per sottosettore - edizioni ottobre 2019 - aprile 2024,ok,hub,8,40,0,"",2026-07-23
5_815_DF_DCCN_FPA_B19_5,Imposte e contributi sociali per sottosettore - edizioni ottobre 2019 - aprile 2024,error,"",0,0,1,HubUnavailable: hub did not answer (timeout or HTTP error),2026-07-23
5_815_DF_DCCN_FPA_B19_6,Formazione della spesa per consumi finali - edizioni ottobre 2019 - aprile 2024,ok,hub,7,44,0,"",2026-07-23
5_94,Uscite annuali per sottosettore - edizioni ottobre 2019 - aprile 2024,error,"",0,0,1,HubUnavailable: hub did not answer (timeout or HTTP error),2026-07-23
5_94_DF_DCCN_OTEPPA_B19_1,Spesa per consumi per funzione (COFOG 2 e 3 cifre) -  edizioni ottobre 2019 - aprile 2024,error,"",0,0,1,HubUnavailable: hub did not answer (timeout or HTTP error),2026-07-23
5_94_DF_DCCN_OTEPPA_B19_2,Voci di uscita per funzione (COFOG 2 e 3 cifre) - edizioni febbraio 2020 - dicembre 2023,error,"",0,0,1,HubUnavailable: hub did not answer (timeout or HTTP error),2026-07-23
609_1,Ambiente urbano,ok,hub,3,494,0,"",2026-07-23
609_1_DF_DCCV_URBANENV_1,Acqua - consumo,ok,hub,3,256,0,"",2026-07-23
609_1_DF_DCCV_URBANENV_10,Energia - teleriscaldamento,ok,hub,3,255,0,"",2026-07-23
609_1_DF_DCCV_URBANENV_11,Mobilità urbana - mobilità sostenibile,ok,hub,3,281,0,"",2026-07-23
609_1_DF_DCCV_URBANENV_12,Mobilità urbana - parco veicolare,ok,hub,3,289,0,"",2026-07-23
609_1_DF_DCCV_URBANENV_13,Mobilità urbana - trasporto pubblico locale,ok,hub,3,306,0,"",2026-07-23
609_1_DF_DCCV_URBANENV_14,Rifiuti urbani - produzione,ok,hub,3,257,0,"",2026-07-23
609_1_DF_DCCV_URBANENV_15,Raccolta differenziata - frazioni merceologiche,ok,hub,3,262,0,"",2026-07-23
609_1_DF_DCCV_URBANENV_16,Rumore - attività di misura,ok,hub,3,256,0,"",2026-07-23
609_1_DF_DCCV_URBANENV_17,Rumore - attività temporanee,ok,hub,3,253,0,"",2026-07-23
609_1_DF_DCCV_URBANENV_18,Verde urbano - densità,ok,hub,3,255,0,"",2026-07-23
609_1_DF_DCCV_URBANENV_19,Verde urbano - disponibilità,ok,hub,3,253,0,"",2026-07-23
609_1_DF_DCCV_URBANENV_2,Acqua - razionamento,ok,hub,3,250,0,"",2026-07-23
609_1_DF_DCCV_URBANENV_20,Verde urbano - tipologia di verde,ok,hub,3,266,0,"",2026-07-23
609_1_DF_DCCV_URBANENV_21,Verde urbano - forestazione,ok,hub,3,250,0,"",2026-07-23
609_1_DF_DCCV_URBANENV_22,Rifiuti urbani - servizio di raccolta,ok,hub,3,247,0,"",2026-07-23
609_1_DF_DCCV_URBANENV_3,Qualità dell'aria - monitoraggio inquinanti,ok,hub,3,256,0,"",2026-07-23
609_1_DF_DCCV_URBANENV_4,Qualità dell'aria - valori di concentrazione e numero di superamenti,ok,hub,3,260,0,"",2026-07-23
609_1_DF_DCCV_URBANENV_5,Eco management - illuminazione pubblica stradale,ok,hub,3,261,0,"",2026-07-23
609_1_DF_DCCV_URBANENV_6,Eco management - livello di digitalizzazione,ok,hub,3,260,0,"",2026-07-23
609_1_DF_DCCV_URBANENV_7,Energia - consumi energetici domestici e non domestici,ok,hub,3,259,0,"",2026-07-23
609_1_DF_DCCV_URBANENV_8,Energia - fonti rinnovabili,ok,hub,3,271,0,"",2026-07-23
609_1_DF_DCCV_URBANENV_9,Energia - rete di ricarica per auto elettriche,ok,hub,3,251,0,"",2026-07-23
60_1004,Musei ed istituzioni similari - comuni,ok,hub,3,3119,0,"",2026-07-23
60_1004_DF_DCIS_MUSVIS_COM_1,Musei ed istituzioni similari - comuni,ok,hub,3,3119,0,"",2026-07-23
60_130,Internet: accesso e tipo di utilizzo,ok,hub,6,142,0,"",2026-07-23
60_130_DF_DCCV_ICT_1,Famiglie e accesso ad internet,ok,hub,3,21,0,"",2026-07-23
60_130_DF_DCCV_ICT_10,Tipo di acquisti e ordini,ok,hub,4,55,0,"",2026-07-23
60_130_DF_DCCV_ICT_11,Tipo di acquisti e ordini - reg. e tipo di comune,ok,hub,3,75,0,"",2026-07-23
60_130_DF_DCCV_ICT_2,Famiglie e accesso ad internet - reg. e tipo comune,ok,hub,3,46,0,"",2026-07-23
60_130_DF_DCCV_ICT_3,Famiglie e tipo di connessione - reg. e tipo di comune,ok,hub,3,40,0,"",2026-07-23
60_130_DF_DCCV_ICT_4,Attività svolte su internet,ok,hub,4,36,0,"",2026-07-23
60_130_DF_DCCV_ICT_5,Attività svolte su internet - reg. e tipo di comune,ok,hub,3,54,0,"",2026-07-23
60_130_DF_DCCV_ICT_6,Interazioni con la PA,ok,hub,4,19,0,"",2026-07-23
60_130_DF_DCCV_ICT_7,Interazione con la PA - reg. e tipo di comune,ok,hub,3,39,0,"",2026-07-23
60_130_DF_DCCV_ICT_8,Acquisti o ordini,ok,hub,4,20,0,"",2026-07-23
60_130_DF_DCCV_ICT_9,Acquisti o ordini - reg. e tipo di comune,ok,hub,3,40,0,"",2026-07-23
60_195,Musei ed istituzioni similari,error,"",0,0,1,HubUnavailable: hub did not answer (timeout or HTTP error),2026-07-23
60_195_DF_DCIS_MUSVIS_1,Musei ed istituzioni similari - Principali dati,error,"",0,0,1,HubUnavailable: hub did not answer (timeout or HTTP error),2026-07-23
60_195_DF_DCIS_MUSVIS_2,Appartenenza a circuito museale,ok,hub,6,45,0,"",2026-07-23
60_195_DF_DCIS_MUSVIS_3,Tipo di gestione e accesso gratuito,error,"",0,0,1,HubUnavailable: hub did not answer (timeout or HTTP error),2026-07-23
60_195_DF_DCIS_MUSVIS_4,Periodo di apertura,error,"",0,0,1,HubUnavailable: hub did not answer (timeout or HTTP error),2026-07-23
60_195_DF_DCIS_MUSVIS_5,Tipo di servizi e dotazioni,error,"",0,0,1,HubUnavailable: hub did not answer (timeout or HTTP error),2026-07-23
60_3,Archivi di stato,ok,hub,9,66,0,"",2026-07-23
60_3_DF_DCIS_ARCHIVIST_1,Attività svolte,ok,hub,4,34,0,"",2026-07-23
60_3_DF_DCIS_ARCHIVIST_2,Superficie per destinazione di uso,ok,hub,4,36,0,"",2026-07-23
60_3_DF_DCIS_ARCHIVIST_3,Tipologia di materiale conservato,ok,hub,4,40,0,"",2026-07-23
60_3_DF_DCIS_ARCHIVIST_4,Utenti per motivo,ok,hub,4,33,0,"",2026-07-23
60_3_DF_DCIS_ARCHIVIST_5,Ricerche per tipologia,ok,hub,5,35,0,"",2026-07-23
60_41,Biblioteche pubbliche statali,ok,hub,7,39,0,"",2026-07-23
60_41_DF_DCIS_BIBLIOT_1,Biblioteche pubbliche statali - Principali dati,ok,hub,5,33,0,"",2026-07-23
60_41_DF_DCIS_BIBLIOT_2,Prestiti per tipo di richiedente,ok,hub,5,27,0,"",2026-07-23
60_41_DF_DCIS_BIBLIOT_3,Personale impiegato,ok,hub,5,27,0,"",2026-07-23
610_119_DF_DCCV_TRASPRIV_1,Trasporto privato,ok,hub,5,258,0,"",2026-07-23
612_933,Laureati - caratteristiche socio-demografiche e curriculum,ok,hub,14,71,0,"",2026-07-23
612_933_DF_DCCV_LAU_DEM_FORM_1,Tipo di diploma,ok,hub,6,12,0,"",2026-07-23
612_933_DF_DCCV_LAU_DEM_FORM_2,Giudizio (da 0 a 10) sui fattori di scelta ateneo,ok,hub,6,15,0,"",2026-07-23
612_933_DF_DCCV_LAU_DEM_FORM_3,Gruppo di laurea,ok,hub,7,28,0,"",2026-07-23
612_933_DF_DCCV_LAU_DEM_FORM_4,Partecipazione Erasmus,ok,hub,7,28,0,"",2026-07-23
612_933_DF_DCCV_LAU_DEM_FORM_5,Laurea precedente,ok,hub,7,14,0,"",2026-07-23
612_933_DF_DCCV_LAU_DEM_FORM_6,Iscrizione ad altra formazione,ok,hub,7,15,0,"",2026-07-23
612_933_DF_DCCV_LAU_DEM_FORM_7,Conclusa altra formazione,ok,hub,7,15,0,"",2026-07-23
612_933_DF_DCCV_LAU_DEM_FORM_8,Titolo di studio del padre e della madre,ok,hub,7,20,0,"",2026-07-23
612_937,Laureati - ricerca di lavoro,ok,hub,10,32,0,"",2026-07-23
612_937_DF_DCCV_LAU_RIC_1,Ricerca di lavoro in Italia o all'estero (occupati e non),ok,hub,8,20,0,"",2026-07-23
612_937_DF_DCCV_LAU_RIC_2,Occupazione e orario desiderati (occupati e non),ok,hub,8,19,0,"",2026-07-23
612_939,Laureati - condizione occupazionale,ok,hub,14,105,0,"",2026-07-23
612_939_DF_DCCV_LAU_OCCUP_RED_1,Gruppo di laurea e condizione occupazionale,ok,hub,7,29,0,"",2026-07-23
612_939_DF_DCCV_LAU_OCCUP_RED_2,Gruppo di laurea e professione,ok,hub,7,29,0,"",2026-07-23
612_939_DF_DCCV_LAU_OCCUP_RED_3,Gruppo di laurea e reddito mensile,ok,hub,6,27,0,"",2026-07-23
612_939_DF_DCCV_LAU_OCCUP_RED_4,Tipo di occupazione,ok,hub,6,16,0,"",2026-07-23
612_939_DF_DCCV_LAU_OCCUP_RED_5,Attività economica e settore di impiego,ok,hub,7,17,0,"",2026-07-23
612_939_DF_DCCV_LAU_OCCUP_RED_6,Soddisfazione per il lavoro,ok,hub,6,16,0,"",2026-07-23
612_939_DF_DCCV_LAU_OCCUP_RED_7,Regione di residenza e condizione occupazionale,ok,hub,7,47,0,"",2026-07-23
612_939_DF_DCCV_LAU_OCCUP_RED_8,Regione di residenza e reddito mensile,ok,hub,7,59,0,"",2026-07-23
613_934,Diplomati - caratteristiche socio-demografiche e curriculum,ok,hub,14,129,0,"",2026-07-23
613_934_DF_DCCV_DIPL_DEM_FORM_1,Tipo di diploma,ok,hub,5,30,0,"",2026-07-23
613_934_DF_DCCV_DIPL_DEM_FORM_10,Iscrizione a università - sesso e tipo di diploma,ok,hub,6,37,0,"",2026-07-23
613_934_DF_DCCV_DIPL_DEM_FORM_11,Iscrizione a università - regione di dimora abituale,ok,hub,4,39,0,"",2026-07-23
613_934_DF_DCCV_DIPL_DEM_FORM_12,Iscrizione a studi terziari non universitari - sesso e tipo di diploma,ok,hub,6,36,0,"",2026-07-23
613_934_DF_DCCV_DIPL_DEM_FORM_13,Iscrizione a studi terziari non universitari - regione di dimora abituale,ok,hub,4,38,0,"",2026-07-23
613_934_DF_DCCV_DIPL_DEM_FORM_2,Natura giuridica della scuola e soddisfazione,ok,hub,5,26,0,"",2026-07-23
613_934_DF_DCCV_DIPL_DEM_FORM_3,Età all'intervista,ok,hub,5,21,0,"",2026-07-23
613_934_DF_DCCV_DIPL_DEM_FORM_4,Cittadinanza e familiari coabitanti,ok,hub,6,14,0,"",2026-07-23
613_934_DF_DCCV_DIPL_DEM_FORM_5,Regione di dimora abituale,ok,hub,4,35,0,"",2026-07-23
613_934_DF_DCCV_DIPL_DEM_FORM_6,Titolo di studio del padre e della madre,ok,hub,5,16,0,"",2026-07-23
613_934_DF_DCCV_DIPL_DEM_FORM_7,Iscrizione ad un qualsiasi tipo di corso post-diploma,ok,hub,4,11,0,"",2026-07-23
613_934_DF_DCCV_DIPL_DEM_FORM_8,Iscrizione a corsi di formazione professionale - sesso e tipo di diploma,ok,hub,6,36,0,"",2026-07-23
613_934_DF_DCCV_DIPL_DEM_FORM_9,Iscrizione a corsi di formazione professionale - regione di dimora abituale,ok,hub,4,38,0,"",2026-07-23
613_935,Diplomati - condizione occupazionale e retribuzione,ok,hub,13,137,0,"",2026-07-23
613_935_DF_DCCV_DIPL_OCCUP_REDD_1,Sesso e tipo di diploma,ok,hub,6,35,0,"",2026-07-23
613_935_DF_DCCV_DIPL_OCCUP_REDD_10,Regione e retribuzione,ok,hub,4,36,0,"",2026-07-23
613_935_DF_DCCV_DIPL_OCCUP_REDD_2,Professione CP2011,ok,hub,6,18,0,"",2026-07-23
613_935_DF_DCCV_DIPL_OCCUP_REDD_3,Tipo di occupazione e ore di lavoro,ok,hub,6,20,0,"",2026-07-23
613_935_DF_DCCV_DIPL_OCCUP_REDD_4,Settore d'impiego e attività economica,ok,hub,6,33,0,"",2026-07-23
613_935_DF_DCCV_DIPL_OCCUP_REDD_5,Retribuzione e tipo di diploma,ok,hub,5,30,0,"",2026-07-23
613_935_DF_DCCV_DIPL_OCCUP_REDD_6,Retribuzione e tipo di occupazione,ok,hub,6,18,0,"",2026-07-23
613_935_DF_DCCV_DIPL_OCCUP_REDD_7,Utilità del diploma,ok,hub,6,13,0,"",2026-07-23
613_935_DF_DCCV_DIPL_OCCUP_REDD_8,Soddisfazione per il lavoro (punteggio medio),ok,hub,4,13,0,"",2026-07-23
613_935_DF_DCCV_DIPL_OCCUP_REDD_9,Regione e condizione occupazionale,ok,hub,4,38,0,"",2026-07-23
613_936,Diplomati - ricerca di lavoro,ok,hub,8,59,0,"",2026-07-23
613_936_DF_DCCV_DIPL_RIC_1,Ricerca di lavoro e occupazione attuale,ok,hub,5,16,0,"",2026-07-23
613_936_DF_DCCV_DIPL_RIC_2,Ricerca di lavoro e regione di dimora abituale,ok,hub,4,35,0,"",2026-07-23
613_936_DF_DCCV_DIPL_RIC_3,"Occupazione, orario e luogo di lavoro desiderati",ok,hub,7,21,0,"",2026-07-23
61_69,Opere librarie pubblicate,error,"",0,0,1,HubUnavailable: hub did not answer (timeout or HTTP error),2026-07-23
61_69_DF_DCIS_PUBBLICATE3_1,Opere librarie pubblicate - Principali dati,error,"",0,0,1,HubUnavailable: hub did not answer (timeout or HTTP error),2026-07-23
61_69_DF_DCIS_PUBBLICATE3_2,Prezzo e copie stampate,ok,hub,5,50,0,"",2026-07-23
669_1073,Gettito delle imposte ambientali versione 2014,error,"",0,0,1,HubUnavailable: hub did not answer (timeout or HTTP error),2026-07-23
669_1073_DF_DCCN_IMPAMB1_B14_1,Categoria di imposta - edizioni dicembre 2014 - ottobre 2018,ok,hub,6,39,0,"",2026-07-23
669_1073_DF_DCCN_IMPAMB1_B14_2,Unità che corrisponde l'imposta - edizioni dicembre 2014 - ottobre 2018,error,"",0,0,1,HubUnavailable: hub did not answer (timeout or HTTP error),2026-07-23
669_1073_DF_DCCN_IMPAMB1_B14_3,Gettito corrisposto dalle attività produttive - edizioni dicembre 2014 - ottobre 2018,error,"",0,0,1,HubUnavailable: hub did not answer (timeout or HTTP error),2026-07-23
669_1073_DF_DCCN_IMPAMB1_B14_4,Classe CEPA - edizioni dicembre 2014 - ottobre 2018,ok,hub,6,14,0,"",2026-07-23
669_1073_DF_DCCN_IMPAMB1_B14_5,Destinazione del gettito - edizioni dicembre 2014 - ottobre 2018,ok,hub,6,13,0,"",2026-07-23
669_1080,Emissioni atmosferiche NAMEA (NACE Rev. 2) versione 2014,error,"",0,0,1,HubUnavailable: hub did not answer (timeout or HTTP error),2026-07-23
669_1080_DF_DCCN_CONTIEMATMREV2_B14_1,Attività produttive - edizioni novembre 2014 - novembre 2018,error,"",0,0,1,HubUnavailable: hub did not answer (timeout or HTTP error),2026-07-23
669_1080_DF_DCCN_CONTIEMATMREV2_B14_2,Famiglie - edizioni novembre 2014 - novembre 2018,error,"",0,0,1,HubUnavailable: hub did not answer (timeout or HTTP error),2026-07-23
669_1080_DF_DCCN_CONTIEMATMREV2_B14_3,Raccordo tra totale NAMEA e totale UNFCCC/CLRTAP - edizioni novembre 2014 - novembre 2018,ok,hub,6,42,0,"",2026-07-23
669_1080_DF_DCCN_CONTIEMATMREV2_B14_4,Intensità della produzione e del valore aggiunto - edizioni novembre 2014 - novembre 2018,error,"",0,0,1,HubUnavailable: hub did not answer (timeout or HTTP error),2026-07-23
669_1080_DF_DCCN_CONTIEMATMREV2_B14_5,Intensità dell'occupazione - edizioni novembre 2014 - novembre 2018,error,"",0,0,1,HubUnavailable: hub did not answer (timeout or HTTP error),2026-07-23
669_1081,Conti dei flussi fisici di energia (PEFA) versione 2014,ok,hub,7,177,0,"",2026-07-23
669_1081_DF_DCCN_PEFA_B14_1,"Risorse e impieghi, schema di sintesi - edizione dicembre 2018",ok,hub,7,27,0,"",2026-07-23
669_1081_DF_DCCN_PEFA_B14_2,Risorse per attività e tipo di flusso - edizione dicembre 2018,ok,hub,7,151,0,"",2026-07-23
669_1081_DF_DCCN_PEFA_B14_3,Impieghi per attività e tipo di flusso - edizione dicembre 2018,ok,hub,7,152,0,"",2026-07-23
669_1081_DF_DCCN_PEFA_B14_4,Impieghi rilevanti per le emissioni atmosferiche (impieghi da combustione) - edizione dicembre 2018,error,"",0,0,1,HubUnavailable: hub did not answer (timeout or HTTP error),2026-07-23
669_1081_DF_DCCN_PEFA_B14_5,Vettori di indicatori chiave sui flussi di energia - edizione dicembre 2018,ok,hub,6,117,0,"",2026-07-23
669_1081_DF_DCCN_PEFA_B14_6,Tavola di raccordo: consumo di energia - edizione dicembre 2018,ok,hub,6,19,0,"",2026-07-23
669_1113,Spese per la protezione dell'ambiente versione 2014,error,"",0,0,1,HubUnavailable: hub did not answer (timeout or HTTP error),2026-07-23
669_1113_DF_DCCN_SPESAPROTAMB_B14_1,Spesa nazionale - edizioni aprile 2018 e gennaio 2019,ok,hub,7,11,0,"",2026-07-23
669_1113_DF_DCCN_SPESAPROTAMB_B14_2,Aggregati economici per settore istituzionale - edizioni aprile 2018 e gennaio 2019,ok,hub,7,34,0,"",2026-07-23
669_1113_DF_DCCN_SPESAPROTAMB_B14_3,Investimenti e produzione ausiliaria delle società come produttori ausiliari per attività economica - edizioni aprile 2018 e gennaio 2019,error,"",0,0,1,HubUnavailable: hub did not answer (timeout or HTTP error),2026-07-23
669_1116,Conti dei flussi di materia versione 2014,ok,hub,6,84,0,"",2026-07-23
669_1116_DF_DCCN_FLUMAT_B14_1,Indicatori aggregati - edizioni gennaio 2016 - febbraio 2019,ok,hub,4,19,0,"",2026-07-23
669_1116_DF_DCCN_FLUMAT_B14_2,Estrazione interna di materiali utilizzati - edizioni gennaio 2016 - febbraio 2019,ok,hub,5,45,0,"",2026-07-24
669_1116_DF_DCCN_FLUMAT_B14_3,Scambi con il resto del mondo - edizioni gennaio 2016 - febbraio 2019,ok,hub,5,64,0,"",2026-07-24
669_1119,Conti dei beni e servizi ambientali versione 2014,error,"",0,0,1,HubUnavailable: hub did not answer (timeout or HTTP error),2026-07-24
669_1119_DF_DCCN_EGSS_B14_1,"Produzione, valore aggiunto, esportazioni - edizione febbraio 2019",ok,hub,7,32,0,"",2026-07-24
669_1119_DF_DCCN_EGSS_B14_2,Occupazione (unità di lavoro) - edizione febbraio 2019,ok,hub,6,28,0,"",2026-07-24
669_964,Gettito delle imposte ambientali,error,"",0,0,1,HubUnavailable: hub did not answer (timeout or HTTP error),2026-07-24
669_967,Emissioni atmosferiche NAMEA (NACE Rev. 2) versione 2011,error,"",0,0,1,HubUnavailable: hub did not answer (timeout or HTTP error),2026-07-24
68_1220,Viaggi e loro organizzazione,ok,hub,9,35,0,"",2026-07-24
68_1220_DF_DCCV_VIAGGI_ORG_1,Prenotazione dell'alloggio,ok,hub,5,14,0,"",2026-07-24
68_1220_DF_DCCV_VIAGGI_ORG_2,Prenotazione del trasporto,ok,hub,5,14,0,"",2026-07-24
68_1220_DF_DCCV_VIAGGI_ORG_3,Prenotazione via internet,ok,hub,5,13,0,"",2026-07-24
68_1220_DF_DCCV_VIAGGI_ORG_4,Prenotazione dell'alloggio via internet,ok,hub,5,12,0,"",2026-07-24
68_1220_DF_DCCV_VIAGGI_ORG_5,Prenotazione del trasporto via internet,ok,hub,5,12,0,"",2026-07-24
68_1221,Viaggi per motivo,ok,hub,8,68,0,"",2026-07-24
68_1221_DF_DCCV_VIAGGI_CAPI_2_1,Vacanze,ok,hub,6,15,0,"",2026-07-24
68_1221_DF_DCCV_VIAGGI_CAPI_2_2,Vacanze di 4 notti e più,ok,hub,6,14,0,"",2026-07-24
68_1221_DF_DCCV_VIAGGI_CAPI_2_3,Vacanze di piacere/svago - dati annuali,ok,hub,5,18,0,"",2026-07-24
68_1221_DF_DCCV_VIAGGI_CAPI_2_4,Vacanze di piacere/svago - dati trimestrali,ok,hub,5,16,0,"",2026-07-24
68_1221_DF_DCCV_VIAGGI_CAPI_2_5,Vacanze di piacere/svago per luogo di destinazione,ok,hub,7,16,0,"",2026-07-24
68_1221_DF_DCCV_VIAGGI_CAPI_2_6,Vacanze di piacere /svago per durata,ok,hub,6,17,0,"",2026-07-24
68_1221_DF_DCCV_VIAGGI_CAPI_2_7,Viaggi di lavoro,ok,hub,6,21,0,"",2026-07-24
68_1221_DF_DCCV_VIAGGI_CAPI_2_8,Viaggi culturali - dati trimestrali,ok,hub,5,10,0,"",2026-07-24
68_1221_DF_DCCV_VIAGGI_CAPI_2_9,Viaggi culturali per tipo di attività,ok,hub,5,13,0,"",2026-07-24
68_161,Persone andate e non andate in vacanza,ok,hub,8,34,0,"",2026-07-24
68_161_DF_DCCV_TURANN_NO_TURAN_CAPI_1,Persone di 15 anni e più non andate in vacanza,ok,hub,5,22,0,"",2026-07-24
68_161_DF_DCCV_TURANN_NO_TURAN_CAPI_2,Persone andate in vacanza,ok,hub,6,21,0,"",2026-07-24
68_265,Spesa per viaggi in alloggi a pagamento,ok,hub,6,16,0,"",2026-07-24
68_265_DF_DCCV_VIAGGI_SPESE_CAPI_1,Viaggi in totale,ok,hub,6,12,0,"",2026-07-24
68_265_DF_DCCV_VIAGGI_SPESE_CAPI_2,Vacanze,ok,hub,6,13,0,"",2026-07-24
68_265_DF_DCCV_VIAGGI_SPESE_CAPI_3,Tipo di alloggio,ok,hub,6,12,0,"",2026-07-24
68_338,Visite in giornata (escursioni),ok,hub,6,60,0,"",2026-07-24
68_338_DF_DCCV_ESC_CAPI_1,Dati trimestrali,ok,hub,4,8,0,"",2026-07-24
68_338_DF_DCCV_ESC_CAPI_2,Motivo prevalente,ok,hub,5,21,0,"",2026-07-24
68_338_DF_DCCV_ESC_CAPI_3,Mezzo di trasporto prevalente,ok,hub,5,19,0,"",2026-07-24
68_338_DF_DCCV_ESC_CAPI_4,Regione di destinazione,ok,hub,4,36,0,"",2026-07-24
68_356,Persone che hanno viaggiato,ok,hub,8,47,0,"",2026-07-24
68_356_DF_DCCV_TURISTI_CAPI_1,Viaggiatori per 100 residenti,ok,hub,6,15,0,"",2026-07-24
68_356_DF_DCCV_TURISTI_CAPI_2,Sesso,ok,hub,4,11,0,"",2026-07-24
68_356_DF_DCCV_TURISTI_CAPI_3,Classe di età,ok,hub,4,16,0,"",2026-07-24
68_356_DF_DCCV_TURISTI_CAPI_4,Condizione professionale,ok,hub,5,20,0,"",2026-07-24
68_356_DF_DCCV_TURISTI_CAPI_5,Destinazione,ok,hub,4,12,0,"",2026-07-24
68_356_DF_DCCV_TURISTI_CAPI_6,Residenza,ok,hub,4,14,0,"",2026-07-24
68_356_DF_DCCV_TURISTI_CAPI_7,Viaggiatori per lavoro,ok,hub,7,15,0,"",2026-07-24
68_357,Pernottamenti in viaggio,ok,hub,9,156,0,"",2026-07-24
68_357_DF_DCCV_TURNOT_CAPI_1,Pernottamenti in Italia e regione di destinazione,ok,hub,5,41,0,"",2026-07-24
68_357_DF_DCCV_TURNOT_CAPI_2,Pernottamenti all'estero e paese di destinazione,ok,hub,5,67,0,"",2026-07-24
68_357_DF_DCCV_TURNOT_CAPI_3,Destinazione e tipo di viaggio,ok,hub,5,23,0,"",2026-07-24
68_357_DF_DCCV_TURNOT_CAPI_4,Sesso e classe di età,ok,hub,7,24,0,"",2026-07-24
68_357_DF_DCCV_TURNOT_CAPI_5,Condizione professionale,ok,hub,7,24,0,"",2026-07-24
68_357_DF_DCCV_TURNOT_CAPI_6,Destinazione e residenza,ok,hub,5,24,0,"",2026-07-24
68_357_DF_DCCV_TURNOT_CAPI_7,Destinazione e tipo di alloggio,ok,hub,6,28,0,"",2026-07-24
68_357_DF_DCCV_TURNOT_CAPI_8,N. medio notti in viaggio,ok,hub,5,15,0,"",2026-07-24
68_357_DF_DCCV_TURNOT_CAPI_9,Notti di vacanza per 1.000 residenti (medie giornaliere),ok,hub,5,11,0,"",2026-07-24
68_359,Viaggi per caratteristiche del viaggiatore,ok,hub,10,70,0,"",2026-07-24
68_359_DF_DCCV_VIAGGI_RES_1,"Viaggi per sesso, classe di età della persona che ha viaggiato e tipologia del viaggio. Dati assoluti (in migliaia) - Livello Nazionale",ok,hub,10,23,0,"",2026-07-24
68_359_DF_DCCV_VIAGGI_RES_10,Viaggi per sesso e tipologia del viaggio. Dati percentuali sul totale dei viaggi dello stesso tipo - Livello Nazionale,ok,hub,10,18,0,"",2026-07-24
68_359_DF_DCCV_VIAGGI_RES_11,Viaggi per classe di età e tipologia del viaggio. Dati percentuali sul totale dei viaggi dello stesso tipo - Livello Nazionale,ok,hub,10,21,0,"",2026-07-24
68_359_DF_DCCV_VIAGGI_RES_12,Viaggi per tipologia del viaggio e residenza della persona che ha viaggiato. Dati percentuali sul totale dei viaggi dello stesso tipo - Livello Ripartizionale,ok,hub,10,19,0,"",2026-07-24
68_359_DF_DCCV_VIAGGI_RES_13,"Viaggi per tipologia del viaggio, residenza della persona che ha viaggiato e destinazione. Dati percentuali sul totale dei viaggi dello stesso tipo e con la stessa destinazione - Livello Ripartizionale",ok,hub,10,25,0,"",2026-07-24
68_359_DF_DCCV_VIAGGI_RES_14,"Viaggi per sesso, classe di età e tipologia del viaggio. Dati percentuali sul totale dei viaggi dello stesso tipo effettuati da persone con le stesse caratteristiche - Livello Nazionale",ok,hub,10,23,0,"",2026-07-24
68_359_DF_DCCV_VIAGGI_RES_15,Viaggi per destinazione e tipologia del viaggio. Dati percentuali sul totale dei viaggi dello stesso tipo e con la stessa area geografica di provenienza della persona che ha viaggiato - Livello Ripartizionale,ok,hub,10,25,0,"",2026-07-24
68_359_DF_DCCV_VIAGGI_RES_16,Viaggi delle persone di 15 anni e più per condizione e posizione nella professione della persona che ha viaggiato e tipologia del viaggio. Dati percentuali sul totale dei viaggi dello stesso tipo - Livello Nazionale,ok,hub,10,28,0,"",2026-07-24
68_359_DF_DCCV_VIAGGI_RES_17,"Viaggi di vacanza per durata della vacanza, principale mezzo di trasporto e residenza della persona che ha viaggiato. Dati percentuali sul totale delle vacanze della stessa durata e area geografica di provenienza della persona che ha viaggiato - Livello Ripartizionale",ok,hub,10,21,0,"",2026-07-24
68_359_DF_DCCV_VIAGGI_RES_18,"Viaggi di vacanza per durata della vacanza, principale alloggio e residenza della persona che ha viaggiato. Dati percentuali sul totale delle vacanze della stessa durata e area geografica di provenienza della persona che ha viaggiato - Livello ripartizionale",ok,hub,10,24,0,"",2026-07-24
68_359_DF_DCCV_VIAGGI_RES_2,Viaggi per residenza della persona che ha viaggiato e tipologia del viaggio. Dati assoluti (in migliaia) - Livello Ripartizionale,ok,hub,10,19,0,"",2026-07-24
68_359_DF_DCCV_VIAGGI_RES_3,"Viaggi per tipologia del viaggio, residenza della persona che ha viaggiato e destinazione. Dati assoluti (in migliaia) - Livello Ripartizionale",ok,hub,10,25,0,"",2026-07-24
68_359_DF_DCCV_VIAGGI_RES_4,Viaggi per residenza della persona che ha viaggiato e tipologia del viaggio. Dati assoluti (in migliaia) - Tipologia comunale,ok,hub,10,22,0,"",2026-07-24
68_359_DF_DCCV_VIAGGI_RES_5,Viaggi delle persone di 15 anni e più per condizione e posizione nella professione della persona che ha viaggiato e tipologia del viaggio. Dati assoluti (in migliaia) - Livello Nazionale,ok,hub,10,28,0,"",2026-07-24
68_359_DF_DCCV_VIAGGI_RES_6,"Viaggi di vacanza per durata della vacanza, principale mezzo di trasporto e residenza della persona che ha viaggiato. Dati assoluti (in migliaia) - Livello Ripartizionale",ok,hub,10,21,0,"",2026-07-24
68_359_DF_DCCV_VIAGGI_RES_7,"Viaggi di vacanza per durata della vacanza, principale tipo di alloggio e residenza della persona che ha viaggiato. Dati assoluti (in migliaia) - Livello Ripartizionale",ok,hub,10,24,0,"",2026-07-24
68_359_DF_DCCV_VIAGGI_RES_8,Viaggi per residenza della persona che ha viaggiato e tipologia del viaggio. Dati percentuali sul totale dei viaggi con la stessa area di provenienza della persona che ha viaggiato - Livello Ripartizionale,ok,hub,10,19,0,"",2026-07-24
68_359_DF_DCCV_VIAGGI_RES_9,Viaggi per residenza della persona che ha viaggiato e tipologia del viaggio. Dati percentuali sul totale dei viaggi con la stessa area di provenienza della persona che ha viaggiato - Tipologia comunale,ok,hub,10,22,0,"",2026-07-24
68_365,Viaggi per motivo del viaggio,ok,hub,7,58,0,"",2026-07-24
68_365_DF_DCCV_VIAGGI_1,Vacanze per motivo prevalente e durata. Dati assoluti (in migliaia) - Livello Nazionale,ok,hub,7,16,0,"",2026-07-24
68_365_DF_DCCV_VIAGGI_10,Vacanze per motivo prevalente,ok,hub,5,15,0,"",2026-07-24
68_365_DF_DCCV_VIAGGI_11,Vacanze di 4 notti e più,ok,hub,5,13,0,"",2026-07-24
68_365_DF_DCCV_VIAGGI_12,Vacanze di piacere (fino al 2012),ok,hub,5,21,0,"",2026-07-24
68_365_DF_DCCV_VIAGGI_13,Vacanze di piacere per destinazione (v.p. dal 2013),ok,hub,6,15,0,"",2026-07-24
68_365_DF_DCCV_VIAGGI_14,Viaggi di lavoro per motivo prevalente,ok,hub,5,20,0,"",2026-07-24
68_365_DF_DCCV_VIAGGI_2,Vacanze per motivo prevalente e durata. Dati percentuali sul totale delle vacanze della stessa durata - Livello Nazionale,ok,hub,7,16,0,"",2026-07-24
68_365_DF_DCCV_VIAGGI_3,Vacanze di 4 notti e più per trimestre e classe di durata. Dati assoluti (in migliaia) - Livello Nazionale,ok,hub,7,14,0,"",2026-07-24
68_365_DF_DCCV_VIAGGI_4,Vacanze di 4 notti e più per trimestre e classe di durata. Dati percentuali sul totale delle vacanze di 4 e più notti nel periodo di riferimento - Livello Nazionale,ok,hub,7,14,0,"",2026-07-24
68_365_DF_DCCV_VIAGGI_5,Vacanze di piacere/svago per tipo di vacanza e durata. Dati assoluti (in migliaia) - Livello Nazionale,ok,hub,7,22,0,"",2026-07-24
68_365_DF_DCCV_VIAGGI_6,Vacanze di piacere/svago per tipo di vacanza e durata. Dati percentuali sul totale delle vacanze della stessa durata - Livello Nazionale,ok,hub,7,22,0,"",2026-07-24
68_365_DF_DCCV_VIAGGI_7,Viaggi di piacere/svago per tipo di luogo e destinazione principale. Dati per 100 viaggi nella stessa destinazione - Livello Nazionale,ok,hub,7,16,0,"",2026-07-24
68_365_DF_DCCV_VIAGGI_8,Viaggi di lavoro per motivo prevalente. Dati assoluti (in migliaia) - Livello Nazionale,ok,hub,7,21,0,"",2026-07-24
68_365_DF_DCCV_VIAGGI_9,Viaggi di lavoro per motivo prevalente. Dati percentuali sul totale dei viaggi di lavoro - Livello Nazionale,ok,hub,7,21,0,"",2026-07-24
68_370,Persone che non hanno viaggiato per vacanza (dati trimestrali),ok,hub,4,13,0,"",2026-07-24
68_370_DF_DCCV_NON_TURISTI_1,Persone che non hanno viaggiato per vacanza per motivo prevalente e trimestre. Dati assoluti (in migliaia) - Livello nazionale,ok,hub,4,12,0,"",2026-07-24
68_370_DF_DCCV_NON_TURISTI_2,Persone che non hanno viaggiato per vacanza per motivo prevalente e trimestre. Dati percentuali - Livello nazionale,ok,hub,4,12,0,"",2026-07-24
68_370_DF_DCCV_NON_TURISTI_3,Motivo prevalente,ok,hub,3,12,0,"",2026-07-24
68_371,Persone che hanno viaggiato (dati trimestrali),ok,hub,8,46,0,"",2026-07-24
68_371_DF_DCCV_TURISTI_1,"Persone che hanno viaggiato per tipologia del viaggio, destinazione e trimestre. Dati assoluti (in migliaia) - Livello Nazionale",ok,hub,8,17,0,"",2026-07-24
68_371_DF_DCCV_TURISTI_10,Occupati di 15 anni e più che hanno viaggiato per lavoro per trimestre. Dati assoluti (in migliaia) - Livello ripartizionale,ok,hub,8,13,0,"",2026-07-24
68_371_DF_DCCV_TURISTI_11,Occupati di 15 anni e più che hanno viaggiato per lavoro per sesso e trimestre. Dati per 100 abitanti con le stesse caratteristiche - Livello Nazionale,ok,hub,8,12,0,"",2026-07-24
68_371_DF_DCCV_TURISTI_12,Occupati di 15 anni e più che hanno viaggiato per lavoro per trimestre. Dati per 100 abitanti con le stesse caratteristiche - Livello ripartizionale,ok,hub,8,13,0,"",2026-07-24
68_371_DF_DCCV_TURISTI_13,"Persone di 15 anni e più che hanno viaggiato per tipologia del viaggio, condizione professionale e trimestre. Dati assoluti (in migliaia) - Livello Nazionale",ok,hub,8,26,0,"",2026-07-24
68_371_DF_DCCV_TURISTI_14,"Persone di 15 anni e più che hanno viaggiato per tipologia del viaggio, condizione professionale e trimestre. Dati per 100 abitanti con le stesse caratteristiche - Livello Nazionale",ok,hub,8,26,0,"",2026-07-24
68_371_DF_DCCV_TURISTI_15,Persone che hanno viaggiato. Media annuale. Dati per 100 abitanti - Livello ripartizionale,ok,hub,8,13,0,"",2026-07-24
68_371_DF_DCCV_TURISTI_16,Persone di 15 anni e più occupate che hanno viaggiato per lavoro. Media annuale. Dati assoluti (in migliaia) - Livello ripartizionale,ok,hub,8,13,0,"",2026-07-24
68_371_DF_DCCV_TURISTI_17,Persone di 15 anni e più occupate che hanno viaggiato per lavoro. Media annuale. Dati per 100 abitanti con le stesse caratteristiche - Livello ripartizionale,ok,hub,8,13,0,"",2026-07-24
68_371_DF_DCCV_TURISTI_18,Tipologia del viaggio e destinazione,ok,hub,8,18,0,"",2026-07-24
68_371_DF_DCCV_TURISTI_19,Tipologia del viaggio e sesso,ok,hub,8,17,0,"",2026-07-24
68_371_DF_DCCV_TURISTI_2,"Persone che hanno viaggiato per tipologia del viaggio, sesso e trimestre. Dati assoluti (in migliaia) - Livello Nazionale",ok,hub,8,16,0,"",2026-07-24
68_371_DF_DCCV_TURISTI_20,Tipologia del viaggio e classe di età,ok,hub,8,20,0,"",2026-07-24
68_371_DF_DCCV_TURISTI_21,Tipologia del viaggio e condizione professionale,ok,hub,8,27,0,"",2026-07-24
68_371_DF_DCCV_TURISTI_22,Livello ripartizionale,ok,hub,8,18,0,"",2026-07-24
68_371_DF_DCCV_TURISTI_23,Valori medi,ok,hub,8,13,0,"",2026-07-24
68_371_DF_DCCV_TURISTI_24,Sesso,ok,hub,8,13,0,"",2026-07-24
68_371_DF_DCCV_TURISTI_25,Livello ripartizionale,ok,hub,8,14,0,"",2026-07-24
68_371_DF_DCCV_TURISTI_26,Valori medi,ok,hub,8,14,0,"",2026-07-24
68_371_DF_DCCV_TURISTI_3,"Persone che hanno viaggiato per tipologia del viaggio, classe di età e trimestre. Dati assoluti (in migliaia) - Livello Nazionale",ok,hub,8,19,0,"",2026-07-24
68_371_DF_DCCV_TURISTI_4,Persone che hanno viaggiato per tipologia del viaggio e trimestre. Dati assoluti (in migliaia) - Livello ripartizionale,ok,hub,8,17,0,"",2026-07-24
68_371_DF_DCCV_TURISTI_5,"Persone che hanno viaggiato per tipologia del viaggio, destinazione e trimestre. Dati per 100 abitanti - Livello nazionale",ok,hub,8,17,0,"",2026-07-24
68_371_DF_DCCV_TURISTI_6,Persone che hanno viaggiato per tipologia del viaggio e trimestre - Dati per 100 abitanti - Livello ripartizionale,ok,hub,8,17,0,"",2026-07-24
68_371_DF_DCCV_TURISTI_7,"Persone che hanno viaggiato per tipologia del viaggio, sesso e trimestre. Dati per 100 abitanti con le stesse caratteristiche - Livello Nazionale",ok,hub,8,16,0,"",2026-07-24
68_371_DF_DCCV_TURISTI_8,"Persone che hanno viaggiato per tipologia del viaggio, classe di età e trimestre. Dati per 100 abitanti con le stesse caratteristiche - Livello Nazionale",ok,hub,8,19,0,"",2026-07-24
68_371_DF_DCCV_TURISTI_9,Occupati di 15 anni e più che hanno viaggiato per lavoro per sesso e trimestre. Dati assoluti (in migliaia) - Livello Nazionale,ok,hub,8,12,0,"",2026-07-24
68_380,Viaggi per caratteristiche del viaggio,ok,hub,13,188,0,"",2026-07-24
68_380_DF_DCCV_VIAGGI_CHARACT_1,"Viaggi per trimestre, destinazione principale e tipologia del viaggio. Dati assoluti (in migliaia) - Livello Nazionale",ok,hub,13,23,0,"",2026-07-24
68_380_DF_DCCV_VIAGGI_CHARACT_10,Viaggi di vacanza e di lavoro per destinazione principale e alloggio prevalente. Dati assoluti (in migliaia) - Livello Nazionale,ok,hub,13,32,0,"",2026-07-24
68_380_DF_DCCV_VIAGGI_CHARACT_11,Viaggi per trimestre e tipologia del viaggio. Dati percentuali sul totale dei viaggi effettuati nello stesso periodo- Livello Nazionale,ok,hub,13,20,0,"",2026-07-24
68_380_DF_DCCV_VIAGGI_CHARACT_12,Viaggi per destinazione principale e organizzazione. Dati percentuali sul totale dei viaggi con la stessa destinazione - Livello Nazionale,ok,hub,13,25,0,"",2026-07-24
68_380_DF_DCCV_VIAGGI_CHARACT_13,"Viaggi per anno, mese di inizio e tipologia del viaggio. Dati percentuali sul totale dei viaggi dello stesso tipo - Livello Nazionale",ok,hub,13,46,0,"",2026-07-24
68_380_DF_DCCV_VIAGGI_CHARACT_14,Viaggi per destinazione principale e tipologia del viaggio. Dati percentuali sul totale dei viaggi dello stesso tipo - Livello Nazionale,ok,hub,13,28,0,"",2026-07-24
68_380_DF_DCCV_VIAGGI_CHARACT_15,Viaggi per organizzazione dell'alloggio e tipologia del viaggio. Dati percentuali sul totale dei viaggi dello stesso tipo - Livello Nazionale,ok,hub,13,23,0,"",2026-07-24
68_380_DF_DCCV_VIAGGI_CHARACT_16,Viaggi per organizzazione del trasporto e tipologia del viaggio. Dati percentuali sul totale dei viaggi dello stesso tipo - Livello Nazionale,ok,hub,13,23,0,"",2026-07-24
68_380_DF_DCCV_VIAGGI_CHARACT_17,Viaggi con prenotazione tramite internet per tipologia del viaggio. Dati percentuali sul totale dei viaggi dello stesso tipo - Livello Nazionale,ok,hub,13,22,0,"",2026-07-24
68_380_DF_DCCV_VIAGGI_CHARACT_18,"Viaggi per destinazione principale, organizzazione e tipologia del viaggio. Dati percentuali sul totale dei viaggi dello stesso tipo e con la stessa destinazione - Livello Nazionale",ok,hub,13,26,0,"",2026-07-24
68_380_DF_DCCV_VIAGGI_CHARACT_19,"Viaggi di vacanza e di lavoro per destinazione principale, principale mezzo di trasporto. Dati percentuali sul totale dei viaggi dello stesso tipo e con la stessa destinazione - Livello Nazionale",ok,hub,13,27,0,"",2026-07-24
68_380_DF_DCCV_VIAGGI_CHARACT_2,"Viaggi per anno, mese di inizio e tipologia del viaggio. Dati assoluti (in migliaia) - Livello Nazionale",ok,hub,13,46,0,"",2026-07-24
68_380_DF_DCCV_VIAGGI_CHARACT_20,Viaggi di vacanza e di lavoro per destinazione principale e alloggio prevalente. Dati percentuali sul totale dei viaggi dello stesso tipo e con la stessa destinazione - Livello Nazionale,ok,hub,13,31,0,"",2026-07-24
68_380_DF_DCCV_VIAGGI_CHARACT_21,Viaggi all'estero per paese di destinazione e tipologia del viaggio. Dati assoluti (in migliaia) - Livello Nazionale,ok,hub,13,77,0,"",2026-07-24
68_380_DF_DCCV_VIAGGI_CHARACT_22,Viaggi all'estero per paese di destinazione e tipologia del viaggio.. Dati percentuali sul totale dei viaggi all'estero dello stesso tipo - Livello Nazionale,ok,hub,13,77,0,"",2026-07-24
68_380_DF_DCCV_VIAGGI_CHARACT_23,Viaggi in Italia per regione di destinazione e tipologia del viaggio. Dati assoluti (in migliaia) - Livello Nazionale,ok,hub,13,48,0,"",2026-07-24
68_380_DF_DCCV_VIAGGI_CHARACT_24,Viaggi in Italia per regione di destinazione e tipologia del viaggio. Dati percentuali sul totale dei viaggi in Italia dello stesso tipo - Livello Nazionale,ok,hub,13,48,0,"",2026-07-24
68_380_DF_DCCV_VIAGGI_CHARACT_25,Viaggi medi procapite per ripartizione geografica,ok,hub,13,18,0,"",2026-07-24
68_380_DF_DCCV_VIAGGI_CHARACT_3,Viaggi per destinazione principale e tipologia del viaggio. Dati assoluti (in migliaia) - Livello Nazionale,ok,hub,13,29,0,"",2026-07-24
68_380_DF_DCCV_VIAGGI_CHARACT_4,"Viaggi per destinazione principale, organizzazione e tipologia del viaggio. Dati assoluti (in migliaia) - Livello Nazionale",ok,hub,13,27,0,"",2026-07-24
68_380_DF_DCCV_VIAGGI_CHARACT_5,Viaggi per destinazione principale e organizzazione. Dati assoluti (in migliaia) - Livello Nazionale,ok,hub,13,26,0,"",2026-07-24
68_380_DF_DCCV_VIAGGI_CHARACT_6,Viaggi per organizzazione dell'alloggio e tipologia del viaggio. Dati assoluti (in migliaia) - Livello Nazionale,ok,hub,13,24,0,"",2026-07-24
68_380_DF_DCCV_VIAGGI_CHARACT_7,Viaggi per organizzazione del trasporto e tipologia del viaggio. Dati assoluti (in migliaia) - Livello Nazionale,ok,hub,13,24,0,"",2026-07-24
68_380_DF_DCCV_VIAGGI_CHARACT_8,Viaggi con prenotazione tramite internet per tipologia del viaggio. Dati assoluti (in migliaia) - Livello Nazionale,ok,hub,13,23,0,"",2026-07-24
68_380_DF_DCCV_VIAGGI_CHARACT_9,"Viaggi di vacanza e di lavoro per destinazione principale, principale mezzo di trasporto. Dati assoluti (in migliaia) - Livello Nazionale",ok,hub,13,28,0,"",2026-07-24
68_381,Pernottamenti in viaggio,ok,hub,9,155,0,"",2026-07-24
68_381_DF_DCCV_TURNOT_1,"Notti per trimestre, destinazione principale e tipologia del viaggio. Dati assoluti (in migliaia) - Livello Nazionale",ok,hub,9,19,0,"",2026-07-24
68_381_DF_DCCV_TURNOT_10,Notti per destinazione e tipologia del viaggio. Dati percentuali sul totale delle notti in viaggi dello stesso tipo - Livello Nazionale,ok,hub,9,24,0,"",2026-07-24
68_381_DF_DCCV_TURNOT_11,"Notti per destinazione principale, alloggio prevalente e tipologia del viaggio. Dati percentuali sul totale delle notti in viaggio dello stesso tipo e con la stessa destinazione - Livello Nazionale",ok,hub,9,29,0,"",2026-07-24
68_381_DF_DCCV_TURNOT_12,Notti per destinazione e tipologia del viaggio. Dati percentuali sul totale delle notti in viaggio dello stesso tipo e con la stessa destinazione - Livello Ripartizionale,ok,hub,9,24,0,"",2026-07-24
68_381_DF_DCCV_TURNOT_13,Notti per destinazione e tipologia del viaggio. Dati percentuali sul totale delle notti in viaggio dello stesso tipo e con la stessa area geografica di provenienza della persona che ha viaggiato - Livello Ripartizionale,ok,hub,9,24,0,"",2026-07-24
68_381_DF_DCCV_TURNOT_14,"Notti per sesso, classe di età della persona che ha viaggiato e tipologia del viaggio. Dati percentuali sul totale delle notti in viaggio dello stesso tipo effettuati da persone dello stesso sesso - Livello Nazionale",ok,hub,9,22,0,"",2026-07-24
68_381_DF_DCCV_TURNOT_15,Notti in Italia per regione di destinazione e tipologia del viaggio. Dati percentuali sul totale delle notti in viaggi in Italia dello stesso tipo - Livello Nazionale,ok,hub,9,44,0,"",2026-07-24
68_381_DF_DCCV_TURNOT_16,Notti all'estero per paese di destinazione e tipologia del viaggio. Dati percentuali sul totale delle notti in viaggi all'estero dello stesso tipo - Livello Nazionale,ok,hub,9,73,0,"",2026-07-24
68_381_DF_DCCV_TURNOT_17,Notti delle persone di 15 anni e più per condizione e posizione nella professione della persona che ha viaggiato e tipologia del viaggio. Dati percentuali sul totale delle notti in viaggi dello stesso tipo - Livello Nazionale,ok,hub,9,27,0,"",2026-07-24
68_381_DF_DCCV_TURNOT_18,"Durata media del viaggio per trimestre, destinazione principale e tipologia del viaggio - Livello Nazionale",ok,hub,9,19,0,"",2026-07-24
68_381_DF_DCCV_TURNOT_19,Presenze turistiche medie giornaliere di vacanza in Italia per ripartizione geografica di destinazione e trimestre. Dati per 1000 residenti - Livello Nazionale,ok,hub,9,15,0,"",2026-07-24
68_381_DF_DCCV_TURNOT_2,"Notti per destinazione principale, alloggio prevalente e tipologia del viaggio. Dati assoluti (in migliaia) - Livello Nazionale",ok,hub,9,30,0,"",2026-07-24
68_381_DF_DCCV_TURNOT_3,Notti per destinazione e tipologia del viaggio. Dati assoluti (in migliaia) - Livello Nazionale,ok,hub,9,25,0,"",2026-07-24
68_381_DF_DCCV_TURNOT_4,"Notti per sesso, classe di età della persona che ha viaggiato e tipologia del viaggio. Dati assoluti (in migliaia) - Livello Nazionale",ok,hub,9,23,0,"",2026-07-24
68_381_DF_DCCV_TURNOT_5,Notti per destinazione e tipologia del viaggio. Dati assoluti (in migliaia) - Livello Ripartizionale,ok,hub,9,25,0,"",2026-07-24
68_381_DF_DCCV_TURNOT_6,Notti in Italia per regione di destinazione e tipologia del viaggio. Dati assoluti (in migliaia) - Livello Nazionale,ok,hub,9,44,0,"",2026-07-24
68_381_DF_DCCV_TURNOT_7,Notti all'estero per paese di destinazione e tipologia del viaggio. Dati assoluti (in migliaia) - Livello Nazionale,ok,hub,9,73,0,"",2026-07-24
68_381_DF_DCCV_TURNOT_8,Notti delle persone di 15 anni e più per condizione e posizione nella professione della persona che ha viaggiato e tipologia del viaggio. Dati assoluti (in migliaia),ok,hub,9,27,0,"",2026-07-24
68_381_DF_DCCV_TURNOT_9,Notti di vacanza e lavoro per trimestre. Dati percentuali sul totale delle notti in viaggio - Livello Nazionale,ok,hub,9,16,0,"",2026-07-24
68_697,Viaggi per motivo,ok,hub,7,55,0,"",2026-07-24
68_697_DF_DCCV_VIAGGI_CAPI_1,Vacanze,ok,hub,6,15,0,"",2026-07-24
68_697_DF_DCCV_VIAGGI_CAPI_2,Vacanze di 4 notti e più,ok,hub,6,14,0,"",2026-07-24
68_697_DF_DCCV_VIAGGI_CAPI_3,Vacanze di piacere/svago - dati annuali,ok,hub,5,18,0,"",2026-07-24
68_697_DF_DCCV_VIAGGI_CAPI_4,Vacanze di piacere/svago - dati trimestrali,ok,hub,5,16,0,"",2026-07-24
68_697_DF_DCCV_VIAGGI_CAPI_5,Vacanze di piacere/svago per luogo di destinazione,ok,hub,7,16,0,"",2026-07-24
68_697_DF_DCCV_VIAGGI_CAPI_6,Vacanze di piacere /svago per durata,ok,hub,6,17,0,"",2026-07-24
68_697_DF_DCCV_VIAGGI_CAPI_7,Viaggi di lavoro,ok,hub,5,20,0,"",2026-07-24
68_698,Viaggi e loro caratteristiche,ok,hub,12,170,0,"",2026-07-24
68_698_DF_DCCV_VIAGGI_CHARACT_CAPI_1,Destinazione - dati trimestrali,ok,hub,5,23,0,"",2026-07-24
68_698_DF_DCCV_VIAGGI_CHARACT_CAPI_10,Regione di destinazione,ok,hub,5,41,0,"",2026-07-24
68_698_DF_DCCV_VIAGGI_CHARACT_CAPI_11,Paese estero di destinazione,ok,hub,5,67,0,"",2026-07-24
68_698_DF_DCCV_VIAGGI_CHARACT_CAPI_12,Viaggi procapite,ok,hub,4,11,0,"",2026-07-24
68_698_DF_DCCV_VIAGGI_CHARACT_CAPI_2,Alloggio e destinazione,ok,hub,6,26,0,"",2026-07-24
68_698_DF_DCCV_VIAGGI_CHARACT_CAPI_3,Mezzo di trasporto e destinazione,ok,hub,6,22,0,"",2026-07-24
68_698_DF_DCCV_VIAGGI_CHARACT_CAPI_4,Tipo di prenotazione e viaggio in Italia o all'estero (fino al 2018),ok,hub,5,20,0,"",2026-07-24
68_698_DF_DCCV_VIAGGI_CHARACT_CAPI_5,Tipo di prenotazione e destinazione (fino al 2018),ok,hub,5,19,0,"",2026-07-24
68_698_DF_DCCV_VIAGGI_CHARACT_CAPI_6,Prenotazione dell'alloggio,ok,hub,6,18,0,"",2026-07-24
68_698_DF_DCCV_VIAGGI_CHARACT_CAPI_7,Prenotazione del trasporto,ok,hub,6,18,0,"",2026-07-24
68_698_DF_DCCV_VIAGGI_CHARACT_CAPI_8,Prenotazione via internet,ok,hub,6,16,0,"",2026-07-24
68_698_DF_DCCV_VIAGGI_CHARACT_CAPI_9,Mese di inizio,ok,hub,6,26,0,"",2026-07-24
68_699,Viaggi per caratteristiche del viaggiatore,ok,hub,10,70,0,"",2026-07-24
68_699_DF_DCCV_VIAGGI_RES_CAPI_1,Sesso e classe di età,ok,hub,6,23,0,"",2026-07-24
68_699_DF_DCCV_VIAGGI_RES_CAPI_2,Condizione professionale,ok,hub,6,23,0,"",2026-07-24
68_699_DF_DCCV_VIAGGI_RES_CAPI_3,Residenza e destinazione,ok,hub,5,26,0,"",2026-07-24
68_699_DF_DCCV_VIAGGI_RES_CAPI_4,Residenza e tipo di viaggio,ok,hub,5,19,0,"",2026-07-24
68_699_DF_DCCV_VIAGGI_RES_CAPI_5,Vacanze - residenza e tipo di alloggio,ok,hub,6,23,0,"",2026-07-24
68_699_DF_DCCV_VIAGGI_RES_CAPI_6,Vacanze - residenza e mezzo di trasporto,ok,hub,6,20,0,"",2026-07-24
68_702,Viaggi e pernottamenti - Serie ricostruite 1997-2013,ok,hub,4,13,0,"",2026-07-24
68_702_DF_DCCV_TUR_RIC_CAPI_1,Dati trimestrali,ok,hub,3,9,0,"",2026-07-24
68_702_DF_DCCV_TUR_RIC_CAPI_2,Residenza - rip.,ok,hub,4,13,0,"",2026-07-24
6_1095_DF_DCCN_ISTITUZ_TNA1_B19_1,Reddito disponibile delle famiglie nelle regioni italiane - edizioni gennaio 2020 - dicembre 2023,error,"",0,0,1,HubUnavailable: hub did not answer (timeout or HTTP error),2026-07-24
6_20,Ricerca e Sviluppo,ok,hub,15,188,0,"",2026-07-24
6_20_DF_DCSP_RS_1,Spesa (% sul Pil),ok,hub,4,6,0,"",2026-07-25
6_20_DF_DCSP_RS_10,Addetti per titolo di studio,ok,hub,7,20,0,"",2026-07-25
6_20_DF_DCSP_RS_11,Addetti per disciplina scientifica,ok,hub,7,23,0,"",2026-07-25
6_20_DF_DCSP_RS_12,Addetti delle imprese per settore economico (Ateco 2 cifre),ok,hub,6,55,0,"",2026-07-25
6_20_DF_DCSP_RS_13,Addetti - reg.,error,"",0,0,1,HubUnavailable: hub did not answer (timeout or HTTP error),2026-07-25
6_20_DF_DCSP_RS_14,Spesa delle imprese per settore utilizzatore,ok,hub,4,37,0,"",2026-07-25
6_20_DF_DCSP_RS_15,Spesa in R&S intra-muros delle imprese per controllo societario,ok,hub,4,10,0,"",2026-07-25
6_20_DF_DCSP_RS_2,Stanziamenti delle amministrazioni centrali e locali,ok,hub,4,19,0,"",2026-07-25
6_20_DF_DCSP_RS_3,Spesa per tipo di ricerca,ok,hub,5,14,0,"",2026-07-25
6_20_DF_DCSP_RS_4,Spesa per fonte di finanziamento,ok,hub,5,15,0,"",2026-07-25
6_20_DF_DCSP_RS_5,Spesa per disciplina scientifica,ok,hub,5,17,0,"",2026-07-25
6_20_DF_DCSP_RS_6,Spesa per tipo di costi sostenuti,ok,hub,5,19,0,"",2026-07-25
6_20_DF_DCSP_RS_7,Spesa - reg.,ok,hub,4,36,0,"",2026-07-25
6_20_DF_DCSP_RS_8,Spesa delle imprese per classe di addetti,ok,hub,5,15,0,"",2026-07-25
6_20_DF_DCSP_RS_9,Spesa delle imprese per settore economico (Ateco 2 cifre),ok,hub,5,55,0,"",2026-07-25
6_379_DF_DCCN_OCCTSEC2010_B19_1,Occupazione regionale - edizioni gennaio 2020 - dicembre 2023,error,"",0,0,1,HubUnavailable: hub did not answer (timeout or HTTP error),2026-07-25
6_379_DF_DCCN_OCCTSEC2010_B19_2,Occupazione provinciale - edizioni gennaio 2020 - dicembre 2023,error,"",0,0,1,HubUnavailable: hub did not answer (timeout or HTTP error),2026-07-25
6_379_DF_DCCN_OCCTSEC2010_B19_3,Tasso di irregolarità - edizioni gennaio 2020 - dicembre 2023,ok,hub,6,47,0,"",2026-07-25
6_379_DF_DCCN_OCCTSEC2010_B19_4,Popolazione media annua - edizioni gennaio 2020 - dicembre 2023,ok,hub,5,41,0,"",2026-07-25
6_382_DF_DCCN_SQCT_B19_1,Sequenza dei conti - edizioni gennaio 2020 - dicembre 2023,ok,hub,6,62,0,"",2026-07-25
6_39,ICT nelle imprese con almeno 10 addetti,ok,hub,5,521,0,"",2026-07-25
6_39_DF_DCSP_ICT_1,Principali indicatori,ok,hub,5,40,0,"",2026-07-25
6_39_DF_DCSP_ICT_10,Intelligenza Artificiale,ok,hub,5,65,0,"",2026-07-25
6_39_DF_DCSP_ICT_11,Robotica e stampa 3d,ok,hub,5,54,0,"",2026-07-25
6_39_DF_DCSP_ICT_12,"Tecnologie per l'organizzzazione interna, di filiera e internet delle cose",ok,hub,5,100,0,"",2026-07-25
6_39_DF_DCSP_ICT_13,Sicurezza informatica,ok,hub,5,99,0,"",2026-07-25
6_39_DF_DCSP_ICT_14,Competenze e formazione in ICT,ok,hub,5,72,0,"",2026-07-25
6_39_DF_DCSP_ICT_15,Indicatori Industria 4.0 - aree tecnologiche di acquisto,ok,hub,5,64,0,"",2026-07-25
6_39_DF_DCSP_ICT_16,Indicatori Industria 4.0 - fattori di digitalizzazione,ok,hub,5,52,0,"",2026-07-25
6_39_DF_DCSP_ICT_17,Indicatori DESI,ok,hub,5,51,0,"",2026-07-25
6_39_DF_DCSP_ICT_18,ICT nelle imprese - rip,ok,hub,5,497,0,"",2026-07-25
6_39_DF_DCSP_ICT_19,ICT nelle imprese - reg,ok,hub,5,481,0,"",2026-07-25
6_39_DF_DCSP_ICT_2,"Connessione e utilizzo di internet, sito web",ok,hub,5,87,0,"",2026-07-25
6_39_DF_DCSP_ICT_20,ICT e ambiente,ok,hub,5,52,0,"",2026-07-25
6_39_DF_DCSP_ICT_3,Social media,ok,hub,5,57,0,"",2026-07-25
6_39_DF_DCSP_ICT_4,Commercio elettronico,ok,hub,5,89,0,"",2026-07-25
6_39_DF_DCSP_ICT_5,Vendite on-line,ok,hub,5,59,0,"",2026-07-25
6_39_DF_DCSP_ICT_6,Acquisti on-line,ok,hub,5,51,0,"",2026-07-25
6_39_DF_DCSP_ICT_7,Fatturazione elettronica,ok,hub,5,58,0,"",2026-07-25
6_39_DF_DCSP_ICT_8,Cloud Computing,ok,hub,5,81,0,"",2026-07-25
6_39_DF_DCSP_ICT_9,Analisi di dati e Big Data,ok,hub,5,69,0,"",2026-07-25
6_471,Innovazione nelle imprese con almeno 10 addetti,error,"",0,0,1,HubUnavailable: hub did not answer (timeout or HTTP error),2026-07-25
6_471_DF_DCSP_LACIS_1,Innovazione nelle imprese con almeno 10 addetti - Principali dati,ok,hub,5,14,0,"",2026-07-25
6_471_DF_DCSP_LACIS_10,Mercato di riferimento e classe di addetti,ok,hub,6,19,0,"",2026-07-25
6_471_DF_DCSP_LACIS_11,Mercato di riferimento e settori economici (Ateco 2 cifre),ok,hub,6,65,0,"",2026-07-25
6_471_DF_DCSP_LACIS_12,Addetti laureati e classe di addetti,ok,hub,6,21,0,"",2026-07-25
6_471_DF_DCSP_LACIS_13,Addetti laureati e settori economici (Ateco 2 cifre),ok,hub,6,64,0,"",2026-07-25
6_471_DF_DCSP_LACIS_14,Implementazione dell'attività innovativa di prodotto e/o processo e classe di addetti,ok,hub,6,15,0,"",2026-07-25
6_471_DF_DCSP_LACIS_15,Implementazione dell'attività innovativa di prodotto e/o processo e settori economici (Ateco 2 cifre),ok,hub,6,57,0,"",2026-07-25
6_471_DF_DCSP_LACIS_16,Tipo di finanziamento e classe di addetti,ok,hub,6,20,0,"",2026-07-25
6_471_DF_DCSP_LACIS_17,Tipo di finaziamento e settori economici (Ateco 2 cifre),error,"",0,0,1,HubUnavailable: hub did not answer (timeout or HTTP error),2026-07-25
6_471_DF_DCSP_LACIS_18,Tipo di innovazione di prodotto/processo introdotta e classe di addetti,ok,hub,6,25,0,"",2026-07-25
6_471_DF_DCSP_LACIS_19,Tipo di innovazione di prodotto/processo introdotta e settori economici (Ateco 2 cifre),error,"",0,0,1,HubUnavailable: hub did not answer (timeout or HTTP error),2026-07-25
6_471_DF_DCSP_LACIS_2,Tipo di attività innovativa e classe di addetti,ok,hub,5,14,0,"",2026-07-25
6_471_DF_DCSP_LACIS_20,Metodi di sviluppo dell'innovazione di prodotto/processo e classe di addetti,empty,hub,0,0,0,"",2026-07-25
6_471_DF_DCSP_LACIS_21,Metodi di sviluppo dell'innovazione di prodotto/processo e settori economici (Ateco 2 cifre),empty,hub,0,0,0,"",2026-07-25
6_471_DF_DCSP_LACIS_22,Fatturato derivante da nuovi prodotti e classe di addetti,empty,hub,0,0,0,"",2026-07-25
6_471_DF_DCSP_LACIS_23,Fatturato derivante da nuovi prodotti e settori economici (Ateco 2 cifre),empty,hub,0,0,0,"",2026-07-25
6_471_DF_DCSP_LACIS_24,Tipo di spesa per l'innovazione e classe di addetti,error,"",0,0,1,HubUnavailable: hub did not answer (timeout or HTTP error),2026-07-25
6_471_DF_DCSP_LACIS_25,Tipo di spesa per l'innovazione e settori economici (Ateco 2 cifre),ok,hub,6,69,0,"",2026-07-25
6_471_DF_DCSP_LACIS_26,Localizzazione del partner della cooperazione e classe di addetti,error,"",0,0,1,HubUnavailable: hub did not answer (timeout or HTTP error),2026-07-25
6_471_DF_DCSP_LACIS_27,Localizzazione del partner della cooperazione e settori economici (Ateco 2 cifre),error,"",0,0,1,HubUnavailable: hub did not answer (timeout or HTTP error),2026-07-25
6_471_DF_DCSP_LACIS_28,Tipo di partner della cooperazione e classe di addetti,ok,hub,6,25,0,"",2026-07-25
6_471_DF_DCSP_LACIS_29,Tipo di partner della cooperazione e settori economici (Ateco 2 cifre),ok,hub,6,72,0,"",2026-07-25
6_471_DF_DCSP_LACIS_3,Tipo di attività innovativa e settori economici (Ateco 2 cifre),error,"",0,0,1,HubUnavailable: hub did not answer (timeout or HTTP error),2026-07-25
6_471_DF_DCSP_LACIS_30,Dati regionali,ok,hub,5,39,0,"",2026-07-25
6_471_DF_DCSP_LACIS_31,Approfondimenti sui dati regionali,error,"",0,0,1,HubUnavailable: hub did not answer (timeout or HTTP error),2026-07-25
6_471_DF_DCSP_LACIS_32,Strategie aziendali e classe di addetti,error,"",0,0,1,HubUnavailable: hub did not answer (timeout or HTTP error),2026-07-25
6_471_DF_DCSP_LACIS_33,Strategie aziendali e settori economici (Ateco 2 cifre),error,"",0,0,1,HubUnavailable: hub did not answer (timeout or HTTP error),2026-07-25
6_471_DF_DCSP_LACIS_34,Tipi di prodotti e servizi venduti e classe di addetti,error,"",0,0,1,HubUnavailable: hub did not answer (timeout or HTTP error),2026-07-25
6_471_DF_DCSP_LACIS_35,Tipi di prodotti e servizi venduti e settori economici (Ateco 2 cifre),error,"",0,0,1,HubUnavailable: hub did not answer (timeout or HTTP error),2026-07-25
6_471_DF_DCSP_LACIS_36,Forme di tutela della proprietà industriale e classe di addetti,ok,hub,6,21,0,"",2026-07-25
6_471_DF_DCSP_LACIS_37,Forme di tutela della proprietà industriale e settori economici (Ateco 2 cifre),error,"",0,0,1,HubUnavailable: hub did not answer (timeout or HTTP error),2026-07-25
6_471_DF_DCSP_LACIS_38,"Tecnologia, servizi tecnici e conoscenze acquisite e classe di addetti",error,"",0,0,1,HubUnavailable: hub did not answer (timeout or HTTP error),2026-07-25
6_471_DF_DCSP_LACIS_39,"Tecnologia, servizi tecnici e conoscenze acquisite e settori economici (Ateco 2 cifre)",error,"",0,0,1,HubUnavailable: hub did not answer (timeout or HTTP error),2026-07-25
6_471_DF_DCSP_LACIS_4,Età dell'impresa e classe di addetti,empty,hub,0,0,0,"",2026-07-25
6_471_DF_DCSP_LACIS_40,Pratiche di organizzazione del lavoro e classe di addetti,error,"",0,0,1,HubUnavailable: hub did not answer (timeout or HTTP error),2026-07-25
6_471_DF_DCSP_LACIS_41,Pratiche di organizzazione del lavoro e settori economici (Ateco 2 cifre),empty,hub,0,0,0,"",2026-07-25
6_471_DF_DCSP_LACIS_5,Età dell'impresa e classe di addetti e settori economici (Ateco 2 digit),empty,hub,0,0,0,"",2026-07-25
6_471_DF_DCSP_LACIS_6,Impatto degli interventi legislativo-normativi e settori economici (Ateco 2 digit),empty,hub,0,0,0,"",2026-07-25
6_471_DF_DCSP_LACIS_67,Benefici ambientali (Ateco 2 cifre),ok,hub,6,56,0,"",2026-07-25
6_471_DF_DCSP_LACIS_68,Benefici ambientali e classe di addetti,ok,hub,6,74,0,"",2026-07-25
6_471_DF_DCSP_LACIS_69,Fattori ambientali (Ateco 2 cifre),ok,hub,7,74,0,"",2026-07-25
6_471_DF_DCSP_LACIS_7,Impatto degli interventi legislativo-normativi e classe di addetti,empty,hub,0,0,0,"",2026-07-25
6_471_DF_DCSP_LACIS_70,Fattori ambientali e classe di addetti,ok,hub,7,27,0,"",2026-07-25
6_471_DF_DCSP_LACIS_71,Conseguenze dell'emergenza sanitaria COVID-19 e classe di addetti,ok,hub,6,58,0,"",2026-07-25
6_471_DF_DCSP_LACIS_72,Conseguenze dell'emergenza sanitaria COVID-19 (Ateco 2 cifre),ok,hub,6,75,0,"",2026-07-25
6_471_DF_DCSP_LACIS_73,Conseguenze dell'emergenza sanitaria COVID-19 su spese per innovazione e fatturato e classe di addetti,ok,hub,6,59,0,"",2026-07-25
6_471_DF_DCSP_LACIS_74,Conseguenze dell'emergenza sanitaria COVID-19 su spese per innovazione e fatturato (Ateco 2 cifre),error,"",0,0,1,HubUnavailable: hub did not answer (timeout or HTTP error),2026-07-25
6_471_DF_DCSP_LACIS_75,Cambiamento climatico e classe di addetti,error,"",0,0,1,HubUnavailable: hub did not answer (timeout or HTTP error),2026-07-25
6_471_DF_DCSP_LACIS_76,Cambiamento climatico (Ateco 2 cifre),error,"",0,0,1,HubUnavailable: hub did not answer (timeout or HTTP error),2026-07-25
6_471_DF_DCSP_LACIS_8,Fattori che hanno scoraggiato attività di innovazione e settori economici (Ateco 2 digit),empty,hub,0,0,0,"",2026-07-25
6_471_DF_DCSP_LACIS_9,Fattori che hanno scoraggiato attività di innovazione e classe di addetti,empty,hub,0,0,0,"",2026-07-25
6_471_TS,Innovazione nelle imprese con almeno 10 addetti - fino al 2020,empty,hub,0,0,0,"",2026-07-25
6_471_TS_DF_DCSP_LACIS_1,Innovazione nelle imprese con almeno 10 addetti - Serie storica - fino al 2020 - Principali dati,ok,hub,5,24,0,"",2026-07-25
6_471_TS_DF_DCSP_LACIS_10,Mercato di riferimento e classe di addetti,ok,hub,6,19,0,"",2026-07-25
6_471_TS_DF_DCSP_LACIS_11,Mercato di riferimento e settori economici (Ateco 2 cifre),ok,hub,6,65,0,"",2026-07-25
6_471_TS_DF_DCSP_LACIS_12,Addetti laureati e classe di addetti,ok,hub,6,22,0,"",2026-07-25
6_471_TS_DF_DCSP_LACIS_13,Addetti laureati e settori economici (Ateco 2 cifre),ok,hub,6,69,0,"",2026-07-25
6_471_TS_DF_DCSP_LACIS_14,Implementazione dell'attività innovativa di prodotto e/o processo e classe di addetti,ok,hub,6,18,0,"",2026-07-25
6_471_TS_DF_DCSP_LACIS_15,Implementazione dell'attività innovativa di prodotto e/o processo e settori economici (Ateco 2 cifre),ok,hub,6,65,0,"",2026-07-25
6_471_TS_DF_DCSP_LACIS_16,Tipo di finanziamento e classe di addetti,ok,hub,6,23,0,"",2026-07-25
6_471_TS_DF_DCSP_LACIS_17,Tipo di finaziamento e settori economici (Ateco 2 cifre),ok,hub,6,68,0,"",2026-07-25
6_471_TS_DF_DCSP_LACIS_18,Tipo di innovazione di prodotto/processo introdotta e classe di addetti,ok,hub,6,24,0,"",2026-07-25
6_471_TS_DF_DCSP_LACIS_19,Tipo di innovazione di prodotto/processo introdotta e settori economici (Ateco 2 cifre),ok,hub,6,71,0,"",2026-07-25
6_471_TS_DF_DCSP_LACIS_2,Tipo di attività innovativa e classe di addetti,ok,hub,5,16,0,"",2026-07-25
6_471_TS_DF_DCSP_LACIS_20,Metodi di sviluppo dell'innovazione di prodotto/processo e classe di addetti,error,"",0,0,1,HubUnavailable: hub did not answer (timeout or HTTP error),2026-07-25
6_471_TS_DF_DCSP_LACIS_21,Metodi di sviluppo dell'innovazione di prodotto/processo e settori economici (Ateco 2 cifre),error,"",0,0,1,HubUnavailable: hub did not answer (timeout or HTTP error),2026-07-25
6_471_TS_DF_DCSP_LACIS_22,Fatturato derivante da nuovi prodotti e classe di addetti,ok,hub,6,16,0,"",2026-07-25
6_471_TS_DF_DCSP_LACIS_23,Fatturato derivante da nuovi prodotti e settori economici (Ateco 2 cifre),ok,hub,6,59,0,"",2026-07-25
6_471_TS_DF_DCSP_LACIS_24,Tipo di spesa per l'innovazione e classe di addetti,error,"",0,0,1,HubUnavailable: hub did not answer (timeout or HTTP error),2026-07-25
6_471_TS_DF_DCSP_LACIS_25,Tipo di spesa per l'innovazione e settori economici (Ateco 2 cifre),error,"",0,0,1,HubUnavailable: hub did not answer (timeout or HTTP error),2026-07-25
6_471_TS_DF_DCSP_LACIS_26,Localizzazione del partner della cooperazione e classe di addetti,ok,hub,6,18,0,"",2026-07-25
6_471_TS_DF_DCSP_LACIS_27,Localizzazione del partner della cooperazione e settori economici (Ateco 2 cifre),ok,hub,6,71,0,"",2026-07-25
6_471_TS_DF_DCSP_LACIS_28,Tipo di partner della cooperazione e classe di addetti,ok,hub,6,29,0,"",2026-07-25
6_471_TS_DF_DCSP_LACIS_29,Tipo di partner della cooperazione e settori economici (Ateco 2 cifre),ok,hub,6,83,0,"",2026-07-25
6_471_TS_DF_DCSP_LACIS_3,Tipo di attività innovativa e settori economici (Ateco 2 cifre),ok,hub,5,73,0,"",2026-07-25
6_471_TS_DF_DCSP_LACIS_30,Dati regionali,ok,hub,5,46,0,"",2026-07-25
6_471_TS_DF_DCSP_LACIS_31,Approfondimenti sui dati regionali,ok,hub,6,42,0,"",2026-07-25
6_471_TS_DF_DCSP_LACIS_32,Strategie aziendali e classe di addetti,error,"",0,0,1,HubUnavailable: hub did not answer (timeout or HTTP error),2026-07-25
6_471_TS_DF_DCSP_LACIS_33,Strategie aziendali e settori economici (Ateco 2 cifre),error,"",0,0,1,HubUnavailable: hub did not answer (timeout or HTTP error),2026-07-25
6_471_TS_DF_DCSP_LACIS_34,Tipi di prodotti e servizi venduti e classe di addetti,ok,hub,6,23,0,"",2026-07-25
6_471_TS_DF_DCSP_LACIS_35,Tipi di prodotti e servizi venduti e settori economici (Ateco 2 cifre),error,"",0,0,1,HubUnavailable: hub did not answer (timeout or HTTP error),2026-07-25
6_471_TS_DF_DCSP_LACIS_36,Forme di tutela della proprietà industriale e classe di addetti,error,"",0,0,1,HubUnavailable: hub did not answer (timeout or HTTP error),2026-07-25
6_471_TS_DF_DCSP_LACIS_37,Forme di tutela della proprietà industriale e settori economici (Ateco 2 cifre),error,"",0,0,1,HubUnavailable: hub did not answer (timeout or HTTP error),2026-07-25
6_471_TS_DF_DCSP_LACIS_38,"Tecnologia, servizi tecnici e conoscenze acquisite e classe di addetti",error,"",0,0,1,HubUnavailable: hub did not answer (timeout or HTTP error),2026-07-25
6_471_TS_DF_DCSP_LACIS_39,"Tecnologia, servizi tecnici e conoscenze acquisite e settori economici (Ateco 2 cifre)",error,"",0,0,1,HubUnavailable: hub did not answer (timeout or HTTP error),2026-07-25
6_471_TS_DF_DCSP_LACIS_4,Età dell'impresa e classe di addetti,ok,hub,6,20,0,"",2026-07-25
6_471_TS_DF_DCSP_LACIS_40,Pratiche di organizzazione del lavoro e classe di addetti,error,"",0,0,1,HubUnavailable: hub did not answer (timeout or HTTP error),2026-07-25
6_471_TS_DF_DCSP_LACIS_41,Pratiche di organizzazione del lavoro e settori economici (Ateco 2 cifre),error,"",0,0,1,HubUnavailable: hub did not answer (timeout or HTTP error),2026-07-25
6_471_TS_DF_DCSP_LACIS_5,Età dell'impresa e classe di addetti e settori economici (Ateco 2 digit),ok,hub,7,70,0,"",2026-07-25
6_471_TS_DF_DCSP_LACIS_6,Impatto degli interventi legislativo-normativi e settori economici (Ateco 2 digit),error,"",0,0,1,HubUnavailable: hub did not answer (timeout or HTTP error),2026-07-25
6_471_TS_DF_DCSP_LACIS_7,Impatto degli interventi legislativo-normativi e classe di addetti,ok,hub,6,36,0,"",2026-07-25
6_471_TS_DF_DCSP_LACIS_8,Fattori che hanno scoraggiato attività di innovazione e settori economici (Ateco 2 digit),ok,hub,7,75,0,"",2026-07-25
6_471_TS_DF_DCSP_LACIS_9,Fattori che hanno scoraggiato attività di innovazione e classe di addetti,ok,hub,7,75,0,"",2026-07-25
6_498_DF_DCCN_PILT_B19_1,Prodotto interno lordo lato produzione - edizioni gennaio 2020 - dicembre 2023,ok,hub,6,47,0,"",2026-07-25
6_64,Clima di fiducia delle imprese,ok,hub,5,7,0,"",2026-07-25
6_64_DF_DCSC_IESI_1,Clima di fiducia delle imprese - media pesata di indici in base 2010=100,ok,hub,5,5,0,"",2026-07-25
6_64_DF_DCSC_IESI_2,Clima di fiducia delle imprese - media pesata di indici in base 2021=100,ok,hub,5,5,0,"",2026-07-25
71_1028,Conti dei beni e servizi ambientali - classificazione CEP,ok,hub,9,52,0,"",2026-07-25
71_1028_DF_DCCN_EGSS1_1,"Produzione, valore aggiunto, esportazioni",ok,hub,7,43,0,"",2026-07-25
71_1028_DF_DCCN_EGSS1_2,Investimenti per la mitigazione dei cambiamenti climatici,ok,hub,8,39,0,"",2026-07-25
71_1028_DF_DCCN_EGSS1_3,Occupazione (unità di lavoro),ok,hub,6,39,0,"",2026-07-25
71_953,Spese per la protezione dell'ambiente - classificazione CEP,ok,hub,9,59,0,"",2026-07-25
71_953_DF_DCCN_SPESAPROTAMB1_1,Spesa nazionale,ok,hub,7,19,0,"",2026-07-25
71_953_DF_DCCN_SPESAPROTAMB1_2,Aggregati economici per settore istituzionale,ok,hub,7,33,0,"",2026-07-25
71_953_DF_DCCN_SPESAPROTAMB1_3,Investimenti e produzione ausiliaria delle società come produttori ausiliari per attività economica,ok,hub,8,41,0,"",2026-07-25
723_1036,Famiglie - condizione occupazionale,ok,hub,8,72,0,"",2026-07-25
723_1036_DF_DCCV_FAMCOND1_1,"Presenza di occupati, pensionati, disoccupati",ok,hub,7,38,0,"",2026-07-25
723_1036_DF_DCCV_FAMCOND1_2,Presenza di occupati e stranieri,ok,hub,7,28,0,"",2026-07-25
723_1036_DF_DCCV_FAMCOND1_3,Tipologia di occupazione,ok,hub,6,36,0,"",2026-07-25
723_1036_DF_DCCV_FAMCOND1_4,Dati regionali,ok,hub,4,41,0,"",2026-07-25
723_1040,Individui per ruolo in famiglia - condizione occupazionale,ok,hub,10,65,0,"",2026-07-25
723_1040_DF_DCCV_RUOLOFAMCOND_1,"Occupati, disoccupati, inattivi per età",ok,hub,6,35,0,"",2026-07-25
723_1040_DF_DCCV_RUOLOFAMCOND_2,"Occupati, disoccupati, inattivi per titolo di studio",ok,hub,7,23,0,"",2026-07-25
723_1040_DF_DCCV_RUOLOFAMCOND_3,"Occupati, disoccupati, inattivi per cittadinanza",ok,hub,7,24,0,"",2026-07-25
723_1040_DF_DCCV_RUOLOFAMCOND_4,"Genitori occupati, disoccupati, inattivi per numero di figli",ok,hub,7,22,0,"",2026-07-25
723_1040_DF_DCCV_RUOLOFAMCOND_5,"Genitori occupati, disoccupati, inattivi per età del figlio più piccolo",ok,hub,8,29,0,"",2026-07-25
723_1040_DF_DCCV_RUOLOFAMCOND_6,Tassi per età,ok,hub,6,33,0,"",2026-07-25
723_1040_DF_DCCV_RUOLOFAMCOND_7,Tassi dei genitori per numero dei figli,ok,hub,7,22,0,"",2026-07-25
723_1040_DF_DCCV_RUOLOFAMCOND_8,Tassi dei genitori per età del figlio più piccolo,ok,hub,8,24,0,"",2026-07-25
723_1041,Coppie - condizione occupazionale,ok,hub,8,73,0,"",2026-07-25
723_1041_DF_DCCV_COPPIECOND_1,"Presenza di occupati, regime orario, età della donna e numero di figli",ok,hub,6,29,0,"",2026-07-25
723_1041_DF_DCCV_COPPIECOND_2,"Presenza di occupati, regime orario, età della donna ed età del figlio più piccolo",ok,hub,7,30,0,"",2026-07-25
723_1041_DF_DCCV_COPPIECOND_3,"Presenza di occupati, regime orario, età e titolo di studio della donna",ok,hub,6,28,0,"",2026-07-25
723_1041_DF_DCCV_COPPIECOND_4,"Condizione occupazionale dei partner, presenza di figli e titolo di studio della donna",ok,hub,6,26,0,"",2026-07-25
723_1041_DF_DCCV_COPPIECOND_5,Dati regionali,ok,hub,4,40,0,"",2026-07-25
723_1206,Famiglie - condizione occupazionale - regolamento precedente (fino al 2020),ok,hub,8,75,0,"",2026-07-25
723_1206_DF_DCCV_FAMCOND1_UNT2020_1,"Presenza di occupati, pensionati, disoccupati",ok,hub,7,41,0,"",2026-07-25
723_1206_DF_DCCV_FAMCOND1_UNT2020_2,Presenza di occupati e stranieri,ok,hub,7,29,0,"",2026-07-25
723_1206_DF_DCCV_FAMCOND1_UNT2020_3,Tipologia di occupazione,ok,hub,7,41,0,"",2026-07-25
723_1206_DF_DCCV_FAMCOND1_UNT2020_4,Dati regionali,ok,hub,4,42,0,"",2026-07-25
723_1207,Coppie - condizione occupazionale - regolamento precedente (fino al 2020),ok,hub,8,80,0,"",2026-07-25
723_1207_DF_DCCV_COPPIECOND_UNT2020_1,"Presenza di occupati, regime orario, età della donna e numero di figli",ok,hub,6,34,0,"",2026-07-25
723_1207_DF_DCCV_COPPIECOND_UNT2020_2,"Presenza di occupati, regime orario, età della donna ed età del figlio più piccolo",ok,hub,7,34,0,"",2026-07-25
723_1207_DF_DCCV_COPPIECOND_UNT2020_3,"Presenza di occupati, regime orario, età e titolo di studio della donna",ok,hub,6,33,0,"",2026-07-25
723_1207_DF_DCCV_COPPIECOND_UNT2020_4,Condizione occupazionale dei partner ed età della donna,ok,hub,5,31,0,"",2026-07-25
723_1207_DF_DCCV_COPPIECOND_UNT2020_5,"Condizione occupazionale dei partner, presenza di figli e titolo di studio della donna",ok,hub,6,28,0,"",2026-07-25
723_1207_DF_DCCV_COPPIECOND_UNT2020_6,Dati regionali,ok,hub,4,40,0,"",2026-07-25
723_1208,Individui per ruolo in famiglia - condizione occupazionale- regolamento precedente (fino al 2020),ok,hub,10,54,0,"",2026-07-25
723_1208_DF_DCCV_RUOLOFAMCOND_UNT2020_1,"Occupati, disoccupati, inattivi per età",ok,hub,6,33,0,"",2026-07-25
723_1208_DF_DCCV_RUOLOFAMCOND_UNT2020_2,"Occupati, disoccupati, inattivi per titolo di studio",ok,hub,7,28,0,"",2026-07-25
723_1208_DF_DCCV_RUOLOFAMCOND_UNT2020_3,"Occupati, disoccupati, inattivi per cittadinanza",ok,hub,7,21,0,"",2026-07-25
723_1208_DF_DCCV_RUOLOFAMCOND_UNT2020_4,"Genitori occupati, disoccupati, inattivi per numero di figli",ok,hub,7,28,0,"",2026-07-25
723_1208_DF_DCCV_RUOLOFAMCOND_UNT2020_5,"Genitori occupati, disoccupati, inattivi per età del figlio più piccolo",ok,hub,8,29,0,"",2026-07-25
723_1208_DF_DCCV_RUOLOFAMCOND_UNT2020_6,Tassi per età,ok,hub,6,31,0,"",2026-07-25
723_1208_DF_DCCV_RUOLOFAMCOND_UNT2020_7,Tassi dei genitori per numero dei figli,ok,hub,7,28,0,"",2026-07-25
723_1208_DF_DCCV_RUOLOFAMCOND_UNT2020_8,Tassi dei genitori per età del figlio più piccolo,ok,hub,8,29,0,"",2026-07-25
729_1050,Superfici territoriali,ok,hub,3,8720,0,"",2026-07-25
729_995,Caratteristiche geo-morfologiche dei comuni,ok,hub,3,8127,0,"",2026-07-25
72_1028,Contributi e altri trasferimenti a fini ambientali,ok,hub,10,51,0,"",2026-07-25
72_1028_DF_DCCN_ESST_1,Contributi e altri trasferimenti a fini ambientali - per settore istituzionale erogante e ricevente e per finalità ambientale,ok,hub,8,34,0,"",2026-07-25
72_1028_DF_DCCN_ESST_2,Contributi e altri trasferimenti a fini ambientali erogati da Amministrazioni pubbliche a Società - per attività economica e finalità ambientale,ok,hub,9,44,0,"",2026-07-25
72_155,Procedimenti civili,ok,hub,7,44,0,"",2026-07-25
72_155_DF_DCAR_NUM_PROC_CIV_1,Movimento,ok,hub,6,13,0,"",2026-07-25
72_155_DF_DCAR_NUM_PROC_CIV_2,Sopravvenuti per Distretto di Corte di Appello,ok,hub,7,40,0,"",2026-07-25
72_158,"Procedimenti civili - lavoro, previdenza e assistenza obbligatorie",ok,hub,5,10,0,"",2026-07-25
72_158_DF_DCAR_PROC_CIV_1,"Procedimenti civili - lavoro, previdenza e assistenza obbligatorie",ok,hub,5,10,0,"",2026-07-25
730_1006,Sequenza dei conti - edizioni ottobre 2014 - aprile 2019,ok,hub,6,140,0,"",2026-07-25
730_1006_DF_DCCN_SQCN_B14_1,Sequenza dei conti - edizioni ottobre 2014 - aprile 2019,ok,hub,6,140,0,"",2026-07-25
730_1047,Prodotto interno lordo e principali componenti - edizioni ottobre 2014 - aprile 2019,ok,hub,6,46,0,"",2026-07-25
730_1047_DF_DCCN_PILN_B14_1,Prodotto interno lordo e principali componenti - edizioni ottobre 2014 - aprile 2019,ok,hub,6,46,0,"",2026-07-25
730_1048,Principali aggregati annnuali di contabilità nazionale - edizioni ottobre 2014 - aprile 2019,error,"",0,0,1,HubUnavailable: hub did not answer (timeout or HTTP error),2026-07-25
730_1048_DF_DCCN_ANA_B14_1,Produzione e valore aggiunto per branca di attività - edizioni ottobre 2014 - aprile 2019,error,"",0,0,1,HubUnavailable: hub did not answer (timeout or HTTP error),2026-07-25
730_1048_DF_DCCN_ANA_B14_2,Redditi da lavoro dipendente e componenti per branca di attività - edizioni ottobre 2014 - aprile 2019,ok,hub,7,114,0,"",2026-07-25
730_1048_DF_DCCN_ANA_B14_3,Imposte e contributi alla produzione per branca di attività - edizioni ottobre 2014 - aprile 2019,ok,hub,7,112,0,"",2026-07-25
730_1048_DF_DCCN_ANA_B14_4,Investimenti fissi lordi per tipo di investimento e branca proprietaria - edizioni ottobre 2014 - aprile 2019,error,"",0,0,1,HubUnavailable: hub did not answer (timeout or HTTP error),2026-07-25
730_1048_DF_DCCN_ANA_B14_5,Stock di capitale e ammortamenti per tipo di investimento e branca proprietaria - edizioni ottobre 2014 - aprile 2019,error,"",0,0,1,HubUnavailable: hub did not answer (timeout or HTTP error),2026-07-25
730_1048_DF_DCCN_ANA_B14_6,Spesa per consumi finali delle famiglie per voce di spesa (Coicop 3 cifre) e durata - edizioni ottobre 2014 - aprile 2019,ok,hub,7,96,0,"",2026-07-25
730_1048_DF_DCCN_ANA_B14_7,Valori pro capite - edizioni ottobre 2014 - aprile 2019,ok,hub,6,31,0,"",2026-07-25
730_1049,"Occupazione regolare, irregolare e popolazione - edizioni ottobre 2014 - aprile 2019",error,"",0,0,1,HubUnavailable: hub did not answer (timeout or HTTP error),2026-07-25
730_1049_DF_DCCN_OCCNSEC2010_B14_1,"Occupati, unità di lavoro, posizioni lavorative e ore lavorate - edizioni ottobre 2014 - aprile 2019",error,"",0,0,1,HubUnavailable: hub did not answer (timeout or HTTP error),2026-07-25
730_1049_DF_DCCN_OCCNSEC2010_B14_2,Tassi di irregolarità - edizioni ottobre 2014 - aprile 2019,ok,hub,7,60,0,"",2026-07-25
730_1049_DF_DCCN_OCCNSEC2010_B14_3,Popolazione media annua - edizioni ottobre 2014 - aprile 2019,ok,hub,5,10,0,"",2026-07-25
732_1051,Conto economico delle risorse e degli impieghi  e contributi alla crescita del Pil - edizioni ottobre 2014 - agosto 2019,ok,hub,6,73,0,"",2026-07-25
732_1051_DF_DCCN_SQCQ_B14_1,Conto economico delle risorse e degli impieghi - edizioni ottobre 2014 - agosto 2019,ok,hub,6,64,0,"",2026-07-25
732_1051_DF_DCCN_SQCQ_B14_2,Contributi alla crescita del PIL - edizioni dicembre 2014 - agosto 2019,ok,hub,6,61,0,"",2026-07-25
732_1051_DF_DCCN_SQCQ_B14_3,Prodotto interno lordo e variazioni (stima preliminare) - edizioni maggio 2016 - luglio 2019,ok,hub,6,50,0,"",2026-07-25
732_1052,Prodotto interno lordo e principali componenti - edizioni ottobre 2014 - agosto 2019,ok,hub,6,46,0,"",2026-07-25
732_1052_DF_DCCN_PILQ_B14_1,Prodotto interno lordo e principali componenti - edizioni ottobre 2014 - agosto 2019,ok,hub,6,46,0,"",2026-07-25
732_1053,Principali aggregati trimestrali di Contabilità Nazionale - edizioni ottobre 2014 - agosto 2019,error,"",0,0,1,HubUnavailable: hub did not answer (timeout or HTTP error),2026-07-25
732_1053_DF_DCCN_QNA_B14_1,Valore aggiunto per branca di attività - edizioni ottobre 2014 - agosto 2019,error,"",0,0,1,HubUnavailable: hub did not answer (timeout or HTTP error),2026-07-25
732_1053_DF_DCCN_QNA_B14_2,Investimenti fissi lordi per tipo di investimento - edizioni ottobre 2014 - agosto 2019,ok,hub,8,47,0,"",2026-07-25
732_1053_DF_DCCN_QNA_B14_3,Spesa per i consumi finali delle famiglie - edizioni ottobre 2014 - agosto 2019,ok,hub,6,39,0,"",2026-07-25
732_1053_DF_DCCN_QNA_B14_4,Spesa per consumi finali delle famiglie per voce di spesa (Coicop 2 cifre) e durata - edizioni ottobre 2014 - agosto 2019,error,"",0,0,1,HubUnavailable: hub did not answer (timeout or HTTP error),2026-07-25
732_1053_DF_DCCN_QNA_B14_5,Redditi da lavoro dipendente e componenti per branca di attività - edizioni ottobre 2014 - agosto 2019,error,"",0,0,1,HubUnavailable: hub did not answer (timeout or HTTP error),2026-07-25
732_1053_DF_DCCN_QNA_B14_6,Costi e margini per branca di attività - edizioni dicembre 2014 - agosto 2019,ok,hub,6,44,0,"",2026-07-25
732_1054,Occupazione per branca di attività - edizioni ottobre 2014 - agosto 2019,error,"",0,0,1,HubUnavailable: hub did not answer (timeout or HTTP error),2026-07-25
732_1054_DF_DCCN_OCCQSEC2010_B14_1,Occupazione per branca di attività - edizioni ottobre 2014 - agosto 2019,error,"",0,0,1,HubUnavailable: hub did not answer (timeout or HTTP error),2026-07-25
733_1055,"Sequenza dei conti e stock di attività non finanziarie, per settore istituzionale - edizioni ottobre 2015 - aprile 2019",ok,hub,9,249,0,"",2026-07-25
733_1055_DF_DCCN_ISTITUZ_ANA_B14_1,Sequenza dei conti - edizioni ottobre 2015 - aprile 2019,error,"",0,0,1,HubUnavailable: hub did not answer (timeout or HTTP error),2026-07-25
733_1055_DF_DCCN_ISTITUZ_ANA_B14_2,Indicatori su famiglie consumatrici e società non finanziarie - edizioni ottobre 2015 - aprile 2019,ok,hub,8,24,0,"",2026-07-25
733_1055_DF_DCCN_ISTITUZ_ANA_B14_3,Stock di attività non finanziarie - edizioni marzo 2015 - dicembre 2018,ok,hub,9,38,0,"",2026-07-25
733_1056,Occupazione per branca di attività - edizioni ottobre 2014 - aprile 2019,error,"",0,0,1,HubUnavailable: hub did not answer (timeout or HTTP error),2026-07-25
733_1056_DF_DCCN_OCCSISEC2010_B14_1,Occupazione per branca di attività - edizioni ottobre 2014 - aprile 2019,ok,hub,8,55,0,"",2026-07-25
733_1056_DF_DCCN_OCCSISEC2010_B14_2,Occupazione per sottosettore - edizioni ottobre 2015 - aprile 2019,ok,hub,7,29,0,"",2026-07-25
734_1059,Conto trimestrale - edizioni gennaio 2016 - giugno 2019,ok,hub,9,54,0,"",2026-07-25
734_1059_DF_DCCN_FPQ_B14_1,Conto economico - edizioni gennaio 2016 - giugno 2019,ok,hub,7,45,0,"",2026-07-25
734_1059_DF_DCCN_FPQ_B14_2,Indicatori (in rapporto al PIL) - edizioni gennaio 2016 - giugno 2019,ok,hub,7,28,0,"",2026-07-25
734_1060,Conto annuale - edizioni fino ad aprile 2019,ok,hub,9,328,0,"",2026-07-25
734_1060_DF_DCCN_FPA_B14_1,Conto economico per sottosettore - edizioni ottobre 2015 - aprile 2019,ok,hub,7,270,0,"",2026-07-25
734_1060_DF_DCCN_FPA_B14_2,Indicatori (in rapporto al PIL) - edizioni maggio 2016 - aprile 2019,ok,hub,7,33,0,"",2026-07-25
734_1060_DF_DCCN_FPA_B14_3,Redditi e retribuzione pro capite per sottosettore - edizioni aprile 2017 - aprile 2019,ok,hub,7,16,0,"",2026-07-25
734_1060_DF_DCCN_FPA_B14_4,Investimenti fissi lordi per sottosettore - edizioni maggio 2016 - aprile 2019,ok,hub,8,36,0,"",2026-07-25
734_1060_DF_DCCN_FPA_B14_5,Imposte e contributi sociali per sottosettore - edizioni aprile 2017 - aprile 2019,ok,hub,7,151,0,"",2026-07-25
734_1060_DF_DCCN_FPA_B14_6,Formazione della spesa per consumi finali - edizioni aprile 2017 - aprile 2019,ok,hub,6,25,0,"",2026-07-25
734_1061,Uscite annuali per sottosettore - edizioni fino ad aprile 2019,error,"",0,0,1,HubUnavailable: hub did not answer (timeout or HTTP error),2026-07-25
734_1061_DF_DCCN_OTEPPA_B14_1,Spesa per consumi per funzione (COFOG 2 e 3 cifre) - edizioni dicembre 2015 - aprile 2019,ok,hub,8,103,0,"",2026-07-25
734_1061_DF_DCCN_OTEPPA_B14_2,Voci di uscita per funzione (COFOG 2 e 3 cifre) - edizioni dicembre 2015 - dicembre 2018,error,"",0,0,1,HubUnavailable: hub did not answer (timeout or HTTP error),2026-07-25
737_1082,Sequenza dei conti - edizioni ottobre 2014 - dicembre 2018,ok,hub,6,61,0,"",2026-07-25
737_1082_DF_DCCN_SQCT_B14_1,Sequenza dei conti - edizioni ottobre 2014 - dicembre 2018,ok,hub,6,61,0,"",2026-07-25
737_1083,Prodotto interno lordo lato produzione - edizioni ottobre 2014 - dicembre 2018,ok,hub,6,46,0,"",2026-07-25
737_1083_DF_DCCN_PILT_B14_1,Prodotto interno lordo lato produzione - edizioni ottobre 2014 - dicembre 2018,ok,hub,6,46,0,"",2026-07-25
737_1084,Principali aggregati territoriali di Contabilità nazionale - edizioni ottobre 2014 - dicembre 2018,error,"",0,0,1,HubUnavailable: hub did not answer (timeout or HTTP error),2026-07-25
737_1084_DF_DCCN_TNA_B14_1,Valore aggiunto per branca di attività - edizioni ottobre 2014 - dicembre 2018,error,"",0,0,1,HubUnavailable: hub did not answer (timeout or HTTP error),2026-07-25
737_1084_DF_DCCN_TNA_B14_2,Redditi da lavoro dipendente e componenti per branca di attività - edizioni ottobre 2014 - dicembre 2018,error,"",0,0,1,HubUnavailable: hub did not answer (timeout or HTTP error),2026-07-25
737_1084_DF_DCCN_TNA_B14_3,Spesa per consumi finali delle famiglie per voce di spesa (Coicop 2 cifre) e durata - edizioni ottobre 2014 - dicembre 2018,error,"",0,0,1,HubUnavailable: hub did not answer (timeout or HTTP error),2026-07-25
737_1084_DF_DCCN_TNA_B14_4,Spesa per consumi finali della Pa per funzione di spesa - edizioni ottobre 2014 - dicembre 2018,error,"",0,0,1,HubUnavailable: hub did not answer (timeout or HTTP error),2026-07-25
737_1084_DF_DCCN_TNA_B14_5,Investimenti fissi lordi per branca proprietaria - edizioni ottobre 2014 - dicembre 2018,error,"",0,0,1,HubUnavailable: hub did not answer (timeout or HTTP error),2026-07-25
737_1084_DF_DCCN_TNA_B14_6,Valori pro capite - edizioni ottobre 2014 - dicembre 2018,ok,hub,6,165,0,"",2026-07-25
737_1087,"Occupazione regolare, irregolare e popolazione - edizioni ottobre 2014 - dicembre 2018",error,"",0,0,1,HubUnavailable: hub did not answer (timeout or HTTP error),2026-07-25
737_1087_DF_DCCN_OCCTSEC2010_B14_1,Occupazione regionale - edizioni ottobre 2014 - dicembre 2018,error,"",0,0,1,HubUnavailable: hub did not answer (timeout or HTTP error),2026-07-25
737_1087_DF_DCCN_OCCTSEC2010_B14_2,Occupazione provinciale - edizioni ottobre 2014 - dicembre 2018,error,"",0,0,1,HubUnavailable: hub did not answer (timeout or HTTP error),2026-07-25
737_1087_DF_DCCN_OCCTSEC2010_B14_3,Tasso di irregolarità - edizioni ottobre 2014 - dicembre 2018,ok,hub,6,46,0,"",2026-07-25
737_1087_DF_DCCN_OCCTSEC2010_B14_4,Popolazione media annua - edizioni ottobre 2014 - dicembre 2018,ok,hub,5,37,0,"",2026-07-25
737_1093,Reddito disponibile delle famiglie nelle regioni italiane - edizioni novembre 2015 - dicembre 2018,error,"",0,0,1,HubUnavailable: hub did not answer (timeout or HTTP error),2026-07-25
737_1093_DF_DCCN_ISTITUZ_TNA_B14_1,Reddito disponibile delle famiglie nelle regioni italiane - edizioni novembre 2015 - dicembre 2018,error,"",0,0,1,HubUnavailable: hub did not answer (timeout or HTTP error),2026-07-25
73_1071,Persone indagate presso le procure - adulti,error,"",0,0,1,HubUnavailable: hub did not answer (timeout or HTTP error),2026-07-25
73_1071_DF_DCCV_IMPUTATI_A_1,Iscritti presso le procure per tipo di decisione,ok,hub,4,16,0,"",2026-07-25
73_1071_DF_DCCV_IMPUTATI_A_10,"Reati violenti - luogo di nascita, classe di età",error,"",0,0,1,HubUnavailable: hub did not answer (timeout or HTTP error),2026-07-25
73_1071_DF_DCCV_IMPUTATI_A_11,"Reati violenti - sesso, luogo di nascita, classe di età",error,"",0,0,1,HubUnavailable: hub did not answer (timeout or HTTP error),2026-07-25
73_1071_DF_DCCV_IMPUTATI_A_12,Reati violenti - classe di età,error,"",0,0,1,HubUnavailable: hub did not answer (timeout or HTTP error),2026-07-25
73_1071_DF_DCCV_IMPUTATI_A_13,Reati violenti - luogo di nascita,ok,hub,5,52,0,"",2026-07-25
73_1071_DF_DCCV_IMPUTATI_A_2,"Imputati - età, luogo di nascita",ok,hub,7,25,0,"",2026-07-25
73_1071_DF_DCCV_IMPUTATI_A_3,"Imputati - luogo del primo reato iscritto nel procedimento, luogo di nascita",ok,hub,5,64,0,"",2026-07-25
73_1071_DF_DCCV_IMPUTATI_A_4,Imputati per numero di tipologie di reato,ok,hub,6,15,0,"",2026-07-25
73_1071_DF_DCCV_IMPUTATI_A_5,Imputati per numero di reati,ok,hub,6,15,0,"",2026-07-25
73_1071_DF_DCCV_IMPUTATI_A_6,"Imputati per tipologia di reato - luogo di nascita, classe di età",error,"",0,0,1,HubUnavailable: hub did not answer (timeout or HTTP error),2026-07-25
73_1071_DF_DCCV_IMPUTATI_A_7,"Imputati per tipologia di reato - sesso, luogo di nascita, classe di età",error,"",0,0,1,HubUnavailable: hub did not answer (timeout or HTTP error),2026-07-25
73_1071_DF_DCCV_IMPUTATI_A_8,Imputati per tipologia reato -  valori per 100.000 abitanti per classe di età,error,"",0,0,1,HubUnavailable: hub did not answer (timeout or HTTP error),2026-07-25
73_1071_DF_DCCV_IMPUTATI_A_9,Imputati per tipologia reato - luogo di nascita,ok,hub,6,540,0,"",2026-07-25
73_1072,Persone indagate presso le procure - minori,ok,hub,10,441,0,"",2026-07-25
73_1072_DF_DCCV_IMPUTATI_M_1,Iscritti presso le procure per tipo di decisione,ok,hub,3,15,0,"",2026-07-25
73_1072_DF_DCCV_IMPUTATI_M_10,"Reati violenti - luogo di nascita, classe di età",error,"",0,0,1,HubUnavailable: hub did not answer (timeout or HTTP error),2026-07-25
73_1072_DF_DCCV_IMPUTATI_M_11,"Reati violenti - sesso, luogo di nascita, classe di età",error,"",0,0,1,HubUnavailable: hub did not answer (timeout or HTTP error),2026-07-25
73_1072_DF_DCCV_IMPUTATI_M_12,Reati violenti - classe di età,ok,hub,6,32,0,"",2026-07-25
73_1072_DF_DCCV_IMPUTATI_M_13,Reati violenti - luogo di nascita,ok,hub,5,50,0,"",2026-07-25
73_1072_DF_DCCV_IMPUTATI_M_2,"Imputati - sesso, età, luogo di nascita",ok,hub,8,18,0,"",2026-07-25
73_1072_DF_DCCV_IMPUTATI_M_3,"Imputati - luogo del primo reato iscritto nel procedimento, luogo di nascita",ok,hub,5,64,0,"",2026-07-25
73_1072_DF_DCCV_IMPUTATI_M_4,Imputati per numero di tipologie di reato,ok,hub,5,14,0,"",2026-07-25
73_1072_DF_DCCV_IMPUTATI_M_5,Imputati per numero di reati,ok,hub,5,14,0,"",2026-07-25
73_1072_DF_DCCV_IMPUTATI_M_6,"Imputati per tipologia di reato - luogo di nascita (regione), classe di età",error,"",0,0,1,HubUnavailable: hub did not answer (timeout or HTTP error),2026-07-25
73_1072_DF_DCCV_IMPUTATI_M_7,"Imputati per tipologia di reato - sesso, luogo di nascita, classe di età",error,"",0,0,1,HubUnavailable: hub did not answer (timeout or HTTP error),2026-07-25
73_1072_DF_DCCV_IMPUTATI_M_8,Imputati per tipologia reato - valori per 100.000 abitanti per classe di età,ok,hub,6,346,0,"",2026-07-25
73_1072_DF_DCCV_IMPUTATI_M_9,Imputati per tipologia reato - valori per 100.000 abitanti per regione,ok,hub,5,351,0,"",2026-07-25
73_1187,Altri delitti denunciati dalle forze di polizia all'autorità giudiziaria,ok,hub,7,182,0,"",2026-07-25
73_1187_DF_DCCV_ALTRIDELPS_1,In totale e per centomila abitanti,ok,hub,4,167,0,"",2026-07-25
73_1187_DF_DCCV_ALTRIDELPS_2,Per mese del commesso delitto,ok,hub,5,179,0,"",2026-07-25
73_160,Procedimenti penali,ok,hub,5,25,0,"",2026-07-25
73_160_DF_DCAR_NUM_PROC_PEN_1,Procedimenti penali,ok,hub,5,25,0,"",2026-07-25
73_173,Detenuti adulti presenti nelle carceri italiane,ok,hub,9,198,0,"",2026-07-25
73_173_DF_DCCV_DETENUTI_1,Reati,ok,hub,7,96,0,"",2026-07-25
73_173_DF_DCCV_DETENUTI_2,Età,ok,hub,7,52,0,"",2026-07-25
73_173_DF_DCCV_DETENUTI_3,Luogo di nascita,ok,hub,6,72,0,"",2026-07-25
73_173_DF_DCCV_DETENUTI_4,Provenienza geografica,ok,hub,6,56,0,"",2026-07-25
73_173_DF_DCCV_DETENUTI_5,Posizione giuridica,ok,hub,7,50,0,"",2026-07-25
73_173_DF_DCCV_DETENUTI_6,Capienza delle strutture e detenuti ogni 100 posti,ok,hub,6,38,0,"",2026-07-25
73_230,Autori e vittime dei delitti denunciati dalle forze di polizia all' autorità giudiziaria,error,"",0,0,1,HubUnavailable: hub did not answer (timeout or HTTP error),2026-07-25
73_230_DF_DCCV_AUTVITTPS_1,"Sesso, età, cittadinanza",error,"",0,0,1,HubUnavailable: hub did not answer (timeout or HTTP error),2026-07-25
73_230_DF_DCCV_AUTVITTPS_2,Stranieri - paesi di cittadinanza,error,"",0,0,1,HubUnavailable: hub did not answer (timeout or HTTP error),2026-07-25
73_230_DF_DCCV_AUTVITTPS_3,"Sesso, età - reg.",error,"",0,0,1,HubUnavailable: hub did not answer (timeout or HTTP error),2026-07-25
73_230_DF_DCCV_AUTVITTPS_4,Cittadinanza - reg.,ok,hub,6,201,0,"",2026-07-25
73_230_DF_DCCV_AUTVITTPS_5,"Delitti violenti, sesso, età, cittadinanza",ok,hub,8,23,0,"",2026-07-25
73_230_DF_DCCV_AUTVITTPS_6,"Delitti violenti, sesso, età - reg.",ok,hub,7,156,0,"",2026-07-25
73_230_DF_DCCV_AUTVITTPS_7,"Autori di delitto - sesso, età, cittadinanza - prov.",error,"",0,0,1,HubUnavailable: hub did not answer (timeout or HTTP error),2026-07-25
73_230_DF_DCCV_AUTVITTPS_8,"Vittime di delitto - sesso, età, cittadinanza - prov.",error,"",0,0,1,HubUnavailable: hub did not answer (timeout or HTTP error),2026-07-25
73_342,Segnalazioni relative a persone denunciate e arrestate o fermate dalle forze di polizia,ok,hub,4,193,0,"",2026-07-25
73_342_DF_DCCV_SEGNALAZPS_1,Segnalazioni in totale,ok,hub,4,192,0,"",2026-07-25
73_342_DF_DCCV_SEGNALAZPS_2,Segnalazioni relative a minori,ok,hub,4,86,0,"",2026-07-25
73_436,Procedimenti e reati al momento della decisione del PM - minori,error,"",0,0,1,HubUnavailable: hub did not answer (timeout or HTTP error),2026-07-25
73_436_DF_DCCV_PROCEEDCRIME_M_1,"Procedimenti e reati, tipo di comune",error,"",0,0,1,HubUnavailable: hub did not answer (timeout or HTTP error),2026-07-25
73_436_DF_DCCV_PROCEEDCRIME_M_10,"Dettaglio reati, identità autore, mese di accadimento",error,"",0,0,1,HubUnavailable: hub did not answer (timeout or HTTP error),2026-07-25
73_436_DF_DCCV_PROCEEDCRIME_M_11,"Dettaglio reati, intervallo medio e mediano tra iscrizione e definizione del procedimento",error,"",0,0,1,HubUnavailable: hub did not answer (timeout or HTTP error),2026-07-25
73_436_DF_DCCV_PROCEEDCRIME_M_12,"Procedimenti in totale, dettaglio reati, tipo di decisione",error,"",0,0,1,HubUnavailable: hub did not answer (timeout or HTTP error),2026-07-25
73_436_DF_DCCV_PROCEEDCRIME_M_13,"Reati violenti, tipo di comune",error,"",0,0,1,HubUnavailable: hub did not answer (timeout or HTTP error),2026-07-25
73_436_DF_DCCV_PROCEEDCRIME_M_14,"Reati violenti, distretto corte d'appello, mese di definizione",error,"",0,0,1,HubUnavailable: hub did not answer (timeout or HTTP error),2026-07-25
73_436_DF_DCCV_PROCEEDCRIME_M_15,"Reati violenti, mese di definizione, numero autori",error,"",0,0,1,HubUnavailable: hub did not answer (timeout or HTTP error),2026-07-25
73_436_DF_DCCV_PROCEEDCRIME_M_16,"Reati violenti, delitti concorrenti",error,"",0,0,1,HubUnavailable: hub did not answer (timeout or HTTP error),2026-07-25
73_436_DF_DCCV_PROCEEDCRIME_M_17,"Reati violenti, intervallo tra iscrizione e definizione del reato",error,"",0,0,1,HubUnavailable: hub did not answer (timeout or HTTP error),2026-07-25
73_436_DF_DCCV_PROCEEDCRIME_M_18,"Reati violenti, intervallo tra iscrizione e definizione del reato, Distretto corte d'Appello",error,"",0,0,1,HubUnavailable: hub did not answer (timeout or HTTP error),2026-07-25
73_436_DF_DCCV_PROCEEDCRIME_M_19,"Reati violenti dopo la decisione del PM, intervallo tra iscrizione e definizione del reato",error,"",0,0,1,HubUnavailable: hub did not answer (timeout or HTTP error),2026-07-25
73_436_DF_DCCV_PROCEEDCRIME_M_2,Procedimenti e reati al momento della decisione del PM - minori - Principali dati,error,"",0,0,1,HubUnavailable: hub did not answer (timeout or HTTP error),2026-07-25
73_436_DF_DCCV_PROCEEDCRIME_M_20,"Reati violenti, autore ignoto, tipo di comune",error,"",0,0,1,HubUnavailable: hub did not answer (timeout or HTTP error),2026-07-25
73_436_DF_DCCV_PROCEEDCRIME_M_21,"Reati violenti, identità autore, mese di accadimento",error,"",0,0,1,HubUnavailable: hub did not answer (timeout or HTTP error),2026-07-25
73_436_DF_DCCV_PROCEEDCRIME_M_22,"Reati violenti, tipo di decisione",error,"",0,0,1,HubUnavailable: hub did not answer (timeout or HTTP error),2026-07-25
73_436_DF_DCCV_PROCEEDCRIME_M_3,"Procedimenti, Distretto corte d'Appello, mese di definizione",error,"",0,0,1,HubUnavailable: hub did not answer (timeout or HTTP error),2026-07-25
73_436_DF_DCCV_PROCEEDCRIME_M_4,"Procedimenti, mese di definizione, numero autori",error,"",0,0,1,HubUnavailable: hub did not answer (timeout or HTTP error),2026-07-25
73_436_DF_DCCV_PROCEEDCRIME_M_5,"Procedimenti, delitti concorrenti",error,"",0,0,1,HubUnavailable: hub did not answer (timeout or HTTP error),2026-07-25
73_436_DF_DCCV_PROCEEDCRIME_M_6,"Procedimenti, intervallo tra iscrizione e definizione del reato",error,"",0,0,1,HubUnavailable: hub did not answer (timeout or HTTP error),2026-07-25
73_436_DF_DCCV_PROCEEDCRIME_M_7,"Procedimenti, dettaglio reati, intervallo tra iscrizione e definizione del reato, Distretto corte d'Appello",error,"",0,0,1,HubUnavailable: hub did not answer (timeout or HTTP error),2026-07-25
73_436_DF_DCCV_PROCEEDCRIME_M_8,"Reati, intervallo tra iscrizione e definizione del reato",error,"",0,0,1,HubUnavailable: hub did not answer (timeout or HTTP error),2026-07-25
73_436_DF_DCCV_PROCEEDCRIME_M_9,"Reati, autore ignoto, tipo di comune",error,"",0,0,1,HubUnavailable: hub did not answer (timeout or HTTP error),2026-07-25
73_440,Procedimenti e reati al momento della decisione del PM - adulti,error,"",0,0,1,HubUnavailable: hub did not answer (timeout or HTTP error),2026-07-25
73_440_DF_DCCV_PROCEEDCRIME_A_1,"Procedimenti e reati, tipo di comune",error,"",0,0,1,HubUnavailable: hub did not answer (timeout or HTTP error),2026-07-25
73_440_DF_DCCV_PROCEEDCRIME_A_10,"Dettaglio reati, identità autore, mese di accadimento",error,"",0,0,1,HubUnavailable: hub did not answer (timeout or HTTP error),2026-07-25
73_440_DF_DCCV_PROCEEDCRIME_A_11,"Dettaglio reati, intervallo medio e mediano tra iscrizione e definizione del procedimento",error,"",0,0,1,HubUnavailable: hub did not answer (timeout or HTTP error),2026-07-25
73_440_DF_DCCV_PROCEEDCRIME_A_12,"Procedimenti in totale, dettaglio reati, tipo di decisione",error,"",0,0,1,HubUnavailable: hub did not answer (timeout or HTTP error),2026-07-25
73_440_DF_DCCV_PROCEEDCRIME_A_13,"Dettaglio reati, identità autore, definizione del reato",error,"",0,0,1,HubUnavailable: hub did not answer (timeout or HTTP error),2026-07-25
73_440_DF_DCCV_PROCEEDCRIME_A_14,"Reati violenti, tipo di comune",error,"",0,0,1,HubUnavailable: hub did not answer (timeout or HTTP error),2026-07-25
73_440_DF_DCCV_PROCEEDCRIME_A_15,"Reati violenti, distretto corte d'appello, mese di definizione",error,"",0,0,1,HubUnavailable: hub did not answer (timeout or HTTP error),2026-07-25
73_440_DF_DCCV_PROCEEDCRIME_A_16,"Reati violenti, mese di definizione, numero autori",error,"",0,0,1,HubUnavailable: hub did not answer (timeout or HTTP error),2026-07-25
73_440_DF_DCCV_PROCEEDCRIME_A_17,"Reati violenti, delitti concorrenti",error,"",0,0,1,HubUnavailable: hub did not answer (timeout or HTTP error),2026-07-25
73_440_DF_DCCV_PROCEEDCRIME_A_18,"Reati violenti, intervallo tra iscrizione e definizione del reato",error,"",0,0,1,HubUnavailable: hub did not answer (timeout or HTTP error),2026-07-25
73_440_DF_DCCV_PROCEEDCRIME_A_19,"Reati violenti, intervallo tra iscrizione e definizione del reato, Distretto corte d'Appello",error,"",0,0,1,HubUnavailable: hub did not answer (timeout or HTTP error),2026-07-25
73_440_DF_DCCV_PROCEEDCRIME_A_2,Procedimenti e reati al momento della decisione del PM - adulti - Principali dati,error,"",0,0,1,HubUnavailable: hub did not answer (timeout or HTTP error),2026-07-25
73_440_DF_DCCV_PROCEEDCRIME_A_20,"Reati violenti dopo la decisione del PM, intervallo tra iscrizione e definizione del reato",error,"",0,0,1,HubUnavailable: hub did not answer (timeout or HTTP error),2026-07-25
73_440_DF_DCCV_PROCEEDCRIME_A_21,"Reati violenti, autore ignoto, tipo di comune",error,"",0,0,1,HubUnavailable: hub did not answer (timeout or HTTP error),2026-07-25
73_440_DF_DCCV_PROCEEDCRIME_A_22,"Reati violenti, identità autore, mese di accadimento",error,"",0,0,1,HubUnavailable: hub did not answer (timeout or HTTP error),2026-07-25
73_440_DF_DCCV_PROCEEDCRIME_A_23,"Reati violenti, tipo di decisione",error,"",0,0,1,HubUnavailable: hub did not answer (timeout or HTTP error),2026-07-25
73_440_DF_DCCV_PROCEEDCRIME_A_24,"Reati violenti, identità autore, definizione del reato - prov.",error,"",0,0,1,HubUnavailable: hub did not answer (timeout or HTTP error),2026-07-25
73_440_DF_DCCV_PROCEEDCRIME_A_3,"Procedimenti, Distretto corte d'Appello, mese di definizione",error,"",0,0,1,HubUnavailable: hub did not answer (timeout or HTTP error),2026-07-25
73_440_DF_DCCV_PROCEEDCRIME_A_4,"Procedimenti, mese di definizione, numero autori",error,"",0,0,1,HubUnavailable: hub did not answer (timeout or HTTP error),2026-07-25
73_440_DF_DCCV_PROCEEDCRIME_A_5,"Procedimenti, delitti concorrenti",error,"",0,0,1,HubUnavailable: hub did not answer (timeout or HTTP error),2026-07-25
73_440_DF_DCCV_PROCEEDCRIME_A_6,"Procedimenti, intervallo tra iscrizione e definizione del reato",error,"",0,0,1,HubUnavailable: hub did not answer (timeout or HTTP error),2026-07-25
73_440_DF_DCCV_PROCEEDCRIME_A_7,"Procedimenti, dettaglio reati, intervallo tra iscrizione e definizione del reato, Distretto corte d'Appello",error,"",0,0,1,HubUnavailable: hub did not answer (timeout or HTTP error),2026-07-25
73_440_DF_DCCV_PROCEEDCRIME_A_8,"Reati, intervallo tra iscrizione e definizione del reato",error,"",0,0,1,HubUnavailable: hub did not answer (timeout or HTTP error),2026-07-25
73_440_DF_DCCV_PROCEEDCRIME_A_9,"Reati, autore ignoto, tipo di comune",error,"",0,0,1,HubUnavailable: hub did not answer (timeout or HTTP error),2026-07-25
73_58,Condannati con sentenza irrevocabile - Caratteristiche delle sentenze,error,"",0,0,1,HubUnavailable: hub did not answer (timeout or HTTP error),2026-07-25
73_58_DF_DCCV_CONDCRIM1_1,"Reati, natura del reato",error,"",0,0,1,HubUnavailable: hub did not answer (timeout or HTTP error),2026-07-25
73_58_DF_DCCV_CONDCRIM1_10,"Intervallo fra delitto e sentenza, reati, ufficio di giudizio",error,"",0,0,1,HubUnavailable: hub did not answer (timeout or HTTP error),2026-07-25
73_58_DF_DCCV_CONDCRIM1_11,"Reati commessi, ufficio giudiziario, anno del commesso reato",error,"",0,0,1,HubUnavailable: hub did not answer (timeout or HTTP error),2026-07-25
73_58_DF_DCCV_CONDCRIM1_12,"Dettaglio reati commessi, età al momento del reato",error,"",0,0,1,HubUnavailable: hub did not answer (timeout or HTTP error),2026-07-25
73_58_DF_DCCV_CONDCRIM1_13,Dettaglio reati commessi - reg.,error,"",0,0,1,HubUnavailable: hub did not answer (timeout or HTTP error),2026-07-25
73_58_DF_DCCV_CONDCRIM1_14,"Reati violenti, natura del reato",error,"",0,0,1,HubUnavailable: hub did not answer (timeout or HTTP error),2026-07-25
73_58_DF_DCCV_CONDCRIM1_15,"Reati violenti, misure di sicurezza",error,"",0,0,1,HubUnavailable: hub did not answer (timeout or HTTP error),2026-07-25
73_58_DF_DCCV_CONDCRIM1_16,"Reati violenti per condannati con precedenti penali, età al momento del reato più grave",error,"",0,0,1,HubUnavailable: hub did not answer (timeout or HTTP error),2026-07-25
73_58_DF_DCCV_CONDCRIM1_17,"Reati violenti, ufficio di giudizio, intervallo fra reato e sentenza",error,"",0,0,1,HubUnavailable: hub did not answer (timeout or HTTP error),2026-07-25
73_58_DF_DCCV_CONDCRIM1_18,"Reati violenti, precedenti penali",error,"",0,0,1,HubUnavailable: hub did not answer (timeout or HTTP error),2026-07-25
73_58_DF_DCCV_CONDCRIM1_19,"Intervallo fra delitto e sentenza, reati violenti, ufficio di giudizio",error,"",0,0,1,HubUnavailable: hub did not answer (timeout or HTTP error),2026-07-25
73_58_DF_DCCV_CONDCRIM1_2,"Reati, misure di sicurezza",error,"",0,0,1,HubUnavailable: hub did not answer (timeout or HTTP error),2026-07-25
73_58_DF_DCCV_CONDCRIM1_20,"Reati violenti commessi, ufficio giudiziario, anno del commesso reato",error,"",0,0,1,HubUnavailable: hub did not answer (timeout or HTTP error),2026-07-25
73_58_DF_DCCV_CONDCRIM1_21,"Reati violenti commessi, età al momento del reato",error,"",0,0,1,HubUnavailable: hub did not answer (timeout or HTTP error),2026-07-25
73_58_DF_DCCV_CONDCRIM1_22,Reati violenti commessi - reg.,error,"",0,0,1,HubUnavailable: hub did not answer (timeout or HTTP error),2026-07-25
73_58_DF_DCCV_CONDCRIM1_3,"Reati, età al momento del reato più grave",error,"",0,0,1,HubUnavailable: hub did not answer (timeout or HTTP error),2026-07-25
73_58_DF_DCCV_CONDCRIM1_4,"Reati, ufficio di giudizio, intervallo fra reato e sentenza",error,"",0,0,1,HubUnavailable: hub did not answer (timeout or HTTP error),2026-07-25
73_58_DF_DCCV_CONDCRIM1_5,"Dettaglio reati, precedenti penali",error,"",0,0,1,HubUnavailable: hub did not answer (timeout or HTTP error),2026-07-25
73_58_DF_DCCV_CONDCRIM1_6,"Natura del reato, età al momento del reato più grave",error,"",0,0,1,HubUnavailable: hub did not answer (timeout or HTTP error),2026-07-25
73_58_DF_DCCV_CONDCRIM1_7,"Ufficio di giudizio, distretto di corte d'appello",error,"",0,0,1,HubUnavailable: hub did not answer (timeout or HTTP error),2026-07-25
73_58_DF_DCCV_CONDCRIM1_8,"Misure di sicurezza, distretto di corte d'appello",error,"",0,0,1,HubUnavailable: hub did not answer (timeout or HTTP error),2026-07-25
73_58_DF_DCCV_CONDCRIM1_9,"Distretto di corte d'appello, età al momento del reato più grave - Minori",error,"",0,0,1,HubUnavailable: hub did not answer (timeout or HTTP error),2026-07-25
73_59,Condannati con sentenza irrevocabile - Caratteristiche demografiche,error,"",0,0,1,HubUnavailable: hub did not answer (timeout or HTTP error),2026-07-25
73_59_DF_DCCV_CONDGEO1_1,"Reati, ufficio giudiziario, anno del commesso reato",error,"",0,0,1,HubUnavailable: hub did not answer (timeout or HTTP error),2026-07-25
73_59_DF_DCCV_CONDGEO1_10,"Provenienza geografica italiana, età",error,"",0,0,1,HubUnavailable: hub did not answer (timeout or HTTP error),2026-07-25
73_59_DF_DCCV_CONDGEO1_11,Provenienza geografica italiana - reg,error,"",0,0,1,HubUnavailable: hub did not answer (timeout or HTTP error),2026-07-25
73_59_DF_DCCV_CONDGEO1_12,Provenienza geografica italiana - Minori,error,"",0,0,1,HubUnavailable: hub did not answer (timeout or HTTP error),2026-07-25
73_59_DF_DCCV_CONDGEO1_13,"Provenienza geografica estera, età",error,"",0,0,1,HubUnavailable: hub did not answer (timeout or HTTP error),2026-07-25
73_59_DF_DCCV_CONDGEO1_14,Provenienza geografica estera - rip.,error,"",0,0,1,HubUnavailable: hub did not answer (timeout or HTTP error),2026-07-25
73_59_DF_DCCV_CONDGEO1_15,"Reati violenti, ufficio giudiziario, anno del commesso delitto",error,"",0,0,1,HubUnavailable: hub did not answer (timeout or HTTP error),2026-07-25
73_59_DF_DCCV_CONDGEO1_16,"Reati violenti, provenienza geografica estera",error,"",0,0,1,HubUnavailable: hub did not answer (timeout or HTTP error),2026-07-25
73_59_DF_DCCV_CONDGEO1_17,Reati violenti - reg.,error,"",0,0,1,HubUnavailable: hub did not answer (timeout or HTTP error),2026-07-25
73_59_DF_DCCV_CONDGEO1_18,"Reati violenti, ufficio giudiziario - Minori",error,"",0,0,1,HubUnavailable: hub did not answer (timeout or HTTP error),2026-07-26
73_59_DF_DCCV_CONDGEO1_19,"Reati violenti, pena inflitta, periodo reclusione - Minori",error,"",0,0,1,HubUnavailable: hub did not answer (timeout or HTTP error),2026-07-26
73_59_DF_DCCV_CONDGEO1_2,"Reati, provenienza geografica estera",error,"",0,0,1,HubUnavailable: hub did not answer (timeout or HTTP error),2026-07-26
73_59_DF_DCCV_CONDGEO1_20,"Reati violenti, provenienza geografica - Minori",error,"",0,0,1,HubUnavailable: hub did not answer (timeout or HTTP error),2026-07-26
73_59_DF_DCCV_CONDGEO1_21,"Reati violenti, età",error,"",0,0,1,HubUnavailable: hub did not answer (timeout or HTTP error),2026-07-26
73_59_DF_DCCV_CONDGEO1_22,"Reati violenti, pena inflitta, periodo reclusione",error,"",0,0,1,HubUnavailable: hub did not answer (timeout or HTTP error),2026-07-26
73_59_DF_DCCV_CONDGEO1_23,"Reati violenti, delitti concorrenti",error,"",0,0,1,HubUnavailable: hub did not answer (timeout or HTTP error),2026-07-26
73_59_DF_DCCV_CONDGEO1_3,Reati - reg.,error,"",0,0,1,HubUnavailable: hub did not answer (timeout or HTTP error),2026-07-26
73_59_DF_DCCV_CONDGEO1_4,"Reati, ufficio giudiziario - Minori",ok,hub,8,149,0,"",2026-07-26
73_59_DF_DCCV_CONDGEO1_5,"Reati, pena inflitta, periodo reclusione - Minori",error,"",0,0,1,HubUnavailable: hub did not answer (timeout or HTTP error),2026-07-26
73_59_DF_DCCV_CONDGEO1_6,"Reati, provenienza geografica - Minori",error,"",0,0,1,HubUnavailable: hub did not answer (timeout or HTTP error),2026-07-26
73_59_DF_DCCV_CONDGEO1_7,"Dettaglio reati, età",error,"",0,0,1,HubUnavailable: hub did not answer (timeout or HTTP error),2026-07-26
73_59_DF_DCCV_CONDGEO1_8,"Dettaglio reati, pena inflitta, periodo reclusione",error,"",0,0,1,HubUnavailable: hub did not answer (timeout or HTTP error),2026-07-26
73_59_DF_DCCV_CONDGEO1_9,"Dettaglio reati, reati concorrenti",error,"",0,0,1,HubUnavailable: hub did not answer (timeout or HTTP error),2026-07-26
73_67,Delitti denunciati dalle forze di polizia all'autorità giudiziaria,error,"",0,0,1,HubUnavailable: hub did not answer (timeout or HTTP error),2026-07-26
73_67_DF_DCCV_DELITTIPS_1,Tipo di reato,ok,hub,5,301,0,"",2026-07-26
73_67_DF_DCCV_DELITTIPS_2,"Tipo, identità dell'autore, commessi durante l'anno - grandi comuni",ok,hub,6,101,0,"",2026-07-26
73_67_DF_DCCV_DELITTIPS_3,"Con autore noto, tipo e periodo del commesso delitto",error,"",0,0,1,HubUnavailable: hub did not answer (timeout or HTTP error),2026-07-26
73_67_DF_DCCV_DELITTIPS_4,Con autore noto e periodo del commesso delitto - prov.,ok,hub,5,140,0,"",2026-07-26
73_67_DF_DCCV_DELITTIPS_5,"Delitti di cui si è scoperto l'autore, tipo - grandi comuni",ok,hub,6,100,0,"",2026-07-26
73_67_DF_DCCV_DELITTIPS_6,"Delitti di cui si è scoperto l'autore, tipo",ok,hub,6,88,0,"",2026-07-26
73_67_DF_DCCV_DELITTIPS_7,Delitti di cui si è scoperto l'autore - prov.,ok,hub,5,138,0,"",2026-07-26
73_67_DF_DCCV_DELITTIPS_8,Tasso di delittuosità - grandi comuni,ok,hub,5,99,0,"",2026-07-26
73_67_DF_DCCV_DELITTIPS_9,Tasso di delittuosità - prov,ok,hub,6,194,0,"",2026-07-26
740_1088_DF_DICA_N01SS_1,Attività prevalente - Dati di sintesi,error,"",0,0,1,HubUnavailable: hub did not answer (timeout or HTTP error),2026-07-26
740_1088_DF_DICA_N01SS_2,Attività prevalente - Forma giuridica,error,"",0,0,1,HubUnavailable: hub did not answer (timeout or HTTP error),2026-07-26
740_1088_DF_DICA_N01SS_3,Attività prevalente - Attività economica,error,"",0,0,1,HubUnavailable: hub did not answer (timeout or HTTP error),2026-07-26
740_1088_DF_DICA_N01SS_4,Attività prevalente - Finanziamento prevalente,error,"",0,0,1,HubUnavailable: hub did not answer (timeout or HTTP error),2026-07-26
740_1088_DF_DICA_N01SS_5,Attività prevalente - Orientamento istituzione,error,"",0,0,1,HubUnavailable: hub did not answer (timeout or HTTP error),2026-07-26
740_1089_DF_DICA_N01C_1,Risorse umane complessive - Dati di sintesi,error,"",0,0,1,HubUnavailable: hub did not answer (timeout or HTTP error),2026-07-26
740_1089_DF_DICA_N01C_2,Risorse umane complessive - Istituzioni non profit,error,"",0,0,1,HubUnavailable: hub did not answer (timeout or HTTP error),2026-07-26
740_1089_DF_DICA_N01C_3,Risorse umane complessive -Risorse economiche,error,"",0,0,1,HubUnavailable: hub did not answer (timeout or HTTP error),2026-07-26
740_1089_DF_DICA_N01C_4,Risorse umane complessive - Risorse umane,error,"",0,0,1,HubUnavailable: hub did not answer (timeout or HTTP error),2026-07-26
740_1089_DF_DICA_N01C_5,Istituzioni non profit per caratteristiche istituzione,error,"",0,0,1,HubUnavailable: hub did not answer (timeout or HTTP error),2026-07-26
740_1089_DF_DICA_N01C_6,Risorse umane complessive - Risorse economiche per caratteristiche istituzione,error,"",0,0,1,HubUnavailable: hub did not answer (timeout or HTTP error),2026-07-26
740_1089_DF_DICA_N01C_7,Risorse umane complessive - Risorse umane per caratteristiche istituzione,error,"",0,0,1,HubUnavailable: hub did not answer (timeout or HTTP error),2026-07-26
740_1090_DF_DICA_N02M_1,Mission - Dati di sintesi,error,"",0,0,1,HubUnavailable: hub did not answer (timeout or HTTP error),2026-07-26
740_1090_DF_DICA_N02M_2,Mission - Periodo di assunzione della forma giuridica,error,"",0,0,1,HubUnavailable: hub did not answer (timeout or HTTP error),2026-07-26
740_1090_DF_DICA_N02M_3,Mission - Attività economica,error,"",0,0,1,HubUnavailable: hub did not answer (timeout or HTTP error),2026-07-26
740_1090_DF_DICA_N02M_4,Mission - Finanziamento prevalente,error,"",0,0,1,HubUnavailable: hub did not answer (timeout or HTTP error),2026-07-26
740_1090_DF_DICA_N02M_5,Mission - Orientamento istituzione,error,"",0,0,1,HubUnavailable: hub did not answer (timeout or HTTP error),2026-07-26
740_1091_DF_DICA_N03G_1,Istituzioni e risorse umane complessive - Dati di sintesi,error,"",0,0,1,HubUnavailable: hub did not answer (timeout or HTTP error),2026-07-26
740_1091_DF_DICA_N03G_2,Istituzioni e risorse umane complessive - Attività economica,error,"",0,0,1,HubUnavailable: hub did not answer (timeout or HTTP error),2026-07-26
740_1091_DF_DICA_N03G_3,Istituzioni e risorse umane complessive -Orientamento istituzione,error,"",0,0,1,HubUnavailable: hub did not answer (timeout or HTTP error),2026-07-26
740_1091_DF_DICA_N03G_4,Istituzioni e risorse umane complessive -Finanziamento prevalente,error,"",0,0,1,HubUnavailable: hub did not answer (timeout or HTTP error),2026-07-26
740_1091_DF_DICA_N03G_5,Istituzioni e risorse umane complessive - ICNPO prevalente (completa),error,"",0,0,1,HubUnavailable: hub did not answer (timeout or HTTP error),2026-07-26
740_1092_DF_DICA_N05W_1,Risorse umane retribuite,error,"",0,0,1,HubUnavailable: hub did not answer (timeout or HTTP error),2026-07-26
740_1120_DF_DICA_N03B_1,Risorse economiche - Dati di sintesi,error,"",0,0,1,HubUnavailable: hub did not answer (timeout or HTTP error),2026-07-26
740_1120_DF_DICA_N03B_2,"Risorse economiche - Entrate registrate, classe delle risorse umane",error,"",0,0,1,HubUnavailable: hub did not answer (timeout or HTTP error),2026-07-26
740_1120_DF_DICA_N03B_3,"Risorse economiche - Uscite registrate, classe delle risorse umane",error,"",0,0,1,HubUnavailable: hub did not answer (timeout or HTTP error),2026-07-26
741_1096_DF_DICA_IPSTRIPNP_1,"Istituzioni, risorse umane e genere - Dati di sintesi",error,"",0,0,1,HubUnavailable: hub did not answer (timeout or HTTP error),2026-07-26
741_1096_DF_DICA_IPSTRIPNP_10,"Istituzioni, risorse umane e genere - Ateco (categorie)",error,"",0,0,1,HubUnavailable: hub did not answer (timeout or HTTP error),2026-07-26
741_1096_DF_DICA_IPSTRIPNP_11,"Istituzioni, risorse umane e genere - Ateco (classi), classe dei dipendenti, sesso dei dipendenti",error,"",0,0,1,HubUnavailable: hub did not answer (timeout or HTTP error),2026-07-26
741_1096_DF_DICA_IPSTRIPNP_12,"Istituzioni, risorse umane e genere - Ateco  (categorie)",error,"",0,0,1,HubUnavailable: hub did not answer (timeout or HTTP error),2026-07-26
741_1096_DF_DICA_IPSTRIPNP_13,"Istituzioni, risorse umane e genere - Ateco (categorie), classe dei volontari",error,"",0,0,1,HubUnavailable: hub did not answer (timeout or HTTP error),2026-07-26
741_1096_DF_DICA_IPSTRIPNP_2,"Istituzioni, risorse umane e genere - Ateco (categorie), forma giuridica e classe di unità locali",error,"",0,0,1,HubUnavailable: hub did not answer (timeout or HTTP error),2026-07-26
741_1096_DF_DICA_IPSTRIPNP_3,"Istituzioni, risorse umane e genere - Ateco (categorie), forma giuridica e classe della risorsa umana",error,"",0,0,1,HubUnavailable: hub did not answer (timeout or HTTP error),2026-07-26
741_1096_DF_DICA_IPSTRIPNP_4,"Istituzioni, risorse umane e genere - Ateco (categorie), classe del personale effettivo in servizio",error,"",0,0,1,HubUnavailable: hub did not answer (timeout or HTTP error),2026-07-26
741_1096_DF_DICA_IPSTRIPNP_5,"Istituzioni, risorse umane e genere - Ateco (categorie), classe dei dipendenti",error,"",0,0,1,HubUnavailable: hub did not answer (timeout or HTTP error),2026-07-26
741_1096_DF_DICA_IPSTRIPNP_6,"Istituzioni, risorse umane e genere - Ateco (categorie), classe dei volontari",error,"",0,0,1,HubUnavailable: hub did not answer (timeout or HTTP error),2026-07-26
741_1096_DF_DICA_IPSTRIPNP_7,"Istituzioni, risorse umane e genere - Ateco (gruppi), classe del personale effettivo in servizio",error,"",0,0,1,HubUnavailable: hub did not answer (timeout or HTTP error),2026-07-26
741_1096_DF_DICA_IPSTRIPNP_8,"Istituzioni, risorse umane e genere - Ateco (gruppi), classe dei dipendenti",error,"",0,0,1,HubUnavailable: hub did not answer (timeout or HTTP error),2026-07-26
741_1096_DF_DICA_IPSTRIPNP_9,"Istituzioni, risorse umane e genere - Ateco (classi), classe del personale effettivo in servizio, sesso del personale effettivo in servizio",error,"",0,0,1,HubUnavailable: hub did not answer (timeout or HTTP error),2026-07-26
741_1097_DF_DICA_IPSTRIPCOM_1,"Istituzioni, risorse umane e genere  -  dati comunali - Dati di sintesi",ok,hub,9,12629,0,"",2026-07-26
741_1097_DF_DICA_IPSTRIPCOM_10,"Istituzioni, risorse umane e genere  -  dati comunali - Ateco (gruppi)",ok,hub,9,12553,0,"",2026-07-26
741_1097_DF_DICA_IPSTRIPCOM_11,"Istituzioni, risorse umane e genere  -  dati comunali - Ateco (divisioni), classe dei dipendenti, sesso dei dipendenti",ok,hub,9,12548,0,"",2026-07-26
741_1097_DF_DICA_IPSTRIPCOM_12,"Istituzioni, risorse umane e genere  -  dati comunali - Ateco  (gruppi)",ok,hub,9,12618,0,"",2026-07-26
741_1097_DF_DICA_IPSTRIPCOM_2,"Istituzioni, risorse umane e genere  -  dati comunali - Ateco (gruppi), classe di unità locali",ok,hub,9,12625,0,"",2026-07-26
741_1097_DF_DICA_IPSTRIPCOM_3,"Istituzioni, risorse umane e genere  -  dati comunali - Ateco (gruppi), classe della risorsa umana nel complesso",ok,hub,9,12634,0,"",2026-07-26
741_1097_DF_DICA_IPSTRIPCOM_4,"Istituzioni, risorse umane e genere  -  dati comunali - Ateco (gruppi), classe del personale effettivo in servizio",ok,hub,9,12626,0,"",2026-07-26
741_1097_DF_DICA_IPSTRIPCOM_5,"Istituzioni, risorse umane e genere  -  dati comunali - Ateco (gruppi), classe dei dipendenti",error,"",0,0,1,HubUnavailable: hub did not answer (timeout or HTTP error),2026-07-26
741_1097_DF_DICA_IPSTRIPCOM_6,"Istituzioni, risorse umane e genere  -  dati comunali - Ateco (gruppi), classe dei volontari",ok,hub,9,12622,0,"",2026-07-26
741_1097_DF_DICA_IPSTRIPCOM_7,"Istituzioni, risorse umane e genere  -  dati comunali - Ateco  (gruppi), classe del personale effettivo in servizio",ok,hub,9,12623,0,"",2026-07-26
741_1097_DF_DICA_IPSTRIPCOM_8,"Istituzioni, risorse umane e genere  -  dati comunali - Ateco  (gruppi), classe dei dipendenti",ok,hub,9,12565,0,"",2026-07-26
741_1097_DF_DICA_IPSTRIPCOM_9,"Istituzioni, risorse umane e genere  -  dati comunali - Ateco (divisioni), classe del personale effettivo in servizio, sesso del personale effettivo in servizio",ok,hub,9,12553,0,"",2026-07-26
741_1098_DF_DICA_IPSTRULNP_1,"Unità locali, risorse umane e genere - Dati di sintesi",error,"",0,0,1,HubUnavailable: hub did not answer (timeout or HTTP error),2026-07-26
741_1098_DF_DICA_IPSTRULNP_10,"Dipendenti - Ateco (classi), classe del dipendenti, sesso del dipendenti",error,"",0,0,1,HubUnavailable: hub did not answer (timeout or HTTP error),2026-07-26
741_1098_DF_DICA_IPSTRULNP_2,"Unità locali - Ateco (categorie), titolo di possesso, classe di superficie delle unità locali",error,"",0,0,1,HubUnavailable: hub did not answer (timeout or HTTP error),2026-07-26
741_1098_DF_DICA_IPSTRULNP_3,"Unità locali con personale effettivo in servizio - Ateco (categorie), classe del personale effettivo in servizio, sesso del personale effettivo in servizio",error,"",0,0,1,HubUnavailable: hub did not answer (timeout or HTTP error),2026-07-26
741_1098_DF_DICA_IPSTRULNP_4,"Unità locali con dipendenti - Ateco (categorie), classe dei dipendenti, sesso dei dipendenti",error,"",0,0,1,HubUnavailable: hub did not answer (timeout or HTTP error),2026-07-26
741_1098_DF_DICA_IPSTRULNP_5,"Unità locali - Ateco (categorie), classe dei dipendenti",error,"",0,0,1,HubUnavailable: hub did not answer (timeout or HTTP error),2026-07-26
741_1098_DF_DICA_IPSTRULNP_6,"Unità locali - Ateco (categorie), classe del personale effettivo in servizio",error,"",0,0,1,HubUnavailable: hub did not answer (timeout or HTTP error),2026-07-26
741_1098_DF_DICA_IPSTRULNP_7,Personale effettivo in servizio - Ateco (categorie),error,"",0,0,1,HubUnavailable: hub did not answer (timeout or HTTP error),2026-07-26
741_1098_DF_DICA_IPSTRULNP_8,"Personale effettivo in servizio - Ateco (classi), classe del personale effettivo in servizio, sesso del personale effettivo in servizio",error,"",0,0,1,HubUnavailable: hub did not answer (timeout or HTTP error),2026-07-26
741_1098_DF_DICA_IPSTRULNP_9,Dipendenti - Ateco (categorie),error,"",0,0,1,HubUnavailable: hub did not answer (timeout or HTTP error),2026-07-26
741_1099_DF_DICA_IPSTRULCOM_1,"Unità locali, risorse umane e genere - dati comunali - Dati di sintesi",error,"",0,0,1,HubUnavailable: hub did not answer (timeout or HTTP error),2026-07-26
741_1099_DF_DICA_IPSTRULCOM_2,"Unità locali - Ateco (gruppi), classe del personale effettivo in servizio",error,"",0,0,1,HubUnavailable: hub did not answer (timeout or HTTP error),2026-07-26
741_1099_DF_DICA_IPSTRULCOM_3,"Unità locali - Ateco (gruppi), classe dei dipendenti",error,"",0,0,1,HubUnavailable: hub did not answer (timeout or HTTP error),2026-07-26
741_1099_DF_DICA_IPSTRULCOM_4,"Unità locali - Ateco (gruppi), titolo di possesso, classe di superficie delle unità locali",error,"",0,0,1,HubUnavailable: hub did not answer (timeout or HTTP error),2026-07-26
741_1099_DF_DICA_IPSTRULCOM_5,"Unità locali con personale effettivo in servizio - Ateco (gruppi), classe del personale, sesso del personale effettivo",error,"",0,0,1,HubUnavailable: hub did not answer (timeout or HTTP error),2026-07-26
741_1099_DF_DICA_IPSTRULCOM_6,"Personale effettivo in servizio - Ateco (divisioni), classe del personale effettivo in servizio, sesso del personale effettivo in servizio",error,"",0,0,1,HubUnavailable: hub did not answer (timeout or HTTP error),2026-07-26
741_1099_DF_DICA_IPSTRULCOM_7,Personale effettivo in servizio - Ateco (gruppi),error,"",0,0,1,HubUnavailable: hub did not answer (timeout or HTTP error),2026-07-26
741_1099_DF_DICA_IPSTRULCOM_8,"Dipendenti - Ateco (divisioni), classe dei dipendenti, sesso dei dipendenti",error,"",0,0,1,HubUnavailable: hub did not answer (timeout or HTTP error),2026-07-26
741_1099_DF_DICA_IPSTRULCOM_9,Dipendenti - Ateco (gruppi),error,"",0,0,1,HubUnavailable: hub did not answer (timeout or HTTP error),2026-07-26
741_1100_DF_DICA_IPO_1,Occupazione per tipologia contrattuale e regime orario - Occupazione per tipologia contrattuale e regime orario,error,"",0,0,1,HubUnavailable: hub did not answer (timeout or HTTP error),2026-07-26
741_1101_DF_DICA_IPIF_1,Attività formativa del personale - Dati di sintesi,error,"",0,0,1,HubUnavailable: hub did not answer (timeout or HTTP error),2026-07-26
741_1101_DF_DICA_IPIF_2,"Attività formativa del personale - Classe di personale effettivo, tipo di attività formativa",error,"",0,0,1,HubUnavailable: hub did not answer (timeout or HTTP error),2026-07-26
741_1101_DF_DICA_IPIF_3,"Attività formativa del personale - Classe di personale effettivo, attività formativa, ore di formazione e partecipanti",error,"",0,0,1,HubUnavailable: hub did not answer (timeout or HTTP error),2026-07-26
742_1102_DF_DCSI_CPI_CONTROLLO_1,"Proprietà, controllo, gestione - Sezione Ateco, classe di addetti - reg.  (2018 - 2022)",error,"",0,0,1,HubUnavailable: hub did not answer (timeout or HTTP error),2026-07-26
742_1102_DF_DCSI_CPI_CONTROLLO_10,"Conseguenze del passaggio generazionale - Sezione Ateco, classe di addetti - reg. (2018 - 2022)",error,"",0,0,1,HubUnavailable: hub did not answer (timeout or HTTP error),2026-07-26
742_1102_DF_DCSI_CPI_CONTROLLO_11,"Conseguenze del passaggio generazionale - Divisione Ateco (2 digit), classe di addetti (2018 - 2022)",error,"",0,0,1,HubUnavailable: hub did not answer (timeout or HTTP error),2026-07-26
742_1102_DF_DCSI_CPI_CONTROLLO_12,Conseguenze del passaggio generazionale - Classe di Ateco (4 digit) (2018 - 2022),error,"",0,0,1,HubUnavailable: hub did not answer (timeout or HTTP error),2026-07-26
742_1102_DF_DCSI_CPI_CONTROLLO_13,Tipo di gestione - Macrosettori economici - prov. (2018-2022),error,"",0,0,1,HubUnavailable: hub did not answer (timeout or HTTP error),2026-07-26
742_1102_DF_DCSI_CPI_CONTROLLO_14,"Tipo di gestione - Sezione Ateco, classe di addetti - reg. (2018-2022)",error,"",0,0,1,HubUnavailable: hub did not answer (timeout or HTTP error),2026-07-26
742_1102_DF_DCSI_CPI_CONTROLLO_15,"Tipo di gestione - Divisione Ateco (2 digit), classe di addetti (2018-2022)",error,"",0,0,1,HubUnavailable: hub did not answer (timeout or HTTP error),2026-07-26
742_1102_DF_DCSI_CPI_CONTROLLO_16,Tipo di gestione - Classe di Ateco (4 digit) (2018-2022),error,"",0,0,1,HubUnavailable: hub did not answer (timeout or HTTP error),2026-07-26
742_1102_DF_DCSI_CPI_CONTROLLO_17,Ostacoli al passaggio generazionale - Macrosettori economici - prov.,error,"",0,0,1,HubUnavailable: hub did not answer (timeout or HTTP error),2026-07-26
742_1102_DF_DCSI_CPI_CONTROLLO_18,"Ostacoli al passaggio generazionale - Sezione Ateco, classe di addetti - reg.",error,"",0,0,1,HubUnavailable: hub did not answer (timeout or HTTP error),2026-07-26
742_1102_DF_DCSI_CPI_CONTROLLO_19,"Ostacoli al passaggio generazionale - Divisione Ateco (2 digit), classe di addetti",error,"",0,0,1,HubUnavailable: hub did not answer (timeout or HTTP error),2026-07-26
742_1102_DF_DCSI_CPI_CONTROLLO_2,"Proprietà, controllo, gestione - Macrosettori economici - prov. (2018 - 2022)",error,"",0,0,1,HubUnavailable: hub did not answer (timeout or HTTP error),2026-07-26
742_1102_DF_DCSI_CPI_CONTROLLO_20,Ostacoli al passaggio generazionale - Classe di Ateco (4 digit),error,"",0,0,1,HubUnavailable: hub did not answer (timeout or HTTP error),2026-07-26
742_1102_DF_DCSI_CPI_CONTROLLO_21,Obiettivi strategici perseguiti - Macrosettori economici - prov. (2018 - 2022),error,"",0,0,1,HubUnavailable: hub did not answer (timeout or HTTP error),2026-07-26
742_1102_DF_DCSI_CPI_CONTROLLO_22,"Obiettivi strategici perseguiti - Sezione Ateco, classe di addetti - reg. (2018 - 2022)",error,"",0,0,1,HubUnavailable: hub did not answer (timeout or HTTP error),2026-07-26
742_1102_DF_DCSI_CPI_CONTROLLO_23,"Obiettivi strategici perseguiti - Divisione Ateco (2 digit), classe di addetti (2018 -2022)",error,"",0,0,1,HubUnavailable: hub did not answer (timeout or HTTP error),2026-07-26
742_1102_DF_DCSI_CPI_CONTROLLO_24,Obiettivi strategici perseguiti - Classe di Ateco (4 digit) (2018 - 2022),error,"",0,0,1,HubUnavailable: hub did not answer (timeout or HTTP error),2026-07-26
742_1102_DF_DCSI_CPI_CONTROLLO_25,Obiettivi strategici futuri - Macrosettori economici - prov. (2018 - 2022),error,"",0,0,1,HubUnavailable: hub did not answer (timeout or HTTP error),2026-07-26
742_1102_DF_DCSI_CPI_CONTROLLO_26,"Obiettivi strategici futuri - Sezione Ateco, classe di addetti - reg. (2018 - 2022)",error,"",0,0,1,HubUnavailable: hub did not answer (timeout or HTTP error),2026-07-26
742_1102_DF_DCSI_CPI_CONTROLLO_27,"Obiettivi strategici futuri - Divisione Ateco (2 digit), classe di addetti (2018 - 2022)",error,"",0,0,1,HubUnavailable: hub did not answer (timeout or HTTP error),2026-07-26
742_1102_DF_DCSI_CPI_CONTROLLO_28,Obiettivi strategici futuri - Classe di Ateco (4 digit) (2018 - 2022),error,"",0,0,1,HubUnavailable: hub did not answer (timeout or HTTP error),2026-07-26
742_1102_DF_DCSI_CPI_CONTROLLO_3,"Proprietà, controllo, gestione - Classe di Ateco (4 digit)  (2018 - 2022)",error,"",0,0,1,HubUnavailable: hub did not answer (timeout or HTTP error),2026-07-26
742_1102_DF_DCSI_CPI_CONTROLLO_4,"Proprietà, controllo, gestione - Divisione Ateco (2 digit), classe di addetti  (2018 - 2022)",error,"",0,0,1,HubUnavailable: hub did not answer (timeout or HTTP error),2026-07-26
742_1102_DF_DCSI_CPI_CONTROLLO_5,Periodo del passaggio generazionale - Macrosettori economici - prov. (2018 - 2022),error,"",0,0,1,HubUnavailable: hub did not answer (timeout or HTTP error),2026-07-26
742_1102_DF_DCSI_CPI_CONTROLLO_6,"Periodo del passaggio generazionale - Sezione Ateco, classe di addetti - reg. (2018 - 2022)",error,"",0,0,1,HubUnavailable: hub did not answer (timeout or HTTP error),2026-07-26
742_1102_DF_DCSI_CPI_CONTROLLO_7,"Periodo del passaggio generazionale - Divisione Ateco (2 digit), classe di addetti (2018 - 2022)",error,"",0,0,1,HubUnavailable: hub did not answer (timeout or HTTP error),2026-07-26
742_1102_DF_DCSI_CPI_CONTROLLO_8,Periodo del passaggio generazionale - Classe di Ateco (4 digit) (2018 - 2022),error,"",0,0,1,HubUnavailable: hub did not answer (timeout or HTTP error),2026-07-26
742_1102_DF_DCSI_CPI_CONTROLLO_9,Conseguenze del passaggio generazionale - Macrosettori economici - prov. (2018 - 2022),error,"",0,0,1,HubUnavailable: hub did not answer (timeout or HTTP error),2026-07-26
742_1103_DF_DCSI_CPI_RISORSE_1,Acquisizione di risorse umane - Macrosettori economici - prov. (2018 - 2022),error,"",0,0,1,HubUnavailable: hub did not answer (timeout or HTTP error),2026-07-26
742_1103_DF_DCSI_CPI_RISORSE_10,"Competenze - Sezione Ateco, classe di addetti - reg. (2018 - 2022)",error,"",0,0,1,HubUnavailable: hub did not answer (timeout or HTTP error),2026-07-26
742_1103_DF_DCSI_CPI_RISORSE_11,"Competenze - Divisione Ateco (2 digit), classe di addetti (2018 - 2022)",error,"",0,0,1,HubUnavailable: hub did not answer (timeout or HTTP error),2026-07-26
742_1103_DF_DCSI_CPI_RISORSE_12,Competenze - Classe di Ateco (4 digit) (2018 - 2022),error,"",0,0,1,HubUnavailable: hub did not answer (timeout or HTTP error),2026-07-26
742_1103_DF_DCSI_CPI_RISORSE_13,Ostacoli - Macrosettori economici - prov. (2018-2022),error,"",0,0,1,HubUnavailable: hub did not answer (timeout or HTTP error),2026-07-26
742_1103_DF_DCSI_CPI_RISORSE_14,"Ostacoli - Sezione Ateco, classe di addetti - reg. (2018 - 2022)",error,"",0,0,1,HubUnavailable: hub did not answer (timeout or HTTP error),2026-07-26
742_1103_DF_DCSI_CPI_RISORSE_15,"Ostacoli - Divisione Ateco (2 digit), classe di addetti (2018 - 2022)",error,"",0,0,1,HubUnavailable: hub did not answer (timeout or HTTP error),2026-07-26
742_1103_DF_DCSI_CPI_RISORSE_16,Ostacoli - Classe di Ateco (4 digit) (2018 - 2022),error,"",0,0,1,HubUnavailable: hub did not answer (timeout or HTTP error),2026-07-26
742_1103_DF_DCSI_CPI_RISORSE_17,Modalità di acquisizione - Macrosettori economici - prov.,error,"",0,0,1,HubUnavailable: hub did not answer (timeout or HTTP error),2026-07-26
742_1103_DF_DCSI_CPI_RISORSE_18,"Modalità di acquisizione - Sezione Ateco, classe di addetti - reg.",error,"",0,0,1,HubUnavailable: hub did not answer (timeout or HTTP error),2026-07-26
742_1103_DF_DCSI_CPI_RISORSE_19,"Modalità di acquisizione - Divisione Ateco (2 digit), classe di addetti",error,"",0,0,1,HubUnavailable: hub did not answer (timeout or HTTP error),2026-07-26
742_1103_DF_DCSI_CPI_RISORSE_2,"Acquisizione di risorse umane - Divisione Ateco (2 digit), classe di addetti (2018 - 2022)",error,"",0,0,1,HubUnavailable: hub did not answer (timeout or HTTP error),2026-07-26
742_1103_DF_DCSI_CPI_RISORSE_20,Modalità di acquisizione - Classe di Ateco (4 digit),error,"",0,0,1,HubUnavailable: hub did not answer (timeout or HTTP error),2026-07-26
742_1103_DF_DCSI_CPI_RISORSE_21,Area funzionale interessata - Macrosettori economici - prov.,error,"",0,0,1,HubUnavailable: hub did not answer (timeout or HTTP error),2026-07-26
742_1103_DF_DCSI_CPI_RISORSE_22,"Area funzionale interessata - Sezione Ateco, classe di addetti - reg.",error,"",0,0,1,HubUnavailable: hub did not answer (timeout or HTTP error),2026-07-26
742_1103_DF_DCSI_CPI_RISORSE_23,"Area funzionale interessata - Divisione Ateco (2 digit), classe di addetti",error,"",0,0,1,HubUnavailable: hub did not answer (timeout or HTTP error),2026-07-26
742_1103_DF_DCSI_CPI_RISORSE_24,Area funzionale interessata - Classe di Ateco (4 digit),error,"",0,0,1,HubUnavailable: hub did not answer (timeout or HTTP error),2026-07-26
742_1103_DF_DCSI_CPI_RISORSE_25,Pratiche di gestione del personale - Macrosettori economici - prov. (2018 - 2022),error,"",0,0,1,HubUnavailable: hub did not answer (timeout or HTTP error),2026-07-26
742_1103_DF_DCSI_CPI_RISORSE_26,"Pratiche di gestione del personale - Sezione Ateco, classe di addetti - reg.",error,"",0,0,1,HubUnavailable: hub did not answer (timeout or HTTP error),2026-07-26
742_1103_DF_DCSI_CPI_RISORSE_27,"Pratiche di gestione del personale - Divisione Ateco (2 digit), classe di addetti (2018 -2019)",error,"",0,0,1,HubUnavailable: hub did not answer (timeout or HTTP error),2026-07-26
742_1103_DF_DCSI_CPI_RISORSE_28,Pratiche di gestione del personale - Classe di Ateco (4 digit) (2018 - 2022),error,"",0,0,1,HubUnavailable: hub did not answer (timeout or HTTP error),2026-07-26
742_1103_DF_DCSI_CPI_RISORSE_29,Pratiche per attrarre e/o trattenere personale qualificato - Macrosettori economici - prov. (2018 - 2022),error,"",0,0,1,HubUnavailable: hub did not answer (timeout or HTTP error),2026-07-26
742_1103_DF_DCSI_CPI_RISORSE_3,"Acquisizione di risorse umane - Sezione Ateco, classe di addetti - reg. (2018 - 2022)",error,"",0,0,1,HubUnavailable: hub did not answer (timeout or HTTP error),2026-07-26
742_1103_DF_DCSI_CPI_RISORSE_30,"Pratiche per attrarre e/o trattenere personale qualificato - Sezione Ateco, classe di addetti - reg. (2018-2022)",error,"",0,0,1,HubUnavailable: hub did not answer (timeout or HTTP error),2026-07-26
742_1103_DF_DCSI_CPI_RISORSE_31,"Pratiche per attrarre e/o trattenere personale qualificato - Divisione Ateco (2 digit), classe di addetti (2018 - 2022)",error,"",0,0,1,HubUnavailable: hub did not answer (timeout or HTTP error),2026-07-26
742_1103_DF_DCSI_CPI_RISORSE_32,Pratiche per attrarre e/o trattenere personale qualificato - Classe di Ateco (4 digit) (2018-2022),error,"",0,0,1,HubUnavailable: hub did not answer (timeout or HTTP error),2026-07-26
742_1103_DF_DCSI_CPI_RISORSE_4,Acquisizione di risorse umane - Classe di Ateco (4 digit) (2018 - 2022),error,"",0,0,1,HubUnavailable: hub did not answer (timeout or HTTP error),2026-07-26
742_1103_DF_DCSI_CPI_RISORSE_5,Posizione professionale - Macrosettori economici - prov. (2018 - 2022),error,"",0,0,1,HubUnavailable: hub did not answer (timeout or HTTP error),2026-07-26
742_1103_DF_DCSI_CPI_RISORSE_6,"Posizione professionale - Sezione Ateco, classe di addetti - reg. (2018-2022)",error,"",0,0,1,HubUnavailable: hub did not answer (timeout or HTTP error),2026-07-26
742_1103_DF_DCSI_CPI_RISORSE_7,"Posizione professionale - Divisione Ateco (2 digit), classe di addetti (2018-2022)",error,"",0,0,1,HubUnavailable: hub did not answer (timeout or HTTP error),2026-07-26
742_1103_DF_DCSI_CPI_RISORSE_8,Posizione professionale - Classe di Ateco (4 digit) (2018 - 2022),error,"",0,0,1,HubUnavailable: hub did not answer (timeout or HTTP error),2026-07-26
742_1103_DF_DCSI_CPI_RISORSE_9,Competenze - Macrosettori economici - prov. (2018 - 2022),error,"",0,0,1,HubUnavailable: hub did not answer (timeout or HTTP error),2026-07-26
742_1105_DF_DCSI_CPI_FORMAZIONE_1,Formazione non obbligatoria - Macrosettori economici - prov. (2018 - 2022),error,"",0,0,1,HubUnavailable: hub did not answer (timeout or HTTP error),2026-07-26
742_1105_DF_DCSI_CPI_FORMAZIONE_10,"Competenze - Sezione Ateco, classe di addetti - reg.",error,"",0,0,1,HubUnavailable: hub did not answer (timeout or HTTP error),2026-07-26
742_1105_DF_DCSI_CPI_FORMAZIONE_11,"Competenze - Divisione Ateco (2 digit), classe di addetti",error,"",0,0,1,HubUnavailable: hub did not answer (timeout or HTTP error),2026-07-26
742_1105_DF_DCSI_CPI_FORMAZIONE_12,Competenze - Classe di Ateco (4 digit),error,"",0,0,1,HubUnavailable: hub did not answer (timeout or HTTP error),2026-07-26
742_1105_DF_DCSI_CPI_FORMAZIONE_13,Personale coinvolto - Macrosettori economici - prov. (2018 - 2022),error,"",0,0,1,HubUnavailable: hub did not answer (timeout or HTTP error),2026-07-26
742_1105_DF_DCSI_CPI_FORMAZIONE_14,"Personale coinvolto - Sezione Ateco, classe di addetti - reg. (2018 - 2019)",error,"",0,0,1,HubUnavailable: hub did not answer (timeout or HTTP error),2026-07-26
742_1105_DF_DCSI_CPI_FORMAZIONE_15,"Personale coinvolto - Divisione Ateco (2 digit), classe di addetti (2018 -2019)",error,"",0,0,1,HubUnavailable: hub did not answer (timeout or HTTP error),2026-07-26
742_1105_DF_DCSI_CPI_FORMAZIONE_16,Personale coinvolto - Classe di Ateco (4 digit) (2018 - 2022),error,"",0,0,1,HubUnavailable: hub did not answer (timeout or HTTP error),2026-07-26
742_1105_DF_DCSI_CPI_FORMAZIONE_17,Andamento della spesa per formazione - Macrosettori economici - prov.,error,"",0,0,1,HubUnavailable: hub did not answer (timeout or HTTP error),2026-07-26
742_1105_DF_DCSI_CPI_FORMAZIONE_18,"Andamento della spesa per formazione - Sezione Ateco, classe di addetti - reg.",error,"",0,0,1,HubUnavailable: hub did not answer (timeout or HTTP error),2026-07-26
742_1105_DF_DCSI_CPI_FORMAZIONE_19,"Andamento della spesa per formazione - Divisione Ateco (2 digit), classe di addetti",error,"",0,0,1,HubUnavailable: hub did not answer (timeout or HTTP error),2026-07-26
742_1105_DF_DCSI_CPI_FORMAZIONE_2,"Formazione non obbligatoria - Sezione Ateco, classe di addetti - reg. (2018 - 2019)",error,"",0,0,1,HubUnavailable: hub did not answer (timeout or HTTP error),2026-07-26
742_1105_DF_DCSI_CPI_FORMAZIONE_20,Andamento della spesa per formazione - Classe di Ateco (4 digit),error,"",0,0,1,HubUnavailable: hub did not answer (timeout or HTTP error),2026-07-26
742_1105_DF_DCSI_CPI_FORMAZIONE_21,Limitazione nella spesa o mancata formazione - Macrosettori economici - prov.,error,"",0,0,1,HubUnavailable: hub did not answer (timeout or HTTP error),2026-07-26
742_1105_DF_DCSI_CPI_FORMAZIONE_22,"Limitazione nella spesa o mancata formazione - Sezione Ateco, classe di addetti - reg.",error,"",0,0,1,HubUnavailable: hub did not answer (timeout or HTTP error),2026-07-26
742_1105_DF_DCSI_CPI_FORMAZIONE_23,"Limitazione nella spesa o mancata formazione - Divisione Ateco (2 digit), classe di addetti",error,"",0,0,1,HubUnavailable: hub did not answer (timeout or HTTP error),2026-07-26
742_1105_DF_DCSI_CPI_FORMAZIONE_24,Limitazione nella spesa o mancata formazione - Classe di Ateco (4 digit),error,"",0,0,1,HubUnavailable: hub did not answer (timeout or HTTP error),2026-07-26
742_1105_DF_DCSI_CPI_FORMAZIONE_3,Formazione non obbligatoria - Classe di Ateco (4 digit),error,"",0,0,1,HubUnavailable: hub did not answer (timeout or HTTP error),2026-07-26
742_1105_DF_DCSI_CPI_FORMAZIONE_4,"Formazione non obbligatoria - Divisione Ateco (2 digit), classe di addetti",error,"",0,0,1,HubUnavailable: hub did not answer (timeout or HTTP error),2026-07-26
742_1105_DF_DCSI_CPI_FORMAZIONE_5,Attività di formazione - Macrosettori economici - prov. (2018 - 2022),error,"",0,0,1,HubUnavailable: hub did not answer (timeout or HTTP error),2026-07-26
742_1105_DF_DCSI_CPI_FORMAZIONE_6,"Attività di formazione - Divisione Ateco (2 digit), classe di addetti (2018 -2019)",error,"",0,0,1,HubUnavailable: hub did not answer (timeout or HTTP error),2026-07-26
742_1105_DF_DCSI_CPI_FORMAZIONE_7,Attività di formazione - Classe di Ateco (4 digit),error,"",0,0,1,HubUnavailable: hub did not answer (timeout or HTTP error),2026-07-26
742_1105_DF_DCSI_CPI_FORMAZIONE_8,"Attività di formazione - Sezione Ateco, classe di addetti - reg. (2018 - 2019)",error,"",0,0,1,HubUnavailable: hub did not answer (timeout or HTTP error),2026-07-26
742_1105_DF_DCSI_CPI_FORMAZIONE_9,Competenze - Macrosettori economici - prov.,error,"",0,0,1,HubUnavailable: hub did not answer (timeout or HTTP error),2026-07-26
742_1106_DF_DCSI_CPI_RELAZIONI_1,Relazioni tra imprese - Macrosettori economici - prov. (2018-2022),error,"",0,0,1,HubUnavailable: hub did not answer (timeout or HTTP error),2026-07-26
742_1106_DF_DCSI_CPI_RELAZIONI_10,"Numero delle controparti - Sezione Ateco, classe di addetti - reg. (2018 2022)",error,"",0,0,1,HubUnavailable: hub did not answer (timeout or HTTP error),2026-07-26
742_1106_DF_DCSI_CPI_RELAZIONI_11,"Relazioni tra imprese - Divisione Ateco (2 digit), classe di addetti  (2018-2022)",error,"",0,0,1,HubUnavailable: hub did not answer (timeout or HTTP error),2026-07-26
742_1106_DF_DCSI_CPI_RELAZIONI_12,"Tipo di controparti - Divisione Ateco (2 digit), classe di addetti (2018-2022)",error,"",0,0,1,HubUnavailable: hub did not answer (timeout or HTTP error),2026-07-26
742_1106_DF_DCSI_CPI_RELAZIONI_13,"Motivi della relazione - Divisione Ateco (2 digit), classe di addetti (2018 2022)",error,"",0,0,1,HubUnavailable: hub did not answer (timeout or HTTP error),2026-07-26
742_1106_DF_DCSI_CPI_RELAZIONI_14,"Numero delle controparti - Divisione Ateco (2 digit), classe di addetti (2018 2022)",error,"",0,0,1,HubUnavailable: hub did not answer (timeout or HTTP error),2026-07-27
742_1106_DF_DCSI_CPI_RELAZIONI_15,"Difficoltà nell'attivare relazioni - Divisione Ateco (2 digit), classe di addetti (2018 2022)",error,"",0,0,1,HubUnavailable: hub did not answer (timeout or HTTP error),2026-07-27
742_1106_DF_DCSI_CPI_RELAZIONI_16,Relazioni tra imprese - Classe di Ateco (4 digit) (2018-2022),error,"",0,0,1,HubUnavailable: hub did not answer (timeout or HTTP error),2026-07-27
742_1106_DF_DCSI_CPI_RELAZIONI_17,Tipo di controparti - Classe di Ateco (4 digit) (2018-2022),error,"",0,0,1,HubUnavailable: hub did not answer (timeout or HTTP error),2026-07-27
742_1106_DF_DCSI_CPI_RELAZIONI_18,Motivi della relazione - Classe di Ateco (2018 2022),error,"",0,0,1,HubUnavailable: hub did not answer (timeout or HTTP error),2026-07-27
742_1106_DF_DCSI_CPI_RELAZIONI_19,Numero delle controparti - Classe di Ateco (4 digit) (2018 2022),error,"",0,0,1,HubUnavailable: hub did not answer (timeout or HTTP error),2026-07-27
742_1106_DF_DCSI_CPI_RELAZIONI_2,Tipo di controparti - Macrosettori economici - prov. (2018-2022),error,"",0,0,1,HubUnavailable: hub did not answer (timeout or HTTP error),2026-07-27
742_1106_DF_DCSI_CPI_RELAZIONI_20,Difficoltà nell'attivare relazioni - Classe di Ateco (4 digit) (2018 2022),error,"",0,0,1,HubUnavailable: hub did not answer (timeout or HTTP error),2026-07-27
742_1106_DF_DCSI_CPI_RELAZIONI_21,Aree funzionali interessate - Macrosettori economici - prov. (2018 2022),error,"",0,0,1,HubUnavailable: hub did not answer (timeout or HTTP error),2026-07-27
742_1106_DF_DCSI_CPI_RELAZIONI_22,"Aree funzionali interessate - Divisione Ateco (2 digit), classe di addetti (2018 2022)",error,"",0,0,1,HubUnavailable: hub did not answer (timeout or HTTP error),2026-07-27
742_1106_DF_DCSI_CPI_RELAZIONI_23,"Aree funzionali interessate - Sezione Ateco, classe di addetti - reg.(2018 2022)",error,"",0,0,1,HubUnavailable: hub did not answer (timeout or HTTP error),2026-07-27
742_1106_DF_DCSI_CPI_RELAZIONI_24,Aree funzionali interessate - Classe di Ateco (4 digit) (2018 2022),error,"",0,0,1,HubUnavailable: hub did not answer (timeout or HTTP error),2026-07-27
742_1106_DF_DCSI_CPI_RELAZIONI_25,Subfornitore principale - Macrosettori economici - prov.,error,"",0,0,1,HubUnavailable: hub did not answer (timeout or HTTP error),2026-07-27
742_1106_DF_DCSI_CPI_RELAZIONI_26,"Subfornitore principale - Sezione Ateco, classe di addetti - reg.",error,"",0,0,1,HubUnavailable: hub did not answer (timeout or HTTP error),2026-07-27
742_1106_DF_DCSI_CPI_RELAZIONI_27,"Subfornitore principale - Divisione Ateco (2 digit), classe di addetti",error,"",0,0,1,HubUnavailable: hub did not answer (timeout or HTTP error),2026-07-27
742_1106_DF_DCSI_CPI_RELAZIONI_28,Subfornitore principale - Classe di Ateco (4 digit),error,"",0,0,1,HubUnavailable: hub did not answer (timeout or HTTP error),2026-07-27
742_1106_DF_DCSI_CPI_RELAZIONI_29,Main customer - Economic sectors - prov.,error,"",0,0,1,HubUnavailable: hub did not answer (timeout or HTTP error),2026-07-27
742_1106_DF_DCSI_CPI_RELAZIONI_3,Motivi della relazione - Macrosettori economici - prov. (2018 2022),error,"",0,0,1,HubUnavailable: hub did not answer (timeout or HTTP error),2026-07-27
742_1106_DF_DCSI_CPI_RELAZIONI_30,"Committente principale - Sezione Ateco, classe di addetti - reg.",error,"",0,0,1,HubUnavailable: hub did not answer (timeout or HTTP error),2026-07-27
742_1106_DF_DCSI_CPI_RELAZIONI_31,"Committente principale - Divisione Ateco (2 digit), classe di addetti",error,"",0,0,1,HubUnavailable: hub did not answer (timeout or HTTP error),2026-07-27
742_1106_DF_DCSI_CPI_RELAZIONI_32,Committente principale - Classe di Ateco (4 digit),error,"",0,0,1,HubUnavailable: hub did not answer (timeout or HTTP error),2026-07-27
742_1106_DF_DCSI_CPI_RELAZIONI_33,Attività imprese partner - Macrosettori economici - prov.,error,"",0,0,1,HubUnavailable: hub did not answer (timeout or HTTP error),2026-07-27
742_1106_DF_DCSI_CPI_RELAZIONI_34,"Attività imprese partner - Sezione Ateco, classe di addetti - reg.",error,"",0,0,1,HubUnavailable: hub did not answer (timeout or HTTP error),2026-07-27
742_1106_DF_DCSI_CPI_RELAZIONI_35,"Attività imprese partner - Divisione Ateco (2 digit), classe di addetti",error,"",0,0,1,HubUnavailable: hub did not answer (timeout or HTTP error),2026-07-27
742_1106_DF_DCSI_CPI_RELAZIONI_36,Attività imprese partner - Classe di Ateco (4 digit),error,"",0,0,1,HubUnavailable: hub did not answer (timeout or HTTP error),2026-07-27
742_1106_DF_DCSI_CPI_RELAZIONI_4,Numero delle controparti - Macrosettori economici - prov. (2018 2022),error,"",0,0,1,HubUnavailable: hub did not answer (timeout or HTTP error),2026-07-27
742_1106_DF_DCSI_CPI_RELAZIONI_5,Difficoltà nell'attivare relazioni - Macrosettori economici - prov. (2018 2022),error,"",0,0,1,HubUnavailable: hub did not answer (timeout or HTTP error),2026-07-27
742_1106_DF_DCSI_CPI_RELAZIONI_6,"Relazioni tra imprese - Sezione Ateco, classe di addetti - reg. (2018-2022)",error,"",0,0,1,HubUnavailable: hub did not answer (timeout or HTTP error),2026-07-27
742_1106_DF_DCSI_CPI_RELAZIONI_7,"Tipo di controparti - Sezione Ateco, classe di addetti - reg. (2018-2022)",error,"",0,0,1,HubUnavailable: hub did not answer (timeout or HTTP error),2026-07-27
742_1106_DF_DCSI_CPI_RELAZIONI_8,"Difficoltà nell'attivare relazioni - Sezione Ateco, classe di addetti - reg.(2018 2022)",error,"",0,0,1,HubUnavailable: hub did not answer (timeout or HTTP error),2026-07-27
742_1106_DF_DCSI_CPI_RELAZIONI_9,"Motivi della relazione - Sezione Ateco, classe di addetti - reg. (2018 2022)",error,"",0,0,1,HubUnavailable: hub did not answer (timeout or HTTP error),2026-07-27
742_1107_DF_DCSI_CPI_MERCATO_10,"Ostacoli alla capacità competitiva - Sezione Ateco, classe di addetti - reg.",error,"",0,0,1,HubUnavailable: hub did not answer (timeout or HTTP error),2026-07-27
742_1107_DF_DCSI_CPI_MERCATO_11,Ostacoli alla capacità competitiva - Classe di Ateco (4 digit),error,"",0,0,1,HubUnavailable: hub did not answer (timeout or HTTP error),2026-07-27
742_1107_DF_DCSI_CPI_MERCATO_12,Punti di forza della capacità competitiva - Classe di Ateco (4 digit) (2018-2022),error,"",0,0,1,HubUnavailable: hub did not answer (timeout or HTTP error),2026-07-27
742_1107_DF_DCSI_CPI_MERCATO_13,Mercato geografico di riferimento - Classe di Ateco (4 digit),error,"",0,0,1,HubUnavailable: hub did not answer (timeout or HTTP error),2026-07-27
742_1107_DF_DCSI_CPI_MERCATO_14,"Ostacoli alla capacità competitiva - Divisione Ateco (2 digit), classe di addetti (2018-2022)",error,"",0,0,1,HubUnavailable: hub did not answer (timeout or HTTP error),2026-07-27
742_1107_DF_DCSI_CPI_MERCATO_15,"Punti di forza della capacità competitiva - Divisione Ateco (2 digit), classe di addetti (2018-2022)",error,"",0,0,1,HubUnavailable: hub did not answer (timeout or HTTP error),2026-07-27
742_1107_DF_DCSI_CPI_MERCATO_16,"Mercato geografico di riferimento - Divisione Ateco (2 digit), classe di addetti",error,"",0,0,1,HubUnavailable: hub did not answer (timeout or HTTP error),2026-07-27
742_1107_DF_DCSI_CPI_MERCATO_17,Competitività e mercato - Macrosettori economici - prov. (2018-2022),error,"",0,0,1,HubUnavailable: hub did not answer (timeout or HTTP error),2026-07-27
742_1107_DF_DCSI_CPI_MERCATO_18,Mercato geografico di riferimento - Macrosettori economici - prov.,error,"",0,0,1,HubUnavailable: hub did not answer (timeout or HTTP error),2026-07-27
742_1107_DF_DCSI_CPI_MERCATO_19,Punti di forza della capacità competitiva - Macrosettori economici - prov. (2018-2022),error,"",0,0,1,HubUnavailable: hub did not answer (timeout or HTTP error),2026-07-27
742_1107_DF_DCSI_CPI_MERCATO_20,Ostacoli alla capacità competitiva - Macrosettori economici - prov. (2018-2022),error,"",0,0,1,HubUnavailable: hub did not answer (timeout or HTTP error),2026-07-27
742_1107_DF_DCSI_CPI_MERCATO_21,Cliente - Macrosettori economici - prov.(2018-2022),error,"",0,0,1,HubUnavailable: hub did not answer (timeout or HTTP error),2026-07-27
742_1107_DF_DCSI_CPI_MERCATO_22,"Cliente - Sezione Ateco, classe di addetti - reg.(2018-2022)",error,"",0,0,1,HubUnavailable: hub did not answer (timeout or HTTP error),2026-07-27
742_1107_DF_DCSI_CPI_MERCATO_23,"Cliente - Divisione Ateco (2 digit), classe di addetti (2018-2022)",error,"",0,0,1,HubUnavailable: hub did not answer (timeout or HTTP error),2026-07-27
742_1107_DF_DCSI_CPI_MERCATO_24,Cliente - Classe di Ateco (4 digit) (2018-2022),error,"",0,0,1,HubUnavailable: hub did not answer (timeout or HTTP error),2026-07-27
742_1107_DF_DCSI_CPI_MERCATO_25,Criterio di determinazione dei prezzi - Macrosettori economici - prov. (2018-2022),error,"",0,0,1,HubUnavailable: hub did not answer (timeout or HTTP error),2026-07-27
742_1107_DF_DCSI_CPI_MERCATO_26,"Prices determination criterion - Nace sectors, class of persons employed - reg. (2018-2022)",error,"",0,0,1,HubUnavailable: hub did not answer (timeout or HTTP error),2026-07-27
742_1107_DF_DCSI_CPI_MERCATO_27,"Criterio di determinazione dei prezzi - Divisione Ateco (2 digit), classe di addetti (2018-2022)",error,"",0,0,1,HubUnavailable: hub did not answer (timeout or HTTP error),2026-07-27
742_1107_DF_DCSI_CPI_MERCATO_28,Criterio di determinazione dei prezzi - Classe di Ateco (4 digit) (2018-2022),error,"",0,0,1,HubUnavailable: hub did not answer (timeout or HTTP error),2026-07-27
742_1107_DF_DCSI_CPI_MERCATO_29,Capacità competitiva - Macrosettori economici - prov.,error,"",0,0,1,HubUnavailable: hub did not answer (timeout or HTTP error),2026-07-27
742_1107_DF_DCSI_CPI_MERCATO_30,"Capacità competitiva - Sezione Ateco, classe di addetti - reg.",error,"",0,0,1,HubUnavailable: hub did not answer (timeout or HTTP error),2026-07-27
742_1107_DF_DCSI_CPI_MERCATO_31,"Capacità competitiva - Divisione Ateco (2 digit), classe di addetti",error,"",0,0,1,HubUnavailable: hub did not answer (timeout or HTTP error),2026-07-27
742_1107_DF_DCSI_CPI_MERCATO_32,Capacità competitiva - Classe di Ateco (4 digit),error,"",0,0,1,HubUnavailable: hub did not answer (timeout or HTTP error),2026-07-27
742_1107_DF_DCSI_CPI_MERCATO_5,"Competitività e mercato - Sezione Ateco, classe di addetti - reg. (2018-2022)",error,"",0,0,1,HubUnavailable: hub did not answer (timeout or HTTP error),2026-07-27
742_1107_DF_DCSI_CPI_MERCATO_6,"Competitività e mercato - Divisione Ateco (2 digit), classe di addetti (2018-2022)",error,"",0,0,1,HubUnavailable: hub did not answer (timeout or HTTP error),2026-07-27
742_1107_DF_DCSI_CPI_MERCATO_7,Competitività e mercato - Classe di Ateco (4 digit) (2018-2022),error,"",0,0,1,HubUnavailable: hub did not answer (timeout or HTTP error),2026-07-27
742_1107_DF_DCSI_CPI_MERCATO_8,"Mercato geografico di riferimento - Sezione Ateco, classe di addetti - reg.",error,"",0,0,1,HubUnavailable: hub did not answer (timeout or HTTP error),2026-07-27
742_1107_DF_DCSI_CPI_MERCATO_9,"Punti di forza della capacità competitiva - Sezione Ateco, classe di addetti - reg. (2018-2022)",error,"",0,0,1,HubUnavailable: hub did not answer (timeout or HTTP error),2026-07-27
742_1111_DF_DCSI_CPI_FINANZA_10,"Utilizzo delle fonti - Sezione Ateco, classe di addetti - reg.",error,"",0,0,1,HubUnavailable: hub did not answer (timeout or HTTP error),2026-07-27
742_1111_DF_DCSI_CPI_FINANZA_11,Utilizzo delle fonti - Classe di Ateco (4 digit),error,"",0,0,1,HubUnavailable: hub did not answer (timeout or HTTP error),2026-07-27
742_1111_DF_DCSI_CPI_FINANZA_12,"Fonti di finanziamento - Sezione Ateco, classe di addetti - reg. (2018-2022)",error,"",0,0,1,HubUnavailable: hub did not answer (timeout or HTTP error),2026-07-27
742_1111_DF_DCSI_CPI_FINANZA_13,Dipendenza da fonti esterne - Macrosettori economici - prov. (2018-2022),error,"",0,0,1,HubUnavailable: hub did not answer (timeout or HTTP error),2026-07-27
742_1111_DF_DCSI_CPI_FINANZA_14,"Dipendenza da fonti esterne - Sezione Ateco, classe di addetti - reg. (2018-2022)",error,"",0,0,1,HubUnavailable: hub did not answer (timeout or HTTP error),2026-07-27
742_1111_DF_DCSI_CPI_FINANZA_15,"Dipendenza da fonti esterne - Divisione Ateco (2 digit), classe di addetti (2018-2022)",error,"",0,0,1,HubUnavailable: hub did not answer (timeout or HTTP error),2026-07-27
742_1111_DF_DCSI_CPI_FINANZA_16,Dipendenza da fonti esterne - Classe di Ateco (4 digit) (2018-2022),error,"",0,0,1,HubUnavailable: hub did not answer (timeout or HTTP error),2026-07-27
742_1111_DF_DCSI_CPI_FINANZA_17,Dipendenza dalle banche - Macrosettori economici - prov. (2018-2022),error,"",0,0,1,HubUnavailable: hub did not answer (timeout or HTTP error),2026-07-27
742_1111_DF_DCSI_CPI_FINANZA_18,"Dipendenza dalle banche - Sezione Ateco, classe di addetti - reg. (2018-2022)",error,"",0,0,1,HubUnavailable: hub did not answer (timeout or HTTP error),2026-07-27
742_1111_DF_DCSI_CPI_FINANZA_19,"Dipendenza dalle banche - Divisione Ateco (2 digit), classe di addetti (2018-2022)",error,"",0,0,1,HubUnavailable: hub did not answer (timeout or HTTP error),2026-07-27
742_1111_DF_DCSI_CPI_FINANZA_20,Dipendenza dalle banche - Classe di Ateco (4 digit) (2018-2022),error,"",0,0,1,HubUnavailable: hub did not answer (timeout or HTTP error),2026-07-27
742_1111_DF_DCSI_CPI_FINANZA_21,Numero di banche - NUM - Macrosettori economici - prov.,error,"",0,0,1,HubUnavailable: hub did not answer (timeout or HTTP error),2026-07-27
742_1111_DF_DCSI_CPI_FINANZA_22,"Numero di banche - NUM - Sezione Ateco, classe di addetti - reg.",error,"",0,0,1,HubUnavailable: hub did not answer (timeout or HTTP error),2026-07-27
742_1111_DF_DCSI_CPI_FINANZA_23,"Numero di banche - NUM - Divisione Ateco (2 digit), classe di addetti",error,"",0,0,1,HubUnavailable: hub did not answer (timeout or HTTP error),2026-07-27
742_1111_DF_DCSI_CPI_FINANZA_24,Numero di banche - NUM - Classe di Ateco (4 digit),error,"",0,0,1,HubUnavailable: hub did not answer (timeout or HTTP error),2026-07-27
742_1111_DF_DCSI_CPI_FINANZA_25,Quota di indebitamento - QUO - Macrosettori economici - prov.,ok,hub,6,148,0,"",2026-07-27
742_1111_DF_DCSI_CPI_FINANZA_26,Tipologia della banca principale - TIP - Macrosettori economici - prov.,error,"",0,0,1,HubUnavailable: hub did not answer (timeout or HTTP error),2026-07-27
742_1111_DF_DCSI_CPI_FINANZA_27,Determinanti nella scelta della banca - DET - Macrosettori economici - prov.,error,"",0,0,1,HubUnavailable: hub did not answer (timeout or HTTP error),2026-07-27
742_1111_DF_DCSI_CPI_FINANZA_28,Richieste di valutazione della banca - RIC - Macrosettori economici - prov.,error,"",0,0,1,HubUnavailable: hub did not answer (timeout or HTTP error),2026-07-27
742_1111_DF_DCSI_CPI_FINANZA_29,Strumenti per migliorare la posizione creditizia - STR - Macrosettori economici - prov.,error,"",0,0,1,HubUnavailable: hub did not answer (timeout or HTTP error),2026-07-27
742_1111_DF_DCSI_CPI_FINANZA_30,"Quota di indebitamento - QUO - Divisione Ateco (2 digit), classe di addetti",ok,hub,6,108,0,"",2026-07-27
742_1111_DF_DCSI_CPI_FINANZA_31,"Tipologia della banca principale - TIP - Divisione Ateco (2 digit), classe di addetti",error,"",0,0,1,HubUnavailable: hub did not answer (timeout or HTTP error),2026-07-27
742_1111_DF_DCSI_CPI_FINANZA_32,"Determinanti nella scelta della banca - DET - Divisione Ateco (2 digit), classe di addetti",error,"",0,0,1,HubUnavailable: hub did not answer (timeout or HTTP error),2026-07-27
742_1111_DF_DCSI_CPI_FINANZA_33,"Richieste di valutazione della banca - RIC - Divisione Ateco (2 digit), classe di addetti",error,"",0,0,1,HubUnavailable: hub did not answer (timeout or HTTP error),2026-07-27
742_1111_DF_DCSI_CPI_FINANZA_34,"Strumenti per migliorare la posizione creditizia - STR - Divisione Ateco (2 digit), classe di addetti",ok,hub,6,110,0,"",2026-07-27
742_1111_DF_DCSI_CPI_FINANZA_35,Quota di indebitamento - QUO - Classe di Ateco (4 digit),ok,hub,6,851,0,"",2026-07-27
742_1111_DF_DCSI_CPI_FINANZA_36,Tipologia della banca principale - TIP - Classe di Ateco (4 digit),error,"",0,0,1,HubUnavailable: hub did not answer (timeout or HTTP error),2026-07-27
742_1111_DF_DCSI_CPI_FINANZA_37,Determinanti nella scelta della banca - DET - Classe di Ateco (4 digit),error,"",0,0,1,HubUnavailable: hub did not answer (timeout or HTTP error),2026-07-27
742_1111_DF_DCSI_CPI_FINANZA_38,Richieste di valutazione della banca - RIC - Classe di Ateco (4 digit),error,"",0,0,1,HubUnavailable: hub did not answer (timeout or HTTP error),2026-07-27
742_1111_DF_DCSI_CPI_FINANZA_39,Strumenti per migliorare la posizione creditizia - STR - Classe di Ateco (4 digit),error,"",0,0,1,HubUnavailable: hub did not answer (timeout or HTTP error),2026-07-27
742_1111_DF_DCSI_CPI_FINANZA_40,"Quota di indebitamento - QUO - Sezione Ateco, classe di addetti - reg.",error,"",0,0,1,HubUnavailable: hub did not answer (timeout or HTTP error),2026-07-27
742_1111_DF_DCSI_CPI_FINANZA_41,"Tipologia della banca principale - TIP - Sezione Ateco, classe di addetti - reg.",error,"",0,0,1,HubUnavailable: hub did not answer (timeout or HTTP error),2026-07-27
742_1111_DF_DCSI_CPI_FINANZA_42,"Determinanti nella scelta della banca - DET - Sezione Ateco, classe di addetti - reg.",error,"",0,0,1,HubUnavailable: hub did not answer (timeout or HTTP error),2026-07-27
742_1111_DF_DCSI_CPI_FINANZA_43,"Richieste di valutazione della banca - RIC - Sezione Ateco, classe di addetti - reg.",error,"",0,0,1,HubUnavailable: hub did not answer (timeout or HTTP error),2026-07-27
742_1111_DF_DCSI_CPI_FINANZA_44,"Strumenti per migliorare la posizione creditizia - STR - Sezione Ateco, classe di addetti - reg.",error,"",0,0,1,HubUnavailable: hub did not answer (timeout or HTTP error),2026-07-27
742_1111_DF_DCSI_CPI_FINANZA_5,Fonti di finanziamento - Macrosettori economici - prov. (2018-2022),error,"",0,0,1,HubUnavailable: hub did not answer (timeout or HTTP error),2026-07-27
742_1111_DF_DCSI_CPI_FINANZA_6,Utilizzo delle fonti - Macrosettori economici - prov.,error,"",0,0,1,HubUnavailable: hub did not answer (timeout or HTTP error),2026-07-27
742_1111_DF_DCSI_CPI_FINANZA_7,"Fonti di finanziamento - Divisione Ateco (2 digit), classe di addetti (2018-2022)",error,"",0,0,1,HubUnavailable: hub did not answer (timeout or HTTP error),2026-07-27
742_1111_DF_DCSI_CPI_FINANZA_8,"Utilizzo delle fonti - Divisione Ateco (2 digit), classe di addetti",error,"",0,0,1,HubUnavailable: hub did not answer (timeout or HTTP error),2026-07-27
742_1111_DF_DCSI_CPI_FINANZA_9,Fonti di finanziamento - Classe di Ateco (4 digit) (2018-2022),error,"",0,0,1,HubUnavailable: hub did not answer (timeout or HTTP error),2026-07-27
742_1115_DF_DCSI_CPI_INTERNAZ_1,"Internazionalizzazione produttiva - Divisione Ateco (2 digit), classe di addetti",error,"",0,0,1,HubUnavailable: hub did not answer (timeout or HTTP error),2026-07-27
742_1115_DF_DCSI_CPI_INTERNAZ_10,"Aree di delocalizzazione - Contratti/Accordi - Sezione Ateco, classe di addetti - reg.",error,"",0,0,1,HubUnavailable: hub did not answer (timeout or HTTP error),2026-07-27
742_1115_DF_DCSI_CPI_INTERNAZ_11,"Destinazione della produzione - Contratti/Accordi - Sezione Ateco, classe di addetti - reg.",error,"",0,0,1,HubUnavailable: hub did not answer (timeout or HTTP error),2026-07-27
742_1115_DF_DCSI_CPI_INTERNAZ_12,"Aree di delocalizzazione - IDE - Divisione Ateco (2 digit), classe di addetti",error,"",0,0,1,HubUnavailable: hub did not answer (timeout or HTTP error),2026-07-27
742_1115_DF_DCSI_CPI_INTERNAZ_13,"Destinazione della produzione - IDE - Divisione Ateco (2 digit), classe di addetti",error,"",0,0,1,HubUnavailable: hub did not answer (timeout or HTTP error),2026-07-27
742_1115_DF_DCSI_CPI_INTERNAZ_14,"Aree di delocalizzazione - Contratti/Accordi - Divisione Ateco (2 digit), classe di addetti",error,"",0,0,1,HubUnavailable: hub did not answer (timeout or HTTP error),2026-07-27
742_1115_DF_DCSI_CPI_INTERNAZ_15,"Destinazione della produzione - Contratti/Accordi - Divisione Ateco (2 digit), classe di addetti",error,"",0,0,1,HubUnavailable: hub did not answer (timeout or HTTP error),2026-07-27
742_1115_DF_DCSI_CPI_INTERNAZ_16,Aree di delocalizzazione - IDE - Classe di Ateco (4 digit),error,"",0,0,1,HubUnavailable: hub did not answer (timeout or HTTP error),2026-07-27
742_1115_DF_DCSI_CPI_INTERNAZ_17,Destinazione della produzione - IDE - Classe di Ateco (4 digit),ok,hub,9,589,0,"",2026-07-27
742_1115_DF_DCSI_CPI_INTERNAZ_18,Aree di delocalizzazione - Contratti/Accordi - Classe di Ateco (4 digit),error,"",0,0,1,HubUnavailable: hub did not answer (timeout or HTTP error),2026-07-27
742_1115_DF_DCSI_CPI_INTERNAZ_19,Destinazione della produzione - Contratti/Accordi - Classe di Ateco (4 digit),error,"",0,0,1,HubUnavailable: hub did not answer (timeout or HTTP error),2026-07-27
742_1115_DF_DCSI_CPI_INTERNAZ_2,Internazionalizzazione produttiva - Macrosettori economici - prov.,error,"",0,0,1,HubUnavailable: hub did not answer (timeout or HTTP error),2026-07-27
742_1115_DF_DCSI_CPI_INTERNAZ_20,Destinazione della produzione - Contratti/Accordi - Macrosettori economici - prov.,error,"",0,0,1,HubUnavailable: hub did not answer (timeout or HTTP error),2026-07-27
742_1115_DF_DCSI_CPI_INTERNAZ_21,Tipo di impresa cui è stato fornito un servizio - Macrosettori economici - prov.,error,"",0,0,1,HubUnavailable: hub did not answer (timeout or HTTP error),2026-07-27
742_1115_DF_DCSI_CPI_INTERNAZ_22,"Tipo di impresa cui è stato fornito un servizio - Sezione Ateco, classe di addetti - reg.",error,"",0,0,1,HubUnavailable: hub did not answer (timeout or HTTP error),2026-07-27
742_1115_DF_DCSI_CPI_INTERNAZ_23,"Tipo di impresa cui è stato fornito un servizio - Divisione Ateco (2 digit), classe di addetti",error,"",0,0,1,HubUnavailable: hub did not answer (timeout or HTTP error),2026-07-27
742_1115_DF_DCSI_CPI_INTERNAZ_24,Tipo di impresa cui è stato fornito un servizio - Classe di Ateco (4 digit),error,"",0,0,1,HubUnavailable: hub did not answer (timeout or HTTP error),2026-07-27
742_1115_DF_DCSI_CPI_INTERNAZ_25,Tipo di impresa cui è stato commissionato un servizio - Macrosettori economici - prov.,error,"",0,0,1,HubUnavailable: hub did not answer (timeout or HTTP error),2026-07-27
742_1115_DF_DCSI_CPI_INTERNAZ_26,"Tipo di impresa cui è stato commissionato un servizio - Sezione Ateco, classe di addetti - reg.",error,"",0,0,1,HubUnavailable: hub did not answer (timeout or HTTP error),2026-07-27
742_1115_DF_DCSI_CPI_INTERNAZ_27,"Tipo di impresa cui è stato commissionato un servizio - Divisione Ateco (2 digit), classe di addetti",error,"",0,0,1,HubUnavailable: hub did not answer (timeout or HTTP error),2026-07-27
742_1115_DF_DCSI_CPI_INTERNAZ_28,Tipo di impresa cui è stato commissionato un servizio - Classe di Ateco (4 digit),error,"",0,0,1,HubUnavailable: hub did not answer (timeout or HTTP error),2026-07-27
742_1115_DF_DCSI_CPI_INTERNAZ_29,Aree di delocalizzazione dell'attività produttiva - Macrosettori economici - prov.,error,"",0,0,1,HubUnavailable: hub did not answer (timeout or HTTP error),2026-07-27
742_1115_DF_DCSI_CPI_INTERNAZ_3,"Internazionalizzazione produttiva - Sezione Ateco, classe di addetti - reg.",error,"",0,0,1,HubUnavailable: hub did not answer (timeout or HTTP error),2026-07-27
742_1115_DF_DCSI_CPI_INTERNAZ_30,"Aree di delocalizzazione dell'attività produttiva - Sezione Ateco, classe di addetti - reg.",error,"",0,0,1,HubUnavailable: hub did not answer (timeout or HTTP error),2026-07-27
742_1115_DF_DCSI_CPI_INTERNAZ_31,"Aree di delocalizzazione dell'attività produttiva - Divisione Ateco (2 digit), classe di addetti",error,"",0,0,1,HubUnavailable: hub did not answer (timeout or HTTP error),2026-07-27
742_1115_DF_DCSI_CPI_INTERNAZ_32,Aree di delocalizzazione dell'attività produttiva - Classe di Ateco (4 digit),error,"",0,0,1,HubUnavailable: hub did not answer (timeout or HTTP error),2026-07-27
742_1115_DF_DCSI_CPI_INTERNAZ_33,Ostacoli alla delocalizzazione - Macrosettori economici - prov.,error,"",0,0,1,HubUnavailable: hub did not answer (timeout or HTTP error),2026-07-27
742_1115_DF_DCSI_CPI_INTERNAZ_34,"Ostacoli alla delocalizzazione - Sezione Ateco, classe di addetti - reg.",error,"",0,0,1,HubUnavailable: hub did not answer (timeout or HTTP error),2026-07-27
742_1115_DF_DCSI_CPI_INTERNAZ_35,"Ostacoli alla delocalizzazione - Divisione Ateco (2 digit), classe di addetti",error,"",0,0,1,HubUnavailable: hub did not answer (timeout or HTTP error),2026-07-27
742_1115_DF_DCSI_CPI_INTERNAZ_36,Ostacoli alla delocalizzazione - Classe di Ateco (4 digit),error,"",0,0,1,HubUnavailable: hub did not answer (timeout or HTTP error),2026-07-27
742_1115_DF_DCSI_CPI_INTERNAZ_4,Internazionalizzazione produttiva - Classe di Ateco (4 digit),error,"",0,0,1,HubUnavailable: hub did not answer (timeout or HTTP error),2026-07-27
742_1115_DF_DCSI_CPI_INTERNAZ_5,Aree di delocalizzazione - IDE - Macrosettori economici - prov.,error,"",0,0,1,HubUnavailable: hub did not answer (timeout or HTTP error),2026-07-27
742_1115_DF_DCSI_CPI_INTERNAZ_6,Destinazione della produzione - IDE - Macrosettori economici - prov.,error,"",0,0,1,HubUnavailable: hub did not answer (timeout or HTTP error),2026-07-27
742_1115_DF_DCSI_CPI_INTERNAZ_7,Aree di delocalizzazione - Contratti/Accordi - Macrosettori economici - prov.,error,"",0,0,1,HubUnavailable: hub did not answer (timeout or HTTP error),2026-07-27
742_1115_DF_DCSI_CPI_INTERNAZ_8,"Aree di delocalizzazione - IDE - Sezione Ateco, classe di addetti - reg.",error,"",0,0,1,HubUnavailable: hub did not answer (timeout or HTTP error),2026-07-27
742_1115_DF_DCSI_CPI_INTERNAZ_9,"Destinazione della produzione - IDE - Sezione Ateco, classe di addetti - reg.",error,"",0,0,1,HubUnavailable: hub did not answer (timeout or HTTP error),2026-07-27
742_1136_DF_DCSI_CPI_ENVRESSINT_1,"Azioni per sostenibilità ambientale, responsabilità sociale e sicurezza - Macrosettori economici - prov",ok,hub,5,150,0,"",2026-07-27
742_1136_DF_DCSI_CPI_ENVRESSINT_10,"Strumenti finanziari - Sezioni Ateco, classe di addetti - reg.",error,"",0,0,1,HubUnavailable: hub did not answer (timeout or HTTP error),2026-07-27
742_1136_DF_DCSI_CPI_ENVRESSINT_11,Strumenti finanziari - Classe di Ateco (4 digit),error,"",0,0,1,HubUnavailable: hub did not answer (timeout or HTTP error),2026-07-27
742_1136_DF_DCSI_CPI_ENVRESSINT_12,"Strumenti finanziari - Divisione di Ateco (2 digit), classe di addetti",error,"",0,0,1,HubUnavailable: hub did not answer (timeout or HTTP error),2026-07-27
742_1136_DF_DCSI_CPI_ENVRESSINT_13,Modalità di finanziamento - Macrosettori economici - prov,error,"",0,0,1,HubUnavailable: hub did not answer (timeout or HTTP error),2026-07-27
742_1136_DF_DCSI_CPI_ENVRESSINT_14,"Modalità di finanziamento - Sezioni Ateco, classe di addetti - reg.",error,"",0,0,1,HubUnavailable: hub did not answer (timeout or HTTP error),2026-07-27
742_1136_DF_DCSI_CPI_ENVRESSINT_15,Modalità di finanziamento - Classe di Ateco (4 digit),error,"",0,0,1,HubUnavailable: hub did not answer (timeout or HTTP error),2026-07-27
742_1136_DF_DCSI_CPI_ENVRESSINT_16,"Modalità di finanziamento - Divisione di Ateco (2 digit), classe di addetti",error,"",0,0,1,HubUnavailable: hub did not answer (timeout or HTTP error),2026-07-27
742_1136_DF_DCSI_CPI_ENVRESSINT_2,"Azioni per sostenibilità ambientale, responsabilità sociale e sicurezza - Sezioni Ateco, classe di addetti - reg.",error,"",0,0,1,HubUnavailable: hub did not answer (timeout or HTTP error),2026-07-27
742_1136_DF_DCSI_CPI_ENVRESSINT_3,"Azioni per sostenibilità ambientale, responsabilità sociale e sicurezza - Classe di Ateco (4 digit)",ok,hub,5,897,0,"",2026-07-27
742_1136_DF_DCSI_CPI_ENVRESSINT_4,"Azioni per sostenibilità ambientale, responsabilità sociale e sicurezza - Divisione di Ateco (2 digit), classe di addetti",ok,hub,5,116,0,"",2026-07-27
742_1136_DF_DCSI_CPI_ENVRESSINT_5,Motivazioni - Macrosettori economici - prov,error,"",0,0,1,HubUnavailable: hub did not answer (timeout or HTTP error),2026-07-27
742_1136_DF_DCSI_CPI_ENVRESSINT_6,"Motivazioni - Sezioni Ateco, classe di addetti - reg.",error,"",0,0,1,HubUnavailable: hub did not answer (timeout or HTTP error),2026-07-27
742_1136_DF_DCSI_CPI_ENVRESSINT_7,Motivazioni - Classe di Ateco (4 digit),error,"",0,0,1,HubUnavailable: hub did not answer (timeout or HTTP error),2026-07-27
742_1136_DF_DCSI_CPI_ENVRESSINT_8,"Motivazioni - Divisione di Ateco (2 digit), classe di addetti",error,"",0,0,1,HubUnavailable: hub did not answer (timeout or HTTP error),2026-07-27
742_1136_DF_DCSI_CPI_ENVRESSINT_9,Strumenti finanziari - Macrosettori economici - prov,error,"",0,0,1,HubUnavailable: hub did not answer (timeout or HTTP error),2026-07-27
742_1137_DF_DCSI_CPI_ENVIROM_1,"Strategie per la sostenibilità ambientale - Sezioni Ateco, classe di addetti - reg.",ok,hub,5,60,0,"",2026-07-27
742_1137_DF_DCSI_CPI_ENVIROM_10,"Azioni per ridurre i consumi - Sezioni Ateco, classe di addetti - reg.",error,"",0,0,1,HubUnavailable: hub did not answer (timeout or HTTP error),2026-07-27
742_1137_DF_DCSI_CPI_ENVIROM_11,Azioni per ridurre i consumi - Classe di Ateco (4 digit),error,"",0,0,1,HubUnavailable: hub did not answer (timeout or HTTP error),2026-07-27
742_1137_DF_DCSI_CPI_ENVIROM_12,"Azioni per ridurre i consumi - Divisione di Ateco (2 digit), classe di addetti",error,"",0,0,1,HubUnavailable: hub did not answer (timeout or HTTP error),2026-07-27
742_1137_DF_DCSI_CPI_ENVIROM_13,Strategie di promozione - Macrosettori economici - prov,ok,hub,6,155,0,"",2026-07-27
742_1137_DF_DCSI_CPI_ENVIROM_14,"Strategie di promozione - Sezioni Ateco, classe di addetti - reg.",error,"",0,0,1,HubUnavailable: hub did not answer (timeout or HTTP error),2026-07-27
742_1137_DF_DCSI_CPI_ENVIROM_15,Strategie di promozione - Classe di Ateco (4 digit),error,"",0,0,1,HubUnavailable: hub did not answer (timeout or HTTP error),2026-07-27
742_1137_DF_DCSI_CPI_ENVIROM_16,"Strategie di promozione - Divisione di Ateco (2 digit), classe di addetti",error,"",0,0,1,HubUnavailable: hub did not answer (timeout or HTTP error),2026-07-27
742_1137_DF_DCSI_CPI_ENVIROM_2,"Strategie per la sostenibilità ambientale - Divisione di Ateco (2 digit), classe di addetti",ok,hub,5,111,0,"",2026-07-27
742_1137_DF_DCSI_CPI_ENVIROM_3,Strategie per la sostenibilità ambientale - Classe di Ateco (4 digit),ok,hub,5,892,0,"",2026-07-27
742_1137_DF_DCSI_CPI_ENVIROM_4,Strategie per la sostenibilità ambientale - Macro settori economici - prov,ok,hub,5,145,0,"",2026-07-27
742_1137_DF_DCSI_CPI_ENVIROM_5,Tipologie di investimento - Macrosettori economici - prov,error,"",0,0,1,HubUnavailable: hub did not answer (timeout or HTTP error),2026-07-27
742_1137_DF_DCSI_CPI_ENVIROM_6,"Tipologie di investimento - Sezioni Ateco, classe di addetti - reg.",error,"",0,0,1,HubUnavailable: hub did not answer (timeout or HTTP error),2026-07-27
742_1137_DF_DCSI_CPI_ENVIROM_7,"Tipologie di investimento - Divisione di Ateco (2 digit), classe di addetti",error,"",0,0,1,HubUnavailable: hub did not answer (timeout or HTTP error),2026-07-27
742_1137_DF_DCSI_CPI_ENVIROM_8,Tipologie di investimento - Classe di Ateco (4 digit),error,"",0,0,1,HubUnavailable: hub did not answer (timeout or HTTP error),2026-07-27
742_1137_DF_DCSI_CPI_ENVIROM_9,Azioni per ridurre i consumi - Macrosettori economici - prov,error,"",0,0,1,HubUnavailable: hub did not answer (timeout or HTTP error),2026-07-27
742_1138_DF_DCSI_CPI_LABCOLL_1,Strategie per il benessere lavorativo e di interesse collettivo - Macrosettori economici - prov.,error,"",0,0,1,HubUnavailable: hub did not answer (timeout or HTTP error),2026-07-27
742_1138_DF_DCSI_CPI_LABCOLL_10,"Azioni intraprese a sostegno della genitorialità - Sezioni Ateco, classe di addetti - reg.",error,"",0,0,1,HubUnavailable: hub did not answer (timeout or HTTP error),2026-07-27
742_1138_DF_DCSI_CPI_LABCOLL_11,Azioni intraprese a sostegno della genitorialità - Classe di Ateco (4 digit),error,"",0,0,1,HubUnavailable: hub did not answer (timeout or HTTP error),2026-07-27
742_1138_DF_DCSI_CPI_LABCOLL_12,"Azioni intraprese a sostegno della genitorialità - Divisione di Ateco (2 digit), classe di addetti",error,"",0,0,1,HubUnavailable: hub did not answer (timeout or HTTP error),2026-07-27
742_1138_DF_DCSI_CPI_LABCOLL_13,Azioni da intraprendere a sostegno della genitorialità - Macrosettori economici - prov.,error,"",0,0,1,HubUnavailable: hub did not answer (timeout or HTTP error),2026-07-27
742_1138_DF_DCSI_CPI_LABCOLL_14,"Azioni da intraprendere a sostegno della genitorialità - Sezioni Ateco, classe di addetti - reg.",error,"",0,0,1,HubUnavailable: hub did not answer (timeout or HTTP error),2026-07-27
742_1138_DF_DCSI_CPI_LABCOLL_15,"Azioni da intraprendere a sostegno della genitorialità - Divisione di Ateco (2 digit), classe di addetti",error,"",0,0,1,HubUnavailable: hub did not answer (timeout or HTTP error),2026-07-27
742_1138_DF_DCSI_CPI_LABCOLL_16,Azioni da intraprendere a sostegno della genitorialità - Classe di Ateco (4 digit),error,"",0,0,1,HubUnavailable: hub did not answer (timeout or HTTP error),2026-07-27
742_1138_DF_DCSI_CPI_LABCOLL_17,Iniziative di interesse collettivo - Macrosettori economici - prov.,error,"",0,0,1,HubUnavailable: hub did not answer (timeout or HTTP error),2026-07-27
742_1138_DF_DCSI_CPI_LABCOLL_18,"Iniziative di interesse collettivo - Sezioni Ateco, classe di addetti - reg.",error,"",0,0,1,HubUnavailable: hub did not answer (timeout or HTTP error),2026-07-27
742_1138_DF_DCSI_CPI_LABCOLL_19,Iniziative di interesse collettivo - Classe di Ateco (4 digit),error,"",0,0,1,HubUnavailable: hub did not answer (timeout or HTTP error),2026-07-27
742_1138_DF_DCSI_CPI_LABCOLL_2,"Strategie per il benessere lavorativo e di interesse collettivo - Sezioni Ateco, classe di addetti - reg.",error,"",0,0,1,HubUnavailable: hub did not answer (timeout or HTTP error),2026-07-27
742_1138_DF_DCSI_CPI_LABCOLL_20,"Iniziative di interesse collettivo - Divisione di Ateco (2 digit), classe di addetti",error,"",0,0,1,HubUnavailable: hub did not answer (timeout or HTTP error),2026-07-27
742_1138_DF_DCSI_CPI_LABCOLL_3,"Strategie per il benessere lavorativo e di interesse collettivo - Divisione di Ateco (2 digit), classe di addetti",error,"",0,0,1,HubUnavailable: hub did not answer (timeout or HTTP error),2026-07-27
742_1138_DF_DCSI_CPI_LABCOLL_4,Strategie per il benessere lavorativo e di interesse collettivo - Classe di Ateco (4 digit),error,"",0,0,1,HubUnavailable: hub did not answer (timeout or HTTP error),2026-07-27
742_1138_DF_DCSI_CPI_LABCOLL_5,Benessere lavorativo - Macrosettori economici - prov.,error,"",0,0,1,HubUnavailable: hub did not answer (timeout or HTTP error),2026-07-27
742_1138_DF_DCSI_CPI_LABCOLL_6,"Benessere lavorativo - Sezioni Ateco, classe di addetti - reg.",error,"",0,0,1,HubUnavailable: hub did not answer (timeout or HTTP error),2026-07-27
742_1138_DF_DCSI_CPI_LABCOLL_7,Benessere lavorativo - Classe di Ateco (4 digit),error,"",0,0,1,HubUnavailable: hub did not answer (timeout or HTTP error),2026-07-27
742_1138_DF_DCSI_CPI_LABCOLL_8,"Benessere lavorativo - Divisione di Ateco (2 digit), classe di addetti",error,"",0,0,1,HubUnavailable: hub did not answer (timeout or HTTP error),2026-07-27
742_1138_DF_DCSI_CPI_LABCOLL_9,Azioni intraprese a sostegno della genitorialità - Macrosettori economici - prov.,error,"",0,0,1,HubUnavailable: hub did not answer (timeout or HTTP error),2026-07-27
742_1139_DF_DCSI_CPI_LOCSEC_1,Strategie a beneficio del territorio e per la sicurezza - Macrosettori economici - prov.,ok,hub,5,146,0,"",2026-07-27
742_1139_DF_DCSI_CPI_LOCSEC_10,"Fattori di successo delle iniziative - Sezioni Ateco, classe di addetti - reg.",error,"",0,0,1,HubUnavailable: hub did not answer (timeout or HTTP error),2026-07-27
742_1139_DF_DCSI_CPI_LOCSEC_11,"Fattori di successo delle iniziative - Divisione di Ateco (2 digit), classe di addetti",error,"",0,0,1,HubUnavailable: hub did not answer (timeout or HTTP error),2026-07-27
742_1139_DF_DCSI_CPI_LOCSEC_12,Fattori di successo delle iniziative - Classe di Ateco (4 digit),error,"",0,0,1,HubUnavailable: hub did not answer (timeout or HTTP error),2026-07-28
742_1139_DF_DCSI_CPI_LOCSEC_13,Aspetti connessi alla sicurezza - Macrosettori economici - prov.,error,"",0,0,1,HubUnavailable: hub did not answer (timeout or HTTP error),2026-07-28
742_1139_DF_DCSI_CPI_LOCSEC_14,"Aspetti connessi alla sicurezza - Sezioni Ateco, classe di addetti - reg.",error,"",0,0,1,HubUnavailable: hub did not answer (timeout or HTTP error),2026-07-28
742_1139_DF_DCSI_CPI_LOCSEC_15,"Aspetti connessi alla sicurezza - Divisione di Ateco (2 digit), classe di addetti",error,"",0,0,1,HubUnavailable: hub did not answer (timeout or HTTP error),2026-07-28
742_1139_DF_DCSI_CPI_LOCSEC_16,Aspetti connessi alla sicurezza - Classe di Ateco (4 digit),error,"",0,0,1,HubUnavailable: hub did not answer (timeout or HTTP error),2026-07-28
742_1139_DF_DCSI_CPI_LOCSEC_17,Motivi di rilevanza della sicurezza - Macrosettori economici - prov.,error,"",0,0,1,HubUnavailable: hub did not answer (timeout or HTTP error),2026-07-28
742_1139_DF_DCSI_CPI_LOCSEC_18,"Motivi di rilevanza della sicurezza - Sezioni Ateco, classe di addetti - reg.",error,"",0,0,1,HubUnavailable: hub did not answer (timeout or HTTP error),2026-07-28
742_1139_DF_DCSI_CPI_LOCSEC_19,"Motivi di rilevanza della sicurezza - Divisione di Ateco (2 digit), classe di addetti",error,"",0,0,1,HubUnavailable: hub did not answer (timeout or HTTP error),2026-07-28
742_1139_DF_DCSI_CPI_LOCSEC_2,"Strategie a beneficio del territorio e per la sicurezza - Sezioni Ateco, classe di addetti - reg.",error,"",0,0,1,HubUnavailable: hub did not answer (timeout or HTTP error),2026-07-28
742_1139_DF_DCSI_CPI_LOCSEC_20,Motivi di rilevanza della sicurezza - Classe di Ateco (4 digit),error,"",0,0,1,HubUnavailable: hub did not answer (timeout or HTTP error),2026-07-28
742_1139_DF_DCSI_CPI_LOCSEC_21,Azioni per garantire la sicurezza - Macrosettori economici - prov.,error,"",0,0,1,HubUnavailable: hub did not answer (timeout or HTTP error),2026-07-28
742_1139_DF_DCSI_CPI_LOCSEC_22,"Azioni per garantire la sicurezza - Sezioni Ateco, classe di addetti - reg.",error,"",0,0,1,HubUnavailable: hub did not answer (timeout or HTTP error),2026-07-28
742_1139_DF_DCSI_CPI_LOCSEC_23,"Azioni per garantire la sicurezza - Divisione di Ateco (2 digit), classe di addetti",error,"",0,0,1,HubUnavailable: hub did not answer (timeout or HTTP error),2026-07-28
742_1139_DF_DCSI_CPI_LOCSEC_24,Azioni per garantire la sicurezza - Classe di Ateco (4 digit),error,"",0,0,1,HubUnavailable: hub did not answer (timeout or HTTP error),2026-07-28
742_1139_DF_DCSI_CPI_LOCSEC_3,"Strategie a beneficio del territorio e per la sicurezza - Divisione di Ateco (2 digit), classe di addetti",error,"",0,0,1,HubUnavailable: hub did not answer (timeout or HTTP error),2026-07-28
742_1139_DF_DCSI_CPI_LOCSEC_4,Strategie a beneficio del territorio e per la sicurezza - Classe di Ateco (4 digit),error,"",0,0,1,HubUnavailable: hub did not answer (timeout or HTTP error),2026-07-28
742_1139_DF_DCSI_CPI_LOCSEC_5,Iniziative per rafforzare le conoscenze - Macrosettori economici - prov.,error,"",0,0,1,HubUnavailable: hub did not answer (timeout or HTTP error),2026-07-28
742_1139_DF_DCSI_CPI_LOCSEC_6,"Iniziative per rafforzare le conoscenze - Sezioni Ateco, classe di addetti - reg.",error,"",0,0,1,HubUnavailable: hub did not answer (timeout or HTTP error),2026-07-28
742_1139_DF_DCSI_CPI_LOCSEC_7,"Iniziative per rafforzare le conoscenze - Divisione di Ateco (2 digit), classe di addetti",error,"",0,0,1,HubUnavailable: hub did not answer (timeout or HTTP error),2026-07-28
742_1139_DF_DCSI_CPI_LOCSEC_8,Iniziative per rafforzare le conoscenze - Classe di Ateco (4 digit),error,"",0,0,1,HubUnavailable: hub did not answer (timeout or HTTP error),2026-07-28
742_1139_DF_DCSI_CPI_LOCSEC_9,Fattori di successo delle iniziative - Macrosettori economici - prov.,error,"",0,0,1,HubUnavailable: hub did not answer (timeout or HTTP error),2026-07-28
742_1142_DF_CPI_INNOVDIG_1,Innovazione e piattaforme digitali - Macrosettori economici - prov (2018 - 2022),ok,hub,5,145,0,"",2026-07-28
742_1142_DF_CPI_INNOVDIG_10,"Piattaforme digitali - Sezioni Ateco, classe di addetti - reg. (2018 - 2022)",error,"",0,0,1,HubUnavailable: hub did not answer (timeout or HTTP error),2026-07-28
742_1142_DF_CPI_INNOVDIG_11,"Piattaforme digitali - Divisione di Ateco (2 digit), classe di addetti (2018 - 2022)",ok,hub,6,118,0,"",2026-07-28
742_1142_DF_CPI_INNOVDIG_12,Piattaforme digitali - Classe di Ateco (4 digit) (2018 - 2022),error,"",0,0,1,HubUnavailable: hub did not answer (timeout or HTTP error),2026-07-28
742_1142_DF_CPI_INNOVDIG_13,Conseguenze dell'utilizzo di piattaforme digitali - Macrosettori economici - prov,ok,hub,6,157,0,"",2026-07-28
742_1142_DF_CPI_INNOVDIG_14,"Conseguenze dell'utilizzo di piattaforme digitali - Sezioni Ateco, classe di addetti - reg.",ok,hub,6,60,0,"",2026-07-28
742_1142_DF_CPI_INNOVDIG_15,"Conseguenze dell'utilizzo di piattaforme digitali - Divisione di Ateco (2 digit), classe di addetti",ok,hub,6,91,0,"",2026-07-28
742_1142_DF_CPI_INNOVDIG_16,Conseguenze dell'utilizzo di piattaforme digitali - Classe di Ateco (4 digit),error,"",0,0,1,HubUnavailable: hub did not answer (timeout or HTTP error),2026-07-28
742_1142_DF_CPI_INNOVDIG_2,"Innovazione e piattaforme digitali - Sezioni Ateco, classe di addetti - reg. (2018 - 2022)",error,"",0,0,1,HubUnavailable: hub did not answer (timeout or HTTP error),2026-07-28
742_1142_DF_CPI_INNOVDIG_3,"Innovazione e piattaforme digitali - Divisione di Ateco (2 digit), classe di addetti (2018 - 2022)",ok,hub,5,115,0,"",2026-07-28
742_1142_DF_CPI_INNOVDIG_4,Innovazione e piattaforme digitali - Classe di Ateco (4 digit) (2018 - 2022),error,"",0,0,1,HubUnavailable: hub did not answer (timeout or HTTP error),2026-07-28
742_1142_DF_CPI_INNOVDIG_5,Progetti di innovazione - Macrosettori economici - prov. (2018 - 2022),error,"",0,0,1,HubUnavailable: hub did not answer (timeout or HTTP error),2026-07-28
742_1142_DF_CPI_INNOVDIG_6,"Progetti di innovazione - Sezioni Ateco, classe di addetti - reg. (2018 - 2022)",error,"",0,0,1,HubUnavailable: hub did not answer (timeout or HTTP error),2026-07-28
742_1142_DF_CPI_INNOVDIG_7,"Progetti di innovazione - Divisione di Ateco (2 digit), classe di addetti (2018 - 2022)",error,"",0,0,1,HubUnavailable: hub did not answer (timeout or HTTP error),2026-07-28
742_1142_DF_CPI_INNOVDIG_8,Progetti di innovazione - Classe di Ateco (4 digit) (2018 - 2022),error,"",0,0,1,HubUnavailable: hub did not answer (timeout or HTTP error),2026-07-28
742_1142_DF_CPI_INNOVDIG_9,Piattaforme digitali - Macrosettori economici - prov (2018 - 2022),ok,hub,6,155,0,"",2026-07-28
742_1145_DF_CPI_CLOUDINV_1,"Software gestionali, cloud, investimenti digitali - Macrosettori economici - prov. (2018 - 2022)",error,"",0,0,1,HubUnavailable: hub did not answer (timeout or HTTP error),2026-07-28
742_1145_DF_CPI_CLOUDINV_10,"Servizi cloud - Sezioni Ateco, classe di addetti - reg. (2018 - 2022)",error,"",0,0,1,HubUnavailable: hub did not answer (timeout or HTTP error),2026-07-28
742_1145_DF_CPI_CLOUDINV_11,"Servizi cloud - Divisione di Ateco (2 digit), classe di addetti (2018 - 2022)",error,"",0,0,1,HubUnavailable: hub did not answer (timeout or HTTP error),2026-07-28
742_1145_DF_CPI_CLOUDINV_12,Servizi cloud - Classe di Ateco (4 digit) (2018 - 2022),error,"",0,0,1,HubUnavailable: hub did not answer (timeout or HTTP error),2026-07-28
742_1145_DF_CPI_CLOUDINV_13,Investimenti effettuati - Macrosettori economici - prov. (2018 - 2022),error,"",0,0,1,HubUnavailable: hub did not answer (timeout or HTTP error),2026-07-28
742_1145_DF_CPI_CLOUDINV_14,"Investimenti effettuati - Sezioni Ateco, classe di addetti - reg. (2018 - 2022)",error,"",0,0,1,HubUnavailable: hub did not answer (timeout or HTTP error),2026-07-28
742_1145_DF_CPI_CLOUDINV_15,"Investimenti effettuati - Divisione di Ateco (2 digit), classe di addetti (2018 - 2022)",error,"",0,0,1,HubUnavailable: hub did not answer (timeout or HTTP error),2026-07-28
742_1145_DF_CPI_CLOUDINV_16,Investimenti effettuati - Classe di Ateco (4 digit) (2018 - 2022),error,"",0,0,1,HubUnavailable: hub did not answer (timeout or HTTP error),2026-07-28
742_1145_DF_CPI_CLOUDINV_17,Investimenti previsti - Macrosettori economici - prov (2018 - 2022),error,"",0,0,1,HubUnavailable: hub did not answer (timeout or HTTP error),2026-07-28
742_1145_DF_CPI_CLOUDINV_18,"Investimenti previsti - Sezioni Ateco, classe di addetti - reg. (2018 - 2022)",error,"",0,0,1,HubUnavailable: hub did not answer (timeout or HTTP error),2026-07-28
742_1145_DF_CPI_CLOUDINV_19,"Investimenti previsti - Divisione di Ateco (2 digit), classe di addetti (2018 - 2022)",error,"",0,0,1,HubUnavailable: hub did not answer (timeout or HTTP error),2026-07-28
742_1145_DF_CPI_CLOUDINV_2,"Software gestionali, cloud, investimenti digitali - Sezioni Ateco, classe di addetti - reg. (2018 - 2022)",error,"",0,0,1,HubUnavailable: hub did not answer (timeout or HTTP error),2026-07-28
742_1145_DF_CPI_CLOUDINV_20,Investimenti previsti - Classe di Ateco (4 digit) (2018 - 2022),error,"",0,0,1,HubUnavailable: hub did not answer (timeout or HTTP error),2026-07-28
742_1145_DF_CPI_CLOUDINV_21,Conseguenze dei processi di digitalizzazione - Macrosettori economici - prov,ok,hub,6,154,0,"",2026-07-28
742_1145_DF_CPI_CLOUDINV_22,"Conseguenze dei processi di digitalizzazione - Sezioni Ateco, classe di addetti - reg.",ok,hub,6,62,0,"",2026-07-28
742_1145_DF_CPI_CLOUDINV_23,"Conseguenze dei processi di digitalizzazione - Divisione di Ateco (2 digit), classe di addetti",error,"",0,0,1,HubUnavailable: hub did not answer (timeout or HTTP error),2026-07-28
742_1145_DF_CPI_CLOUDINV_24,Conseguenze dei processi di digitalizzazione - Classe di Ateco (4 digit),ok,hub,6,891,0,"",2026-07-28
742_1145_DF_CPI_CLOUDINV_3,"Software gestionali, cloud, investimenti digitali - Divisione di Ateco (2 digit), classe di addetti (2018-2022)",error,"",0,0,1,HubUnavailable: hub did not answer (timeout or HTTP error),2026-07-28
742_1145_DF_CPI_CLOUDINV_4,"Software gestionali, cloud, investimenti digitali - Classe di Ateco (4 digit) (2018 - 2022)",error,"",0,0,1,HubUnavailable: hub did not answer (timeout or HTTP error),2026-07-28
742_1145_DF_CPI_CLOUDINV_5,Software per la gestione aziendale - Macrosettori economici - prov. (2018 - 2022),error,"",0,0,1,HubUnavailable: hub did not answer (timeout or HTTP error),2026-07-28
742_1145_DF_CPI_CLOUDINV_6,"Software per la gestione aziendale - Sezioni Ateco, classe di addetti - reg. (2018 - 2022)",error,"",0,0,1,HubUnavailable: hub did not answer (timeout or HTTP error),2026-07-28
742_1145_DF_CPI_CLOUDINV_7,"Software per la gestione aziendale - Divisione di Ateco (2 digit), classe di addetti (2018 - 2022)",error,"",0,0,1,HubUnavailable: hub did not answer (timeout or HTTP error),2026-07-28
742_1145_DF_CPI_CLOUDINV_8,Software per la gestione aziendale - Classe di Ateco (4 digit) (2018 - 2022),error,"",0,0,1,HubUnavailable: hub did not answer (timeout or HTTP error),2026-07-28
742_1145_DF_CPI_CLOUDINV_9,Servizi cloud - Macrosettori economici - prov. (2018 - 2022),error,"",0,0,1,HubUnavailable: hub did not answer (timeout or HTTP error),2026-07-28
742_1146_DF_CPI_TRAINDIG_1,Formazione e competenze digitali - Macrosettori economici - prov,error,"",0,0,1,HubUnavailable: hub did not answer (timeout or HTTP error),2026-07-28
742_1146_DF_CPI_TRAINDIG_10,"Competenze digitali possedute - COMPP - Sezioni Ateco, classe di addetti - reg.",error,"",0,0,1,HubUnavailable: hub did not answer (timeout or HTTP error),2026-07-28
742_1146_DF_CPI_TRAINDIG_11,"Competenze digitali possedute - COMPP - Divisione di Ateco (2 digit), classe di addetti",error,"",0,0,1,HubUnavailable: hub did not answer (timeout or HTTP error),2026-07-28
742_1146_DF_CPI_TRAINDIG_12,Competenze digitali possedute - COMPP - Classe di Ateco (4 digit),error,"",0,0,1,HubUnavailable: hub did not answer (timeout or HTTP error),2026-07-28
742_1146_DF_CPI_TRAINDIG_13,Competenze digitali rilevanti - COMPR - Macrosettori economici - prov,error,"",0,0,1,HubUnavailable: hub did not answer (timeout or HTTP error),2026-07-28
742_1146_DF_CPI_TRAINDIG_14,"Competenze digitali rilevanti - COMPR - Sezioni Ateco, classe di addetti - reg.",error,"",0,0,1,HubUnavailable: hub did not answer (timeout or HTTP error),2026-07-28
742_1146_DF_CPI_TRAINDIG_15,"Competenze digitali rilevanti - COMPR - Divisione di Ateco (2 digit), classe di addetti",error,"",0,0,1,HubUnavailable: hub did not answer (timeout or HTTP error),2026-07-28
742_1146_DF_CPI_TRAINDIG_16,Competenze digitali rilevanti - COMPR - Classe di Ateco (4 digit),error,"",0,0,1,HubUnavailable: hub did not answer (timeout or HTTP error),2026-07-28
742_1146_DF_CPI_TRAINDIG_17,Mansioni professionali rilevanti - MANS - Macrosettori economici - prov,error,"",0,0,1,HubUnavailable: hub did not answer (timeout or HTTP error),2026-07-28
742_1146_DF_CPI_TRAINDIG_18,"Mansioni professionali rilevanti - MANS - Sezioni Ateco, classe di addetti - reg.",error,"",0,0,1,HubUnavailable: hub did not answer (timeout or HTTP error),2026-07-28
742_1146_DF_CPI_TRAINDIG_19,"Mansioni professionali rilevanti - MANS - Divisione di Ateco (2 digit), classe di addetti",error,"",0,0,1,HubUnavailable: hub did not answer (timeout or HTTP error),2026-07-28
742_1146_DF_CPI_TRAINDIG_2,"Formazione e competenze digitali - Sezioni Ateco, classe di addetti - reg.",error,"",0,0,1,HubUnavailable: hub did not answer (timeout or HTTP error),2026-07-28
742_1146_DF_CPI_TRAINDIG_20,Mansioni professionali rilevanti - MANS - Classe di Ateco (4 digit),error,"",0,0,1,HubUnavailable: hub did not answer (timeout or HTTP error),2026-07-28
742_1146_DF_CPI_TRAINDIG_21,Azioni per affrontare le conseguenze - AZI - Macrosettori economici - prov,error,"",0,0,1,HubUnavailable: hub did not answer (timeout or HTTP error),2026-07-28
742_1146_DF_CPI_TRAINDIG_22,"Azioni per affrontare le conseguenze - AZI - Sezioni Ateco, classe di addetti - reg.",error,"",0,0,1,HubUnavailable: hub did not answer (timeout or HTTP error),2026-07-28
742_1146_DF_CPI_TRAINDIG_23,"Azioni per affrontare le conseguenze - AZI - Divisione di Ateco (2 digit), classe di addetti",error,"",0,0,1,HubUnavailable: hub did not answer (timeout or HTTP error),2026-07-28
742_1146_DF_CPI_TRAINDIG_24,Azioni per affrontare le conseguenze - AZI - Classe di Ateco (4 digit),error,"",0,0,1,HubUnavailable: hub did not answer (timeout or HTTP error),2026-07-28
742_1146_DF_CPI_TRAINDIG_3,"Formazione e competenze digitali - Divisione di Ateco (2 digit), classe di addetti",error,"",0,0,1,HubUnavailable: hub did not answer (timeout or HTTP error),2026-07-28
742_1146_DF_CPI_TRAINDIG_4,Formazione e competenze digitali - Classe di Ateco (4 digit),error,"",0,0,1,HubUnavailable: hub did not answer (timeout or HTTP error),2026-07-28
742_1146_DF_CPI_TRAINDIG_5,Attività di formazione - FORM - Macrosettori economici - prov,error,"",0,0,1,HubUnavailable: hub did not answer (timeout or HTTP error),2026-07-28
742_1146_DF_CPI_TRAINDIG_6,"Attività di formazione - FORM - Sezioni Ateco, classe di addetti - reg.",error,"",0,0,1,HubUnavailable: hub did not answer (timeout or HTTP error),2026-07-28
742_1146_DF_CPI_TRAINDIG_7,"Attività di formazione - FORM - Divisione di Ateco (2 digit), classe di addetti",error,"",0,0,1,HubUnavailable: hub did not answer (timeout or HTTP error),2026-07-28
742_1146_DF_CPI_TRAINDIG_8,Attività di formazione - FORM - Classe di Ateco (4 digit),error,"",0,0,1,HubUnavailable: hub did not answer (timeout or HTTP error),2026-07-28
742_1146_DF_CPI_TRAINDIG_9,Competenze digitali possedute - COMPP - Macrosettori economici - prov,error,"",0,0,1,HubUnavailable: hub did not answer (timeout or HTTP error),2026-07-28
74_171,Procedimenti di giustizia amministrativa,ok,hub,5,91,0,"",2026-07-28
74_171_DF_DCAR_PROC_AMM_1,Procedimenti,ok,hub,5,88,0,"",2026-07-28
74_171_DF_DCAR_PROC_AMM_2,Consiglio di stato,ok,hub,4,31,0,"",2026-07-28
74_171_DF_DCAR_PROC_AMM_3,Consiglio di giustizia amministrativa per la Regione siciliana,ok,hub,4,7,0,"",2026-07-28
74_171_DF_DCAR_PROC_AMM_4,Serie interrotte,ok,hub,4,34,0,"",2026-07-28
74_172,Decisioni di giustizia amministrativa,ok,hub,4,40,0,"",2026-07-28
74_172_DF_DCAR_DEC_AMM_1,Decisioni,ok,hub,4,38,0,"",2026-07-28
74_172_DF_DCAR_DEC_AMM_2,Consiglio di stato - serie interrotte,ok,hub,4,35,0,"",2026-07-28
750_1117,"Conti della branca agricoltura, silvicoltura e pesca - versione 2014",error,"",0,0,1,HubUnavailable: hub did not answer (timeout or HTTP error),2026-07-28
750_1117_DF_DCCN_VAAGSIPET_B14_1,Produzione e valore aggiunto ai prezzi base - edizioni giugno 2015 - maggio 2019,ok,hub,7,49,0,"",2026-07-28
750_1117_DF_DCCN_VAAGSIPET_B14_2,Prodotti e voci di costo - edizioni giugno 2015 - maggio 2019,error,"",0,0,1,HubUnavailable: hub did not answer (timeout or HTTP error),2026-07-28
750_1118,"Conti della branca agricoltura, silvicoltura e pesca - versione 2011",error,"",0,0,1,HubUnavailable: hub did not answer (timeout or HTTP error),2026-07-28
760_1140,Sistema dei conti della sanità - versione 2014,ok,hub,7,43,0,"",2026-07-28
760_1140_DF_DCCN_SHA_B14_1,Spesa sanitaria per tipo di funzione di assistenza sanitaria e finanziamento - edizioni giugno 2018 e giugno 2019,ok,hub,6,33,0,"",2026-07-28
760_1140_DF_DCCN_SHA_B14_2,Spesa sanitaria per tipo di funzione di assistenza sanitaria e soggetto erogatore - edizioni giugno 2018 e giugno 2019,ok,hub,6,33,0,"",2026-07-28
760_1140_DF_DCCN_SHA_B14_3,Spesa sanitaria per soggetto erogatore e tipo di finanziamento - edizioni giugno 2018 e giugno 2019,ok,hub,6,25,0,"",2026-07-28
76_177,Protesti,error,"",0,0,1,HubUnavailable: hub did not answer (timeout or HTTP error),2026-07-28
76_177_DF_DCAR_PROTESTI_1,Protesti,error,"",0,0,1,HubUnavailable: hub did not answer (timeout or HTTP error),2026-07-28
76_177_DF_DCAR_PROTESTI_2,Territorio di iscrizione,error,"",0,0,1,HubUnavailable: hub did not answer (timeout or HTTP error),2026-07-28
77_47,Atti notarili,ok,hub,4,105,0,"",2026-07-28
77_47_DF_DCAR_ATT_NOTAR_1,Atti notarili,ok,hub,4,105,0,"",2026-07-28
77_68,Convenzioni contenute negli atti notarili,ok,hub,4,247,0,"",2026-07-28
77_68_DF_DCAR_CONV_ATT_NOT_1,Convenzioni contenute negli atti notarili,ok,hub,4,247,0,"",2026-07-28
78_1112,Donne che hanno subito violenza - caratteristiche demografiche e abitudini,ok,hub,15,120,0,"",2026-07-28
78_1112_DF_DCCV_VIOL_CARAT_1,Tipo di autore e regione,ok,hub,5,59,0,"",2026-07-28
78_1112_DF_DCCV_VIOL_CARAT_10,"Tipo di autore, titolo di studio della donna",ok,hub,6,37,0,"",2026-07-28
78_1112_DF_DCCV_VIOL_CARAT_11,"Tipo di autore, condizione professionale della donna",ok,hub,7,46,0,"",2026-07-28
78_1112_DF_DCCV_VIOL_CARAT_2,Dettaglio tipo di violenza e tipo di autore,ok,hub,5,48,0,"",2026-07-28
78_1112_DF_DCCV_VIOL_CARAT_3,"Cittadinanza, età",ok,hub,7,20,0,"",2026-07-28
78_1112_DF_DCCV_VIOL_CARAT_4,"Cittadinanza, condizione professionale",ok,hub,7,26,0,"",2026-07-28
78_1112_DF_DCCV_VIOL_CARAT_5,"Cittadinanza, titolo di studio",ok,hub,7,18,0,"",2026-07-28
78_1112_DF_DCCV_VIOL_CARAT_6,"Cittadinanza, stato civile",ok,hub,7,18,0,"",2026-07-28
78_1112_DF_DCCV_VIOL_CARAT_7,"Cittadinanza, presenza di limitazioni nelle attività quotidiane",ok,hub,7,18,0,"",2026-07-28
78_1112_DF_DCCV_VIOL_CARAT_8,"Tipo di autore, età della donna",ok,hub,6,39,0,"",2026-07-28
78_1112_DF_DCCV_VIOL_CARAT_9,"Tipo di autore, stato civile della donna",ok,hub,6,37,0,"",2026-07-28
78_1121,Vittime che si rivolgono al 1522 (numero antiviolenza e stalking),error,"",0,0,1,HubUnavailable: hub did not answer (timeout or HTTP error),2026-07-28
78_1121_DF_DCCV_1522_VITTIME_1,"Vittime – sesso, classi età, regione",ok,hub,6,47,0,"",2026-07-28
78_1121_DF_DCCV_1522_VITTIME_10,"Vittime - sesso, motivo contatto, regione",ok,hub,6,43,0,"",2026-07-28
78_1121_DF_DCCV_1522_VITTIME_11,"Vittime - sesso, presenza figli",ok,hub,6,14,0,"",2026-07-28
78_1121_DF_DCCV_1522_VITTIME_12,"Vittime con figli -sesso, violenza assistita/subita figli",ok,hub,6,20,0,"",2026-07-28
78_1121_DF_DCCV_1522_VITTIME_13,"Vittime con figli che assistono - sesso, violenza assistita figli, reazioni figli",ok,hub,6,22,0,"",2026-07-28
78_1121_DF_DCCV_1522_VITTIME_14,"Vittime - sesso, tipo violenza, stato d’animo della vittima",ok,hub,7,36,0,"",2026-07-28
78_1121_DF_DCCV_1522_VITTIME_2,"Vittime – sesso, classi età, cittadinanza",ok,hub,6,105,0,"",2026-07-28
78_1121_DF_DCCV_1522_VITTIME_3,"Vittime – sesso, titolo di studio, denuncia e motivo del ritiro",ok,hub,7,49,0,"",2026-07-28
78_1121_DF_DCCV_1522_VITTIME_4,"Vittime – sesso, stato civile, tipo violenza",ok,hub,7,34,0,"",2026-07-28
78_1121_DF_DCCV_1522_VITTIME_5,"Vittime – sesso, stato civile, regione",ok,hub,6,45,0,"",2026-07-28
78_1121_DF_DCCV_1522_VITTIME_6,"Vittime - sesso, stato occupazionale, denuncia/non denuncia",ok,hub,7,26,0,"",2026-07-28
78_1121_DF_DCCV_1522_VITTIME_7,"Vittime - sesso, denuncia/non denuncia, regione",ok,hub,6,43,0,"",2026-07-28
78_1121_DF_DCCV_1522_VITTIME_8,"Vittime - sesso, tipo violenza, regione",ok,hub,6,54,0,"",2026-07-28
78_1121_DF_DCCV_1522_VITTIME_9,"Vittime - sesso, tipo violenza, stato occupazionale",ok,hub,7,37,0,"",2026-07-28
78_1161,Opinioni su ruoli di genere e su violenza contro le donne – adulti,ok,hub,13,105,0,"",2026-07-28
78_1161_DF_DCCV_RUOLIGEN_1,Accordo o accettabilità di almeno uno stereotipo - età,ok,hub,6,14,0,"",2026-07-28
78_1161_DF_DCCV_RUOLIGEN_10,Accettabilità violenza nella coppia - età,ok,hub,7,19,0,"",2026-07-28
78_1161_DF_DCCV_RUOLIGEN_11,Accettabilità violenza nella coppia - titolo di studio,ok,hub,7,19,0,"",2026-07-28
78_1161_DF_DCCV_RUOLIGEN_12,Accettabilità violenza nella coppia - reg.,ok,hub,6,41,0,"",2026-07-28
78_1161_DF_DCCV_RUOLIGEN_13,Percezione diffusione violenza nella coppia - età,ok,hub,6,18,0,"",2026-07-28
78_1161_DF_DCCV_RUOLIGEN_14,Percezione diffusione violenza nella coppia - titolo di studio,ok,hub,6,18,0,"",2026-07-28
78_1161_DF_DCCV_RUOLIGEN_15,Percezione diffusione violenza nella coppia - reg.,ok,hub,5,40,0,"",2026-07-28
78_1161_DF_DCCV_RUOLIGEN_16,Indicazione di alcune cause della violenza nella coppia - età,ok,hub,6,18,0,"",2026-07-28
78_1161_DF_DCCV_RUOLIGEN_17,Indicazione di alcune cause della violenza nella coppia - titolo di studio,ok,hub,6,18,0,"",2026-07-28
78_1161_DF_DCCV_RUOLIGEN_18,Indicazione di alcune cause della violenza nella coppia - reg.,ok,hub,5,40,0,"",2026-07-28
78_1161_DF_DCCV_RUOLIGEN_19,Cosa si consiglierebbe a una donna che ha subito violenza dal compagno - età,ok,hub,6,20,0,"",2026-07-28
78_1161_DF_DCCV_RUOLIGEN_2,Accordo o accettabilità di almeno uno stereotipo - titolo di studio,ok,hub,6,14,0,"",2026-07-28
78_1161_DF_DCCV_RUOLIGEN_20,Cosa si consiglierebbe a una donna che ha subito violenza dal compagno - titolo di studio,ok,hub,6,20,0,"",2026-07-28
78_1161_DF_DCCV_RUOLIGEN_21,Cosa si consiglierebbe a una donna che ha subito violenza dal compagno - reg.,ok,hub,5,42,0,"",2026-07-28
78_1161_DF_DCCV_RUOLIGEN_3,Accordo o accettabilità di almeno uno stereotipo - reg.,ok,hub,5,36,0,"",2026-07-28
78_1161_DF_DCCV_RUOLIGEN_4,Opinioni su ruoli tradizionali - età,ok,hub,7,22,0,"",2026-07-28
78_1161_DF_DCCV_RUOLIGEN_5,Opinioni su ruoli tradizionali - titolo di studio,ok,hub,7,22,0,"",2026-07-28
78_1161_DF_DCCV_RUOLIGEN_6,Opinioni su ruoli tradizionali - reg.,ok,hub,6,44,0,"",2026-07-28
78_1161_DF_DCCV_RUOLIGEN_7,Opinioni su violenza sessuale - età,ok,hub,7,51,0,"",2026-07-28
78_1161_DF_DCCV_RUOLIGEN_8,Opinioni su violenza sessuale - titolo di studio,ok,hub,7,24,0,"",2026-07-28
78_1161_DF_DCCV_RUOLIGEN_9,Opinioni su violenza sessuale - reg.,ok,hub,6,46,0,"",2026-07-28
78_1205,Utenti del 1522 ( numero antiviolenza e stalking ),ok,hub,12,135,0,"",2026-07-28
78_1205_DF_DCCV_1522UTENTI4_1,"Motivi della chiamata, sesso, nazionalità, regione (chiamate valide)",ok,hub,6,55,0,"",2026-07-28
78_1205_DF_DCCV_1522UTENTI4_10,Modalità di conoscenza del 1522 (%) - chiamate valide,ok,hub,5,31,0,"",2026-07-28
78_1205_DF_DCCV_1522UTENTI4_11,"Caratteristiche della violenza - sesso, nazionalità , regione (chiamate valide)",ok,hub,6,56,0,"",2026-07-28
78_1205_DF_DCCV_1522UTENTI4_12,Caratteristiche della violenza (%) - chiamate valide,ok,hub,5,22,0,"",2026-07-28
78_1205_DF_DCCV_1522UTENTI4_13,"Esito della telefonata - sesso, nazionalità, regione (chiamate valide)",ok,hub,6,46,0,"",2026-07-28
78_1205_DF_DCCV_1522UTENTI4_2,Motivo della chiamata (%),ok,hub,5,24,0,"",2026-07-28
78_1205_DF_DCCV_1522UTENTI4_3,"Tipologia utenti– sesso, nazionalità, regione (chiamate valide)",ok,hub,6,41,0,"",2026-07-28
78_1205_DF_DCCV_1522UTENTI4_4,Tipologia di utenza (%),ok,hub,6,17,0,"",2026-07-28
78_1205_DF_DCCV_1522UTENTI4_5,"Presenza disabilità - sesso , regione (chiamate valide)",ok,hub,6,39,0,"",2026-07-28
78_1205_DF_DCCV_1522UTENTI4_6,Presenza disabilità (%) - chiamate valide,ok,hub,5,9,0,"",2026-07-28
78_1205_DF_DCCV_1522UTENTI4_7,"Orientamento sessuale - sesso, regione (chiamate valide)",ok,hub,6,40,0,"",2026-07-28
78_1205_DF_DCCV_1522UTENTI4_8,Orientamento sessuale (%) - chiamate valide,ok,hub,5,10,0,"",2026-07-28
78_1205_DF_DCCV_1522UTENTI4_9,"Modalità di conoscenza del 1522 - nazionalità , regione (chiamate valide)",ok,hub,5,61,0,"",2026-07-28
78_1260,Centri  antiviolenza,ok,hub,12,79,0,"",2026-07-28
7_1027_DF_DCCN_PEFA_B19_1,Risorse e impieghi: schema di sintesi - edizioni dicembre 2019 - dicembre 2023,ok,hub,7,29,0,"",2026-07-28
7_1027_DF_DCCN_PEFA_B19_2,Risorse per attività e tipo di flusso - edizioni dicembre 2019 - dicembre 2023,ok,hub,7,155,0,"",2026-07-28
7_1027_DF_DCCN_PEFA_B19_3,Impieghi per attività e tipo di flusso - edizioni dicembre 2019 - dicembre 2023,error,"",0,0,1,HubUnavailable: hub did not answer (timeout or HTTP error),2026-07-28
7_1027_DF_DCCN_PEFA_B19_4,Impieghi rilevanti per le emissioni atmosferiche (impieghi da combustione) - edizioni dicembre 2019 - dicembre 2023,ok,hub,7,154,0,"",2026-07-28
7_1027_DF_DCCN_PEFA_B19_5,Vettori di indicatori chiave sui flussi di energia - edizioni dicembre 2019 - dicembre 2023,ok,hub,6,131,0,"",2026-07-28
7_1027_DF_DCCN_PEFA_B19_6,Tavola di raccordo: consumo di energia - edizioni dicembre 2019 - dicembre 2023,error,"",0,0,1,HubUnavailable: hub did not answer (timeout or HTTP error),2026-07-28
7_1027_DF_DCCN_PEFA_B19_7,Impieghi dei flussi di energia per tipo di uso - edizioni dicembre 2019 - dicembre 2023,error,"",0,0,1,HubUnavailable: hub did not answer (timeout or HTTP error),2026-07-28
7_1027_DF_DCCN_PEFA_B19_8,Intensità energetica - edizioni dicembre 2019 - dicembre 2023,ok,hub,6,97,0,"",2026-07-28
7_1027_DF_DCCN_PEFA_B19_9,Intensità di emissione  dei consumi energetici - edizioni dicembre 2019 - dicembre 2023,ok,hub,6,104,0,"",2026-07-28
7_1028_DF_DCCN_EGSS_B19_1,"Produzione, valore aggiunto, esportazioni - edizioni febbraio 2020 - dicembre 2023",ok,hub,7,64,0,"",2026-07-28
7_1028_DF_DCCN_EGSS_B19_2,Occupazione (unità di lavoro) - edizioni febbraio 2020 - dicembre 2023,ok,hub,6,60,0,"",2026-07-28
7_187_DF_DCCN_CONTIEMATMREV2_B19_1,Attività produttive - edizioni novembre 2019 - dicembre 2023,ok,hub,6,132,0,"",2026-07-28
7_187_DF_DCCN_CONTIEMATMREV2_B19_2,Famiglie - edizioni novembre 2019 - dicembre 2023,ok,hub,6,42,0,"",2026-07-28
7_187_DF_DCCN_CONTIEMATMREV2_B19_3,Raccordo tra totale NAMEA e totale UNFCCC/CLRTAP - edizioni novembre 2019 - dicembre 2023,ok,hub,6,42,0,"",2026-07-28
7_187_DF_DCCN_CONTIEMATMREV2_B19_4,Intensità della produzione e del valore aggiunto - edizioni novembre 2019 - dicembre 2023,error,"",0,0,1,HubUnavailable: hub did not answer (timeout or HTTP error),2026-07-28
7_187_DF_DCCN_CONTIEMATMREV2_B19_5,Intensità della occupazione - edizioni novembre 2019 - dicembre 2023,ok,hub,6,132,0,"",2026-07-28
7_26_DF_DCCN_IMPAMB1_B19_1,Categoria di imposta - edizioni ottobre 2019 - aprile 2024,ok,hub,7,43,0,"",2026-07-28
7_26_DF_DCCN_IMPAMB1_B19_2,Unità che corrisponde l'imposta - edizioni ottobre 2019 - aprile 2024,ok,hub,8,21,0,"",2026-07-28
7_26_DF_DCCN_IMPAMB1_B19_3,Gettito corrisposto dalle attività economiche - edizioni ottobre 2019 - aprile 2024,ok,hub,9,112,0,"",2026-07-28
7_26_DF_DCCN_IMPAMB1_B19_4,Classe CEPA - edizioni ottobre 2019 - aprile 2024,ok,hub,7,17,0,"",2026-07-28
7_26_DF_DCCN_IMPAMB1_B19_5,Destinazione del gettito - edizioni ottobre 2019 - aprile 2024,ok,hub,7,18,0,"",2026-07-28
7_334_DF_DCCN_FLUMAT_B19_1,Indicatori aggregati nazionali - edizioni febbraio 2020 - giugno 2024,ok,hub,4,21,0,"",2026-07-28
7_334_DF_DCCN_FLUMAT_B19_2,Estrazione interna di materiali utilizzati - edizioni febbraio 2020 - giugno 2024,ok,hub,5,47,0,"",2026-07-28
7_334_DF_DCCN_FLUMAT_B19_3,Scambi con il resto del mondo - edizioni febbraio 2020 - giugno 2024,ok,hub,5,66,0,"",2026-07-28
7_334_DF_DCCN_FLUMAT_B19_4,Indicatori aggregati regionali - edizioni febbraio 2022 - giugno 2024,ok,hub,4,43,0,"",2026-07-28
7_953,Spese per la protezione dell'ambiente - edizioni febbraio 2020 - febbraio 2024,ok,hub,9,90,0,"",2026-07-28
7_953_DF_DCCN_SPESAPROTAMB_B19_1,Spesa nazionale - edizioni febbraio 2020 - febbraio 2024,ok,hub,7,22,0,"",2026-07-28
7_953_DF_DCCN_SPESAPROTAMB_B19_2,Aggregati economici per settore istituzionale - edizioni febbraio 2020 - febbraio 2024,ok,hub,7,43,0,"",2026-07-28
7_953_DF_DCCN_SPESAPROTAMB_B19_3,Investimenti e produzione ausiliaria delle società come produttori ausiliari per attività economica - edizioni febbraio 2020 - febbraio 2024,ok,hub,8,64,0,"",2026-07-29
82_87,Aspetti della vita quotidiana - Famiglie,ok,hub,5,313,0,"",2026-07-29
82_87_DF_DCCV_AVQ_FAMIGLIE_1,Coppie con figli,ok,hub,3,21,0,"",2026-07-29
82_87_DF_DCCV_AVQ_FAMIGLIE_10,Ampiezza della famiglia,ok,hub,4,11,0,"",2026-07-29
82_87_DF_DCCV_AVQ_FAMIGLIE_100,Difficoltà a raggiungere alcuni servizi,ok,hub,4,47,0,"",2026-07-29
82_87_DF_DCCV_AVQ_FAMIGLIE_101,Energia elettrica - regioni e tipo di comune,ok,hub,4,46,0,"",2026-07-29
82_87_DF_DCCV_AVQ_FAMIGLIE_102,Gas - regioni e tipo di comune,ok,hub,4,47,0,"",2026-07-29
82_87_DF_DCCV_AVQ_FAMIGLIE_103,Modulistica fiscale,ok,hub,4,44,0,"",2026-07-29
82_87_DF_DCCV_AVQ_FAMIGLIE_104,Mobilità e condizioni delle strade,ok,hub,4,55,0,"",2026-07-29
82_87_DF_DCCV_AVQ_FAMIGLIE_105,Altri problemi,ok,hub,4,55,0,"",2026-07-29
82_87_DF_DCCV_AVQ_FAMIGLIE_11,Tipologie familiari,ok,hub,3,20,0,"",2026-07-29
82_87_DF_DCCV_AVQ_FAMIGLIE_12,Tipologie familiari - regioni e tipo comune,ok,hub,4,58,0,"",2026-07-29
82_87_DF_DCCV_AVQ_FAMIGLIE_13,Giudizio sulla situazione economica - ampiezza della famiglia,ok,hub,5,21,0,"",2026-07-29
82_87_DF_DCCV_AVQ_FAMIGLIE_14,Giudizio sulla situazione economica - reg. e tipo di comune,ok,hub,4,49,0,"",2026-07-29
82_87_DF_DCCV_AVQ_FAMIGLIE_15,Possesso di beni durevoli - reg. e tipo di comune,ok,hub,4,64,0,"",2026-07-29
82_87_DF_DCCV_AVQ_FAMIGLIE_16,Spazi esterni e riscaldamento nell'abitazione,ok,hub,4,42,0,"",2026-07-29
82_87_DF_DCCV_AVQ_FAMIGLIE_17,Modalità di fornitura del gas,ok,hub,4,46,0,"",2026-07-29
82_87_DF_DCCV_AVQ_FAMIGLIE_18,Cambio dell'abitazione,ok,hub,4,19,0,"",2026-07-29
82_87_DF_DCCV_AVQ_FAMIGLIE_19,"Spese, acqua e altri problemi dell'abitazione",ok,hub,4,46,0,"",2026-07-29
82_87_DF_DCCV_AVQ_FAMIGLIE_2,Coppie con figli - reg.,ok,hub,4,43,0,"",2026-07-29
82_87_DF_DCCV_AVQ_FAMIGLIE_3,Coppie senza figli - reg.,ok,hub,4,44,0,"",2026-07-29
82_87_DF_DCCV_AVQ_FAMIGLIE_4,"Monogenitori - sesso, età, stato civile",ok,hub,3,32,0,"",2026-07-29
82_87_DF_DCCV_AVQ_FAMIGLIE_5,"Monogenitori - sesso, stato civile, ripartizioni",ok,hub,4,24,0,"",2026-07-29
82_87_DF_DCCV_AVQ_FAMIGLIE_6,Monogenitori  - regioni e tipo di comune,ok,hub,4,42,0,"",2026-07-29
82_87_DF_DCCV_AVQ_FAMIGLIE_7,Monogenitori - numero ed età dei figli,ok,hub,3,13,0,"",2026-07-29
82_87_DF_DCCV_AVQ_FAMIGLIE_8,"Persone sole -  sesso, età, stato civile",ok,hub,3,56,0,"",2026-07-29
82_87_DF_DCCV_AVQ_FAMIGLIE_9,Persone sole - ripartizioni e tipo di comune,ok,hub,4,30,0,"",2026-07-29
83_277,Imprese agricole e addetti,ok,hub,7,255,0,"",2026-07-29
83_277_DF_DICA_ASIAAGR_1,Settori economici (Ateco 5 cifre),ok,hub,4,111,0,"",2026-07-29
83_277_DF_DICA_ASIAAGR_2,Settori economici (Ateco 4 cifre) - rip.,ok,hub,4,65,0,"",2026-07-29
83_277_DF_DICA_ASIAAGR_3,Settori economici (Ateco 3 cifre) - prov.,ok,hub,4,155,0,"",2026-07-29
83_277_DF_DICA_ASIAAGR_4,"Classe di addetti, settori economici (Ateco 3 cifre)",ok,hub,5,26,0,"",2026-07-29
83_277_DF_DICA_ASIAAGR_5,Classe di addetti - prov.,ok,hub,5,144,0,"",2026-07-29
83_277_DF_DICA_ASIAAGR_6,"Forma giuridica, settori economici (Ateco 3 cifre)",ok,hub,5,25,0,"",2026-07-29
83_277_DF_DICA_ASIAAGR_7,"Forma giuridica, classe di addetti - reg.",ok,hub,6,41,0,"",2026-07-29
83_277_DF_DICA_ASIAAGR_8,Forma giuridica - prov,ok,hub,5,143,0,"",2026-07-29
83_63,Aspetti della vita quotidiana,error,"",0,0,1,HubUnavailable: hub did not answer (timeout or HTTP error),2026-07-29
83_63_DF_DCCV_AVQ_PERSONE_100,Sport - età dettaglio,error,"",0,0,1,HubUnavailable: hub did not answer (timeout or HTTP error),2026-07-29
83_63_DF_DCCV_AVQ_PERSONE_101,"Sport - età, titolo di studio",ok,hub,6,22,0,"",2026-07-29
83_63_DF_DCCV_AVQ_PERSONE_102,Sport - condizione e posizione nella professione,ok,hub,6,26,0,"",2026-07-29
83_63_DF_DCCV_AVQ_PERSONE_103,Sport - regioni e tipo di comune,ok,hub,4,45,0,"",2026-07-29
83_63_DF_DCCV_AVQ_PERSONE_104,Incontri con amici - età dettaglio,error,"",0,0,1,HubUnavailable: hub did not answer (timeout or HTTP error),2026-07-29
83_63_DF_DCCV_AVQ_PERSONE_105,"Incontri con amici - età, titolo di studio",error,"",0,0,1,HubUnavailable: hub did not answer (timeout or HTTP error),2026-07-29
83_63_DF_DCCV_AVQ_PERSONE_106,Incontri con amici - condizione e posizione nella professione,ok,hub,6,28,0,"",2026-07-29
83_63_DF_DCCV_AVQ_PERSONE_107,Incontri con amici - regioni e tipo di comune,ok,hub,4,47,0,"",2026-07-29
83_63_DF_DCCV_AVQ_PERSONE_108,Informazione politica - età dettaglio,error,"",0,0,1,HubUnavailable: hub did not answer (timeout or HTTP error),2026-07-29
83_63_DF_DCCV_AVQ_PERSONE_109,"Informazione politica - età, titolo di studio",error,"",0,0,1,HubUnavailable: hub did not answer (timeout or HTTP error),2026-07-29
83_63_DF_DCCV_AVQ_PERSONE_110,Informazione politica - condizione professionale,error,"",0,0,1,HubUnavailable: hub did not answer (timeout or HTTP error),2026-07-29
83_63_DF_DCCV_AVQ_PERSONE_111,Informazione politica - posizione nella professione,error,"",0,0,1,HubUnavailable: hub did not answer (timeout or HTTP error),2026-07-29
83_63_DF_DCCV_AVQ_PERSONE_112,Informazione politica (canale) - regioni e tipo di comune,ok,hub,5,53,0,"",2026-07-29
83_63_DF_DCCV_AVQ_PERSONE_113,Informazione politica (frequenza) - regioni e tipo di comune,ok,hub,5,47,0,"",2026-07-29
83_63_DF_DCCV_AVQ_PERSONE_114,Informazione politica (motivo) - regioni e tipo di comune,ok,hub,5,46,0,"",2026-07-29
83_63_DF_DCCV_AVQ_PERSONE_115,Discussione e attività politica - età dettaglio,error,"",0,0,1,HubUnavailable: hub did not answer (timeout or HTTP error),2026-07-29
83_63_DF_DCCV_AVQ_PERSONE_116,"Discussione e attività politica - età, titolo di studio",ok,hub,6,29,0,"",2026-07-29
83_63_DF_DCCV_AVQ_PERSONE_117,Discussione e attività politica - condizione professionale,error,"",0,0,1,HubUnavailable: hub did not answer (timeout or HTTP error),2026-07-29
83_63_DF_DCCV_AVQ_PERSONE_118,Discussione e attività politica - posizione nella professione,ok,hub,6,25,0,"",2026-07-29
83_63_DF_DCCV_AVQ_PERSONE_119,Discussione politica - regioni e tipo di comune,ok,hub,5,47,0,"",2026-07-29
83_63_DF_DCCV_AVQ_PERSONE_120,Giovani che vivono in famiglia,ok,hub,6,31,0,"",2026-07-29
83_63_DF_DCCV_AVQ_PERSONE_121,Giovani che vivono in famiglia - reg.,ok,hub,6,44,0,"",2026-07-29
83_63_DF_DCCV_AVQ_PERSONE_122,Attività politica - regioni e tipo di comune,ok,hub,5,46,0,"",2026-07-29
83_63_DF_DCCV_AVQ_PERSONE_123,Fiducia negli altri - età dettaglio,error,"",0,0,1,HubUnavailable: hub did not answer (timeout or HTTP error),2026-07-29
83_63_DF_DCCV_AVQ_PERSONE_124,"Fiducia negli altri - età, titolo di studio",error,"",0,0,1,HubUnavailable: hub did not answer (timeout or HTTP error),2026-07-29
83_63_DF_DCCV_AVQ_PERSONE_125,Fiducia negli altri - condizione professionale,error,"",0,0,1,HubUnavailable: hub did not answer (timeout or HTTP error),2026-07-29
83_63_DF_DCCV_AVQ_PERSONE_126,Fiducia negli altri - posizione nella professione,error,"",0,0,1,HubUnavailable: hub did not answer (timeout or HTTP error),2026-07-29
83_63_DF_DCCV_AVQ_PERSONE_127,Fiducia interpersonale - regioni e tipo di comune,ok,hub,5,43,0,"",2026-07-29
83_63_DF_DCCV_AVQ_PERSONE_128,Fiducia verso particolari persone - regioni e tipo di comune,ok,hub,5,57,0,"",2026-07-29
83_63_DF_DCCV_AVQ_PERSONE_129,Associazionismo - età dettaglio,error,"",0,0,1,HubUnavailable: hub did not answer (timeout or HTTP error),2026-07-29
83_63_DF_DCCV_AVQ_PERSONE_130,"Associazionismo - età, titolo di studio",error,"",0,0,1,HubUnavailable: hub did not answer (timeout or HTTP error),2026-07-29
83_63_DF_DCCV_AVQ_PERSONE_131,Associazionismo - condizione e posizione nella professione,ok,hub,6,27,0,"",2026-07-29
83_63_DF_DCCV_AVQ_PERSONE_132,Associazionismo - regioni e tipo di comune,ok,hub,5,47,0,"",2026-07-29
83_63_DF_DCCV_AVQ_PERSONE_133,Pratica religiosa - età dettaglio,ok,hub,5,21,0,"",2026-07-29
83_63_DF_DCCV_AVQ_PERSONE_134,"Pratica religiosa - età, titolo di studio",ok,hub,6,19,0,"",2026-07-29
83_63_DF_DCCV_AVQ_PERSONE_135,Pratica religiosa - condizione e posizione nella professione,ok,hub,6,23,0,"",2026-07-29
83_63_DF_DCCV_AVQ_PERSONE_136,Pratica religiosa - regioni e tipo di comune,ok,hub,5,43,0,"",2026-07-29
83_63_DF_DCCV_AVQ_PERSONE_137,Grado di soddisfazione (da 0 - a 10) per la vita nel complesso - età dettaglio,error,"",0,0,1,HubUnavailable: hub did not answer (timeout or HTTP error),2026-07-29
83_63_DF_DCCV_AVQ_PERSONE_138,"Grado di soddisfazione (da 0 - a 10) per la vita nel complesso - età, titolo di studio",error,"",0,0,1,HubUnavailable: hub did not answer (timeout or HTTP error),2026-07-29
83_63_DF_DCCV_AVQ_PERSONE_139,Grado di soddisfazione (da 0 - a 10) per la vita nel complesso - condizione professione,error,"",0,0,1,HubUnavailable: hub did not answer (timeout or HTTP error),2026-07-29
83_63_DF_DCCV_AVQ_PERSONE_140,Grado di soddisfazione (da 0 - a 10) per la vita nel complesso - posizione nella professione,error,"",0,0,1,HubUnavailable: hub did not answer (timeout or HTTP error),2026-07-29
83_63_DF_DCCV_AVQ_PERSONE_141,Grado di soddisfazione (da 0 - a 10) per la vita nel complesso - regioni e tipo di comune,ok,hub,5,52,0,"",2026-07-29
83_63_DF_DCCV_AVQ_PERSONE_142,Grado di soddisfazione (da 0 - a 10) per la vita nel complesso (valore medio e mediano) - età dettaglio,ok,hub,5,20,0,"",2026-07-29
83_63_DF_DCCV_AVQ_PERSONE_143,"Grado di soddisfazione (da 0 - a 10) per la vita nel complesso (valore medio e mediano) - età, titolo di studio",ok,hub,6,19,0,"",2026-07-29
83_63_DF_DCCV_AVQ_PERSONE_144,Grado di soddisfazione (da 0 - a 10) per la vita nel complesso (valore medio e mediano) - condizione e posizione nella professione,ok,hub,6,23,0,"",2026-07-29
83_63_DF_DCCV_AVQ_PERSONE_145,Grado di soddisfazione (da 0 - a 10) per la vita nel complesso (valore medio e mediano) - regioni e tipo di comune,ok,hub,5,43,0,"",2026-07-29
83_63_DF_DCCV_AVQ_PERSONE_146,Soddisfazione per alcuni aspetti - età dettaglio,error,"",0,0,1,HubUnavailable: hub did not answer (timeout or HTTP error),2026-07-29
83_63_DF_DCCV_AVQ_PERSONE_147,"Soddisfazione per alcuni aspetti - età, titolo di studio",ok,hub,6,41,0,"",2026-07-29
83_63_DF_DCCV_AVQ_PERSONE_148,Soddisfazione per alcuni aspetti - condizione professionale,error,"",0,0,1,HubUnavailable: hub did not answer (timeout or HTTP error),2026-07-29
83_63_DF_DCCV_AVQ_PERSONE_149,Soddisfazione per alcuni aspetti - posizione nella professione,error,"",0,0,1,HubUnavailable: hub did not answer (timeout or HTTP error),2026-07-29
83_63_DF_DCCV_AVQ_PERSONE_150,Soddisfazione per alcuni aspetti - regioni e tipo di comune,error,"",0,0,1,HubUnavailable: hub did not answer (timeout or HTTP error),2026-07-29
83_63_DF_DCCV_AVQ_PERSONE_151,Soddisfazione per il lavoro - età dettaglio,ok,hub,4,19,0,"",2026-07-29
83_63_DF_DCCV_AVQ_PERSONE_152,"Soddisfazione per il lavoro - età, titolo di studio",ok,hub,6,21,0,"",2026-07-29
83_63_DF_DCCV_AVQ_PERSONE_153,Soddisfazione per il lavoro - condizione e posizione nella professione,ok,hub,6,18,0,"",2026-07-29
83_63_DF_DCCV_AVQ_PERSONE_154,Soddisfazione per il lavoro - ripartizioni e tipo di comune,ok,hub,5,23,0,"",2026-07-29
83_63_DF_DCCV_AVQ_PERSONE_155,"Treno, pullman e autobus - età",error,"",0,0,1,HubUnavailable: hub did not answer (timeout or HTTP error),2026-07-29
83_63_DF_DCCV_AVQ_PERSONE_156,"Treno, pullman e autobus - condizione professionale",error,"",0,0,1,HubUnavailable: hub did not answer (timeout or HTTP error),2026-07-29
83_63_DF_DCCV_AVQ_PERSONE_157,"Treno, pullman e autobus - posizione nella professione",error,"",0,0,1,HubUnavailable: hub did not answer (timeout or HTTP error),2026-07-29
83_63_DF_DCCV_AVQ_PERSONE_158,Treno - regioni e tipo di comune,error,"",0,0,1,HubUnavailable: hub did not answer (timeout or HTTP error),2026-07-29
83_63_DF_DCCV_AVQ_PERSONE_159,Pullman - regioni e tipo di comune,ok,hub,5,57,0,"",2026-07-29
83_63_DF_DCCV_AVQ_PERSONE_160,Autobus - regioni e tipo di comune,ok,hub,5,56,0,"",2026-07-29
83_63_DF_DCCV_AVQ_PERSONE_161,Tipo di certificato richiesto e autocertificazione - età dettaglio,error,"",0,0,1,HubUnavailable: hub did not answer (timeout or HTTP error),2026-07-29
83_63_DF_DCCV_AVQ_PERSONE_162,"Tipo di certificato richiesto e autocertificazione - età, titolo di studio",error,"",0,0,1,HubUnavailable: hub did not answer (timeout or HTTP error),2026-07-29
83_63_DF_DCCV_AVQ_PERSONE_163,Tipo di certificato richiesto e autocertificazione - condizione professionale,ok,hub,6,33,0,"",2026-07-29
83_63_DF_DCCV_AVQ_PERSONE_164,Tipo di certificato richiesto e autocertificazione - posizione nella professione,ok,hub,6,29,0,"",2026-07-29
83_63_DF_DCCV_AVQ_PERSONE_165,Tipo di certificato richiesto e autocertificazione - regioni e tipo di comune,ok,hub,5,57,0,"",2026-07-29
83_63_DF_DCCV_AVQ_PERSONE_166,Spostamenti abituali per andare a scuola,error,"",0,0,1,HubUnavailable: hub did not answer (timeout or HTTP error),2026-07-29
83_63_DF_DCCV_AVQ_PERSONE_167,Spostamenti verso scuola - regioni e tipo di comune,ok,hub,5,55,0,"",2026-07-29
83_63_DF_DCCV_AVQ_PERSONE_168,Spostamenti per andare a lavoro - Età,error,"",0,0,1,HubUnavailable: hub did not answer (timeout or HTTP error),2026-07-29
83_63_DF_DCCV_AVQ_PERSONE_169,Spostamenti per andare a lavoro - condizione nella professione,error,"",0,0,1,HubUnavailable: hub did not answer (timeout or HTTP error),2026-07-29
83_63_DF_DCCV_AVQ_PERSONE_170,Spostamenti per andare a lavoro - regioni e tipo di comune,ok,hub,5,55,0,"",2026-07-29
83_63_DF_DCCV_AVQ_PERSONE_201,Abitudine al fumo - età dettaglio,error,"",0,0,1,HubUnavailable: hub did not answer (timeout or HTTP error),2026-07-29
83_63_DF_DCCV_AVQ_PERSONE_202,"Abitudine al fumo - età, titolo di studio",error,"",0,0,1,HubUnavailable: hub did not answer (timeout or HTTP error),2026-07-29
83_63_DF_DCCV_AVQ_PERSONE_203,Abitudine al fumo - posizione nella professione,error,"",0,0,1,HubUnavailable: hub did not answer (timeout or HTTP error),2026-07-29
83_63_DF_DCCV_AVQ_PERSONE_204,Abitudine al fumo - regioni e tipo di comune,ok,hub,4,50,0,"",2026-07-29
83_63_DF_DCCV_AVQ_PERSONE_205,Stato di salute- età dettaglio,error,"",0,0,1,HubUnavailable: hub did not answer (timeout or HTTP error),2026-07-29
83_63_DF_DCCV_AVQ_PERSONE_206,"Stato di salute - età, titolo di studio",error,"",0,0,1,HubUnavailable: hub did not answer (timeout or HTTP error),2026-07-29
83_63_DF_DCCV_AVQ_PERSONE_207,Stato di salute- posizione nella professione,error,"",0,0,1,HubUnavailable: hub did not answer (timeout or HTTP error),2026-07-29
83_63_DF_DCCV_AVQ_PERSONE_208,Stato di salute - regioni e tipo di comune,ok,hub,4,54,0,"",2026-07-29
83_63_DF_DCCV_AVQ_PERSONE_209,Consumo di farmaci - età dettaglio,ok,hub,5,19,0,"",2026-07-29
83_63_DF_DCCV_AVQ_PERSONE_210,"Consumo di farmaci - età, titolo di studio",ok,hub,6,17,0,"",2026-07-29
83_63_DF_DCCV_AVQ_PERSONE_211,Consumo di farmaci - posizione nella professione,ok,hub,5,20,0,"",2026-07-29
83_63_DF_DCCV_AVQ_PERSONE_212,Consumo di farmaci - regioni e tipo di comune,ok,hub,4,40,0,"",2026-07-29
83_63_DF_DCCV_AVQ_PERSONE_213,Ricorso al pronto soccorso e alla guardia medica - età dettaglio,ok,hub,5,22,0,"",2026-07-29
83_63_DF_DCCV_AVQ_PERSONE_214,"Ricorso al pronto soccorso e alla guardia medica - età, titolo di studio",ok,hub,6,20,0,"",2026-07-29
83_63_DF_DCCV_AVQ_PERSONE_215,Ricorso al pronto soccorso e alla guardia medica - posizione nella professione,ok,hub,5,23,0,"",2026-07-29
83_63_DF_DCCV_AVQ_PERSONE_216,Ricorso al pronto soccorso e alla guardia medica - regioni e tipo di comune,ok,hub,4,43,0,"",2026-07-29
83_63_DF_DCCV_AVQ_PERSONE_217,Ricoveri ospedalieri - età dettaglio,ok,hub,5,25,0,"",2026-07-29
83_63_DF_DCCV_AVQ_PERSONE_218,"Ricoveri ospedalieri - età, titolo di studio",ok,hub,6,23,0,"",2026-07-29
83_63_DF_DCCV_AVQ_PERSONE_219,Ricoveri ospedalieri - posizione nella professione,ok,hub,5,26,0,"",2026-07-29
83_63_DF_DCCV_AVQ_PERSONE_220,Ricoveri ospedalieri - regioni e tipo di comune,ok,hub,4,46,0,"",2026-07-29
83_63_DF_DCCV_AVQ_PERSONE_221,Soddisfazione per i vari aspetti del ricovero - età dettaglio,error,"",0,0,1,HubUnavailable: hub did not answer (timeout or HTTP error),2026-07-29
83_63_DF_DCCV_AVQ_PERSONE_222,"Soddisfazione per i vari aspetti del ricovero - età, titolo di studio",error,"",0,0,1,HubUnavailable: hub did not answer (timeout or HTTP error),2026-07-29
83_63_DF_DCCV_AVQ_PERSONE_223,Soddisfazione per i vari aspetti del ricovero - posizione nella professione,ok,hub,5,32,0,"",2026-07-29
83_63_DF_DCCV_AVQ_PERSONE_224,Spettacoli - dettaglio età,error,"",0,0,1,HubUnavailable: hub did not answer (timeout or HTTP error),2026-07-29
83_63_DF_DCCV_AVQ_PERSONE_225,"Spettacoli - sesso, età, titolo di studio",ok,hub,6,25,0,"",2026-07-29
83_63_DF_DCCV_AVQ_PERSONE_226,Spettacoli - condizione occupazionale,error,"",0,0,1,HubUnavailable: hub did not answer (timeout or HTTP error),2026-07-29
83_63_DF_DCCV_AVQ_PERSONE_227,Spettacoli - regioni e tipo di comune,ok,hub,5,51,0,"",2026-07-29
83_63_DF_DCCV_AVQ_PERSONE_228,"Tv e radio - sesso, età, titolo di studio",ok,hub,6,21,0,"",2026-07-29
83_63_DF_DCCV_AVQ_PERSONE_229,Tv e radio - dettaglio età,ok,hub,5,25,0,"",2026-07-29
83_63_DF_DCCV_AVQ_PERSONE_230,Tv e radio - condizione occupazionale,ok,hub,5,24,0,"",2026-07-29
83_63_DF_DCCV_AVQ_PERSONE_231,Tv e radio - regioni e tipo di comune,ok,hub,4,44,0,"",2026-07-29
83_63_DF_DCCV_AVQ_PERSONE_232,"Quotidiani e libri - sesso, età, titolo di studio",ok,hub,6,23,0,"",2026-07-29
83_63_DF_DCCV_AVQ_PERSONE_233,Quotidiani e libri - dettaglio età,ok,hub,5,26,0,"",2026-07-29
83_63_DF_DCCV_AVQ_PERSONE_234,Quotidiani e libri - condizione occupazionale,ok,hub,5,26,0,"",2026-07-29
83_63_DF_DCCV_AVQ_PERSONE_235,Quotidiani e libri - regioni e tipo di comune,ok,hub,4,46,0,"",2026-07-29
83_63_DF_DCCV_AVQ_PERSONE_236,"Internet - sesso, età titolo di studio",error,"",0,0,1,HubUnavailable: hub did not answer (timeout or HTTP error),2026-07-29
83_63_DF_DCCV_AVQ_PERSONE_237,Internet - dettaglio età,error,"",0,0,1,HubUnavailable: hub did not answer (timeout or HTTP error),2026-07-29
83_63_DF_DCCV_AVQ_PERSONE_238,Internet - condizione occupazionale,ok,hub,5,27,0,"",2026-07-29
83_63_DF_DCCV_AVQ_PERSONE_239,Internet - reg. e tipo di comune,ok,hub,4,47,0,"",2026-07-29
83_63_DF_DCCV_AVQ_PERSONE_240,"PC - sesso, età, titolo di studio",error,"",0,0,1,HubUnavailable: hub did not answer (timeout or HTTP error),2026-07-29
83_63_DF_DCCV_AVQ_PERSONE_241,PC - dettaglio età,error,"",0,0,1,HubUnavailable: hub did not answer (timeout or HTTP error),2026-07-29
83_63_DF_DCCV_AVQ_PERSONE_242,PC - condizione occupazionale,ok,hub,5,27,0,"",2026-07-29
83_63_DF_DCCV_AVQ_PERSONE_243,PC - reg. e tipo di comune,ok,hub,4,47,0,"",2026-07-29
83_63_DF_DCCV_AVQ_PERSONE_256,Soddisfazione per i vari aspetti del ricovero - regioni e tipo di comune,ok,hub,5,53,0,"",2026-07-29
83_63_DF_DCCV_AVQ_PERSONE__YOUTH_1,"Giovani - Cultura sport, salute e stili di vita",error,"",0,0,1,HubUnavailable: hub did not answer (timeout or HTTP error),2026-07-29
83_85,Aspetti della vita quotidiana - Persone,error,"",0,0,1,HubUnavailable: hub did not answer (timeout or HTTP error),2026-07-29
83_85_DF_DCCV_AVQ_PERSONE1_100,"Anagrafe, ASL - età",error,"",0,0,1,HubUnavailable: hub did not answer (timeout or HTTP error),2026-07-29
83_85_DF_DCCV_AVQ_PERSONE1_101,"Anagrafe, ASL - condizione professionale",ok,hub,6,41,0,"",2026-07-29
83_85_DF_DCCV_AVQ_PERSONE1_102,"Anagrafe, ASL - posizione nella professione",ok,hub,6,37,0,"",2026-07-29
83_85_DF_DCCV_AVQ_PERSONE1_103,Anagrafe - regioni e tipo di comune,ok,hub,5,53,0,"",2026-07-29
83_85_DF_DCCV_AVQ_PERSONE1_104,ASL - regioni e tipo di comune,ok,hub,5,53,0,"",2026-07-29
83_85_DF_DCCV_AVQ_PERSONE1_105,"Ufficio postale, banca - età",error,"",0,0,1,HubUnavailable: hub did not answer (timeout or HTTP error),2026-07-29
83_85_DF_DCCV_AVQ_PERSONE1_106,"Ufficio postale, banca - condizione professionale",ok,hub,6,60,0,"",2026-07-29
83_85_DF_DCCV_AVQ_PERSONE1_107,"Ufficio postale, banca - posizione nella professione",ok,hub,6,56,0,"",2026-07-29
83_85_DF_DCCV_AVQ_PERSONE1_108,Ufficio postale - regioni e tipo di comune,ok,hub,6,78,0,"",2026-07-29
83_85_DF_DCCV_AVQ_PERSONE1_109,Banca - regioni e tipo di comune,ok,hub,6,53,0,"",2026-07-29
83_85_DF_DCCV_AVQ_PERSONE1_201,Persone andate in vacanza - serie storica,ok,hub,5,26,0,"",2026-07-29
83_85_DF_DCCV_AVQ_PERSONE1_202,Persone andate in vacanza - classe di età,ok,hub,5,26,0,"",2026-07-29
83_85_DF_DCCV_AVQ_PERSONE1_203,Persone andate in vacanza - titolo di studio,error,"",0,0,1,HubUnavailable: hub did not answer (timeout or HTTP error),2026-07-29
83_85_DF_DCCV_AVQ_PERSONE1_204,Persone andate in vacanza - condizione nella professione,ok,hub,5,25,0,"",2026-07-29
83_85_DF_DCCV_AVQ_PERSONE1_205,Persone andate in vacanza - numero di periodi,ok,hub,4,45,0,"",2026-07-29
83_85_DF_DCCV_AVQ_PERSONE1_206,Persone non andate in vacanza - serie storica,ok,hub,5,29,0,"",2026-07-29
83_85_DF_DCCV_AVQ_PERSONE1_207,Persone non andate in vacanza - classe di età,error,"",0,0,1,HubUnavailable: hub did not answer (timeout or HTTP error),2026-07-29
83_85_DF_DCCV_AVQ_PERSONE1_208,Persone non andate in vacanza - titolo di studio,error,"",0,0,1,HubUnavailable: hub did not answer (timeout or HTTP error),2026-07-29
83_85_DF_DCCV_AVQ_PERSONE1_209,Persone non andate in vacanza - condizione nella professione,ok,hub,5,28,0,"",2026-07-29
83_85_DF_DCCV_AVQ_PERSONE1_210,Persone non andate in vacanza - motivi della mancata vacanza,ok,hub,5,49,0,"",2026-07-29
83_85_DF_DCCV_AVQ_PERSONE1_211,Acqua e bevande gassate - età dettaglio,ok,hub,5,29,0,"",2026-07-29
83_85_DF_DCCV_AVQ_PERSONE1_212,"Acqua e bevande gassate - età, titolo di studio",error,"",0,0,1,HubUnavailable: hub did not answer (timeout or HTTP error),2026-07-29
83_85_DF_DCCV_AVQ_PERSONE1_213,Acqua e bevande gassate - posizione nella professione,ok,hub,5,30,0,"",2026-07-29
83_85_DF_DCCV_AVQ_PERSONE1_214,Acqua e bevande gassate - regioni e tipo di comune,ok,hub,4,50,0,"",2026-07-29
83_85_DF_DCCV_AVQ_PERSONE1_215,Vino e birra - età dettaglio,ok,hub,5,29,0,"",2026-07-29
83_85_DF_DCCV_AVQ_PERSONE1_216,"Vino e birra - età, titolo di studio",ok,hub,6,27,0,"",2026-07-29
83_85_DF_DCCV_AVQ_PERSONE1_217,Vino e birra - posizione nella professione,ok,hub,5,30,0,"",2026-07-29
83_85_DF_DCCV_AVQ_PERSONE1_218,Vino e birra - regioni e tipo di comune,ok,hub,4,50,0,"",2026-07-29
83_85_DF_DCCV_AVQ_PERSONE1_219,"Aperitivi, amari e liquori - età dettaglio",ok,hub,5,27,0,"",2026-07-29
83_85_DF_DCCV_AVQ_PERSONE1_220,"Aperitivi, amari e liquori - età, titolo di studio",error,"",0,0,1,HubUnavailable: hub did not answer (timeout or HTTP error),2026-07-29
83_85_DF_DCCV_AVQ_PERSONE1_221,"Aperitivi, amari e liquori - posizione nella professione",ok,hub,5,28,0,"",2026-07-29
83_85_DF_DCCV_AVQ_PERSONE1_222,"Aperitivi, amari e liquori - regioni e tipo di comune",ok,hub,4,48,0,"",2026-07-29
83_85_DF_DCCV_AVQ_PERSONE1_223,Alcolici fuori pasto - età dettaglio,ok,hub,5,22,0,"",2026-07-29
83_85_DF_DCCV_AVQ_PERSONE1_224,"Alcolici fuori pasto - età, titolo di studio",ok,hub,6,20,0,"",2026-07-29
83_85_DF_DCCV_AVQ_PERSONE1_225,Alcolici fuori pasto - posizione nella professione,ok,hub,5,23,0,"",2026-07-29
83_85_DF_DCCV_AVQ_PERSONE1_226,Alcolici fuori pasto - regioni e tipo di comune,ok,hub,4,43,0,"",2026-07-29
83_85_DF_DCCV_AVQ_PERSONE1_227,Indice di massa corporea e controllo del peso - sesso,ok,hub,4,32,0,"",2026-07-29
83_85_DF_DCCV_AVQ_PERSONE1_228,Indice di massa corporea - età dettaglio,ok,hub,5,20,0,"",2026-07-29
83_85_DF_DCCV_AVQ_PERSONE1_229,"Indice di massa corporea - età, titolo di studio",ok,hub,6,21,0,"",2026-07-29
83_85_DF_DCCV_AVQ_PERSONE1_230,Indice di massa corporea - posizione nella professione,ok,hub,5,24,0,"",2026-07-29
83_85_DF_DCCV_AVQ_PERSONE1_231,Indice di massa corporea - regioni e tipo di comune,ok,hub,5,47,0,"",2026-07-29
83_85_DF_DCCV_AVQ_PERSONE1_232,Incidenti in ambiente domestico - età dettaglio,ok,hub,5,22,0,"",2026-07-29
83_85_DF_DCCV_AVQ_PERSONE1_233,"Incidenti in ambiente domestico - età, titolo di studio",ok,hub,6,20,0,"",2026-07-29
83_85_DF_DCCV_AVQ_PERSONE1_234,Incidenti in ambiente domestico - posizione nella professione,ok,hub,5,23,0,"",2026-07-29
83_85_DF_DCCV_AVQ_PERSONE1_235,Incidenti in ambiente domestico - regioni e tipo di comune,ok,hub,5,44,0,"",2026-07-29
83_85_DF_DCCV_AVQ_PERSONE1_236,Abitudini nei pasti - età dettaglio,ok,hub,5,30,0,"",2026-07-29
83_85_DF_DCCV_AVQ_PERSONE1_237,"Abitudini nei pasti - età, titolo di studio",error,"",0,0,1,HubUnavailable: hub did not answer (timeout or HTTP error),2026-07-30
83_85_DF_DCCV_AVQ_PERSONE1_238,Abitudini nei pasti - posizione nella professione,ok,hub,5,29,0,"",2026-07-30
83_85_DF_DCCV_AVQ_PERSONE1_239,Abitudini nei pasti - regioni e tipo di comune,ok,hub,4,49,0,"",2026-07-30
83_85_DF_DCCV_AVQ_PERSONE1_240,"Salumi, carni, uova, pesce - età dettaglio",ok,hub,5,27,0,"",2026-07-30
83_85_DF_DCCV_AVQ_PERSONE1_241,"Salumi, carni, uova, pesce - età, titolo di studio",ok,hub,6,23,0,"",2026-07-30
83_85_DF_DCCV_AVQ_PERSONE1_242,"Salumi, carni, uova, pesce - posizione nella professione",ok,hub,5,26,0,"",2026-07-30
83_85_DF_DCCV_AVQ_PERSONE1_243,"Salumi, carni, uova, pesce - regioni e tipo di comune",ok,hub,4,46,0,"",2026-07-30
83_85_DF_DCCV_AVQ_PERSONE1_244,"Pane, legumi, dolci, latte e formaggi - età dettaglio",ok,hub,5,27,0,"",2026-07-30
83_85_DF_DCCV_AVQ_PERSONE1_245,"Pane, legumi, dolci, latte e formaggi - età, titolo di studio",error,"",0,0,1,HubUnavailable: hub did not answer (timeout or HTTP error),2026-07-30
83_85_DF_DCCV_AVQ_PERSONE1_246,"Pane, legumi, dolci, latte e formaggi - posizione nella professione",ok,hub,5,26,0,"",2026-07-30
83_85_DF_DCCV_AVQ_PERSONE1_247,"Pane, legumi, dolci, latte e formaggi - regioni e tipo di comune",ok,hub,4,46,0,"",2026-07-30
83_85_DF_DCCV_AVQ_PERSONE1_248,"Verdure, ortaggi e frutta - età dettaglio",error,"",0,0,1,HubUnavailable: hub did not answer (timeout or HTTP error),2026-07-30
83_85_DF_DCCV_AVQ_PERSONE1_249,"Verdure, ortaggi e frutta - età, titolo di studio",error,"",0,0,1,HubUnavailable: hub did not answer (timeout or HTTP error),2026-07-30
83_85_DF_DCCV_AVQ_PERSONE1_250,"Verdure, ortaggi e frutta - posizione nella professione",ok,hub,5,28,0,"",2026-07-30
83_85_DF_DCCV_AVQ_PERSONE1_251,"Verdure, ortaggi e frutta - regioni e tipo di comune",ok,hub,4,48,0,"",2026-07-30
83_85_DF_DCCV_AVQ_PERSONE1_252,Olio e sale - età dettaglio,ok,hub,5,25,0,"",2026-07-30
83_85_DF_DCCV_AVQ_PERSONE1_253,"Olio e sale - età, titolo di studio",ok,hub,6,21,0,"",2026-07-30
83_85_DF_DCCV_AVQ_PERSONE1_254,Olio e sale - posizione nella professione,ok,hub,5,24,0,"",2026-07-30
83_85_DF_DCCV_AVQ_PERSONE1_255,Olio e sale - regioni e tipo di comune,ok,hub,4,44,0,"",2026-07-30
85_170,Volontariato in organizzazioni,ok,hub,9,51,0,"",2026-07-30
85_170_DF_DCSA_VOLON_ORG_1,"Sesso, appartenenza a più gruppi o associazioni, settore dell'organizzazione",empty,hub,0,0,0,"",2026-07-30
85_170_DF_DCSA_VOLON_ORG_2,"Sesso, motivo dell'attività gratuita",empty,hub,0,0,0,"",2026-07-30
85_170_DF_DCSA_VOLON_ORG_3,"Sesso, tipo di organizzazione",empty,hub,0,0,0,"",2026-07-30
85_170_DF_DCSA_VOLON_ORG_4,"Sesso, ricadute personali",empty,hub,0,0,0,"",2026-07-30
85_171,Volontariato in organizzazioni,ok,hub,9,54,0,"",2026-07-30
85_171_DF_DCSA_VOLON_ORG1_1,"Volontariato organizzato - Sesso, appartenenza a più gruppi o associazioni, settore dell'organizzazione",ok,hub,6,22,0,"",2026-07-30
85_171_DF_DCSA_VOLON_ORG1_2,"Volontariato organizzato - Sesso, tipo di organizzazione",ok,hub,5,13,0,"",2026-07-30
85_171_DF_DCSA_VOLON_ORG1_3,"Volontariato organizzato - Sesso, motivazioni",ok,hub,5,16,0,"",2026-07-30
85_171_DF_DCSA_VOLON_ORG1_4,"Volontariato organizzato - Sesso, ricadute personali",ok,hub,5,18,0,"",2026-07-30
85_83,Volontariato con o senza organizzazioni,ok,hub,12,98,0,"",2026-07-30
85_83_DF_DCSA_VOLON_1,"Sesso, età",ok,hub,5,18,0,"",2026-07-30
85_83_DF_DCSA_VOLON_2,"Sesso, attività svolta",ok,hub,6,25,0,"",2026-07-30
85_83_DF_DCSA_VOLON_3,"Sesso, numero di anni di attività gratuita",ok,hub,6,18,0,"",2026-07-30
85_83_DF_DCSA_VOLON_4,"Titolo di studio, condizione lavorativa",ok,hub,6,21,0,"",2026-07-30
85_83_DF_DCSA_VOLON_5,Ampiezza della famiglia e risorse economiche,ok,hub,6,20,0,"",2026-07-30
85_83_DF_DCSA_VOLON_6,Regioni e tipo di comuni,ok,hub,6,43,0,"",2026-07-30
85_84,Volontariato con o senza organizzazioni,ok,hub,12,97,0,"",2026-07-30
85_84_DF_DCSA_VOLON1_1,"Volontariato - Sesso, età e tipo di volontariato",ok,hub,6,20,0,"",2026-07-30
85_84_DF_DCSA_VOLON1_2,Attività volontaria - Sesso e tipo di volontariato,ok,hub,6,25,0,"",2026-07-30
85_84_DF_DCSA_VOLON1_3,Numero di anni di attività volontaria - Sesso e tipo di volontariato,ok,hub,6,19,0,"",2026-07-30
85_84_DF_DCSA_VOLON1_4,"Volontariato - Titolo di studio, condizione lavorativa",ok,hub,6,22,0,"",2026-07-30
85_84_DF_DCSA_VOLON1_5,Volontariato - Ampiezza della famiglia e risorse economiche,ok,hub,6,20,0,"",2026-07-30
85_84_DF_DCSA_VOLON1_6,Volontariato - Regioni e tipo di comuni,ok,hub,4,42,0,"",2026-07-30
8_197_DF_DCCN_PRODUTTIVITA_B19_1,Indicatori di produttività - edizioni novembre 2019 - aprile 2024,ok,hub,7,75,0,"",2026-07-30
8_197_DF_DCCN_PRODUTTIVITA_B19_2,Contributi alla crescita del valore aggiunto - edizioni novembre 2019 - aprile 2024,ok,hub,7,71,0,"",2026-07-30
8_197_DF_DCCN_PRODUTTIVITA_B19_3,Contributi alla crescita della produttività del lavoro - edizioni novembre 2019 - aprile 2024,ok,hub,7,69,0,"",2026-07-30
8_197_DF_DCCN_PRODUTTIVITA_B19_4,Serie per il calcolo delle produttività - edizioni novembre 2019 - aprile 2024,ok,hub,7,83,0,"",2026-07-30
8_197_DF_DCCN_PRODUTTIVITA_B19_5,Contributi settoriali alla variazione della produttività del lavoro - edizioni novembre 2019 - aprile 2024,ok,hub,7,64,0,"",2026-07-30
8_277,Imprese - Ent (1 impresa corrisponde a 1 o più unità giuridiche attive),error,"",0,0,1,HubUnavailable: hub did not answer (timeout or HTTP error),2026-07-30
8_277_DF_DICA_ASIAUE1P_ENT_1,Imprese e addetti (Ent) - Principali dati,error,"",0,0,1,HubUnavailable: hub did not answer (timeout or HTTP error),2026-07-30
8_277_DF_DICA_ASIAUE1P_ENT_10,Imprese e addetti appartenenti ad un gruppo (Ent) - Settori economici (Ateco 1 cifra) - Tipo di relazione e Governance - regioni,ok,hub,6,56,0,"",2026-07-30
8_277_DF_DICA_ASIAUE1P_ENT_2,"Imprese e addetti (Ent) - Forma giuridica, settori economici (Ateco 5 cifre) - Italia",error,"",0,0,1,HubUnavailable: hub did not answer (timeout or HTTP error),2026-07-30
8_277_DF_DICA_ASIAUE1P_ENT_3,"Imprese e addetti (Ent) - Forma giuridica, settori economici (Ateco 4 cifre) - ripartizioni",error,"",0,0,1,HubUnavailable: hub did not answer (timeout or HTTP error),2026-07-30
8_277_DF_DICA_ASIAUE1P_ENT_4,"Imprese e addetti (Ent) - Forma giuridica, settori economici (Ateco 3 cifre) - regioni",error,"",0,0,1,HubUnavailable: hub did not answer (timeout or HTTP error),2026-07-30
8_277_DF_DICA_ASIAUE1P_ENT_5,"Imprese e addetti (Ent) - Forma giuridica, settori economici (Ateco 2 cifre) , classe di addetti - ripartizioni",error,"",0,0,1,HubUnavailable: hub did not answer (timeout or HTTP error),2026-07-30
8_277_DF_DICA_ASIAUE1P_ENT_6,"Imprese e addetti appartenenti ad un gruppo (Ent) - Forma giuridica, settori economici (Ateco 1 cifra), classe di addetti - Tipo di relazione",ok,hub,7,39,0,"",2026-07-30
8_277_DF_DICA_ASIAUE1P_ENT_7,"Imprese e addetti appartenenti ad un gruppo (Ent) - Forma giuridica, settori economici (Ateco 1 cifra), classe di addetti - Governance",ok,hub,7,40,0,"",2026-07-30
8_277_DF_DICA_ASIAUE1P_ENT_8,Imprese e addetti appartenenti ad un gruppo (Ent) - Settori economici (Ateco 2 cifre) - Tipo di relazione,ok,hub,5,104,0,"",2026-07-30
8_277_DF_DICA_ASIAUE1P_ENT_9,Imprese e addetti appartenenti ad un gruppo (Ent) - Settori economici (Ateco 2 cifre) - Governance,ok,hub,5,105,0,"",2026-07-30
91_963,Sistema dei conti della sanità,ok,hub,7,43,0,"",2026-07-30
91_963_DF_DCCN_SHA_1,Spesa sanitaria per tipo di funzione di assistenza sanitaria e finanziamento,ok,hub,6,33,0,"",2026-07-30
91_963_DF_DCCN_SHA_2,Spesa sanitaria per tipo di funzione di assistenza sanitaria e soggetto erogatore,ok,hub,6,33,0,"",2026-07-30
91_963_DF_DCCN_SHA_3,Spesa sanitaria per soggetto erogatore e tipo di finanziamento,ok,hub,6,25,0,"",2026-07-30
92_1225,Principali aggregati annnuali di contabilità nazionale,error,"",0,0,1,HubUnavailable: hub did not answer (timeout or HTTP error),2026-07-30
92_1225_DF_DCCN_ANA1_1,Produzione e valore aggiunto per branca di attività,error,"",0,0,1,HubUnavailable: hub did not answer (timeout or HTTP error),2026-07-30
92_1225_DF_DCCN_ANA1_2,Redditi da lavoro dipendente e componenti per branca di attività,ok,hub,7,106,0,"",2026-07-30
92_1225_DF_DCCN_ANA1_3,Imposte e contributi alla produzione per branca di attività,ok,hub,7,104,0,"",2026-07-30
92_1225_DF_DCCN_ANA1_4,Investimenti fissi lordi per tipo di investimento e branca proprietaria,error,"",0,0,1,HubUnavailable: hub did not answer (timeout or HTTP error),2026-07-30
92_1225_DF_DCCN_ANA1_5,Stock di capitale e ammortamenti per tipo di investimento e branca proprietaria,error,"",0,0,1,HubUnavailable: hub did not answer (timeout or HTTP error),2026-07-30
92_1225_DF_DCCN_ANA1_6,Spesa per consumi finali delle famiglie per voce di spesa (Coicop 2018 3 cifre) e durata,ok,hub,7,104,0,"",2026-07-30
92_1225_DF_DCCN_ANA1_7,Valori pro capite,ok,hub,6,27,0,"",2026-07-30
92_143,Principali aggregati per branca di attività -  (Nace Rev.1.1) - edizioni precedenti ottobre 2011,ok,hub,11,94,0,"",2026-07-30
92_504,Principali aggregati annnuali di contabilità nazionale - edizioni settembre 2019 - marzo 2024,error,"",0,0,1,HubUnavailable: hub did not answer (timeout or HTTP error),2026-07-30
92_504_DF_DCCN_ANA_1,Produzione e valore aggiunto per branca di attività - edizioni settembre 2019 - marzo 2024,ok,hub,8,118,0,"",2026-07-30
92_504_DF_DCCN_ANA_2,Redditi da lavoro dipendente e componenti per branca di attività - edizioni settembre 2019 - marzo 2024,error,"",0,0,1,HubUnavailable: hub did not answer (timeout or HTTP error),2026-07-30
92_504_DF_DCCN_ANA_3,Imposte e contributi alla produzione per branca di attività - edizioni settembre 2019 - marzo 2024,error,"",0,0,1,HubUnavailable: hub did not answer (timeout or HTTP error),2026-07-30
92_504_DF_DCCN_ANA_4,Investimenti fissi lordi per tipo di investimento e branca proprietaria - edizioni settembre 2019 - marzo 2024,error,"",0,0,1,HubUnavailable: hub did not answer (timeout or HTTP error),2026-07-30
92_504_DF_DCCN_ANA_5,Stock di capitale e ammortamenti per tipo di investimento e branca proprietaria,error,"",0,0,1,HubUnavailable: hub did not answer (timeout or HTTP error),2026-07-30
92_504_DF_DCCN_ANA_6,Spesa per consumi finali delle famiglie per voce di spesa (Coicop 3 cifre) e durata - edizioni settembre 2019 - marzo 2024,error,"",0,0,1,HubUnavailable: hub did not answer (timeout or HTTP error),2026-07-30
92_504_DF_DCCN_ANA_7,Valori pro capite - edizioni settembre 2019 - marzo 2024,ok,hub,6,31,0,"",2026-07-30
92_504_NOTE_TIME,test note time,empty,hub,0,0,0,"",2026-07-30
92_505,Sequenza dei conti,ok,hub,6,132,0,"",2026-07-30
92_505_DF_DCCN_SQCN_1,Sequenza dei conti,ok,hub,6,132,0,"",2026-07-30
92_506,Prodotto interno lordo e principali componenti,ok,hub,6,38,0,"",2026-07-30
92_506_DF_DCCN_PILN_1,Prodotto interno lordo e principali componenti,ok,hub,6,38,0,"",2026-07-30
92_507,Occupazione regolare e irregolare,ok,hub,9,123,0,"",2026-07-30
92_507_DF_DCCN_OCCNSEC2010_1,"Occupati, unità di lavoro, posizioni lavorative e ore lavorate",error,"",0,0,1,HubUnavailable: hub did not answer (timeout or HTTP error),2026-07-30
92_507_DF_DCCN_OCCNSEC2010_2,Tassi di irregolarità,ok,hub,7,54,0,"",2026-07-30
92_507_DF_DCCN_OCCNSEC2010_3,Popolazione media annua,ok,hub,5,8,0,"",2026-07-30
93_1095,Reddito disponibile delle famiglie  nelle regioni italiane,error,"",0,0,1,HubUnavailable: hub did not answer (timeout or HTTP error),2026-07-30
93_1095_DF_DCCN_ISTITUZ_TNA1_1,Reddito disponibile delle famiglie nelle regioni italiane,ok,hub,8,130,0,"",2026-07-30
93_1227,Principali aggregati territoriali di Contabilità Nazionale,error,"",0,0,1,HubUnavailable: hub did not answer (timeout or HTTP error),2026-07-30
93_1227_DF_DCCN_TNA1_1,Valore aggiunto per branca di attività,error,"",0,0,1,HubUnavailable: hub did not answer (timeout or HTTP error),2026-07-30
93_1227_DF_DCCN_TNA1_2,Redditi da lavoro dipendente e componenti per branca di attività,error,"",0,0,1,HubUnavailable: hub did not answer (timeout or HTTP error),2026-07-30
93_1227_DF_DCCN_TNA1_3,Spesa per consumi finali delle famiglie per voce di spesa (Coicop 2018 2 cifre) e durata,ok,hub,7,60,0,"",2026-07-30
93_1227_DF_DCCN_TNA1_4,Spesa per consumi finali della Pa per funzione di spesa,ok,hub,7,52,0,"",2026-07-30
93_1227_DF_DCCN_TNA1_5,Investimenti fissi lordi per branca proprietaria,error,"",0,0,1,HubUnavailable: hub did not answer (timeout or HTTP error),2026-07-30
93_1227_DF_DCCN_TNA1_6,Valori pro capite,ok,hub,6,160,0,"",2026-07-30
93_209,Aggregati dei conti per branca di attività (NACE Rev.1.1) - edizione ottobre 2010,error,"",0,0,1,HubUnavailable: hub did not answer (timeout or HTTP error),2026-07-30
93_256,Occupazione per branca di attività economica (NACE Rev.1.1) - edizione ottobre 2010,error,"",0,0,1,HubUnavailable: hub did not answer (timeout or HTTP error),2026-07-30
93_379,Occupazione regolare ed irregolare,error,"",0,0,1,HubUnavailable: hub did not answer (timeout or HTTP error),2026-07-30
93_379_DF_DCCN_OCCTSEC2010_1,Occupazione regionale,error,"",0,0,1,HubUnavailable: hub did not answer (timeout or HTTP error),2026-07-30
93_379_DF_DCCN_OCCTSEC2010_2,Occupazione provinciale,error,"",0,0,1,HubUnavailable: hub did not answer (timeout or HTTP error),2026-07-30
93_379_DF_DCCN_OCCTSEC2010_3,Tasso di irregolarità,ok,hub,6,44,0,"",2026-07-30
93_379_DF_DCCN_OCCTSEC2010_4,Popolazione media annua,ok,hub,5,38,0,"",2026-07-30
93_382,Sequenza dei conti,ok,hub,6,59,0,"",2026-07-30
93_382_DF_DCCN_SQCT_1,Sequenza dei conti,ok,hub,6,59,0,"",2026-07-30
93_48,"Conti della branca agricoltura, silvicoltura e pesca",error,"",0,0,1,HubUnavailable: hub did not answer (timeout or HTTP error),2026-07-30
93_48_DF_DCCN_VAAGSIPET_1,Produzione e valore aggiunto ai prezzi base,ok,hub,7,46,0,"",2026-07-30
93_48_DF_DCCN_VAAGSIPET_2,Prodotti e voci di costo,error,"",0,0,1,HubUnavailable: hub did not answer (timeout or HTTP error),2026-07-30
93_498,Prodotto interno lordo lato produzione,ok,hub,6,151,0,"",2026-07-30
93_498_DF_DCCN_PILT_1,Prodotto interno lordo lato produzione,ok,hub,6,151,0,"",2026-07-30
93_500,Principali aggregati territoriali di Contabilità Nazionale - edizioni gennaio 2020 - dicembre 2023,error,"",0,0,1,HubUnavailable: hub did not answer (timeout or HTTP error),2026-07-30
93_500_DF_DCCN_TNA_1,Valore aggiunto per branca di attività - edizioni gennaio 2020 - dicembre 2023,error,"",0,0,1,HubUnavailable: hub did not answer (timeout or HTTP error),2026-07-30
93_500_DF_DCCN_TNA_2,Redditi da lavoro dipendente e componenti per branca di attività - edizioni gennaio 2020 - dicembre 2023,error,"",0,0,1,HubUnavailable: hub did not answer (timeout or HTTP error),2026-07-30
93_500_DF_DCCN_TNA_3,Spesa per consumi finali delle famiglie per voce di spesa (Coicop 2 cifre) e durata - edizioni gennaio 2020 - dicembre 2023,error,"",0,0,1,HubUnavailable: hub did not answer (timeout or HTTP error),2026-07-30
93_500_DF_DCCN_TNA_4,Spesa per consumi finali della Pa per funzione di spesa - edizioni gennaio 2020 - dicembre 2023,error,"",0,0,1,HubUnavailable: hub did not answer (timeout or HTTP error),2026-07-30
93_500_DF_DCCN_TNA_5,Investimenti fissi lordi per branca proprietaria - edizioni gennaio 2020 - dicembre 2023,error,"",0,0,1,HubUnavailable: hub did not answer (timeout or HTTP error),2026-07-30
93_500_DF_DCCN_TNA_6,Valori pro capite - edizioni gennaio 2020 - dicembre 2023,error,"",0,0,1,HubUnavailable: hub did not answer (timeout or HTTP error),2026-07-30
94_1063,Stock  di attività non finanziarie  e sequenza dei conti per settore istituzionale,error,"",0,0,1,HubUnavailable: hub did not answer (timeout or HTTP error),2026-07-30
94_1063_DF_DCCN_ISTITUZ_ANA1_1,Sequenza dei conti,error,"",0,0,1,HubUnavailable: hub did not answer (timeout or HTTP error),2026-07-30
94_1063_DF_DCCN_ISTITUZ_ANA1_2,Indicatori su famiglie consumatrici e società non finanziarie,ok,hub,8,19,0,"",2026-07-30
94_1063_DF_DCCN_ISTITUZ_ANA1_3,Valore aggiunto e redditi da lavoro dipendente per branca di attività economica,error,"",0,0,1,HubUnavailable: hub did not answer (timeout or HTTP error),2026-07-30
94_1063_DF_DCCN_ISTITUZ_ANA1_4,Investimenti fissi lordi per tipo di investimento,ok,hub,8,29,0,"",2026-07-30
94_1063_DF_DCCN_ISTITUZ_ANA1_5,Stock di attività non finanziarie,ok,hub,9,273,0,"",2026-07-30
94_251,Sequenza dei conti - edizioni fino a settembre 2015,error,"",0,0,1,HubUnavailable: hub did not answer (timeout or HTTP error),2026-07-30
94_335,Occupazione per branca di attività - edizioni marzo 2012 e marzo 2013,ok,hub,10,32,0,"",2026-07-30
94_571,"Sequenza dei conti e stock di attività non finanziarie, per settore istituzionale",error,"",0,0,1,HubUnavailable: hub did not answer (timeout or HTTP error),2026-07-30
94_805,Occupazione  per branca di attività,ok,hub,9,49,0,"",2026-07-30
94_805_DF_DCCN_OCCSISEC2010_1,Occupazione per branca di attività,ok,hub,8,48,0,"",2026-07-30
94_805_DF_DCCN_OCCSISEC2010_2,Occupazione per sottosettore,ok,hub,7,21,0,"",2026-07-30
95_42,Conto trimestrale,ok,hub,9,47,0,"",2026-07-30
95_42_DF_DCCN_FPQ_1,Conto economico,ok,hub,7,38,0,"",2026-07-30
95_42_DF_DCCN_FPQ_2,Indicatori (in rapporto al PIL),ok,hub,7,21,0,"",2026-07-30
95_815,Conto annuale per sottosettore,ok,hub,9,347,0,"",2026-07-30
95_815_DF_DCCN_FPA_1,Conto economico per sottosettore,ok,hub,7,101,0,"",2026-07-30
95_815_DF_DCCN_FPA_2,Indicatori (in rapporto al PIL),ok,hub,7,36,0,"",2026-07-30
95_815_DF_DCCN_FPA_3,Redditi e retribuzione pro capite per sottosettore,ok,hub,7,15,0,"",2026-07-30
95_815_DF_DCCN_FPA_4,Investimenti fissi lordi per sottosettore,ok,hub,8,34,0,"",2026-07-30
95_815_DF_DCCN_FPA_5,Imposte e contributi sociali per sottosettore,ok,hub,7,202,0,"",2026-07-30
95_815_DF_DCCN_FPA_6,Formazione della spesa per consumi finali,ok,hub,7,26,0,"",2026-07-30
95_94,Uscite annuali per sottosettore,error,"",0,0,1,HubUnavailable: hub did not answer (timeout or HTTP error),2026-07-30
95_94_DF_DCCN_OTEPPA_1,Spesa per consumi per funzione (COFOG 2 e 3 cifre),ok,hub,8,98,0,"",2026-07-30
95_94_DF_DCCN_OTEPPA_2,Voci di uscita per funzione (COFOG 2 e 3 cifre),error,"",0,0,1,HubUnavailable: hub did not answer (timeout or HTTP error),2026-07-30
96_1068,Conti della Protezione sociale versione 2014,ok,hub,7,95,0,"",2026-07-30
96_1068_DF_DCCN_PROTSOC_B14_1,Conti economici consolidati - edizioni maggio 2015 e aprile 2019,ok,hub,6,86,0,"",2026-07-30
96_1068_DF_DCCN_PROTSOC_B14_2,"Prestazioni secondo evento, rischio e bisogno - edizioni maggio 2015 e aprile 2019",ok,hub,7,53,0,"",2026-07-30
96_1069,Conti della Protezione sociale versione 2011,ok,hub,7,88,0,"",2026-07-30
97_1027,Conti dei flussi fisici di energia (PEFA),error,"",0,0,1,HubUnavailable: hub did not answer (timeout or HTTP error),2026-07-30
97_1027_DF_DCCN_PEFA_1,Risorse e impieghi: schema di sintesi,ok,hub,7,30,0,"",2026-07-30
97_1027_DF_DCCN_PEFA_2,Risorse per attività e tipo di flusso,ok,hub,7,154,0,"",2026-07-30
97_1027_DF_DCCN_PEFA_3,Impieghi per attività e tipo di flusso,error,"",0,0,1,HubUnavailable: hub did not answer (timeout or HTTP error),2026-07-30
97_1027_DF_DCCN_PEFA_4,Impieghi rilevanti per le emissioni atmosferiche (impieghi da combustione),ok,hub,7,153,0,"",2026-07-30
97_1027_DF_DCCN_PEFA_5B,Vettori di indicatori chiave sui flussi di energia,ok,hub,6,130,0,"",2026-07-30
97_1027_DF_DCCN_PEFA_6,Tavola di raccordo: consumo di energia,ok,hub,6,22,0,"",2026-07-30
97_1027_DF_DCCN_PEFA_7,Impieghi dei flussi di energia per tipo di uso,error,"",0,0,1,HubUnavailable: hub did not answer (timeout or HTTP error),2026-07-30
97_1027_DF_DCCN_PEFA_8,Intensità energetica,ok,hub,6,99,0,"",2026-07-30
97_1027_DF_DCCN_PEFA_9,Intensità di emissione  dei consumi energetici,ok,hub,6,106,0,"",2026-07-30
97_1028,Conti dei beni e servizi ambientali,ok,hub,9,51,0,"",2026-07-30
97_1028_DF_DCCN_EGSS_1,"Produzione, valore aggiunto, esportazioni",ok,hub,7,46,0,"",2026-07-30
97_1028_DF_DCCN_EGSS_2,Occupazione (unità di lavoro),ok,hub,6,42,0,"",2026-07-30
97_187,Emissioni atmosferiche NAMEA (NACE Rev.2),ok,hub,10,155,0,"",2026-07-30
97_187_DF_DCCN_CONTIEMATMREV2_1,Attività produttive,error,"",0,0,1,HubUnavailable: hub did not answer (timeout or HTTP error),2026-07-30
97_187_DF_DCCN_CONTIEMATMREV2_2,Famiglie,ok,hub,6,39,0,"",2026-07-30
97_187_DF_DCCN_CONTIEMATMREV2_3,Raccordo tra totale NAMEA e totale UNFCCC/CLRTAP,ok,hub,6,39,0,"",2026-07-30
97_187_DF_DCCN_CONTIEMATMREV2_4,Intensità della produzione e del valore aggiunto,ok,hub,7,134,0,"",2026-07-30
97_187_DF_DCCN_CONTIEMATMREV2_5,Intensità della occupazione,error,"",0,0,1,HubUnavailable: hub did not answer (timeout or HTTP error),2026-07-30
97_26,Gettito delle imposte ambientali,ok,hub,11,145,0,"",2026-07-30
97_26_DF_DCCN_IMPAMB1_1,Categoria di imposta,ok,hub,6,38,0,"",2026-07-30
97_26_DF_DCCN_IMPAMB1_2,Unità che corrisponde l'imposta,ok,hub,7,16,0,"",2026-07-30
97_26_DF_DCCN_IMPAMB1_3,Gettito corrisposto dalle attività economiche,ok,hub,8,107,0,"",2026-07-30
97_26_DF_DCCN_IMPAMB1_4,Classe CEPA,empty,hub,0,0,0,"",2026-07-30
97_26_DF_DCCN_IMPAMB1_5,Destinazione del gettito,ok,hub,6,11,0,"",2026-07-30
97_334,Conti dei flussi di materia,ok,hub,6,111,0,"",2026-07-30
97_334_DF_DCCN_FLUMAT_1,Indicatori aggregati nazionali,ok,hub,4,17,0,"",2026-07-30
97_334_DF_DCCN_FLUMAT_2,Estrazione interna di materiali utilizzati,ok,hub,5,43,0,"",2026-07-30
97_334_DF_DCCN_FLUMAT_3,Scambi con il resto del mondo,ok,hub,5,62,0,"",2026-07-30
97_334_DF_DCCN_FLUMAT_4,Indicatori aggregati regionali,ok,hub,4,39,0,"",2026-07-30
97_366,Conti della Protezione sociale,ok,hub,7,89,0,"",2026-07-30
97_366_DF_DCCN_PROTSOC_1,Conti economici consolidati,ok,hub,6,80,0,"",2026-07-30
97_366_DF_DCCN_PROTSOC_2,"Prestazioni secondo evento, rischio e bisogno",ok,hub,7,48,0,"",2026-07-30
97_79,Emissioni atmosferiche NAMEA (NACE Rev.1.1),error,"",0,0,1,HubUnavailable: hub did not answer (timeout or HTTP error),2026-07-30
97_932,Conti dell'impiego di energia versione 2014,ok,hub,9,77,0,"",2026-07-30
97_953,Spese per la protezione dell'ambiente,ok,hub,9,58,0,"",2026-07-30
97_953_DF_DCCN_SPESAPROTAMB_1,Spesa nazionale,ok,hub,7,18,0,"",2026-07-30
97_953_DF_DCCN_SPESAPROTAMB_2,Aggregati economici per settore istituzionale,ok,hub,7,32,0,"",2026-07-30
97_953_DF_DCCN_SPESAPROTAMB_3,"Investimenti, consumi intermedi e produzione ausiliaria delle società come produttori ausiliari per attività economica",ok,hub,8,40,0,"",2026-07-30
98_1066,Misure di produttività - Conti versione 2014,error,"",0,0,1,HubUnavailable: hub did not answer (timeout or HTTP error),2026-07-30
98_1066_DF_DCCN_PRODUTTIVITA_B14_1,Indicatori di produttività - edizioni marzo 2015 - marzo 2019,ok,hub,6,73,0,"",2026-07-30
98_1066_DF_DCCN_PRODUTTIVITA_B14_2,Contributi alla crescita del valore aggiunto - edizioni marzo 2015 - marzo 2019,ok,hub,6,69,0,"",2026-07-30
98_1066_DF_DCCN_PRODUTTIVITA_B14_3,Contributi alla crescita della produttività del lavoro - edizioni marzo 2015 - marzo 2019,ok,hub,6,67,0,"",2026-07-30
98_1066_DF_DCCN_PRODUTTIVITA_B14_4,Serie per il calcolo delle produttività - edizioni marzo 2015 - marzo 2019,ok,hub,6,81,0,"",2026-07-30
98_1066_DF_DCCN_PRODUTTIVITA_B14_5,Contributi settoriali alla variazione della produttività del lavoro - edizioni marzo 2015 - marzo 2019,ok,hub,6,62,0,"",2026-07-30
98_1067,Misure di produttività - Conti versione 2011,ok,hub,7,85,0,"",2026-07-30
98_197,Misure di produttività,ok,hub,7,103,0,"",2026-07-30
98_197_DF_DCCN_PRODUTTIVITA_1,Indicatori di produttività,ok,hub,6,68,0,"",2026-07-30
98_197_DF_DCCN_PRODUTTIVITA_2,Contributi alla crescita del valore aggiunto,ok,hub,6,64,0,"",2026-07-30
98_197_DF_DCCN_PRODUTTIVITA_3,Contributi alla crescita della produttività del lavoro,ok,hub,6,62,0,"",2026-07-30
98_197_DF_DCCN_PRODUTTIVITA_4,Serie per il calcolo delle produttività,ok,hub,6,76,0,"",2026-07-30
98_197_DF_DCCN_PRODUTTIVITA_5,Contributi settoriali alla variazione della produttività del lavoro,ok,hub,6,57,0,"",2026-07-30
9_951,Cave e miniere,ok,hub,6,72,0,"",2026-07-31
9_951_DF_DCCV_CAVE_MIN_1,Siti estrattivi,ok,hub,5,36,0,"",2026-07-31
9_951_DF_DCCV_CAVE_MIN_2,Risorse minerali non energetiche estratte (in unità di peso),ok,hub,6,57,0,"",2026-07-31
9_951_DF_DCCV_CAVE_MIN_3,Risorse minerali non energetiche estratte (in unità di volume),ok,hub,6,56,0,"",2026-07-31
9_951_DF_DCCV_CAVE_MIN_4,Acque minerali naturali estratte a fini di produzione (in unità di peso e volume),ok,hub,3,31,0,"",2026-07-31
9_951_DF_DCCV_CAVE_MIN_5,Indicatore Intesità di Estrazione (in unità di peso e volume),ok,hub,3,35,0,"",2026-07-31
BULK_MS_VIDEO,Le macchine della statistica 2016,empty,hub,0,0,0,"",2026-07-31
CATCUBE,Lista Cubi,empty,hub,0,0,0,"",2026-07-31
CPI,Prezzi al consumo,ok,hub,5,5,0,"",2026-07-31
DCAT_CENSAGRIC2020_AGE_INF,Aziende per tipo di informatizzazione ed età del capo azienda,error,"",0,0,1,HubUnavailable: hub did not answer (timeout or HTTP error),2026-07-31
DCAT_CENSAGRIC2020_GAIN,Aziende con attività connesse,error,"",0,0,1,HubUnavailable: hub did not answer (timeout or HTTP error),2026-07-31
DCCV_CARGEOMOR_COM,Superfici esposte a rischio idrogeologico,ok,hub,3,8127,0,"",2026-07-31
DCCV_CARGEOMOR_ST_COM,Superfici territoriali,ok,hub,3,8720,0,"",2026-07-31
DCSS_BULK_ABITAZIONI,Abitazioni,empty,hub,0,0,0,"",2026-07-31
DCSS_BULK_CONVIVENZE,Convivenze anagrafiche,empty,hub,0,0,0,"",2026-07-31
DCSS_BULK_FAMIGLIE,Famiglie per numero di componenti,empty,hub,0,0,0,"",2026-07-31
DCSS_BULK_FAM_POP,Numero di famiglie e popolazione residente in famiglia,empty,hub,0,0,0,"",2026-07-31
DCSS_BULK_ISTR_LAV_PEN_2,"Istruzione, lavoro, spostamenti pendolari e cittadinanza",empty,hub,0,0,0,"",2026-07-31
DCSS_BULK_POP_CAMPI_ATTR,"Campi attrezzati, insediamenti tollerati e spontanei",empty,hub,0,0,0,"",2026-07-31
DCSS_BULK_POP_DEMCITMIG,Caratteristiche demografiche e cittadinanza,empty,hub,0,0,0,"",2026-07-31
DCSS_BULK_SENZA_TETTO,Senza tetto e senza fissa dimora,empty,hub,0,0,0,"",2026-07-31
DF_BES_TERRIT,Bes dei territori,ok,hub,6,224,0,"",2026-07-31
DF_BES_TERRIT_0,Indicatori per singolo territorio,ok,hub,6,224,0,"",2026-07-31
DF_BES_TERRIT_0T,Indicatori e territorio,ok,hub,6,224,0,"",2026-07-31
DF_BES_TERRIT_1,Salute,ok,hub,6,149,0,"",2026-07-31
DF_BES_TERRIT_10,Ambiente,ok,hub,6,156,0,"",2026-07-31
DF_BES_TERRIT_11,"Innovazione, ricerca e creatività",ok,hub,6,147,0,"",2026-07-31
DF_BES_TERRIT_12,Qualità dei servizi,ok,hub,6,153,0,"",2026-07-31
DF_BES_TERRIT_2,Istruzione e formazione,ok,hub,6,156,0,"",2026-07-31
DF_BES_TERRIT_3,Lavoro e conciliazione dei tempi di vita,ok,hub,6,149,0,"",2026-07-31
DF_BES_TERRIT_4,Benessere economico,ok,hub,6,152,0,"",2026-07-31
DF_BES_TERRIT_5,Relazioni sociali,ok,hub,6,143,0,"",2026-07-31
DF_BES_TERRIT_6,Politica e istituzioni,ok,hub,6,152,0,"",2026-07-31
DF_BES_TERRIT_7,Sicurezza,ok,hub,6,151,0,"",2026-07-31
DF_BES_TERRIT_9,Paesaggio e patrimonio culturale,ok,hub,6,148,0,"",2026-07-31
DF_BULK_2014TABLES,Tavole 2014,empty,hub,0,0,0,"",2026-07-31
DF_BULK_AGRMULTI_INN_1,Innovazione,empty,hub,0,0,0,"",2026-07-31
DF_BULK_AGRMULTI_RISK_1,Gestione del rischio,empty,hub,0,0,0,"",2026-07-31
DF_BULK_AGRMULTI_SUST_1,Sostenibilità,empty,hub,0,0,0,"",2026-07-31
DF_BULK_AGRMULTI_WATER_1,Risorse idriche,empty,hub,0,0,0,"",2026-07-31
DF_BULK_ANIMALFEED,Mangimi serie interrotte 2003-2014,empty,hub,0,0,0,"",2026-07-31
DF_BULK_BANKRUPTCI,Fallimenti serie interrotte 1990-2007,empty,hub,0,0,0,"",2026-07-31
DF_BULK_CAG2000_1,Censimento agricoltura 2000,empty,hub,0,0,0,"",2026-07-31
DF_BULK_CAG2010_DICA_ALLEVAMENTI,Consistenza degli allevamenti,empty,hub,0,0,0,"",2026-07-31
DF_BULK_CAG2010_DICA_ALLEVAMENTIBIO,Consistenza degli allevamenti biologici certificati,empty,hub,0,0,0,"",2026-07-31
DF_BULK_CAG2010_DICA_ALLEVAMENTIDOP,Consistenza degli allevamenti DOP e/o IGP,empty,hub,0,0,0,"",2026-07-31
DF_BULK_CAG2010_DICA_ALLEVAMENTIUBI,Consistenza degli allevamenti per ubicazione delle unità agricole,empty,hub,0,0,0,"",2026-07-31
DF_BULK_CAG2010_DICA_ATTIVCON,Attività remunerative connesse alle aziende,empty,hub,0,0,0,"",2026-07-31
DF_BULK_CAG2010_DICA_ATTIVCONBIO,Attività remunerative connesse alle aziende biologiche,empty,hub,0,0,0,"",2026-07-31
DF_BULK_CAG2010_DICA_CAPOAZ,Capo azienda,empty,hub,0,0,0,"",2026-07-31
DF_BULK_CAG2010_DICA_CAPOAZBIO,Capo azienda delle aziende biologiche,empty,hub,0,0,0,"",2026-07-31
DF_BULK_CAG2010_DICA_COMMERCIALIZ,Commercializzazione delle aziende,empty,hub,0,0,0,"",2026-07-31
DF_BULK_CAG2010_DICA_COMMERCIALIZBIO,Commercializzazione delle aziende biologiche,empty,hub,0,0,0,"",2026-07-31
DF_BULK_CAG2010_DICA_CONTOTERZ,Contoterzismo delle aziende,empty,hub,0,0,0,"",2026-07-31
DF_BULK_CAG2010_DICA_CONTOTERZBIO,Contoterzismo delle aziende biologiche,empty,hub,0,0,0,"",2026-07-31
DF_BULK_CAG2010_DICA_CONTRICAUT,Altre informazioni economiche delle aziende agricole,empty,hub,0,0,0,"",2026-07-31
DF_BULK_CAG2010_DICA_CONTRICAUTBIO,Altre informazioni economiche delle aziende agricole biologiche,empty,hub,0,0,0,"",2026-07-31
DF_BULK_CAG2010_DICA_GAEZALL,Stabulazione del bestiame,empty,hub,0,0,0,"",2026-07-31
DF_BULK_CAG2010_DICA_GAEZALLBIO,Stabulazione del bestiame delle aziende biologiche,empty,hub,0,0,0,"",2026-07-31
DF_BULK_CAG2010_DICA_GAEZEXP,Letame e liquame portati fuori dall'azienda,empty,hub,0,0,0,"",2026-07-31
DF_BULK_CAG2010_DICA_GAEZEXPBIO,Letame e liquame portati fuori dall'azienda biologica,empty,hub,0,0,0,"",2026-07-31
DF_BULK_CAG2010_DICA_GAEZIMP,Impianti di stoccaggio e trattamento degli effluenti zootecnici,empty,hub,0,0,0,"",2026-07-31
DF_BULK_CAG2010_DICA_GAEZIMPBIO,Impianti di stoccaggio e trattamento degli effluenti zootecnici delle aziende biologiche,empty,hub,0,0,0,"",2026-07-31
DF_BULK_CAG2010_DICA_GAEZPAS,Pascolo del bestiame,empty,hub,0,0,0,"",2026-07-31
DF_BULK_CAG2010_DICA_GAEZPASBIO,Pascolo del bestiame delle aziende biologiche,empty,hub,0,0,0,"",2026-07-31
DF_BULK_CAG2010_DICA_GCSCON,Metodi di produzione dei seminativi,empty,hub,0,0,0,"",2026-07-31
DF_BULK_CAG2010_DICA_GCSCONBIO,Metodi di produzione dei seminativi delle aziende biologiche,empty,hub,0,0,0,"",2026-07-31
DF_BULK_CAG2010_DICA_GCSGES,Metodi di produzione delle legnose agrarie,empty,hub,0,0,0,"",2026-07-31
DF_BULK_CAG2010_DICA_GCSGESBIO,Metodi di produzione delle legnose agrarie delle aziende biologiche,empty,hub,0,0,0,"",2026-07-31
DF_BULK_CAG2010_DICA_GCSZOO,Applicazione degli effluenti zootecnici,empty,hub,0,0,0,"",2026-07-31
DF_BULK_CAG2010_DICA_GCSZOOBIO,Applicazione degli effluenti zootecnici delle aziende biologiche,empty,hub,0,0,0,"",2026-07-31
DF_BULK_CAG2010_DICA_IMPENRIN,Impianti di produzione di energia rinnovabile delle aziende,empty,hub,0,0,0,"",2026-07-31
DF_BULK_CAG2010_DICA_IMPENRINBIO,Impianti di produzione di energia rinnovabile delle aziende agricole biologiche,empty,hub,0,0,0,"",2026-07-31
DF_BULK_CAG2010_DICA_IRRIGAB,Aziende e superficie irrigabile,empty,hub,0,0,0,"",2026-07-31
DF_BULK_CAG2010_DICA_IRRIGAB_BIO,Aziende biologiche e superficie irrigabile,empty,hub,0,0,0,"",2026-07-31
DF_BULK_CAG2010_DICA_IRRIGATFG,"Aziende, superficie irrigata e volumi irrigui",empty,hub,0,0,0,"",2026-07-31
DF_BULK_CAG2010_DICA_IRRIGATFG_BIO,"Aziende biologiche, superficie irrigata e volumi irrigui",empty,hub,0,0,0,"",2026-07-31
DF_BULK_CAG2010_DICA_MANODOPALTR1,Altra manodopera aziendale,empty,hub,0,0,0,"",2026-07-31
DF_BULK_CAG2010_DICA_MANODOPALTRBIO,Altra manodopera delle aziende biologiche,empty,hub,0,0,0,"",2026-07-31
DF_BULK_CAG2010_DICA_MANODOPFAM,Manodopera familiare,empty,hub,0,0,0,"",2026-07-31
DF_BULK_CAG2010_DICA_MANODOPFAMBIO,Manodopera familiare delle aziende biologiche,empty,hub,0,0,0,"",2026-07-31
DF_BULK_CAG2010_DICA_NOTAUS2,Altre caratteristiche,empty,hub,0,0,0,"",2026-07-31
DF_BULK_CAG2010_DICA_NOTAUSBIO,Altre caratteristiche delle aziende biologiche,empty,hub,0,0,0,"",2026-07-31
DF_BULK_CAG2010_DICA_NOTAUSDOP,Altre caratteristiche delle aziende DOP e/o IGP,empty,hub,0,0,0,"",2026-07-31
DF_BULK_CAG2010_DICA_NOTGEN,Caratteristiche delle aziende,empty,hub,0,0,0,"",2026-07-31
DF_BULK_CAG2010_DICA_NOTGENBIO,Caratteristiche delle aziende biologiche,empty,hub,0,0,0,"",2026-07-31
DF_BULK_CAG2010_DICA_NOTGENDOP,Caratteristiche delle aziende DOP e/o IGP,empty,hub,0,0,0,"",2026-07-31
DF_BULK_CAG2010_DICA_SERIESTOR1,Serie storiche,empty,hub,0,0,0,"",2026-07-31
DF_BULK_CAG2010_DICA_TIPOLOGIA,Caratteristiche tipologiche,empty,hub,0,0,0,"",2026-07-31
DF_BULK_CAG2010_DICA_UTILTERR,Utilizzazione del terreno delle aziende,empty,hub,0,0,0,"",2026-07-31
DF_BULK_CAG2010_DICA_UTILTERRBIO,Utilizzazione del terreno condotto con metodo biologico,empty,hub,0,0,0,"",2026-07-31
DF_BULK_CAG2010_DICA_UTILTERRDOP,Utilizzazione del terreno per coltivazioni DOP e/o IGP,empty,hub,0,0,0,"",2026-07-31
DF_BULK_CAG2010_DICA_UTILTERRUBI,Utilizzazione del terreno per ubicazione delle unità agricole,empty,hub,0,0,0,"",2026-07-31
DF_BULK_CAG2010_DICA_VITE,Notizie sulla vite e relativo materiale di propagazione,empty,hub,0,0,0,"",2026-07-31
DF_BULK_CAUSESOFDE,Cause di morte - Short_list V2024-01-30,empty,hub,0,0,0,"",2026-07-31
DF_BULK_CEN2011_DICA_ACD,Occupazione delle imprese,empty,hub,0,0,0,"",2026-07-31
DF_BULK_CEN2011_DICA_ADIPP,Dipendenti delle imprese per tipologia di beneficiari di sgravi contributivi,empty,hub,0,0,0,"",2026-07-31
DF_BULK_CEN2011_DICA_ADIPW,Dipendenti delle imprese (15vc),empty,hub,0,0,0,"",2026-07-31
DF_BULK_CEN2011_DICA_ADIPW1,Dipendenti delle imprese,empty,hub,0,0,0,"",2026-07-31
DF_BULK_CEN2011_DICA_AESTC,Lavoratori esterni delle imprese per periodo di attività e compensi percepiti,empty,hub,0,0,0,"",2026-07-31
DF_BULK_CEN2011_DICA_AESTL,Lavoratori esterni delle imprese per tipologia di lavoratore,empty,hub,0,0,0,"",2026-07-31
DF_BULK_CEN2011_DICA_AIND,Indipendenti delle imprese,empty,hub,0,0,0,"",2026-07-31
DF_BULK_CEN2011_DICA_AINT,Lavoratori temporanei delle imprese,empty,hub,0,0,0,"",2026-07-31
DF_BULK_CEN2011_DICA_ASIAUE1,Imprese e risorse umane,empty,hub,0,0,0,"",2026-07-31
DF_BULK_CEN2011_DICA_ASIAUEABR,Abruzzo,empty,hub,0,0,0,"",2026-07-31
DF_BULK_CEN2011_DICA_ASIAUEBAS1,Basilicata PROVA,empty,hub,0,0,0,"",2026-07-31
DF_BULK_CEN2011_DICA_ASIAUEBAS2,Basilicata,empty,hub,0,0,0,"",2026-07-31
DF_BULK_CEN2011_DICA_ASIAUECAL,Calabria,empty,hub,0,0,0,"",2026-07-31
DF_BULK_CEN2011_DICA_ASIAUECAM,Campania,empty,hub,0,0,0,"",2026-07-31
DF_BULK_CEN2011_DICA_ASIAUEEMI,Emilia-Romagna,empty,hub,0,0,0,"",2026-07-31
DF_BULK_CEN2011_DICA_ASIAUEFRI,Friuli-Venezia Giulia,empty,hub,0,0,0,"",2026-07-31
DF_BULK_CEN2011_DICA_ASIAUELAZ,Lazio,empty,hub,0,0,0,"",2026-07-31
DF_BULK_CEN2011_DICA_ASIAUELIG,Liguria,empty,hub,0,0,0,"",2026-07-31
DF_BULK_CEN2011_DICA_ASIAUELOM,Lombardia,empty,hub,0,0,0,"",2026-07-31
DF_BULK_CEN2011_DICA_ASIAUEMAR,Marche,empty,hub,0,0,0,"",2026-07-31
DF_BULK_CEN2011_DICA_ASIAUEMOL,Molise,empty,hub,0,0,0,"",2026-07-31
DF_BULK_CEN2011_DICA_ASIAUEOCC,Occupazione nelle Imprese,empty,hub,0,0,0,"",2026-07-31
DF_BULK_CEN2011_DICA_ASIAUEPIE,Piemonte,empty,hub,0,0,0,"",2026-07-31
DF_BULK_CEN2011_DICA_ASIAUEPUG,Puglia,empty,hub,0,0,0,"",2026-07-31
DF_BULK_CEN2011_DICA_ASIAUESAR,Sardegna,empty,hub,0,0,0,"",2026-07-31
DF_BULK_CEN2011_DICA_ASIAUESIC,Sicilia,empty,hub,0,0,0,"",2026-07-31
DF_BULK_CEN2011_DICA_ASIAUETAA,Trentino Alto Adige / Südtirol,empty,hub,0,0,0,"",2026-07-31
DF_BULK_CEN2011_DICA_ASIAUETOS,Toscana,empty,hub,0,0,0,"",2026-07-31
DF_BULK_CEN2011_DICA_ASIAUEUMB,Umbria,empty,hub,0,0,0,"",2026-07-31
DF_BULK_CEN2011_DICA_ASIAUEVDA,Valle d'Aosta / Vallée d'Aoste,empty,hub,0,0,0,"",2026-07-31
DF_BULK_CEN2011_DICA_ASIAUEVEN,Veneto,empty,hub,0,0,0,"",2026-07-31
DF_BULK_CEN2011_DICA_ASIAUL,Unità locali e addetti delle unità locali - Dati sino al livello comunale e per Sistema locale del lavoro 2001,empty,hub,0,0,0,"",2026-07-31
DF_BULK_CEN2011_DICA_ASIAULOCC,Occupazione delle unità locali delle imprese,empty,hub,0,0,0,"",2026-07-31
DF_BULK_CEN2011_DICA_IPICTDCOM,Dotazione di risorse ICT - dati comunali,empty,hub,0,0,0,"",2026-07-31
DF_BULK_CEN2011_DICA_IPICTDNP,Dotazione di risorse ICT,empty,hub,0,0,0,"",2026-07-31
DF_BULK_CEN2011_DICA_IPICTUCOM,Utilizzo di risorse ICT - dati comunali,empty,hub,0,0,0,"",2026-07-31
DF_BULK_CEN2011_DICA_IPICTUNP,Utilizzo di risorse ICT,empty,hub,0,0,0,"",2026-07-31
DF_BULK_CEN2011_DICA_IPIF,"Attività formativa del personale 2011, 2015",empty,hub,0,0,0,"",2026-07-31
DF_BULK_CEN2011_DICA_IPO,"Occupazione per tipologia contrattuale, regime orario e classe di età 2011, 2015",empty,hub,0,0,0,"",2026-07-31
DF_BULK_CEN2011_DICA_IPQLTFCOM,Sostenibilità ambientale - dati comunali,empty,hub,0,0,0,"",2026-07-31
DF_BULK_CEN2011_DICA_IPQLTFNP,Sostenibilità ambientale,empty,hub,0,0,0,"",2026-07-31
DF_BULK_CEN2011_DICA_IPQLTGCOM,Salute e sicurezza nei luoghi di lavoro e trasparenza - dati comunali,empty,hub,0,0,0,"",2026-07-31
DF_BULK_CEN2011_DICA_IPQLTGNP,Salute e sicurezza nei luoghi di lavoro e trasparenza,empty,hub,0,0,0,"",2026-07-31
DF_BULK_CEN2011_DICA_IPSTRIPCOM,"Istituzioni, risorse umane e genere - dati comunali 2011, 2015",empty,hub,0,0,0,"",2026-07-31
DF_BULK_CEN2011_DICA_IPSTRIPNP,"Istituzioni, risorse umane e genere 2011, 2015",empty,hub,0,0,0,"",2026-07-31
DF_BULK_CEN2011_DICA_IPSTRULCOM,"Unità locali, risorse umane e genere - dati comunali 2011, 2015",empty,hub,0,0,0,"",2026-07-31
DF_BULK_CEN2011_DICA_IPSTRULNP,"Unità locali, risorse umane e genere 2011, 2015",empty,hub,0,0,0,"",2026-07-31
DF_BULK_CEN2011_DICA_IPSUL,"Unità locali, funzioni e servizi offerti",empty,hub,0,0,0,"",2026-07-31
DF_BULK_CEN2011_DICA_MPSCUM,Capitale umano - Dati sino al livello regionale,empty,hub,0,0,0,"",2026-07-31
DF_BULK_CEN2011_DICA_MPSFIN1,Finanza - Dati sino al livello provinciale,empty,hub,0,0,0,"",2026-07-31
DF_BULK_CEN2011_DICA_MPSINN1,Innovazione - Dati sino al livello regionale,empty,hub,0,0,0,"",2026-07-31
DF_BULK_CEN2011_DICA_MPSINT1,Internazionalizzazione - Dati sino al livello regionale,empty,hub,0,0,0,"",2026-07-31
DF_BULK_CEN2011_DICA_MPSMER,Competitività e mercato - Dati sino al livello provinciale,empty,hub,0,0,0,"",2026-07-31
DF_BULK_CEN2011_DICA_MPSPCGDEM,"Proprietà, controllo, gestione - caratteristiche demografiche",empty,hub,0,0,0,"",2026-07-31
DF_BULK_CEN2011_DICA_MPSPCGEVP1,"Proprietà, controllo, gestione - eventi precedenti",empty,hub,0,0,0,"",2026-07-31
DF_BULK_CEN2011_DICA_MPSPCGTOT1,"Proprietà, controllo, gestione",empty,hub,0,0,0,"",2026-07-31
DF_BULK_CEN2011_DICA_MPSRLZ1,Relazioni tra imprese - Dati sino al livello regionale,empty,hub,0,0,0,"",2026-07-31
DF_BULK_CEN2011_DICA_N01BCOM,Risorse economiche - dati comunali,empty,hub,0,0,0,"",2026-07-31
DF_BULK_CEN2011_DICA_N01C,"Risorse umane 2011, 2015",empty,hub,0,0,0,"",2026-07-31
DF_BULK_CEN2011_DICA_N01CB,Risorse umane e risorse economiche,empty,hub,0,0,0,"",2026-07-31
DF_BULK_CEN2011_DICA_N01CCOM,Risorse umane - dati comunali,empty,hub,0,0,0,"",2026-07-31
DF_BULK_CEN2011_DICA_N01GCOM,Caratteristiche istituzione - dati comunali,empty,hub,0,0,0,"",2026-07-31
DF_BULK_CEN2011_DICA_N01P,Periodo assunzione forma giuridica,empty,hub,0,0,0,"",2026-07-31
DF_BULK_CEN2011_DICA_N01PB,Periodo assunzione forma giuridica e risorse economiche,empty,hub,0,0,0,"",2026-07-31
DF_BULK_CEN2011_DICA_N01PCOM,Periodo assunzione forma giuridica - dati comunali,empty,hub,0,0,0,"",2026-07-31
DF_BULK_CEN2011_DICA_N01SS,"Attività prevalente e secondaria 2011, 2015",empty,hub,0,0,0,"",2026-07-31
DF_BULK_CEN2011_DICA_N02M,"Mission 2011, 2015",empty,hub,0,0,0,"",2026-07-31
DF_BULK_CEN2011_DICA_N02MCOM,Mission - municipal level,empty,hub,0,0,0,"",2026-07-31
DF_BULK_CEN2011_DICA_N02S,Servizi offerti,empty,hub,0,0,0,"",2026-07-31
DF_BULK_CEN2011_DICA_N02SCOM,Servizi offerti - dati comunali,empty,hub,0,0,0,"",2026-07-31
DF_BULK_CEN2011_DICA_N03ACOM,Tipo di attività economica - dati comunali,empty,hub,0,0,0,"",2026-07-31
DF_BULK_CEN2011_DICA_N03B,Risorse economiche,empty,hub,0,0,0,"",2026-07-31
DF_BULK_CEN2011_DICA_N03FCOM,Tipologia di finanziamento prevalente - dati comunali,empty,hub,0,0,0,"",2026-07-31
DF_BULK_CEN2011_DICA_N03G,"Caratteristiche istituzione 2011, 2015",empty,hub,0,0,0,"",2026-07-31
DF_BULK_CEN2011_DICA_N03OCOM,Orientamento dell'istituzione - dati comunali,empty,hub,0,0,0,"",2026-07-31
DF_BULK_CEN2011_DICA_N03S,Servizi offerti,empty,hub,0,0,0,"",2026-07-31
DF_BULK_CEN2011_DICA_N04E,Entrate,empty,hub,0,0,0,"",2026-07-31
DF_BULK_CEN2011_DICA_N04ECOM,Entrate - dati comunali,empty,hub,0,0,0,"",2026-07-31
DF_BULK_CEN2011_DICA_N04U,Uscite,empty,hub,0,0,0,"",2026-07-31
DF_BULK_CEN2011_DICA_N04UCOM,Uscite - dati comunali,empty,hub,0,0,0,"",2026-07-31
DF_BULK_CEN2011_DICA_N05B,Risorse economiche,empty,hub,0,0,0,"",2026-07-31
DF_BULK_CEN2011_DICA_N05C,Categorie professionali,empty,hub,0,0,0,"",2026-07-31
DF_BULK_CEN2011_DICA_N05CB,Categorie professionali e risorse economiche,empty,hub,0,0,0,"",2026-07-31
DF_BULK_CEN2011_DICA_N05CCOM,Categorie professionali - dati comunali,empty,hub,0,0,0,"",2026-07-31
DF_BULK_CEN2011_DICA_N05GCOM,Istituzioni lavoratori dipendenti e lavoratori esterni - dati comunali,empty,hub,0,0,0,"",2026-07-31
DF_BULK_CEN2011_DICA_N05W,"Lavoratori dipendenti e lavoratori esterni 2011, 2015",empty,hub,0,0,0,"",2026-07-31
DF_BULK_CEN2011_DICA_N05WCOM,Tipo contratto e regime orario dei dipendenti - dati comunali,empty,hub,0,0,0,"",2026-07-31
DF_BULK_CEN2011_DICA_N06ECOM,Titolo di studio dei volontari - dati comunali,empty,hub,0,0,0,"",2026-07-31
DF_BULK_CEN2011_DICA_N06GCOM,Istituzioni con volontari - dati comunali,empty,hub,0,0,0,"",2026-07-31
DF_BULK_CEN2011_DICA_N06I,Istituzioni con volontari,empty,hub,0,0,0,"",2026-07-31
DF_BULK_CEN2011_DICA_N06PCOM,Condizione occupazionale dei volontari - dati comunali,empty,hub,0,0,0,"",2026-07-31
DF_BULK_CEN2011_DICA_N06T,Volontari,empty,hub,0,0,0,"",2026-07-31
DF_BULK_CEN2011_DICA_N06YCOM,Classe di età dei volontari - dati comunali,empty,hub,0,0,0,"",2026-07-31
DF_BULK_CEN2011_DICA_N07A,Struttura,empty,hub,0,0,0,"",2026-07-31
DF_BULK_CEN2011_DICA_N07ACOM,Struttura - dati comunali,empty,hub,0,0,0,"",2026-07-31
DF_BULK_CEN2011_DICA_N07B,Entrate ed uscite,empty,hub,0,0,0,"",2026-07-31
DF_BULK_CEN2011_DICA_N07BCOM,Entrate ed uscite - dati comunali,empty,hub,0,0,0,"",2026-07-31
DF_BULK_CEN2011_DICA_N08C,Tipologia di contatti diretti per raccolta fondi,empty,hub,0,0,0,"",2026-07-31
DF_BULK_CEN2011_DICA_N08CCOM,Tipologia di contatti diretti per raccolta fondi - dati comunali,empty,hub,0,0,0,"",2026-07-31
DF_BULK_CEN2011_DICA_N08M,Modalità raccolta fondi,empty,hub,0,0,0,"",2026-07-31
DF_BULK_CEN2011_DICA_N08MCOM,Modalità raccolta fondi - dati comunali,empty,hub,0,0,0,"",2026-07-31
DF_BULK_CEN2011_DICA_N08S,Strumenti comunicazione,empty,hub,0,0,0,"",2026-07-31
DF_BULK_CEN2011_DICA_N08SCOM,Strumenti comunicazione - dati comunali,empty,hub,0,0,0,"",2026-07-31
DF_BULK_CEN2011_DICA_N09AG,Forme aggregative,empty,hub,0,0,0,"",2026-07-31
DF_BULK_CEN2011_DICA_N09AGCOM,Forme aggregative - dati comunali,empty,hub,0,0,0,"",2026-07-31
DF_BULK_CEN2011_DICA_N09AZ,Ambito azione,empty,hub,0,0,0,"",2026-08-02
DF_BULK_CEN2011_DICA_N09AZCOM,Ambito azione - dati comunali,empty,hub,0,0,0,"",2026-08-02
DF_BULK_CEN2011_DICA_N09CC,"Contratti, convenzioni",empty,hub,0,0,0,"",2026-08-02
DF_BULK_CEN2011_DICA_N09CCCOM,"Contratti, convenzioni - dati comunali",empty,hub,0,0,0,"",2026-08-02
DF_BULK_CEN2011_DICA_N09PI,"Patti, intese",empty,hub,0,0,0,"",2026-08-02
DF_BULK_CEN2011_DICA_N09PICOM,"Patti, intese - dati comunali",empty,hub,0,0,0,"",2026-08-02
DF_BULK_CEN2011_DICA_N10G,Risorse umane,empty,hub,0,0,0,"",2026-08-02
DF_BULK_CEN2011_DICA_N10GCOM,Risorse umane - dati comunali,empty,hub,0,0,0,"",2026-08-02
DF_BULK_CEN2011_DICA_N10N,"Periodo assunzione forma giuridica, numerosità",empty,hub,0,0,0,"",2026-08-02
DF_BULK_CEN2011_DICA_N10NCOM,"Periodo assunzione forma giuridica, numerosità - dati comunali",empty,hub,0,0,0,"",2026-08-02
DF_BULK_CEN2011_DICA_N11EU1,"Modalità di attività, entrate, uscite",empty,hub,0,0,0,"",2026-08-02
DF_BULK_CEN2011_DICA_N11G1,Struttura,empty,hub,0,0,0,"",2026-08-02
DF_BULK_CEN2011_DICA_N12G,"Periodo assunzione forma giuridica, orientamento istituzione",empty,hub,0,0,0,"",2026-08-02
DF_BULK_CEN2011_DICA_N12SS,"Attività secondaria, servizi offerti",empty,hub,0,0,0,"",2026-08-02
DF_BULK_CEN2011_DICA_N13F,"Adesione forme aggregative, strumenti comunicazione",empty,hub,0,0,0,"",2026-08-02
DF_BULK_CEN2011_DICA_N13G,"Periodo assunzione forma giuridica, tipologia affiliazioni",error,"",0,0,1,HubUnavailable: hub did not answer (timeout or HTTP error),2026-08-02
DF_BULK_CEN2011_DICA_N14E,Entrate,empty,hub,0,0,0,"",2026-08-02
DF_BULK_CEN2011_DICA_N14G,Tipologia di disagio,error,"",0,0,1,HubUnavailable: hub did not answer (timeout or HTTP error),2026-08-02
DF_BULK_CEN2011_DICA_N14S,Attività secondaria,empty,hub,0,0,0,"",2026-08-02
DF_BULK_CEN2011_DICA_TRASVABR,Abruzzo,error,"",0,0,1,HubUnavailable: hub did not answer (timeout or HTTP error),2026-08-02
DF_BULK_CEN2011_DICA_TRASVBAS,Basilicata,error,"",0,0,1,HubUnavailable: hub did not answer (timeout or HTTP error),2026-08-02
DF_BULK_CEN2011_DICA_TRASVCAL,Calabria,empty,hub,0,0,0,"",2026-08-02
DF_BULK_CEN2011_DICA_TRASVCAM,Campania,empty,hub,0,0,0,"",2026-08-02
DF_BULK_CEN2011_DICA_TRASVEMI,Emilia-Romagna,empty,hub,0,0,0,"",2026-08-02
DF_BULK_CEN2011_DICA_TRASVFRI,Friuli-Venezia Giulia,empty,hub,0,0,0,"",2026-08-02
DF_BULK_CEN2011_DICA_TRASVLAZ,Lazio,empty,hub,0,0,0,"",2026-08-02
DF_BULK_CEN2011_DICA_TRASVLIG,Liguria,empty,hub,0,0,0,"",2026-08-02
DF_BULK_CEN2011_DICA_TRASVLOM,Lombardia,error,"",0,0,1,HubUnavailable: hub did not answer (timeout or HTTP error),2026-08-02
DF_BULK_CEN2011_DICA_TRASVMAR,Marche,error,"",0,0,1,HubUnavailable: hub did not answer (timeout or HTTP error),2026-08-02
DF_BULK_CEN2011_DICA_TRASVMOL,Molise,empty,hub,0,0,0,"",2026-08-02
DF_BULK_CEN2011_DICA_TRASVNPPROV,"Settore di attività (ICNPO), forma giuridica e classe di addetti - Dati fino al livello comunale",empty,hub,0,0,0,"",2026-08-02
DF_BULK_CEN2011_DICA_TRASVPIE,Piemonte,empty,hub,0,0,0,"",2026-08-02
DF_BULK_CEN2011_DICA_TRASVPROV,Sedi e risorse umane,error,"",0,0,1,HubUnavailable: hub did not answer (timeout or HTTP error),2026-08-02
DF_BULK_CEN2011_DICA_TRASVPUG,Puglia,empty,hub,0,0,0,"",2026-08-02
DF_BULK_CEN2011_DICA_TRASVSAR,Sardegna,error,"",0,0,1,HubUnavailable: hub did not answer (timeout or HTTP error),2026-08-02
DF_BULK_CEN2011_DICA_TRASVSIC,Sicilia,empty,hub,0,0,0,"",2026-08-02
DF_BULK_CEN2011_DICA_TRASVTAA,Trentino Alto Adige / Südtirol,empty,hub,0,0,0,"",2026-08-02
DF_BULK_CEN2011_DICA_TRASVTOS,Toscana,empty,hub,0,0,0,"",2026-08-02
DF_BULK_CEN2011_DICA_TRASVUMB,Umbria,error,"",0,0,1,HubUnavailable: hub did not answer (timeout or HTTP error),2026-08-02
DF_BULK_CEN2011_DICA_TRASVVDA,Valle d'Aosta / Vallée d'Aoste,empty,hub,0,0,0,"",2026-08-02
DF_BULK_CEN2011_DICA_TRASVVEN,Veneto,error,"",0,0,1,HubUnavailable: hub did not answer (timeout or HTTP error),2026-08-02
DF_BULK_COECLASS,Classificazioni,empty,hub,0,0,0,"",2026-08-02
DF_BULK_COECPA,Classificazioni delle merci secondo le attività economiche (CPAteco 2007) e RPI,error,"",0,0,1,HubUnavailable: hub did not answer (timeout or HTTP error),2026-08-02
DF_BULK_COECTCI,Classificazione tipo del commercio internazionale (CTCI),error,"",0,0,1,HubUnavailable: hub did not answer (timeout or HTTP error),2026-08-02
DF_BULK_COEINDEXES,Numeri indici,error,"",0,0,1,HubUnavailable: hub did not answer (timeout or HTTP error),2026-08-02
DF_BULK_COENOTES,Note sui dati e note metodologiche,empty,hub,0,0,0,"",2026-08-02
DF_BULK_COENST,Nomenclatura uniforme delle merci per le statistiche dei trasporti (NST 2007),empty,hub,0,0,0,"",2026-08-02
DF_BULK_COEPORTAL,Statistiche del commercio estero - Home page del portale,empty,hub,0,0,0,"",2026-08-02
DF_BULK_COESH6,Nomenclatura combinata (NC8) - sistema armonizzato (SH6),error,"",0,0,1,HubUnavailable: hub did not answer (timeout or HTTP error),2026-08-02
DF_BULK_COMP_FRA_IND_MUN,Nota metodologica - Indice composito di fragilità comunale,empty,hub,0,0,0,"",2026-08-02
DF_BULK_CPO2011_CUBO_LOC_TEST,Cubo_loc_TEST,error,"",0,0,1,HubUnavailable: hub did not answer (timeout or HTTP error),2026-08-02
DF_BULK_CPO2011_DCCV_OCCUP16,prova dim16,empty,hub,0,0,0,"",2026-08-02
DF_BULK_CPO2011_DCCV_OCCUPATIT,Occupati,error,"",0,0,1,HubUnavailable: hub did not answer (timeout or HTTP error),2026-08-02
DF_BULK_CPO2011_DCCV_OCCUP_15,PROVA DIM15,error,"",0,0,1,HubUnavailable: hub did not answer (timeout or HTTP error),2026-08-02
DF_BULK_CPO2011_DCSP_NIC1B2015,NIC - Dati mensili dal 2016,error,"",0,0,1,HubUnavailable: hub did not answer (timeout or HTTP error),2026-08-02
DF_BULK_CPO2011_DCSP_NICUNOBB2010,NIC – Dati mensili dal 2011,empty,hub,0,0,0,"",2026-08-02
DF_BULK_CPO2011_DICA_ABIT_PR,Abitazioni occupate da persone residenti,error,"",0,0,1,HubUnavailable: hub did not answer (timeout or HTTP error),2026-08-02
DF_BULK_CPO2011_DICA_ABIT_PR_COM,Abitazioni occupate da persone residenti - Dati comunali,error,"",0,0,1,HubUnavailable: hub did not answer (timeout or HTTP error),2026-08-02
DF_BULK_CPO2011_DICA_ABIT_PR_COM1,Abitazioni occupate da persone residenti - Dati comunali,error,"",0,0,1,HubUnavailable: hub did not answer (timeout or HTTP error),2026-08-02
DF_BULK_CPO2011_DICA_ALLOGGI,Alloggi,error,"",0,0,1,HubUnavailable: hub did not answer (timeout or HTTP error),2026-08-02
DF_BULK_CPO2011_DICA_ALLOGGI_TEST,Alloggi - TEST,empty,hub,0,0,0,"",2026-08-02
DF_BULK_CPO2011_DICA_CARATT_ATTL,Caratteristiche dell'attività lavorativa,error,"",0,0,1,HubUnavailable: hub did not answer (timeout or HTTP error),2026-08-02
DF_BULK_CPO2011_DICA_CARATT_ATTL_COM,Occupati per sezioni di attività economica - Dati comunali,error,"",0,0,1,HubUnavailable: hub did not answer (timeout or HTTP error),2026-08-02
DF_BULK_CPO2011_DICA_CARATT_ATTL_TS,Occupati e in cerca di prima occupazione per titolo di studio,error,"",0,0,1,HubUnavailable: hub did not answer (timeout or HTTP error),2026-08-02
DF_BULK_CPO2011_DICA_COMPOP,Numero di comuni e popolazione residente - Dati provvisori,error,"",0,0,1,HubUnavailable: hub did not answer (timeout or HTTP error),2026-08-02
DF_BULK_CPO2011_DICA_COMPOPDEF,Numero di comuni e popolazione residente - Dati definitivi,empty,hub,0,0,0,"",2026-08-02
DF_BULK_CPO2011_DICA_CONDPROF,Condizione professionale o non professionale della popolazione residente,error,"",0,0,1,HubUnavailable: hub did not answer (timeout or HTTP error),2026-08-02
DF_BULK_CPO2011_DICA_CONDPROF_COP,Condizione professionale o non professionale dei componenti della coppia,error,"",0,0,1,HubUnavailable: hub did not answer (timeout or HTTP error),2026-08-02
DF_BULK_CPO2011_DICA_CONDPROF_NUC,Condizione professionale o non professionale dei nuclei familiari costituiti da un solo genitore,error,"",0,0,1,HubUnavailable: hub did not answer (timeout or HTTP error),2026-08-02
DF_BULK_CPO2011_DICA_CONDPROF_TEST,Condizione professionale o non professionale della popolazione residente_TEST,error,"",0,0,1,HubUnavailable: hub did not answer (timeout or HTTP error),2026-08-02
DF_BULK_CPO2011_DICA_CONV,Convivenze,error,"",0,0,1,HubUnavailable: hub did not answer (timeout or HTTP error),2026-08-02
DF_BULK_CPO2011_DICA_COPPIE1,Coppie,error,"",0,0,1,HubUnavailable: hub did not answer (timeout or HTTP error),2026-08-02
DF_BULK_CPO2011_DICA_EDIFICI1,Edifici,empty,hub,0,0,0,"",2026-08-02
DF_BULK_CPO2011_DICA_EDIFICI1_COM,Edifici per stato d'uso,empty,hub,0,0,0,"",2026-08-02
DF_BULK_CPO2011_DICA_EDIFICIRES,Edifici residenziali,error,"",0,0,1,HubUnavailable: hub did not answer (timeout or HTTP error),2026-08-02
DF_BULK_CPO2011_DICA_FAMST_CARATT,Famiglie con almeno uno straniero residente,empty,hub,0,0,0,"",2026-08-02
DF_BULK_CPO2011_DICA_FAMST_CARATT1,Famiglie con almeno uno straniero residente per tipologia della famiglia,empty,hub,0,0,0,"",2026-08-02
DF_BULK_CPO2011_DICA_FAM_ABITBS,Famiglie per caratteristiche dell'abitazione e beni e servizi posseduti,error,"",0,0,1,HubUnavailable: hub did not answer (timeout or HTTP error),2026-08-02
DF_BULK_CPO2011_DICA_FAM_ABITED,Famiglie in abitazione per caratteristiche dell'abitazione e dell'edificio,error,"",0,0,1,HubUnavailable: hub did not answer (timeout or HTTP error),2026-08-02
DF_BULK_CPO2011_DICA_FAM_CARATT,Caratteristiche delle famiglie,empty,hub,0,0,0,"",2026-08-02
DF_BULK_CPO2011_DICA_FAM_CARATT1,Famiglie per titolo di godimento,empty,hub,0,0,0,"",2026-08-02
DF_BULK_CPO2011_DICA_FAM_CARATT4,Famiglie per tipologia di famiglia,error,"",0,0,1,HubUnavailable: hub did not answer (timeout or HTTP error),2026-08-02
DF_BULK_CPO2011_DICA_FAM_CARATT5,Famiglie per caratteristiche della persona di riferimento,error,"",0,0,1,HubUnavailable: hub did not answer (timeout or HTTP error),2026-08-02
DF_BULK_CPO2011_DICA_FAM_CARATT_TEST_NOTA,Caratteristiche delle famiglie - test nota,empty,hub,0,0,0,"",2026-08-02
DF_BULK_CPO2011_DICA_FORMAZIONE1,Popolazione  residente che ha concluso o frequenta corsi di formazione professionale,error,"",0,0,1,HubUnavailable: hub did not answer (timeout or HTTP error),2026-08-02
DF_BULK_CPO2011_DICA_GRADOISTR,Grado di istruzione della popolazione residente di 6 anni e più,empty,hub,0,0,0,"",2026-08-02
DF_BULK_CPO2011_DICA_GRADOISTR1,Grado di istruzione dettagliato della popolazione residente di 6 anni e più,empty,hub,0,0,0,"",2026-08-02
DF_BULK_CPO2011_DICA_INDIC_EDU,Indicatori relativi all'istruzione,error,"",0,0,1,HubUnavailable: hub did not answer (timeout or HTTP error),2026-08-02
DF_BULK_CPO2011_DICA_INDIC_LAV,Indicatori relativi al lavoro,error,"",0,0,1,HubUnavailable: hub did not answer (timeout or HTTP error),2026-08-02
DF_BULK_CPO2011_DICA_ISCRFREQ,Popolazione residente che frequenta o è iscritta ad un corso regolare di studi,empty,hub,0,0,0,"",2026-08-02
DF_BULK_CPO2011_DICA_LCAB_AE,Abitazioni ed edifici per tipo di località abitata,error,"",0,0,1,HubUnavailable: hub did not answer (timeout or HTTP error),2026-08-02
DF_BULK_CPO2011_DICA_LCAB_PF,Popolazione residente e famiglie per tipo di località abitata,error,"",0,0,1,HubUnavailable: hub did not answer (timeout or HTTP error),2026-08-02
DF_BULK_CPO2011_DICA_NUCLEI,Nuclei familiari,empty,hub,0,0,0,"",2026-08-02
DF_BULK_CPO2011_DICA_PEND,Spostamenti per studio o lavoro,empty,hub,0,0,0,"",2026-08-02
DF_BULK_CPO2011_DICA_POPALED,"Popolazione residente, alloggi ed edifici - Dati provvisori",error,"",0,0,1,HubUnavailable: hub did not answer (timeout or HTTP error),2026-08-02
DF_BULK_CPO2011_DICA_POPINALL,Popolazione residente in famiglia che vive in alloggio,empty,hub,0,0,0,"",2026-08-02
DF_BULK_CPO2011_DICA_POPINCV,Popolazione in convivenza,error,"",0,0,1,HubUnavailable: hub did not answer (timeout or HTTP error),2026-08-02
DF_BULK_CPO2011_DICA_POPINFM,Popolazione residente in famiglia,error,"",0,0,1,HubUnavailable: hub did not answer (timeout or HTTP error),2026-08-02
DF_BULK_CPO2011_DICA_POPINFM1,Popolazione residente in famiglia per tipologia della famiglia,error,"",0,0,1,HubUnavailable: hub did not answer (timeout or HTTP error),2026-08-02
DF_BULK_CPO2011_DICA_POPLEGALE,Popolazione residente - Dati definitivi,empty,hub,0,0,0,"",2026-08-02
DF_BULK_CPO2011_DICA_POP_RESPRE,Popolazione residente e popolazione presente,empty,hub,0,0,0,"",2026-08-02
DF_BULK_CPO2011_DICA_POP_RSPR_CITT1,Popolazione residente per cittadinanza - comuni,error,"",0,0,1,HubUnavailable: hub did not answer (timeout or HTTP error),2026-08-02
DF_BULK_CPO2011_DICA_POP_RSPR_CITT2,Popolazione residente per cittadinanza,empty,hub,0,0,0,"",2026-08-02
DF_BULK_CPO2011_DICA_POP_RS_DMP1,Popolazione residente: luogo di nascita e dimora precedente,empty,hub,0,0,0,"",2026-08-02
DF_BULK_CPO2011_DICA_STANZE,Stanze in abitazioni occupate da persone residenti,error,"",0,0,1,HubUnavailable: hub did not answer (timeout or HTTP error),2026-08-02
DF_BULK_CPO2011_DICA_TITPOST,Popolazione residente che ha conseguito titoli di studio post-laurea o post-diploma AFAM,error,"",0,0,1,HubUnavailable: hub did not answer (timeout or HTTP error),2026-08-02
DF_BULK_CPO2011_DICA_TITSTUDIO,Titolo di studio della popolazione residente di 6 anni e più,empty,hub,0,0,0,"",2026-08-02
DF_BULK_CPO2011_DS_POP_INFAMCONV_TEST,ds pop in fam conv,error,"",0,0,1,HubUnavailable: hub did not answer (timeout or HTTP error),2026-08-02
DF_BULK_CPO2011_DS_SSA_TEST,ds  serie storiche alloggi,empty,hub,0,0,0,"",2026-08-02
DF_BULK_CPO2011_DS_SSF_TEST,ds  serie storiche famiglie,error,"",0,0,1,HubUnavailable: hub did not answer (timeout or HTTP error),2026-08-02
DF_BULK_CPO2011_DS_SSP_TEST,ds  serie storiche popolazione,error,"",0,0,1,HubUnavailable: hub did not answer (timeout or HTTP error),2026-08-02
DF_BULK_CPO2011_DS_SS_TEST,ds  serie storiche,empty,hub,0,0,0,"",2026-08-02
DF_BULK_CPO2011_DS_STRANIERI_TEST,ds stranieri,error,"",0,0,1,HubUnavailable: hub did not answer (timeout or HTTP error),2026-08-02
DF_BULK_CPO2011_DS_TEST_PUT,ds test put,error,"",0,0,1,HubUnavailable: hub did not answer (timeout or HTTP error),2026-08-02
DF_BULK_CRIMESINTO,"Delitti in totale e delitti commessi da autori noti, per tipo di delitto – Anni 1983-2003",empty,hub,0,0,0,"",2026-08-02
DF_BULK_CRIMESPERS,"Delitti, persone e condannati serie 1985-2008",empty,hub,0,0,0,"",2026-08-02
DF_BULK_DCCN_FPA,Raccordo tra fabbisogno del settore pubblico ed indebitamento netto delle amministrazioni pubbliche,empty,hub,0,0,0,"",2026-08-02
DF_BULK_DCIS_SPESESERSOC1,Interventi e servizi sociali dei comuni -  BULKDOWNLOAD,error,"",0,0,1,HubUnavailable: hub did not answer (timeout or HTTP error),2026-08-02
DF_BULK_DCSC_CAPACOFTUR,Capacità degli esercizi ricettivi per tipo di alloggio e per comune,empty,hub,0,0,0,"",2026-08-02
DF_BULK_DCSC_OCCUPCOLLE,"Movimento dei clienti (arrivi e presenze) negli esercizi ricettivi per tipologia ricettiva, residenza dei clienti e comune di destinazione",empty,hub,0,0,0,"",2026-08-02
DF_BULK_DCSC_TURISAREA,"Movimento dei clienti (arrivi e presenze) negli esercizi ricettivi per aree e classificazioni territoriali (brand turistici, urbanizzazione, comuni costieri e altre classificazioni)",empty,hub,0,0,0,"",2026-08-02
DF_BULK_DCSP_FOI1B2010_TB4,Tabelle dei coefficienti di raccordo dalla base precedente alla base 2010,empty,hub,0,0,0,"",2026-08-02
DF_BULK_DCSP_FOI1B2015_NUTS3,Tabella dei coefficienti di raccordo dalla base precedente alla base 2010 e alla base 2015 - per provincia,error,"",0,0,1,HubUnavailable: hub did not answer (timeout or HTTP error),2026-08-02
DF_BULK_DCSP_FOI1B2015_TB4,Splicing coefficients from base 1995 to base 2010 and from base 2010 to base 2015,empty,hub,0,0,0,"",2026-08-02
DF_BULK_DCSP_FOI1B2025_TB1,Tabelle dei coefficienti di raccordo dalla base 1995 al 2010 - base 2010 al 2015 - base 2015 al 2025 - Codici Ecoicop 2,empty,hub,0,0,0,"",2026-08-02
DF_BULK_DCSP_NIC1B2015_NUTS1,Tabella dei coefficienti di raccordo da base dicembre 1998 a base 2010 e da base 2010 a base 2015 - per ripartizione,empty,hub,0,0,0,"",2026-08-02
DF_BULK_DCSP_NIC1B2015_NUTS2,Tabella dei coefficienti di raccordo da base dicembre 1998 a base 2010 e da base 2010 a base 2015 - per regione,empty,hub,0,0,0,"",2026-08-02
DF_BULK_DCSP_NIC1B2015_NUTS3,"Tabella dei coefficienti di raccordo dalla base precedente alla base 2010 e dalla base 2010 alla base 2015, per provincia",empty,hub,0,0,0,"",2026-08-02
DF_BULK_DCSP_NIC1B2015_RECONNIC,RICOSTRUZIONE STORICA DEGLI INDICI DEI PREZZI AL CONSUMO PER L'INTERA COLLETTIVITA' (NIC) IN BASE 2015 =100 PER GLI ANNI 1996-2015,error,"",0,0,1,HubUnavailable: hub did not answer (timeout or HTTP error),2026-08-02
DF_BULK_DCSP_NIC1B2015_SPLICECO,Tabella dei coefficienti di raccordo da base Dicembre 1998 a base 2010 e da base 2010 a base 2015 per ECOICOP per area geografica,empty,hub,0,0,0,"",2026-08-02
DF_BULK_DCSP_NIC1B2015_SPLICI,Tabella dei coefficienti di raccordo da base 2010 a base 2015 per aggregati speciali e per area geografica,empty,hub,0,0,0,"",2026-08-02
DF_BULK_DCSP_NIC1B2015_TB2,Tabella di corrispondenza classificazione e coefficienti di raccordo da base 1995 a base 2010 e da base 2010 a base 2015,empty,hub,0,0,0,"",2026-08-02
DF_BULK_DCSP_NIC1B2015_TB3,Aggregati speciali NIC  - Coefficienti di raccordo da base 1995 a base 2010 e da base 2010 a base 2015,empty,hub,0,0,0,"",2026-08-02
DF_BULK_DCSP_NIC1B2025_TB1,Tabelle dei coefficienti di raccordo dalla base 1995 al 2010 - base 2010 al 2015 - base 2015 al 2025 - Codici Ecoicop 2,empty,hub,0,0,0,"",2026-08-02
DF_BULK_DCSP_NIC1B2025_TB2,Tabelle dei coefficienti di raccordo dalla base 1995 al 2010 - base 2010 al 2015 - base 2015 al 2025 - Tipologie di prodotto,empty,hub,0,0,0,"",2026-08-02
DF_BULK_DCSP_NIC1B2025_TB3,Tabelle dei coefficienti di raccordo da base 2015 a base 2025 per regione (Ecoicopv2),empty,hub,0,0,0,"",2026-08-02
DF_BULK_DCSP_NICDUEB2010_CPI,Ricostruzione storica degli indici dei prezzi al consumo per l'intera collettività (NIC) in base 2010=100 per gli anni 1996-2010,empty,hub,0,0,0,"",2026-08-02
DF_BULK_DCSP_NICDUEB2010_TB2,Tabella di corrispondenza classificazione e coefficienti di raccordo da base 1995 a base 2010,empty,hub,0,0,0,"",2026-08-02
DF_BULK_DCSP_NICDUEB2010_TB3,"Tabelle dei coefficienti di raccordo dalla base precedente a base 2010 per ripartizione geografica, regione, provincia e aggregati speciali",empty,hub,0,0,0,"",2026-08-02
DF_BULK_DCSP_NICUNOBB2010_CPI,Ricostruzione storica degli indici dei prezzi al consumo per l'intera collettività (NIC) in base 2010=100 per gli anni 1996-2010,empty,hub,0,0,0,"",2026-08-02
DF_BULK_DCSP_NICUNOBB2010_NIC,Dettaglio composizione degli aggregati speciali NIC,empty,hub,0,0,0,"",2026-08-02
DF_BULK_DCSP_NICUNOBB2010_TB2,Tabella di corrispondenza classificazione e coefficienti di raccordo da base 1995 a base 2010,empty,hub,0,0,0,"",2026-08-02
DF_BULK_DCSP_NICUNOBB2010_TB3,"Tabelle dei coefficienti di raccordo dalla base precedente a base 2010 per ripartizione geografica, regione, provincia e aggregati speciali",empty,hub,0,0,0,"",2026-08-02
DF_BULK_DIPS_SIR_IND_TERR_DRT,Nota metodologica - imprese,empty,hub,0,0,0,"",2026-08-02
DF_BULK_DIPS_SIR_IND_TERR_DRT_OCC_RBI,Nota metodologica - occupazione nelle imprese,empty,hub,0,0,0,"",2026-08-02
DF_BULK_DIVORCESSE,Divorzi serie 1980-2007,error,"",0,0,1,HubUnavailable: hub did not answer (timeout or HTTP error),2026-08-02
DF_BULK_ENTERPRISE,Imprese - Occupazione dal 2018 al 2024,empty,hub,0,0,0,"",2026-08-02
DF_BULK_ENT_GEN,Quota occupazione femminile (parità di genere) 2022 e 2023,empty,hub,0,0,0,"",2026-08-02
DF_BULK_ENT_PERS_EMPL,Tavole aggiuntive per imprese e addetti_1997_2011,empty,hub,0,0,0,"",2026-08-02
DF_BULK_FARMSTRUCT,Struttura delle aziende agricole serie interrotte 2003-2007,empty,hub,0,0,0,"",2026-08-02
DF_BULK_FISHERYBRO,Pesca serie interrotte 2001-2019,empty,hub,0,0,0,"",2026-08-02
DF_BULK_FLOWERSBRO,Fiori serie interrotte 2002-2007,empty,hub,0,0,0,"",2026-08-02
DF_BULK_FORESTRYBR,Foreste o silvicoltura serie interrotte 2001-2015,empty,hub,0,0,0,"",2026-08-02
DF_BULK_GLOSSARYDE,Glossario Popolazione residente - bilancio,empty,hub,0,0,0,"",2026-08-02
DF_BULK_GLOSSARYST,Glossario Stranieri residenti - Bilancio,error,"",0,0,1,HubUnavailable: hub did not answer (timeout or HTTP error),2026-08-02
DF_BULK_HIGHSCHOOL,Diplomati serie 1998-2007,error,"",0,0,1,HubUnavailable: hub did not answer (timeout or HTTP error),2026-08-02
DF_BULK_HOURLYWAGE,Retribuzione oraria e per dipendente (base 2000),empty,hub,0,0,0,"",2026-08-02
DF_BULK_HUNTINGBRO,Caccia serie interrotte 2001-2008,empty,hub,0,0,0,"",2026-08-02
DF_BULK_HVD,HVD,error,"",0,0,1,HubUnavailable: hub did not answer (timeout or HTTP error),2026-08-02
DF_BULK_LOCALUNITS,Unità locali - Occupazione dal 2018 al 2023,error,"",0,0,1,HubUnavailable: hub did not answer (timeout or HTTP error),2026-08-02
DF_BULK_NOTASULTAS,Nota sul tasso standardizzato di mortalità,error,"",0,0,1,HubUnavailable: hub did not answer (timeout or HTTP error),2026-08-02
DF_BULK_PEND_LAV_2021_1,Matrice di pendolarismo per lavoro,empty,hub,0,0,0,"",2026-08-02
DF_BULK_PEND_LAV_2021_2,Matrice di pendolarismo per lavoro - leggimi,empty,hub,0,0,0,"",2026-08-02
DF_BULK_PERMANENTC,Coltivazioni legnose agrarie serie interrotte 2002-2017,empty,hub,0,0,0,"",2026-08-02
DF_BULK_POPOLAZION,Popolazione  per condizione professionale e sesso – Tabella di sintesi - Dati trimestrali,empty,hub,0,0,0,"",2026-08-02
DF_BULK_PREVIOUSBA,Basi precedenti,error,"",0,0,1,HubUnavailable: hub did not answer (timeout or HTTP error),2026-08-02
DF_BULK_PROCEEDING,Procedimenti e decisioni serie 1980-2008,error,"",0,0,1,HubUnavailable: hub did not answer (timeout or HTTP error),2026-08-02
DF_BULK_PROTECTION,"Tutela, affidamento e adozioni dei minori e Procedimenti civili serie interrrotte 1990-2007",empty,hub,0,0,0,"",2026-08-02
DF_BULK_PROTESTSSE,Protesti serie 1990-2009,empty,hub,0,0,0,"",2026-08-02
DF_BULK_PUBLISHEDB,Opere librarie pubblicate serie 1984-2009,empty,hub,0,0,0,"",2026-08-02
DF_BULK_REPORTSOFP,"Segnalazioni relative a persone e a minori denunciati, per tipo di delitto – Anni 1983-2003",error,"",0,0,1,HubUnavailable: hub did not answer (timeout or HTTP error),2026-08-02
DF_BULK_SCHOOLSSER,Scuole serie 2002-2009,empty,hub,0,0,0,"",2026-08-02
DF_BULK_SEEDSBROKE,Sementi serie interrotte 2003-2010,empty,hub,0,0,0,"",2026-08-02
DF_BULK_SEPARATION,Separazioni serie 1980-2007,empty,hub,0,0,0,"",2026-08-02
DF_BULK_STATEARCHI,Archivi di stato 2008,error,"",0,0,1,HubUnavailable: hub did not answer (timeout or HTTP error),2026-08-02
DF_BULK_STATEOWNED,Biblioteche pubbliche statali serie 1985-2008,empty,hub,0,0,0,"",2026-08-02
DF_BULK_STIMEPERGR,Stime per grandi comuni e errori campionari- aggiornamento media annua,empty,hub,0,0,0,"",2026-08-02
DF_BULK_SUBCOM1991,Censimento della popolazione e delle abitazioni 1991,empty,hub,0,0,0,"",2026-08-02
DF_BULK_SUBCOM2001,Censimento della popolazione e delle abitazioni 2001,empty,hub,0,0,0,"",2026-08-02
DF_BULK_SUBCOM2011,Censimento della popolazione e delle abitazioni 2011,empty,hub,0,0,0,"",2026-08-02
DF_BULK_SUBCOM2021,Dati comuni capoluogo delle citta' metropolitane_,empty,hub,0,0,0,"",2026-08-02
DF_BULK_SUBCOM2023,Dati comuni capoluogo delle città metropolitane,empty,hub,0,0,0,"",2026-08-02
DF_BULK_SUBREG2021,Dati regionali,error,"",0,0,1,HubUnavailable: hub did not answer (timeout or HTTP error),2026-08-02
DF_BULK_SUBREG2023,Dati regionali,error,"",0,0,1,HubUnavailable: hub did not answer (timeout or HTTP error),2026-08-02
DF_BULK_SUBREG_CORRIS,Corrispondenza tra il codice e il nome della Regione,error,"",0,0,1,HubUnavailable: hub did not answer (timeout or HTTP error),2026-08-02
DF_BULK_SUICIDESAN,Suicidi e tentativi di suicidio serie interrotte 1985-2008,empty,hub,0,0,0,"",2026-08-02
DF_BULK_SUICIDI,Suicidi e malattie associate - metadati,error,"",0,0,1,HubUnavailable: hub did not answer (timeout or HTTP error),2026-08-02
DF_BULK_SURVEYCALE,Calendario della rilevazione (Estimative),empty,hub,0,0,0,"",2026-08-02
DF_BULK_UNIVERSITY,Università serie 2002-2007,empty,hub,0,0,0,"",2026-08-02
DF_BULK_UNIVERSITY_DEGREE,Laureati serie 1998-2007,empty,hub,0,0,0,"",2026-08-02
DF_BULK_WAGESACCOR,Retribuzioni contrattuali (base 2000),empty,hub,0,0,0,"",2026-08-02
DF_CENSAGRIC2020_AGE_TRA,Aziende con corsi di formazione per età del capo azienda,error,"",0,0,1,HubUnavailable: hub did not answer (timeout or HTTP error),2026-08-02
DF_COMP_FRA_IND_MUNICIPAL_01,Indice composito di fragilità e sue componenti - livello comunale,ok,hub,3,8051,0,"",2026-08-02
DF_COMP_FRA_IND_MUNICIPAL_02,Indice composito di fragilità e sue componenti - per singolo comune,ok,hub,3,8051,0,"",2026-08-02
DF_DCAT_CENSAGRIC2020_AGE,"Aziende e superficie utilizzata e aziende biologiche, per età del capo azienda",error,"",0,0,1,HubUnavailable: hub did not answer (timeout or HTTP error),2026-08-02
DF_DCAT_CENSAGRIC2020_AGE_ASS,Aziende per tipo di associazionismo ed età del capo azienda,error,"",0,0,1,HubUnavailable: hub did not answer (timeout or HTTP error),2026-08-02
DF_DCAT_CENSAGRIC2020_AGE_EDU,Aziende per titolo di studio ed età del capo azienda,error,"",0,0,1,HubUnavailable: hub did not answer (timeout or HTTP error),2026-08-02
DF_DCAT_CENSAGRIC2020_AGE_GAIN,Aziende con attività connesse per età del capo azienda,error,"",0,0,1,HubUnavailable: hub did not answer (timeout or HTTP error),2026-08-02
DF_DCAT_CENSAGRIC2020_AGE_GAIN_SPA2023_1,Aziende con attività connesse,error,"",0,0,1,HubUnavailable: hub did not answer (timeout or HTTP error),2026-08-02
DF_DCAT_CENSAGRIC2020_AGE_INV,Aziende per tipo di investimento ed età del capo azienda,error,"",0,0,1,HubUnavailable: hub did not answer (timeout or HTTP error),2026-08-02
DF_DCAT_CENSAGRIC2020_AGE_INV_SPA2023_1,Aziende con investimenti,ok,hub,5,49,0,"",2026-08-03
DF_DCAT_CENSAGRIC2020_AGE_MANDUR,Aziende per durata della conduzione ed età del capo azienda,error,"",0,0,1,HubUnavailable: hub did not answer (timeout or HTTP error),2026-08-03
DF_DCAT_CENSAGRIC2020_AGE_MANTOV,"Aziende per soggetto da cui è stata rilevata la conduzione, per età del capo azienda",error,"",0,0,1,HubUnavailable: hub did not answer (timeout or HTTP error),2026-08-03
DF_DCAT_CENSAGRIC2020_AGE_MAR,Aziende per tipo di commercializzazione ed età del capo azienda,error,"",0,0,1,HubUnavailable: hub did not answer (timeout or HTTP error),2026-08-03
DF_DCAT_CENSAGRIC2020_AGE_OWN,Aziende e superifici per titolo di possesso ed età del capo azienda,error,"",0,0,1,HubUnavailable: hub did not answer (timeout or HTTP error),2026-08-03
DF_DCAT_CENSAGRIC2020_AGE_SELF,Aziende per autoconsumo della produzione finale ed età del capo azienda,error,"",0,0,1,HubUnavailable: hub did not answer (timeout or HTTP error),2026-08-03
DF_DCAT_CENSAGRIC2020_AU_CATTLE_1,Unità agricole e numero di capi per tipo di allevamento e zona altimetrica,error,"",0,0,1,HubUnavailable: hub did not answer (timeout or HTTP error),2026-08-03
DF_DCAT_CENSAGRIC2020_CATTLE_ALL,Aziende e capi per tipo di allevamento,error,"",0,0,1,HubUnavailable: hub did not answer (timeout or HTTP error),2026-08-03
DF_DCAT_CENSAGRIC2020_CATTLE_SPA2023_1,Aziende e capi per tipo di allevamento,ok,hub,5,101,0,"",2026-08-03
DF_DCAT_CENSAGRIC2020_CROPS_ALL,Aziende con superficie agricola utilizzata per tipo di coltivazione,error,"",0,0,1,HubUnavailable: hub did not answer (timeout or HTTP error),2026-08-03
DF_DCAT_CENSAGRIC2020_CROPS_SPA2023_1,Aziende con superficie agricola utilizzata per tipo di coltivazione,ok,hub,4,123,0,"",2026-08-03
DF_DCAT_CENSAGRIC2020_ECSIZE_ALL,Dimensione economica e orientamento tecnico economico,error,"",0,0,1,HubUnavailable: hub did not answer (timeout or HTTP error),2026-08-03
DF_DCAT_CENSAGRIC2020_INV_ALL,Aziende con investimenti,error,"",0,0,1,HubUnavailable: hub did not answer (timeout or HTTP error),2026-08-03
DF_DCAT_CENSAGRIC2020_IRRCROPS_SPA2023_1,Aziende e superfici irrigate per tipo di coltivazione,ok,hub,4,70,0,"",2026-08-03
DF_DCAT_CENSAGRIC2020_IRRSIS,Aziende e superfici irrigate per sistema di irrigazione,error,"",0,0,1,HubUnavailable: hub did not answer (timeout or HTTP error),2026-08-03
DF_DCAT_CENSAGRIC2020_IRRSIS_SPA2023,Aziende e superfici irrigate per sistema di irrigazione,ok,hub,4,37,0,"",2026-08-03
DF_DCAT_CENSAGRIC2020_IRRSOU,Aziende e superfici irrigate per fonte di approvvigionamento,ok,hub,4,7840,0,"",2026-08-03
DF_DCAT_CENSAGRIC2020_IRRSOU_SPA2023_1,Aziende e superfici irrigate per fonte di approvvigionamento,ok,hub,4,37,0,"",2026-08-03
DF_DCAT_CENSAGRIC2020_LABCAT_ALL,Aziende e giornate di lavoro per sesso e categoria di manodopera,error,"",0,0,1,HubUnavailable: hub did not answer (timeout or HTTP error),2026-08-03
DF_DCAT_CENSAGRIC2020_LABCAT_SPA2023_1,Aziende e giornate di lavoro per sesso e categoria di manodopera,ok,hub,5,45,0,"",2026-08-03
DF_DCAT_CENSAGRIC2020_LEGOWN_ALL,Aziende e superfici per forma giuridica e titolo di possesso,error,"",0,0,1,HubUnavailable: hub did not answer (timeout or HTTP error),2026-08-03
DF_DCAT_CENSAGRIC2020_LEGOWN_SPA2023_1,Aziende e superfici per forma giuridica e titolo di possesso,ok,hub,5,53,0,"",2026-08-03
DF_DCAT_CENSAGRIC2020_ORG_CATTLE_ALL,Aziende e capi per tipo di allevamento biologico,error,"",0,0,1,HubUnavailable: hub did not answer (timeout or HTTP error),2026-08-03
DF_DCAT_CENSAGRIC2020_ORG_CROPS,Aziende con superfice biologica per tipo di coltivazione,error,"",0,0,1,HubUnavailable: hub did not answer (timeout or HTTP error),2026-08-03
DF_DCAT_CENSAGRIC2020_QUAL_ALL,"Numero e giornate di lavoro del capo azienda per titolo di studio, categoria di manodopera del capo azienda, sesso, età del capo azienda",error,"",0,0,1,HubUnavailable: hub did not answer (timeout or HTTP error),2026-08-03
DF_DCAT_CENSAGRIC2020_QUAL_SPA2023_1,"Numero e giornate di lavoro del capo azienda per titolo di studio, categoria di manodopera del capo azienda, sesso, età del capo azienda",error,"",0,0,1,HubUnavailable: hub did not answer (timeout or HTTP error),2026-08-03
DF_DCAT_CENSAGRIC2020_SAUAZONE_SPA2023_1,Aziende per classi di superfici (SAU),ok,hub,4,43,0,"",2026-08-03
DF_DCAT_CENSAGRIC2020_SAU_AZONE_ALL,Aziende per classi di superfici (SAU) e zona altimetrica,error,"",0,0,1,HubUnavailable: hub did not answer (timeout or HTTP error),2026-08-03
DF_DCAT_CENSAGRIC2020_SAU_SELF,Aziende per quota di autoconsumo,error,"",0,0,1,HubUnavailable: hub did not answer (timeout or HTTP error),2026-08-03
DF_DCAT_CENSAGRIC2020_SAU_SELF_SPA2023_1,Aziende per quota di autoconsumo e classe di superficie,ok,hub,5,46,0,"",2026-08-03
DF_DCAT_CENSAGRIC2020_SAU_SUBC,Aziende per tipo di contoterzismo e classe di superfice,error,"",0,0,1,HubUnavailable: hub did not answer (timeout or HTTP error),2026-08-03
DF_DCAT_CENSAGRIC2020_SAU_SUBC_SPA2023_1,Aziende con contoterzismo e classe di superfice,ok,hub,5,45,0,"",2026-08-03
DF_DCAT_CENSAGRIC2020_SAU_TURN,Aziende per fonte di ricavo e classe di superfice,error,"",0,0,1,HubUnavailable: hub did not answer (timeout or HTTP error),2026-08-03
DF_DCAT_CENSAGRIC2020_SAU_TURN_1,Aziende per fonte di ricavo e classe di superficie,ok,hub,5,48,0,"",2026-08-03
DF_DCAT_CENSAGRIC2020_SURF_ALL,Aziende agricole e superfici,ok,hub,3,8038,0,"",2026-08-03
DF_DCAT_CENSAGRIC2020_SURF_IRRCROPS,Aziende e superfici irrigate per tipo di coltivazione,error,"",0,0,1,HubUnavailable: hub did not answer (timeout or HTTP error),2026-08-03
DF_DCAT_CENSAGRIC2020_SURF_IRR_CONS,"Aziende e superfici irrigabili, irrigate, consulenza irrigua",ok,hub,3,7894,0,"",2026-08-03
DF_DCAT_CENSAGRIC2020_SURF_SPA2023_1,Aziende agricole e superfici,ok,hub,3,43,0,"",2026-08-03
DF_DCAT_CENSAGRIC2020_SURF_SPA2023_2,"Aziende e superfici irrigabili, irrigate, consulenza irrigua",ok,hub,3,35,0,"",2026-08-03
DF_DCAT_CENSAGRIC2020_TRAI_ALL,"Capi azienda con corsi di formazione, per sesso ed età",error,"",0,0,1,HubUnavailable: hub did not answer (timeout or HTTP error),2026-08-03
DF_DCAT_CENSAGRIC2020_TRAI_SPA2023,"Capi azienda con corsi di formazione, per sesso ed età",ok,hub,5,39,0,"",2026-08-03
DF_DCAT_CENSAGRIC2020_UA_CROPS_1,Unità agricole e superfici per zona altimentrica,error,"",0,0,1,HubUnavailable: hub did not answer (timeout or HTTP error),2026-08-03
DF_DCAT_CENSAGRIC2020_UA_CROPS_2,Unità agricole con superficie agricola utilizzata per tipo di coltivazione e zona altimetrica,error,"",0,0,1,HubUnavailable: hub did not answer (timeout or HTTP error),2026-08-03
DF_DCSE_CPA_AT2007_COE_OPT_A_REG_ALL_PROV_LAZIO,CPAteco 2007 dato annuale a livello provinciale - dal 1991 - Lazio,ok,hub,6,337,0,"",2026-08-03
DF_DCSE_CPA_AT2007_COE_OPT_A_REG_ALL_REG,CPAteco 2007 dato annuale a livello provinciale - dal 1991 - Regioni,ok,hub,6,359,0,"",2026-08-03
DF_DCSE_CPA_ATECO2007_COE_A_M_CONJ_FIL1,CPA Ateco 2007 dati annuali e mensili a livello nazionale (filtro 1),ok,hub,6,324,0,"",2026-08-03
DF_DCSE_CPA_ATECO2007_COE_A_M_CONJ_FIL2,CPA Ateco 2007 dati annuali e mensili a livello nazionale (filtro 2),ok,hub,6,364,0,"",2026-08-03
DF_DCSE_CPA_ATECO2007_COE_A_Q_CONJ_PROV_LAZIO,CPA Ateco 2007 dati annuali e trimestrali a livello provinciale - Lazio,ok,hub,6,300,0,"",2026-08-03
DF_DCSE_CPA_ATECO2007_COE_A_Q_CONJ_REG,CPA Ateco 2007 dati annuali e trimestrali a livello regionale,ok,hub,6,330,0,"",2026-08-03
DF_DCSE_NC8_A_M_CONJ_2_EXP1,Nomenclatura combinata (NC8) (quantità e valore) dati mensili (Filtro EXP1),error,"",0,0,1,HubUnavailable: hub did not answer (timeout or HTTP error),2026-08-03
DF_DCSE_NC8_A_M_CONJ_2_EXP2,Nomenclatura combinata (NC8) (quantità e valore) dati mensili (Filtro EXP1),error,"",0,0,1,HubUnavailable: hub did not answer (timeout or HTTP error),2026-08-03
DF_DCSS_ABITAZIONI_TV_1,Abitazioni occupate e non occupate - comuni,ok,hub,3,8061,0,"",2026-08-03
DF_DCSS_ABITAZIONI_TV_2,"Abitazioni occupate a titolo di proprietà, affitto, altro titolo - comuni",error,"",0,0,1,HubUnavailable: hub did not answer (timeout or HTTP error),2026-08-03
DF_DCSS_BEST_PPC_1_GC,Famiglie per percezione del rischio di criminalità nella zona in cui abitano - province e grandi comuni,ok,hub,4,170,0,"",2026-08-03
DF_DCSS_BEST_PPC_2_GC,Persone di 14 anni e più per livello di soddisfazione della vita - province e grandi comuni,error,"",0,0,1,HubUnavailable: hub did not answer (timeout or HTTP error),2026-08-03
DF_DCSS_BEST_PPC_3_GC,Persone di 14 anni e più che hanno parenti su cui contare - province e grandi comuni,ok,hub,5,171,0,"",2026-08-03
DF_DCSS_BEST_PPC_4_GC,Persone di 14 anni e più che hanno amici su cui contare - province e grandi comuni,ok,hub,5,172,0,"",2026-08-03
DF_DCSS_BEST_PPC_5_GC,Persone di 14 anni e più che hanno vicini su cui contare - province e grandi comuni,ok,hub,5,172,0,"",2026-08-03
DF_DCSS_BEST_PPC_6_GC,Persone di 14 anni e più per percezione della sicurezza camminando al buio da soli nella zona in cui abitano - province e grandi comuni,error,"",0,0,1,HubUnavailable: hub did not answer (timeout or HTTP error),2026-08-03
DF_DCSS_CARS_1,Automobili di proprietà per cittadinanza del proprietario - comuni,error,"",0,0,1,HubUnavailable: hub did not answer (timeout or HTTP error),2026-08-03
DF_DCSS_CARS_2,Automobili di proprietà per numero di componenti della famiglia - comuni,ok,hub,4,8039,0,"",2026-08-03
DF_DCSS_CARS_3,Automobili di proprietà per cittadinanza dei componenti della famiglia - comuni,ok,hub,4,8037,0,"",2026-08-03
DF_DCSS_CARS_PARK_1,Automobili di proprietà per cittadinanza del proprietario - comuni,error,"",0,0,1,HubUnavailable: hub did not answer (timeout or HTTP error),2026-08-03
DF_DCSS_CARS_PARK_2,Automobili di proprietà per numero di componenti della famiglia - comuni,error,"",0,0,1,HubUnavailable: hub did not answer (timeout or HTTP error),2026-08-03
DF_DCSS_CARS_PARK_3,Automobili di proprietà per cittadinanza dei componenti della famiglia - comuni,error,"",0,0,1,HubUnavailable: hub did not answer (timeout or HTTP error),2026-08-03
DF_DCSS_CARS_PARK_4,Famiglie per disponibilità di posto auto privato - province e grandi comuni,error,"",0,0,1,HubUnavailable: hub did not answer (timeout or HTTP error),2026-08-03
DF_DCSS_CARS_PARK_5,Famiglie che dispongono di posto auto privato per tipo di posto auto - province e grandi comuni,error,"",0,0,1,HubUnavailable: hub did not answer (timeout or HTTP error),2026-08-03
DF_DCSS_CONVIVENZE_TV_1,"Popolazione residente in convivenza per tipo di convivenza, sesso, classi di età e cittadinanza - province e grandi comuni",error,"",0,0,1,HubUnavailable: hub did not answer (timeout or HTTP error),2026-08-03
DF_DCSS_CONVIVENZE_TV_2,Popolazione residente in convivenza per tipo di convivenza e sesso - comuni,error,"",0,0,1,HubUnavailable: hub did not answer (timeout or HTTP error),2026-08-03
DF_DCSS_CONVIVENZE_TV_3,Convivenze anagrafiche per numero di componenti in convivenza - province e grandi comuni,error,"",0,0,1,HubUnavailable: hub did not answer (timeout or HTTP error),2026-08-03
DF_DCSS_CONVIVENZE_TV_4,Convivenze anagrafiche per tipo di convivenza - comuni,error,"",0,0,1,HubUnavailable: hub did not answer (timeout or HTTP error),2026-08-03
DF_DCSS_EMPLP_1_COM,Occupati per sesso e posizione nella professione - comuni,error,"",0,0,1,HubUnavailable: hub did not answer (timeout or HTTP error),2026-08-03
DF_DCSS_EMPLP_2_COM,Occupati per sesso e settori di attività economica - comuni,error,"",0,0,1,HubUnavailable: hub did not answer (timeout or HTTP error),2026-08-03
DF_DCSS_FAMIGLIE_TV_1,Famiglie per numero di componenti - comuni,error,"",0,0,1,HubUnavailable: hub did not answer (timeout or HTTP error),2026-08-03
DF_DCSS_FAMIGLIE_TV_2,Famiglie con almeno uno straniero residente  - comuni,error,"",0,0,1,HubUnavailable: hub did not answer (timeout or HTTP error),2026-08-03
DF_DCSS_FAMIGLIE_TV_3,Famiglie con tutti i componenti stranieri - comuni,error,"",0,0,1,HubUnavailable: hub did not answer (timeout or HTTP error),2026-08-03
DF_DCSS_FAMILY_NUCLEI_1_GC,Nuclei familiari per tipo di nucleo e numero di figli - province e grandi comuni,error,"",0,0,1,HubUnavailable: hub did not answer (timeout or HTTP error),2026-08-03
DF_DCSS_FAMILY_NUCLEI_2_GC,"Coppie per tipo di coppia, stato coniugale e presenza di figli - province e grandi comuni",error,"",0,0,1,HubUnavailable: hub did not answer (timeout or HTTP error),2026-08-03
DF_DCSS_FAMILY_NUCLEI_3_GC,"Coppie per classe di età del partner 1, del partner 2 e presenza di figli - province e grandi comuni",error,"",0,0,1,HubUnavailable: hub did not answer (timeout or HTTP error),2026-08-03
DF_DCSS_FAMILY_NUCLEI_4_GC,"Nuclei familiari monogenitore per tipo di nucleo, sesso e classe di età del genitore - province e grandi comuni",error,"",0,0,1,HubUnavailable: hub did not answer (timeout or HTTP error),2026-08-03
DF_DCSS_FAM_POP_TV_1,Numero di famiglie e popolazione residente in famiglia - comuni,error,"",0,0,1,HubUnavailable: hub did not answer (timeout or HTTP error),2026-08-03
DF_DCSS_FAM_POP_TV_2,Numero medio di componenti per famiglia - comuni,error,"",0,0,1,HubUnavailable: hub did not answer (timeout or HTTP error),2026-08-03
DF_DCSS_FORPOP_1_GC,Popolazione straniera per stato civile - province e grandi comuni,error,"",0,0,1,HubUnavailable: hub did not answer (timeout or HTTP error),2026-08-03
DF_DCSS_FORPOP_2_GC,Popolazione straniera per posizione in famiglia o non in famiglia - province e grandi comuni,error,"",0,0,1,HubUnavailable: hub did not answer (timeout or HTTP error),2026-08-03
DF_DCSS_FORPOP_3_GC,Popolazione straniera per posizione nel nucleo - province e grandi comuni,error,"",0,0,1,HubUnavailable: hub did not answer (timeout or HTTP error),2026-08-03
DF_DCSS_FPHH_FNCL_1_GC,"Popolazione straniera residente in famiglia per sesso, classe di età e tipologia della famiglia - province e grandi comuni",error,"",0,0,1,HubUnavailable: hub did not answer (timeout or HTTP error),2026-08-03
DF_DCSS_FPHH_FNCL_2_GC,Famiglie con almeno uno straniero residente per tipologia di famiglia - province e grandi comuni,error,"",0,0,1,HubUnavailable: hub did not answer (timeout or HTTP error),2026-08-03
DF_DCSS_FPHH_FNCL_3_GC,Nuclei familiari con almeno uno straniero residente per tipologia di nucleo e area geografica di cittadinanza della persona di riferimento - province e grandi comuni,error,"",0,0,1,HubUnavailable: hub did not answer (timeout or HTTP error),2026-08-03
DF_DCSS_HCUE_COM_1_COM,Popolazione per stato civile - comuni,error,"",0,0,1,HubUnavailable: hub did not answer (timeout or HTTP error),2026-08-03
DF_DCSS_HCUE_COM_2_COM,Popolazione per posizione in famiglia o non in famiglia - comuni,error,"",0,0,1,HubUnavailable: hub did not answer (timeout or HTTP error),2026-08-03
DF_DCSS_HCUE_COM_3_COM,Popolazione per paese di nascita - comuni,error,"",0,0,1,HubUnavailable: hub did not answer (timeout or HTTP error),2026-08-03
DF_DCSS_HCUE_COM_4_COM,Famiglie per tipo di famiglia - comuni,error,"",0,0,1,HubUnavailable: hub did not answer (timeout or HTTP error),2026-08-03
DF_DCSS_HCUE_COM_5_COM,Nuclei familiari per tipo di nucleo familiare - comuni,error,"",0,0,1,HubUnavailable: hub did not answer (timeout or HTTP error),2026-08-03
DF_DCSS_HCUE_COM_6_COM,Nuclei familiari per numero di componenti - comuni,error,"",0,0,1,HubUnavailable: hub did not answer (timeout or HTTP error),2026-08-03
DF_DCSS_HCUE_COM_7_COM,Abitazioni occupate e non occupate per tipo di edificio - comuni,error,"",0,0,1,HubUnavailable: hub did not answer (timeout or HTTP error),2026-08-03
DF_DCSS_HCUE_COM_8_COM,Alloggi occupati - comuni,error,"",0,0,1,HubUnavailable: hub did not answer (timeout or HTTP error),2026-08-03
DF_DCSS_HUDW_1_COM,Famiglie per titolo di godimento - comuni,error,"",0,0,1,HubUnavailable: hub did not answer (timeout or HTTP error),2026-08-03
DF_DCSS_HUDW_2_PROV,Abitazioni per epoca di costruzione e stato di occupazione - regioni e province,error,"",0,0,1,HubUnavailable: hub did not answer (timeout or HTTP error),2026-08-03
DF_DCSS_HUDW_3_PROV,Abitazioni occupate da almeno una persona residente per classi di superficie e numero di occupanti - regioni e province,error,"",0,0,1,HubUnavailable: hub did not answer (timeout or HTTP error),2026-08-03
DF_DCSS_HUDW_4_PROV,Abitazioni occupate da almeno una persona residente per densità abitativa - regioni e province,error,"",0,0,1,HubUnavailable: hub did not answer (timeout or HTTP error),2026-08-03
DF_DCSS_HUDW_5_PROV,Abitazioni occupate da almeno una persona residente per tipo di impianto di riscaldamento - regioni e province,error,"",0,0,1,HubUnavailable: hub did not answer (timeout or HTTP error),2026-08-03
DF_DCSS_HUDW_6_COM,Famiglie per tipo di alloggio - comuni,error,"",0,0,1,HubUnavailable: hub did not answer (timeout or HTTP error),2026-08-03
DF_DCSS_ISTR_LAV_PEN_2_TV_1,Popolazione residente di 9 anni e più per grado di istruzione ed età - comuni,error,"",0,0,1,HubUnavailable: hub did not answer (timeout or HTTP error),2026-08-03
DF_DCSS_ISTR_LAV_PEN_2_TV_2,Popolazione residente di 9 anni e più per grado di istruzione e cittadinanza - comuni,error,"",0,0,1,HubUnavailable: hub did not answer (timeout or HTTP error),2026-08-03
DF_DCSS_ISTR_LAV_PEN_2_TV_3,Popolazione residente di 15 anni e più per condizione professionale ed età - comuni,error,"",0,0,1,HubUnavailable: hub did not answer (timeout or HTTP error),2026-08-03
DF_DCSS_ISTR_LAV_PEN_2_TV_4,Popolazione residente di 15 anni e più per condizione professionale e cittadinanza - comuni,error,"",0,0,1,HubUnavailable: hub did not answer (timeout or HTTP error),2026-08-03
DF_DCSS_ISTR_LAV_PEN_2_TV_5,Popolazione residente che si sposta giornalmente per studio o lavoro - comuni,error,"",0,0,1,HubUnavailable: hub did not answer (timeout or HTTP error),2026-08-03
DF_DCSS_LCAS_FRISC_1,Occupati per utilizzo di lavoro da casa e sesso - province e grandi comuni,error,"",0,0,1,HubUnavailable: hub did not answer (timeout or HTTP error),2026-08-03
DF_DCSS_LCAS_FRISC_2,Occupati per utilizzo di lavoro da casa e classi di età - province e grandi comuni,error,"",0,0,1,HubUnavailable: hub did not answer (timeout or HTTP error),2026-08-03
DF_DCSS_LCAS_FRISC_3,Popolazione residente di 14 anni e più per frequenza di un corso di formazione/aggiornamento professionale e sesso - province e grandi comuni,error,"",0,0,1,HubUnavailable: hub did not answer (timeout or HTTP error),2026-08-03
DF_DCSS_LCAS_FRISC_4,Popolazione residente fino a 8 anni per frequenza di asilo nido/scuola dell'infanzia/scuola primaria e sesso - province e grandi comuni,error,"",0,0,1,HubUnavailable: hub did not answer (timeout or HTTP error),2026-08-03
DF_DCSS_LCAS_FRISC_5,Popolazione residente di 9 anni e più per iscrizione a un corso regolare di studi  - province e grandi comuni,error,"",0,0,1,HubUnavailable: hub did not answer (timeout or HTTP error),2026-08-03
DF_DCSS_MIGR_BACKG_PAR_TV_10_COM,"Popolazione straniera nata in italia e all'estero per grado di istruzione, cittadinanza e luogo di nascita dei genitori - comuni",error,"",0,0,1,HubUnavailable: hub did not answer (timeout or HTTP error),2026-08-03
DF_DCSS_MIGR_BACKG_PAR_TV_1_COM,"Popolazione italiana dalla nascita, italiana per acquisizione e straniera/apolide per luogo di nascita dei genitori - comuni",error,"",0,0,1,HubUnavailable: hub did not answer (timeout or HTTP error),2026-08-03
DF_DCSS_MIGR_BACKG_PAR_TV_2_COM,Popolazione italiana nata in Italia per luogo di nascita dei genitori - comuni,error,"",0,0,1,HubUnavailable: hub did not answer (timeout or HTTP error),2026-08-03
DF_DCSS_MIGR_BACKG_PAR_TV_3_COM,Popolazione italiana nata all'estero (immigrata) per luogo di nascita dei genitori - comuni,error,"",0,0,1,HubUnavailable: hub did not answer (timeout or HTTP error),2026-08-03
DF_DCSS_MIGR_BACKG_PAR_TV_4_COM,Popolazione italiana per acquisizione nata in Italia per cittadinanza precedente e luogo di nascita dei genitori - comuni,error,"",0,0,1,HubUnavailable: hub did not answer (timeout or HTTP error),2026-08-03
DF_DCSS_MIGR_BACKG_PAR_TV_5_COM,Popolazione italiana per acquisizione nata all'estero (immigrata) per cittadinanza precedente e luogo di nascita dei genitori - comuni,error,"",0,0,1,HubUnavailable: hub did not answer (timeout or HTTP error),2026-08-03
DF_DCSS_MIGR_BACKG_PAR_TV_6_COM,Popolazione straniera nata in Italia per cittadinanza e luogo di nascita dei genitori - comuni,error,"",0,0,1,HubUnavailable: hub did not answer (timeout or HTTP error),2026-08-03
DF_DCSS_MIGR_BACKG_PAR_TV_7_COM,Popolazione straniera nata all'estero (immigrata) per cittadinanza e luogo di nascita dei genitori - comuni,error,"",0,0,1,HubUnavailable: hub did not answer (timeout or HTTP error),2026-08-03
DF_DCSS_MIGR_BACKG_PAR_TV_8_COM,Popolazione italiana nata in Italia e all'estero per grado di istruzione e luogo di nascita dei genitori - comuni,error,"",0,0,1,HubUnavailable: hub did not answer (timeout or HTTP error),2026-08-03
DF_DCSS_MIGR_BACKG_PAR_TV_9_COM,"Popolazione italiana per acquisizione nata in Italia e all'estero per grado di istruzione, cittadinanza precedente e luogo di nascita dei genitori - comuni",error,"",0,0,1,HubUnavailable: hub did not answer (timeout or HTTP error),2026-08-03
DF_DCSS_POPHH_PHH_1_GC,"Popolazione residente in famiglia per sesso, classe di età, e posizione nella famiglia - province e grandi comuni",error,"",0,0,1,HubUnavailable: hub did not answer (timeout or HTTP error),2026-08-03
DF_DCSS_POPHH_PHH_2_COM,Popolazione residente in famiglia per tipologia della famiglia - comuni,error,"",0,0,1,HubUnavailable: hub did not answer (timeout or HTTP error),2026-08-03
DF_DCSS_POPHH_PHH_3_GC,Popolazione residente in famiglia per numero di componenti e tpologia della famiglia - province e grandi comuni,error,"",0,0,1,HubUnavailable: hub did not answer (timeout or HTTP error),2026-08-03
DF_DCSS_POPHH_PHH_4_COM,Famiglie per tipologia della famiglia - comuni,error,"",0,0,1,HubUnavailable: hub did not answer (timeout or HTTP error),2026-08-03
DF_DCSS_POPHH_PHH_5_GC,Famiglie per numero di componenti e tipologia della famiglia - province e grandi comuni,error,"",0,0,1,HubUnavailable: hub did not answer (timeout or HTTP error),2026-08-03
DF_DCSS_POPRESABR_1_GC,"Popolazione che è stata residente all'estero per classi di età,  anno di arrivo e luogo di dimora abituale 1 anno prima rispetto alla dimora attuale - province e grandi comuni",error,"",0,0,1,HubUnavailable: hub did not answer (timeout or HTTP error),2026-08-03
DF_DCSS_POPRESABR_2_GC,Popolazione che è stata residente all'estero per anno di arrivo e luogo di nascita - province e grandi comuni,error,"",0,0,1,HubUnavailable: hub did not answer (timeout or HTTP error),2026-08-03
DF_DCSS_POPRESABR_3_GC,Popolazione che è stata residente all'estero per anno di arrivo e area geografica di cittadinanza - province e grandi comuni,error,"",0,0,1,HubUnavailable: hub did not answer (timeout or HTTP error),2026-08-03
DF_DCSS_POPRESABR_4_REGIO,"Popolazione che è stata residente all'estero per anno di arrivo, luogo di nascita e area geografica di cittadinanza - regioni",error,"",0,0,1,HubUnavailable: hub did not answer (timeout or HTTP error),2026-08-03
DF_DCSS_POPRES_SERIES_TV_1,Popolazione residente - Serie storica,error,"",0,0,1,HubUnavailable: hub did not answer (timeout or HTTP error),2026-08-03
DF_DCSS_POP_CAMPI_ATTR_TV_1,"Popolazione che vive nei campi attrezzati, negli insediamenti tollerati e spontanei - comuni",error,"",0,0,1,HubUnavailable: hub did not answer (timeout or HTTP error),2026-08-03
DF_DCSS_POP_DEMCITMIG_SETA_1,"Popolazione residente per singole età, sesso e cittadinanza - comuni",error,"",0,0,1,HubUnavailable: hub did not answer (timeout or HTTP error),2026-08-03
DF_DCSS_POP_DEMCITMIG_TV_1,Popolazione residente per classi di età (quinquennali) e sesso - comuni,error,"",0,0,1,HubUnavailable: hub did not answer (timeout or HTTP error),2026-08-03
DF_DCSS_POP_DEMCITMIG_TV_2,"Popolazione residente per classi di età (decennali), sesso e cittadinanza - comuni",error,"",0,0,1,HubUnavailable: hub did not answer (timeout or HTTP error),2026-08-03
DF_DCSS_POP_DEMCITMIG_TV_3,Popolazione straniera residente per area geografica e paesi di cittadinanza - comuni,error,"",0,0,1,HubUnavailable: hub did not answer (timeout or HTTP error),2026-08-03
DF_DCSS_POP_DEMCITMIG_TV_4,Popolazione straniera residente per principali paesi di cittadinanza - comuni con più di 20.000 ab.,error,"",0,0,1,HubUnavailable: hub did not answer (timeout or HTTP error),2026-08-03
DF_DCSS_POP_DEMCITMIG_TV_5,Indicatori demografici - comuni,error,"",0,0,1,HubUnavailable: hub did not answer (timeout or HTTP error),2026-08-03
DF_DCSS_POP_LEGALE_TV,Popolazione legale pubblicata nella GU Serie Generale n.53 del 03-03-2023 - Suppl. Ordinario n.10,error,"",0,0,1,HubUnavailable: hub did not answer (timeout or HTTP error),2026-08-03
DF_DCSS_RESPOP_PL1Y_1_GC,Popolazione residente per classe di età e luogo di dimora abituale 1 anno prima rispetto alla dimora attuale - province e grandi comuni,error,"",0,0,1,HubUnavailable: hub did not answer (timeout or HTTP error),2026-08-03
DF_DCSS_RESPOP_PL1Y_2_GC,Popolazione residente per cittadinanza e luogo di dimora abituale 1 anno prima rispetto alla dimora attuale - province e grandi comuni,error,"",0,0,1,HubUnavailable: hub did not answer (timeout or HTTP error),2026-08-03
DF_DCSS_RESPOP_PL1Y_3_GC,Popolazione residente per classe di età e luogo di dimora abituale 1 anno prima - province e grandi comuni,error,"",0,0,1,HubUnavailable: hub did not answer (timeout or HTTP error),2026-08-03
DF_DCSS_RESPOP_PL1Y_4_GC,Popolazione residente per cittadinanza e luogo di dimora abituale 1 anno prima - province e grandi comuni,error,"",0,0,1,HubUnavailable: hub did not answer (timeout or HTTP error),2026-08-03
DF_DCSS_RESPOP_PL1Y_5_GC,Popolazione residente per grado di istruzione e luogo di dimora abituale 1 anno prima rispetto alla dimora attuale - province e grandi comuni,error,"",0,0,1,HubUnavailable: hub did not answer (timeout or HTTP error),2026-08-03
DF_DCSS_RESPOP_PL1Y_6_GC,Popolazione residente per condizione professionale e luogo di dimora abituale 1 anno prima rispetto alla dimora attuale - province e grandi comuni,error,"",0,0,1,HubUnavailable: hub did not answer (timeout or HTTP error),2026-08-03
DF_DCSS_SENZA_TETTO_TV_1,Persone senza tetto e senza fissa dimora - comuni,error,"",0,0,1,HubUnavailable: hub did not answer (timeout or HTTP error),2026-08-03
DF_DIFF_REPORT,Dataflow per la diffusione di report,error,"",0,0,1,HubUnavailable: hub did not answer (timeout or HTTP error),2026-08-03
DF_DIPS_SIR_IND_TERR_DRT_MUN_1,Indicatori e territorio,error,"",0,0,1,HubUnavailable: hub did not answer (timeout or HTTP error),2026-08-03
DF_DIPS_SIR_IND_TERR_DRT_MUN_2,Indicatori per singolo territorio,error,"",0,0,1,HubUnavailable: hub did not answer (timeout or HTTP error),2026-08-03
DF_DIPS_SIR_IND_TERR_DRT_OCC_RBI_MUN_1,Indicatori e territorio (addetti - imprese),error,"",0,0,1,HubUnavailable: hub did not answer (timeout or HTTP error),2026-08-03
DF_DIPS_SIR_IND_TERR_DRT_OCC_RBI_MUN_2,Indicatori per singolo territorio (addetti - imprese),error,"",0,0,1,HubUnavailable: hub did not answer (timeout or HTTP error),2026-08-03
DF_DIPS_SIR_IND_TERR_DRT_OCC_RBI_MUN_3,Indicatori e territorio (indipendenti),error,"",0,0,1,HubUnavailable: hub did not answer (timeout or HTTP error),2026-08-03
DF_DIPS_SIR_IND_TERR_DRT_OCC_RBI_MUN_4,Indicatori per singolo territorio (indipendenti),error,"",0,0,1,HubUnavailable: hub did not answer (timeout or HTTP error),2026-08-03
DF_DIPS_SIR_IND_TERR_DRT_OCC_RBI_MUN_5,Indicatori e territorio (dipendenti),error,"",0,0,1,HubUnavailable: hub did not answer (timeout or HTTP error),2026-08-03
DF_DIPS_SIR_IND_TERR_DRT_OCC_RBI_MUN_6,Indicatori per singolo territorio (dipendenti),error,"",0,0,1,HubUnavailable: hub did not answer (timeout or HTTP error),2026-08-03
DF_DIPS_SIR_IND_TERR_DRT_OCC_RBI_SLL_1,Indicatori per Sistemi Locali del Lavoro (SLL),error,"",0,0,1,HubUnavailable: hub did not answer (timeout or HTTP error),2026-08-03
DF_DIPS_SIR_IND_TERR_DRT_OCC_RBI_SLL_2,Indicatori per singolo Sistema Locale del Lavoro (SLL),error,"",0,0,1,HubUnavailable: hub did not answer (timeout or HTTP error),2026-08-03
DF_DIPS_SIR_IND_TERR_DRT_SLL_1,Indicatori per Sistemi Locali del Lavoro (SLL),error,"",0,0,1,HubUnavailable: hub did not answer (timeout or HTTP error),2026-08-03
DF_DIPS_SIR_IND_TERR_DRT_SLL_2,Indicatori per singolo Sistema Locale del Lavoro (SLL),error,"",0,0,1,HubUnavailable: hub did not answer (timeout or HTTP error),2026-08-03
DF_TEST_DCIS_ABORTISPONTL,DF TEST IT,error,"",0,0,1,HubUnavailable: hub did not answer (timeout or HTTP error),2026-08-03
DF_TST,Crops in Italy,error,"",0,0,1,HubUnavailable: hub did not answer (timeout or HTTP error),2026-08-03
EMP,Occupazione,error,"",0,0,1,HubUnavailable: hub did not answer (timeout or HTTP error),2026-08-03
FSI07,Indicatori di solidità finanziaria,error,"",0,0,1,HubUnavailable: hub did not answer (timeout or HTTP error),2026-08-03
GGO,Operazioni del governo,error,"",0,0,1,HubUnavailable: hub did not answer (timeout or HTTP error),2026-08-03
IND,Indice della produzione industriale,error,"",0,0,1,HubUnavailable: hub did not answer (timeout or HTTP error),2026-08-03
MET,Commercio,error,"",0,0,1,HubUnavailable: hub did not answer (timeout or HTTP error),2026-08-03
NAG_08,Conti nazionali - metodologia 2008,error,"",0,0,1,HubUnavailable: hub did not answer (timeout or HTTP error),2026-08-03
POP,Popolazione,error,"",0,0,1,HubUnavailable: hub did not answer (timeout or HTTP error),2026-08-03
PPI,Prezzi alla produzione,error,"",0,0,1,HubUnavailable: hub did not answer (timeout or HTTP error),2026-08-03
SDDS_PLUS_CPI_DF_167_744_1,Prezzi al consumo,error,"",0,0,1,HubUnavailable: hub did not answer (timeout or HTTP error),2026-08-03
SDDS_PLUS_NAG_08_DF_163_156_1,Conti nazionali - prezzi correnti,error,"",0,0,1,HubUnavailable: hub did not answer (timeout or HTTP error),2026-08-03
SDDS_PLUS_NAG_08_DF_163_156_2,Conti nazionali - valori concatenati,error,"",0,0,1,HubUnavailable: hub did not answer (timeout or HTTP error),2026-08-03
SDDS_PLUS_POP_DF_22_315_1,Popolazione,error,"",0,0,1,HubUnavailable: hub did not answer (timeout or HTTP error),2026-08-03
TEST_LINKED_DF_DCSP_PREZZIAGR_1,TEST_LINKED_DF_DCSP_PREZZIAGR_1,error,"",0,0,1,HubUnavailable: hub did not answer (timeout or HTTP error),2026-08-03
UEM,Disoccupazione,error,"",0,0,1,HubUnavailable: hub did not answer (timeout or HTTP error),2026-08-03
WOE,Retribuzioni contrattuali,error,"",0,0,1,HubUnavailable: hub did not answer (timeout or HTTP error),2026-08-03
